current_path,current_name,dataset_folder,original_name,md5
Data/emerg_dataset1/emerg_dataset1_10/emerg_dataset1_10.jpg,emerg_dataset1_10.jpg,emerg_dataset1,images134_jpg.rf.29a2f42308c0bf13010a3af862763b7f.jpg,e21729fd0537164029bd914e50aaeab5
Data/emerg_dataset1/emerg_dataset1_101/emerg_dataset1_101.jpg,emerg_dataset1_101.jpg,emerg_dataset1,160120170412-02-pakistan-charsadda-hospital-0120_jpg.rf.c992bcb09c6597bd542c76d4e2ceeeda.jpg,a3f6028bddc7e060aa5174e7189e5def
Data/emerg_dataset1/emerg_dataset1_102/emerg_dataset1_102.jpg,emerg_dataset1_102.jpg,emerg_dataset1,1608009958436_Ambulance_Vic_16-9_20055697_2042076_2020121509_jpg.rf.1e74f8efe07466291ca92dae0a4a3d2a.jpg,13195ac93d40dff7fba59dc7cf790479
Data/emerg_dataset1/emerg_dataset1_106/emerg_dataset1_106.jpg,emerg_dataset1_106.jpg,emerg_dataset1,1702200-unnamedcopy-1525420792-2-_jpg.rf.3298074b39b348b85a657b928e7b044d.jpg,a415d91c1af035082e0ec2c26f4c5f49
Data/emerg_dataset1/emerg_dataset1_108/emerg_dataset1_108.jpg,emerg_dataset1_108.jpg,emerg_dataset1,1702200-unnamedcopy-1525420792-2-_jpg.rf.8e7d75510bd7f91ec8ddfe7d9bb4601f.jpg,01ddb27ae56b9e892f6972a366b45357
Data/emerg_dataset1/emerg_dataset1_109/emerg_dataset1_109.jpg,emerg_dataset1_109.jpg,emerg_dataset1,177592-14982385_jpg.rf.811693fa9be1b8cf17df867f2a489af4.jpg,129dda2dd0c56aa18a9fcb47e2635c04
Data/emerg_dataset1/emerg_dataset1_11/emerg_dataset1_11.jpg,emerg_dataset1_11.jpg,emerg_dataset1,images163_jpg.rf.176267d44a4f5ccb352a26d2358f687d.jpg,46aba5fcd577ffe72055319e7d19a23d
Data/emerg_dataset1/emerg_dataset1_112/emerg_dataset1_112.jpg,emerg_dataset1_112.jpg,emerg_dataset1,17_JPG_jpg.rf.25a1fa0755082d776b9d2c7062e62772.jpg,86aeccef455c1cdd652bfb72ba8db736
Data/emerg_dataset1/emerg_dataset1_114/emerg_dataset1_114.jpg,emerg_dataset1_114.jpg,emerg_dataset1,1882843-Ambulancephotoexpress-1546802429-2-_jpg.rf.db7f697cfb86635fc7cb2ae1a5c3a8d9.jpg,1410ea1ba1eeea148b3e3ab535d1e895
Data/emerg_dataset1/emerg_dataset1_115/emerg_dataset1_115.jpg,emerg_dataset1_115.jpg,emerg_dataset1,18_JPG_jpg.rf.08c59f133cb86b2a08abd59bdc2acf81.jpg,8e460f7b996596e460d724355e9e3d0a
Data/emerg_dataset1/emerg_dataset1_118/emerg_dataset1_118.jpg,emerg_dataset1_118.jpg,emerg_dataset1,194000_3701572_updates_jpg.rf.3d02d92b95d014c77ba70b0644ad0b0d.jpg,1eddcceb0d1b1dcc9aecd2ff1569f842
Data/emerg_dataset1/emerg_dataset1_119/emerg_dataset1_119.jpg,emerg_dataset1_119.jpg,emerg_dataset1,19566tan5d_jpg.rf.349b361de5eebf7c53e1f0569c40c84d.jpg,604d87f09ed048179dce9b8b2c0a08ea
Data/emerg_dataset1/emerg_dataset1_12/emerg_dataset1_12.jpg,emerg_dataset1_12.jpg,emerg_dataset1,images273_jpg.rf.1867cce0f6c677199347ac082d70949f.jpg,783508d00547f084f0a0753fef2dba08
Data/emerg_dataset1/emerg_dataset1_120/emerg_dataset1_120.jpg,emerg_dataset1_120.jpg,emerg_dataset1,19566tan5d_jpg.rf.84bd144382a3889b518c5aa36dc81d47.jpg,0b5b5997c6ee38460c3a25735cc981cc
Data/emerg_dataset1/emerg_dataset1_122/emerg_dataset1_122.jpg,emerg_dataset1_122.jpg,emerg_dataset1,19566tan5f_jpg.rf.6283956e5084ae81328cdd35988a1b95.jpg,976f6eb701764b1389b20faa58d341f0
Data/emerg_dataset1/emerg_dataset1_125/emerg_dataset1_125.jpg,emerg_dataset1_125.jpg,emerg_dataset1,19_JPG_jpg.rf.8a0332bcc25121e095b1c73507e9c293.jpg,5792a70b3c0ded99e0ee6556f6eee30f
Data/emerg_dataset1/emerg_dataset1_128/emerg_dataset1_128.jpg,emerg_dataset1_128.jpg,emerg_dataset1,1_161311834560263b89afd7f_jpg.rf.c9c0744f246a8630cf6010a25dc71ee9.jpg,0e0a2e968eb0f7c829f674d18e243e06
Data/emerg_dataset1/emerg_dataset1_13/emerg_dataset1_13.jpg,emerg_dataset1_13.jpg,emerg_dataset1,images278_jpg.rf.6294c63530b302c040bb1fdad511ee0d.jpg,520f274a4ca51a03335e83863652b67d
Data/emerg_dataset1/emerg_dataset1_131/emerg_dataset1_131.jpg,emerg_dataset1_131.jpg,emerg_dataset1,1_162322993860c085f2740d0_jpg.rf.fa225efbe868b52cbbda96c3487df4f5.jpg,889dc0484d8878edebd2e071b01231c6
Data/emerg_dataset1/emerg_dataset1_136/emerg_dataset1_136.jpg,emerg_dataset1_136.jpg,emerg_dataset1,1_jpg.rf.dca554be229e9a3fa334382a6ef41872.jpg,bc8affa3849ad9e7a9458a7d5bfc3761
Data/emerg_dataset1/emerg_dataset1_138/emerg_dataset1_138.jpg,emerg_dataset1_138.jpg,emerg_dataset1,1a103fa3caf17aab0e97b05b325c697983dff870_jpg.rf.751e35f0a0e2540f09525258ab037326.jpg,83ebf08aa1af9bb304f4c69b7f2c265d
Data/emerg_dataset1/emerg_dataset1_139/emerg_dataset1_139.jpg,emerg_dataset1_139.jpg,emerg_dataset1,1e83feec1d3ed9929c6c8a84cccd2feb_jpg.rf.0ce8e324407994e671a0005fc387bb59.jpg,fefa17c5cfa31145a347993f33ab78bd
Data/emerg_dataset1/emerg_dataset1_14/emerg_dataset1_14.jpg,emerg_dataset1_14.jpg,emerg_dataset1,images287_jpg.rf.9cb114edfd9b9fdbac95cec1527b438a.jpg,456738ba46923526857f5503c358adb3
Data/emerg_dataset1/emerg_dataset1_143/emerg_dataset1_143.jpg,emerg_dataset1_143.jpg,emerg_dataset1,2-1-_jpg.rf.528bda6789db04ae5a8628afd4cf90cf.jpg,e786f94b905a2847407fac11941988e0
Data/emerg_dataset1/emerg_dataset1_144/emerg_dataset1_144.jpg,emerg_dataset1_144.jpg,emerg_dataset1,2-1_jpg.rf.bcefa2e3b950cab63b3eef6e8bc49365.jpg,fd9a34f709a7b82b1d0e299c7392cd6e
Data/emerg_dataset1/emerg_dataset1_146/emerg_dataset1_146.jpg,emerg_dataset1_146.jpg,emerg_dataset1,2004-2008_Ford_Territory_TX_wagon_-Mobile_Intensive_Care_Amb_jpg.rf.a21b1f932bd3e7f655b42e5163f224f3.jpg,0318b9de753bba9315a727792e30f3c2
Data/emerg_dataset1/emerg_dataset1_148/emerg_dataset1_148.jpg,emerg_dataset1_148.jpg,emerg_dataset1,200731_ps_pakistan_blasphemy_trial_shooting_0451_jpg.rf.4ddff9e8235b6ce1d6d7f8cc1069706f.jpg,60830e1c8f72a9b770aa2c466b06c02f
Data/emerg_dataset1/emerg_dataset1_15/emerg_dataset1_15.jpg,emerg_dataset1_15.jpg,emerg_dataset1,sv2_jpg.rf.1397b8f607036e8afd3d2a24a1f4c694.jpg,44bd6ba6112f3b651f2911d494ce4db0
Data/emerg_dataset1/emerg_dataset1_150/emerg_dataset1_150.jpg,emerg_dataset1_150.jpg,emerg_dataset1,2015_9largeimg11_Friday_2015_010107398_jpg.rf.28ec00581045d4e0034c7cf3135dce37.jpg,0cafdf762e96dbc39ac90f4da91771bb
Data/emerg_dataset1/emerg_dataset1_152/emerg_dataset1_152.jpg,emerg_dataset1_152.jpg,emerg_dataset1,20170102-Mehedi-Hasan00016_jpg.rf.1372a9f107d5556d06f704e549b8d684.jpg,5d1f2a7351aafe5e286a4529e8350156
Data/emerg_dataset1/emerg_dataset1_153/emerg_dataset1_153.jpg,emerg_dataset1_153.jpg,emerg_dataset1,20171217_121950_jpg.rf.07324e3b30adb839c88bd7b825065932.jpg,a285bbcac972c01b6eb12d2321c8306d
Data/emerg_dataset1/emerg_dataset1_155/emerg_dataset1_155.jpg,emerg_dataset1_155.jpg,emerg_dataset1,20171217_121950_jpg.rf.daef4e0dc286a8ccabc742e47664f571.jpg,0607d3eae963c25ec06bd606bd4275c3
Data/emerg_dataset1/emerg_dataset1_157/emerg_dataset1_157.jpg,emerg_dataset1_157.jpg,emerg_dataset1,20200527_154234_jpg.rf.9c5342cee19848d491b8cda11f35dde1.jpg,9c76592d754885c23b51529a8b1f57c2
Data/emerg_dataset1/emerg_dataset1_159/emerg_dataset1_159.jpg,emerg_dataset1_159.jpg,emerg_dataset1,20200907_EA_Lebanon_jpg.rf.7d525668a6dc2df143694d9bba019ec1.jpg,4599d4a6d42fb6ab1f3fe7ec47cbb656
Data/emerg_dataset1/emerg_dataset1_164/emerg_dataset1_164.jpg,emerg_dataset1_164.jpg,emerg_dataset1,2020_04_05_91912_1586081723-_large_jpg.rf.d7aca0e24c92d2356dc382e0cc39e1ff.jpg,559cd9c674eea3bad2a7fad11b718acf
Data/emerg_dataset1/emerg_dataset1_167/emerg_dataset1_167.jpg,emerg_dataset1_167.jpg,emerg_dataset1,2082395561d2046494e5e7842d97717d_png-jpg_jpg.rf.c666cce4a1c671a655cc84881ec56f07.jpg,fd2a288ab29edbb47793a587956441c7
Data/emerg_dataset1/emerg_dataset1_168/emerg_dataset1_168.jpg,emerg_dataset1_168.jpg,emerg_dataset1,20_JPG_jpg.rf.9ec2f7eefd539ca91bc56b5c0d285145.jpg,d5bf2295aa2578a5d8dc974f20f49c80
Data/emerg_dataset1/emerg_dataset1_169/emerg_dataset1_169.jpg,emerg_dataset1_169.jpg,emerg_dataset1,20Ambulance_jpg.rf.25800d4e8a9c1491b4f857f80e0a14e7.jpg,adab83c9fee20f948f06e09722443a1f
Data/emerg_dataset1/emerg_dataset1_17/emerg_dataset1_17.jpg,emerg_dataset1_17.jpg,emerg_dataset1,0-02-06-a5acad8fd34176873056c7054066657ec0a6f2a82be49d82e10d_jpg.rf.9385dd53c1464d5502793374048a7b6b.jpg,af0c27ae713cacf16ef3b92822a64772
Data/emerg_dataset1/emerg_dataset1_170/emerg_dataset1_170.jpg,emerg_dataset1_170.jpg,emerg_dataset1,20Ambulance_jpg.rf.66424c28c36fe8a511c19ee7a3f34a1d.jpg,d5a46c7fee3b35503193a54f9ee00ef8
Data/emerg_dataset1/emerg_dataset1_172/emerg_dataset1_172.jpg,emerg_dataset1_172.jpg,emerg_dataset1,21_JPG_jpg.rf.19487499986c1c021157708371438fef.jpg,3f14c648784ec8367b03a3e78ac67ec9
Data/emerg_dataset1/emerg_dataset1_175/emerg_dataset1_175.jpg,emerg_dataset1_175.jpg,emerg_dataset1,21Ambulance_jpg.rf.e236bc53fe57238b16ffc772f4607d5b.jpg,3155c2c53c2db7d58aa79915f1af77eb
Data/emerg_dataset1/emerg_dataset1_176/emerg_dataset1_176.jpg,emerg_dataset1_176.jpg,emerg_dataset1,22_JPG_jpg.rf.257fccec65b46221a29209fd44a7a042.jpg,8a43b92afe79c95aa35327d16b951b74
Data/emerg_dataset1/emerg_dataset1_177/emerg_dataset1_177.jpg,emerg_dataset1_177.jpg,emerg_dataset1,22Ambulance_jpg.rf.531afd545b45b31c7aa8476a46bc6cde.jpg,ef43e5a3d9a98643c1a8cf31f4256039
Data/emerg_dataset1/emerg_dataset1_179/emerg_dataset1_179.jpg,emerg_dataset1_179.jpg,emerg_dataset1,238405809_10165533314665298_305193521349066811_n_jpg.rf.be8dfda21075d5ffe0d555935327c0a8.jpg,33e89eee34fccc84d4d86d90e611fa04
Data/emerg_dataset1/emerg_dataset1_180/emerg_dataset1_180.jpg,emerg_dataset1_180.jpg,emerg_dataset1,23_JPG_jpg.rf.9ca6b9a3093016b616fd380e8f2d7532.jpg,2368aeeb3576ae3ac65a46869685f567
Data/emerg_dataset1/emerg_dataset1_183/emerg_dataset1_183.jpg,emerg_dataset1_183.jpg,emerg_dataset1,24246_jpg.rf.29049ec1bf4bfcaa20e3569c623d4be4.jpg,58949e17478a1f7f53a70fc1a4c514f9
Data/emerg_dataset1/emerg_dataset1_184/emerg_dataset1_184.jpg,emerg_dataset1_184.jpg,emerg_dataset1,25913119_web1_210323-PNR-Paramedics-Ambulance_1-1024x683_jpg.rf.36d91c493c2a7904c5ec30b5b44722f5.jpg,7c3b75f88d0cb498f078d60814bd32f3
Data/emerg_dataset1/emerg_dataset1_185/emerg_dataset1_185.jpg,emerg_dataset1_185.jpg,emerg_dataset1,25_JPG_jpg.rf.a9acbff2ac133891afbf5c9bb7c07ba4.jpg,cf2b6fc7e0b99710b9ffcced94331a0f
Data/emerg_dataset1/emerg_dataset1_186/emerg_dataset1_186.jpg,emerg_dataset1_186.jpg,emerg_dataset1,26Ambulance_jpg.rf.2b8c58f714dac8cacf9016a58168a759.jpg,69725634a5489900a254e75254937e27
Data/emerg_dataset1/emerg_dataset1_187/emerg_dataset1_187.jpg,emerg_dataset1_187.jpg,emerg_dataset1,26Ambulance_jpg.rf.6fcaf8ec2d40e251ff4c13fb85bf7ce6.jpg,31668ea346204911c5db05ab57a31db0
Data/emerg_dataset1/emerg_dataset1_188/emerg_dataset1_188.jpg,emerg_dataset1_188.jpg,emerg_dataset1,27_jpg.rf.afe338185013e7ed9686e5589c7ed54f.jpg,8ebd69f49c6dd879282500679139db4c
Data/emerg_dataset1/emerg_dataset1_191/emerg_dataset1_191.jpg,emerg_dataset1_191.jpg,emerg_dataset1,28Ambulance_jpg.rf.8b1a75a95fd16106f8e2e89fe5cb5430.jpg,73a876bccfa663ada53a0662c9cedc74
Data/emerg_dataset1/emerg_dataset1_192/emerg_dataset1_192.jpg,emerg_dataset1_192.jpg,emerg_dataset1,29340700152_5dc778d3cd_b_jpg.rf.3a4279c8d9c6ba7d47ac62bcd937416f.jpg,04d036d8da2bc280effb90ec3aa68d20
Data/emerg_dataset1/emerg_dataset1_195/emerg_dataset1_195.jpg,emerg_dataset1_195.jpg,emerg_dataset1,29_JPG_jpg.rf.870d2574b2089115a812088b6e89b5cc.jpg,829a6296f91eb221417f2a565094185b
Data/emerg_dataset1/emerg_dataset1_196/emerg_dataset1_196.jpg,emerg_dataset1_196.jpg,emerg_dataset1,29Ambulance_jpg.rf.0c60b22ee7b70e7b5b1f3af1c8844713.jpg,8b428c67d6464280a15cabf1560b63c1
Data/emerg_dataset1/emerg_dataset1_197/emerg_dataset1_197.jpg,emerg_dataset1_197.jpg,emerg_dataset1,2_jpg.rf.46c11b0a0efe82a048c7b3d97f9ac4d4.jpg,9a55c718dd304531909ecd9fc66c5afb
Data/emerg_dataset1/emerg_dataset1_198/emerg_dataset1_198.jpg,emerg_dataset1_198.jpg,emerg_dataset1,2Ambulance_jpg.rf.2862161cff4bf7e45d6f5ca845f88e5d.jpg,b4ca82f8e435b1640f90136a4182058a
Data/emerg_dataset1/emerg_dataset1_2/emerg_dataset1_2.jpg,emerg_dataset1_2.jpg,emerg_dataset1,A1_png.rf.919f252e4824cf7f2384a3c3bbadeea6.jpg,f1b9bc1c0560bed3be1f6070c3ebe4ac
Data/emerg_dataset1/emerg_dataset1_203/emerg_dataset1_203.jpg,emerg_dataset1_203.jpg,emerg_dataset1,3-1-_jpg.rf.e312e5c348de1c961d29b457b6f25b67.jpg,0322fbaff18bfe91919eb911d25772a4
Data/emerg_dataset1/emerg_dataset1_205/emerg_dataset1_205.jpg,emerg_dataset1_205.jpg,emerg_dataset1,30_JPG_jpg.rf.ee48da21656d7ef8e10a8292b0d568da.jpg,ed2c7c6b1057d0463fc64777be8da5fc
Data/emerg_dataset1/emerg_dataset1_206/emerg_dataset1_206.jpg,emerg_dataset1_206.jpg,emerg_dataset1,318-3189137_ambulance-faw-xpv-compact-van-hd-png-download_png-jpg_jpg.rf.6fdd298ce6184dd6c740112475f3cd4f.jpg,fa9cacb5b43be8a029127efdfbd41021
Data/emerg_dataset1/emerg_dataset1_207/emerg_dataset1_207.jpg,emerg_dataset1_207.jpg,emerg_dataset1,31_JPG_jpg.rf.10e42180ad053bebd4d8fc5ea74b1710.jpg,9076e8309cc35f894d9d0b2cc1f2b96e
Data/emerg_dataset1/emerg_dataset1_21/emerg_dataset1_21.jpg,emerg_dataset1_21.jpg,emerg_dataset1,00NYAMBULANCE1-jumbo_jpg.rf.ab79cb964a46e954bbdadbbc00768f02.jpg,6e1127205fbc3a5043aa9e17c8c00221
Data/emerg_dataset1/emerg_dataset1_210/emerg_dataset1_210.jpg,emerg_dataset1_210.jpg,emerg_dataset1,3261551-30451809_jpg.rf.22d4814362075a1b1241710683cb28d1.jpg,ee2e10440fce171ce3890ee368245bbd
Data/emerg_dataset1/emerg_dataset1_211/emerg_dataset1_211.jpg,emerg_dataset1_211.jpg,emerg_dataset1,3261551-30451809_jpg.rf.a02d74d06c33e665a3482066cd8d8da7.jpg,a1649c2196e271ee1b8fe7ad93c96302
Data/emerg_dataset1/emerg_dataset1_216/emerg_dataset1_216.jpg,emerg_dataset1_216.jpg,emerg_dataset1,32_JPG_jpg.rf.c3fb6a70b79ffbf76e5af74c997e5df0.jpg,48e3285bd528151b0af377318aed3575
Data/emerg_dataset1/emerg_dataset1_218/emerg_dataset1_218.jpg,emerg_dataset1_218.jpg,emerg_dataset1,33_JPG_jpg.rf.2bc00bd55504f98dc5d8ef5be357cb06.jpg,98547cbf5b0c93b9211e1a1c76e403c7
Data/emerg_dataset1/emerg_dataset1_220/emerg_dataset1_220.jpg,emerg_dataset1_220.jpg,emerg_dataset1,348875_2135129_akhbar_jpg.rf.83ee2e2f91058f3f30e634acc00786ba.jpg,830dee9598cc1bbc90970276b7f0ea9c
Data/emerg_dataset1/emerg_dataset1_222/emerg_dataset1_222.jpg,emerg_dataset1_222.jpg,emerg_dataset1,36_JPG_jpg.rf.02a91efe9cab0cd75eb4edc01b504f34.jpg,d59ac75a60cbfc5a75fd7373795e2752
Data/emerg_dataset1/emerg_dataset1_224/emerg_dataset1_224.jpg,emerg_dataset1_224.jpg,emerg_dataset1,37_JPG_jpg.rf.66087739fb63cf453c8d9a51f2de8c85.jpg,b1efbeec0dd81fed35be76cc8c263a41
Data/emerg_dataset1/emerg_dataset1_226/emerg_dataset1_226.jpg,emerg_dataset1_226.jpg,emerg_dataset1,38_JPG_jpg.rf.d704af444e23f1b0cf22a01df7e0c661.jpg,d09ca102ffabc1764be58e3f7cf1f9ea
Data/emerg_dataset1/emerg_dataset1_228/emerg_dataset1_228.jpg,emerg_dataset1_228.jpg,emerg_dataset1,39_JPG_jpg.rf.cef3fa28ad053176dbff4243da830886.jpg,2dd6d000104d6b2440600ba3b0236dd0
Data/emerg_dataset1/emerg_dataset1_229/emerg_dataset1_229.jpg,emerg_dataset1_229.jpg,emerg_dataset1,39_JPG_jpg.rf.d456cb93899797a8f01d5a0d2548615c.jpg,2f05632fdec84197dbb9aed96297684b
Data/emerg_dataset1/emerg_dataset1_23/emerg_dataset1_23.jpg,emerg_dataset1_23.jpg,emerg_dataset1,02_jpg.rf.d528a5bed17e686a1b1bae55929e7e40.jpg,dfc12983604e3f627a39e0ec1043db42
Data/emerg_dataset1/emerg_dataset1_230/emerg_dataset1_230.jpg,emerg_dataset1_230.jpg,emerg_dataset1,39Ambulance_jpg.rf.f61793e27741e2ced200be13eb398e8b.jpg,4c4a01b1528f4ed609207ee75dd6e5d8
Data/emerg_dataset1/emerg_dataset1_233/emerg_dataset1_233.jpg,emerg_dataset1_233.jpg,emerg_dataset1,3_162322993760c085f16cdfe_jpg.rf.eb669d50247499b38a542c8c202da5e7.jpg,63298c7ab25e006c1452cab088b3b902
Data/emerg_dataset1/emerg_dataset1_236/emerg_dataset1_236.jpg,emerg_dataset1_236.jpg,emerg_dataset1,4-1_jpg.rf.b64766760b23bbe2fd1d0e27afef5445.jpg,74d0cad47ce8fff74a69e16c22730cf6
Data/emerg_dataset1/emerg_dataset1_237/emerg_dataset1_237.jpg,emerg_dataset1_237.jpg,emerg_dataset1,40_JPG_jpg.rf.cd6fa52ad5c0083226722bd8205a68d3.jpg,00bc4ca4993a70a6b9b06bc23a5b0a2e
Data/emerg_dataset1/emerg_dataset1_238/emerg_dataset1_238.jpg,emerg_dataset1_238.jpg,emerg_dataset1,41Ambulance_jpg.rf.0134592ec993647346aabacb0312b81b.jpg,8db8a8238c615454d32b781b8d36d743
Data/emerg_dataset1/emerg_dataset1_24/emerg_dataset1_24.jpg,emerg_dataset1_24.jpg,emerg_dataset1,05c391f62c6727123f313860134cd9be_jpg.rf.36ba456d5b6c9702485e66c4cc716aa7.jpg,ccd9c1553c7d92b577538a35b6bb7982
Data/emerg_dataset1/emerg_dataset1_241/emerg_dataset1_241.jpg,emerg_dataset1_241.jpg,emerg_dataset1,43_JPG_jpg.rf.92ffa8b6b5d8ce6a6421e05aee87c5f9.jpg,31735c7946f69626fe283294abbc26a8
Data/emerg_dataset1/emerg_dataset1_242/emerg_dataset1_242.jpg,emerg_dataset1_242.jpg,emerg_dataset1,440px-Toyota_HiMedic_Front_jpg.rf.24f09fec4f0331b64de492f1350b4f09.jpg,c264ffe669b25361c179504b9f4d8d99
Data/emerg_dataset1/emerg_dataset1_247/emerg_dataset1_247.jpg,emerg_dataset1_247.jpg,emerg_dataset1,44_JPG_jpg.rf.ddd83aa73d554806abca784a6928fc94.jpg,35dc7fbf63ff20f36b72e4f8116d302e
Data/emerg_dataset1/emerg_dataset1_248/emerg_dataset1_248.jpg,emerg_dataset1_248.jpg,emerg_dataset1,44Ambulance_jpg.rf.8a98fd7f1ca5a375873b8e2a781d7338.jpg,e973ca8b5b0fded45c41150353e605fb
Data/emerg_dataset1/emerg_dataset1_251/emerg_dataset1_251.jpg,emerg_dataset1_251.jpg,emerg_dataset1,45_JPG_jpg.rf.725025c958cb32c262c0c4af2a4df15e.jpg,2142d5fb4d56a6424b862652c7da9f3e
Data/emerg_dataset1/emerg_dataset1_253/emerg_dataset1_253.jpg,emerg_dataset1_253.jpg,emerg_dataset1,46_JPG_jpg.rf.a3abd56e1400d0646d77bfbd044bad57.jpg,12eca2e1647e4dc8422b3181cb18a68a
Data/emerg_dataset1/emerg_dataset1_255/emerg_dataset1_255.jpg,emerg_dataset1_255.jpg,emerg_dataset1,47Ambulance_jpg.rf.2edde8a8d1da3be38b8df8ec9d306a61.jpg,8ca1b04094d052eb517ae905e3878fde
Data/emerg_dataset1/emerg_dataset1_256/emerg_dataset1_256.jpg,emerg_dataset1_256.jpg,emerg_dataset1,4ae1a6ac65cb483f9b917de9e9ce9302_jpg.rf.24a4d6f7b831b88504955e2af0db8cf6.jpg,980f9b1eb79551c4951c76234fb64b52
Data/emerg_dataset1/emerg_dataset1_258/emerg_dataset1_258.jpg,emerg_dataset1_258.jpg,emerg_dataset1,4ae1a6ac65cb483f9b917de9e9ce9302_jpg.rf.9e01636875205d3996f8745c6ba47d0b.jpg,d1578c2ccd86d7ad5af55f6da63e4d01
Data/emerg_dataset1/emerg_dataset1_259/emerg_dataset1_259.jpg,emerg_dataset1_259.jpg,emerg_dataset1,4Ambulance_jpg.rf.317022750c0f2f0852daf3bd55076081.jpg,3de74e27f8f8e2f7a970b23a2ffddfb5
Data/emerg_dataset1/emerg_dataset1_260/emerg_dataset1_260.jpg,emerg_dataset1_260.jpg,emerg_dataset1,4Ambulance_jpg.rf.3c0ad4792a19266bb4be0a954462e30e.jpg,a0859b2f2c5f5d48cf9eca6a928473e4
Data/emerg_dataset1/emerg_dataset1_262/emerg_dataset1_262.jpg,emerg_dataset1_262.jpg,emerg_dataset1,5-1-_jpg.rf.01179d7cf63b6a32f2a76169ad62f8a7.jpg,66eb7314cefbd7e5b5327ba88532f0b0
Data/emerg_dataset1/emerg_dataset1_264/emerg_dataset1_264.jpg,emerg_dataset1_264.jpg,emerg_dataset1,51613248605-0_jpg.rf.0da2d2cd3a09a5e4360c977a4c1d993e.jpg,bfac51385f9032d053df2da5dcd28f23
Data/emerg_dataset1/emerg_dataset1_266/emerg_dataset1_266.jpg,emerg_dataset1_266.jpg,emerg_dataset1,51Ambulance_jpg.rf.5d8cef7cd00b97a67a5ce41989f1a6ec.jpg,52c5e3555cb8ccb0df33a185214fefb4
Data/emerg_dataset1/emerg_dataset1_269/emerg_dataset1_269.jpg,emerg_dataset1_269.jpg,emerg_dataset1,52777_jpg.rf.5ef3c4022802062a559cc0f9b40998c9.jpg,096963a52530e7fa1d36dcfe80f683d0
Data/emerg_dataset1/emerg_dataset1_270/emerg_dataset1_270.jpg,emerg_dataset1_270.jpg,emerg_dataset1,53Ambulance_jpg.rf.cba9985dfa1ee761380e395365a5347e.jpg,c1b98afa2c0a3474ba243fb583431c83
Data/emerg_dataset1/emerg_dataset1_271/emerg_dataset1_271.jpg,emerg_dataset1_271.jpg,emerg_dataset1,549009dd2e12f_jpg.rf.515ef2cb57ac6427c3c2b27a61886541.jpg,030a96265c0bbf03ca29e3b1c16a7c63
Data/emerg_dataset1/emerg_dataset1_276/emerg_dataset1_276.jpg,emerg_dataset1_276.jpg,emerg_dataset1,557946425d144ef0b60addd4ed8e9ac6eb5fc38e_jpg.rf.c0e4e673d6fffbc7226dd4c14e28002b.jpg,2d32aca71a5a2c8f7149b2c3c1f32027
Data/emerg_dataset1/emerg_dataset1_279/emerg_dataset1_279.jpg,emerg_dataset1_279.jpg,emerg_dataset1,55Ambulance_jpg.rf.ee6068946222a8a51d737734510b1387.jpg,7d5d7fa1d538289e17a0dab2e5e7fd52
Data/emerg_dataset1/emerg_dataset1_280/emerg_dataset1_280.jpg,emerg_dataset1_280.jpg,emerg_dataset1,567754-foreigntouristsambulancegilgit-1372096178_jpg.rf.2321f4c32e525147d171714331eaa1f0.jpg,04206f3330f4dacafebdd13863f3f828
Data/emerg_dataset1/emerg_dataset1_281/emerg_dataset1_281.jpg,emerg_dataset1_281.jpg,emerg_dataset1,56_JPG_jpg.rf.0c685be120daba0ee46c612a9f964c08.jpg,906bda297b6eb411cc8c777e8c4fb8d5
Data/emerg_dataset1/emerg_dataset1_283/emerg_dataset1_283.jpg,emerg_dataset1_283.jpg,emerg_dataset1,56Ambulance_jpg.rf.037ac839b52cb4bc35af8070840bd2f4.jpg,60d94284a60b54d8fa540e4d3284dd78
Data/emerg_dataset1/emerg_dataset1_286/emerg_dataset1_286.jpg,emerg_dataset1_286.jpg,emerg_dataset1,582f7213bc677-1-_jpg.rf.80a5b88bbe160ac3156a5379b834c4d6.jpg,ebddf9a731d86c0d65fbd3f2fe654a5d
Data/emerg_dataset1/emerg_dataset1_29/emerg_dataset1_29.jpg,emerg_dataset1_29.jpg,emerg_dataset1,07-1_jpg.rf.aff27af1dba53024053f2d112b6dfcbe.jpg,43346dc47bb1b06a8e7f084a2f97ce25
Data/emerg_dataset1/emerg_dataset1_290/emerg_dataset1_290.jpg,emerg_dataset1_290.jpg,emerg_dataset1,59Ambulance_jpg.rf.ed4ef610e20d55c32211cbc851100f50.jpg,57e2b08ea57f5dcd802053e347f7f9be
Data/emerg_dataset1/emerg_dataset1_291/emerg_dataset1_291.jpg,emerg_dataset1_291.jpg,emerg_dataset1,5_jpg.rf.1b8fb0e113c10d601795ae4ac027950f.jpg,bef4b79577165ff8718b08bea97de02a
Data/emerg_dataset1/emerg_dataset1_293/emerg_dataset1_293.jpg,emerg_dataset1_293.jpg,emerg_dataset1,5a8471132224b_jpg.rf.2d97d2e8a30dbd7a119e6502828f8f99.jpg,42c1d6734311fb314b4373b568483d14
Data/emerg_dataset1/emerg_dataset1_295/emerg_dataset1_295.jpg,emerg_dataset1_295.jpg,emerg_dataset1,5b4242d3ce81e-image_jpg.rf.7e5bf713093f88370362be1931aa4451.jpg,4924385cd0d857ee1208fe1ca4599cb3
Data/emerg_dataset1/emerg_dataset1_297/emerg_dataset1_297.jpg,emerg_dataset1_297.jpg,emerg_dataset1,5d09bfcd8ed6f_jpg.rf.e12df9783607a82776a1729d57f5f62a.jpg,b2a7e2ea8d8c06dda7a4de7f2526833a
Data/emerg_dataset1/emerg_dataset1_298/emerg_dataset1_298.jpg,emerg_dataset1_298.jpg,emerg_dataset1,60Ambulance_jpg.rf.3281850c1253eda15ca40be8be9caf2d.jpg,511d93795ed82a9c30f0a709a83bba95
Data/emerg_dataset1/emerg_dataset1_299/emerg_dataset1_299.jpg,emerg_dataset1_299.jpg,emerg_dataset1,60Ambulance_jpg.rf.4fbda9825fb8a299a9b1a641e0bfd2d7.jpg,a3a3b48db1efc0598d6d0f3408479db9
Data/emerg_dataset1/emerg_dataset1_3/emerg_dataset1_3.jpg,emerg_dataset1_3.jpg,emerg_dataset1,fire-brigade-2_jpg.rf.cd603d4ea3c5ae6c58c6a3b31b5381f2.jpg,264281020f6452963434412ca17fadc3
Data/emerg_dataset1/emerg_dataset1_301/emerg_dataset1_301.jpg,emerg_dataset1_301.jpg,emerg_dataset1,61Ambulance_jpg.rf.d3e1b92aa9e3bff655ac29620d6d22a2.jpg,d1d720c1a661e3fb8d35202aa32fc289
Data/emerg_dataset1/emerg_dataset1_302/emerg_dataset1_302.jpg,emerg_dataset1_302.jpg,emerg_dataset1,62Ambulance_jpg.rf.bac70ebefa343dc87d657925ba3a9bda.jpg,e27ff97a4f88efc8cea96d971b36889b
Data/emerg_dataset1/emerg_dataset1_303/emerg_dataset1_303.jpg,emerg_dataset1_303.jpg,emerg_dataset1,62d503dc600b41658127324_jpg.rf.040526eec637519f918be74e3de36c7c.jpg,687ac81a68951ba331741a7effcb895f
Data/emerg_dataset1/emerg_dataset1_305/emerg_dataset1_305.jpg,emerg_dataset1_305.jpg,emerg_dataset1,63Ambulance_jpg.rf.b3968897a9a34267e128cb2d121f4e54.jpg,8e87fdfe6835efdabae96a630ec2ad79
Data/emerg_dataset1/emerg_dataset1_307/emerg_dataset1_307.jpg,emerg_dataset1_307.jpg,emerg_dataset1,6436782855_f8f42cf591_b_jpg.rf.70b2517f0aa0a6a41e962fe1fa319537.jpg,90746e6f9df8d90d418cbb60aae93670
Data/emerg_dataset1/emerg_dataset1_309/emerg_dataset1_309.jpg,emerg_dataset1_309.jpg,emerg_dataset1,64Ambulance_jpg.rf.2900397ede99b7ea602854b228bb8fec.jpg,ea4f951e63b4a3590dca2060e887686b
Data/emerg_dataset1/emerg_dataset1_31/emerg_dataset1_31.jpg,emerg_dataset1_31.jpg,emerg_dataset1,09_jpg.rf.605339f028e6e99bb59936ac2744ec02.jpg,491aad5ee6cbb27e89e91832b82c2b8a
Data/emerg_dataset1/emerg_dataset1_310/emerg_dataset1_310.jpg,emerg_dataset1_310.jpg,emerg_dataset1,67Ambulance_jpg.rf.2b02dee00f1c3920ed71d6f6aa8d14db.jpg,7aa0a38e60d2e229a4e940ca07c5b2c5
Data/emerg_dataset1/emerg_dataset1_312/emerg_dataset1_312.jpg,emerg_dataset1_312.jpg,emerg_dataset1,6_jpg.rf.e929dc9564f10fe816193039fbdad42c.jpg,f2356038a36d16b5fa7e9e87ef4aafac
Data/emerg_dataset1/emerg_dataset1_313/emerg_dataset1_313.jpg,emerg_dataset1_313.jpg,emerg_dataset1,6Ambulance_jpg.rf.e6fbc38b71c50fed0e85ebb242590447.jpg,c362f92f722a0515beedea611ade31ea
Data/emerg_dataset1/emerg_dataset1_315/emerg_dataset1_315.jpg,emerg_dataset1_315.jpg,emerg_dataset1,6fcf0beca49318d26d159304b3db8815-2-_png-jpg_jpg.rf.648991fb604043cc9a81c3b2c678e878.jpg,429dc3ba60a80be1c3703269d9bb3cc2
Data/emerg_dataset1/emerg_dataset1_318/emerg_dataset1_318.jpg,emerg_dataset1_318.jpg,emerg_dataset1,706712_1538350_Edhi_akhbar_jpg.rf.b088248fcfa4eceff2e1f09148e240b8.jpg,db417747ead8e2e526bf96b5c9395e2d
Data/emerg_dataset1/emerg_dataset1_320/emerg_dataset1_320.jpg,emerg_dataset1_320.jpg,emerg_dataset1,71Ambulance_jpg.rf.f67429e325f6b3b8aa34b3cd0c568a54.jpg,4b72ab0b3f201464f70919e21f6bd132
Data/emerg_dataset1/emerg_dataset1_321/emerg_dataset1_321.jpg,emerg_dataset1_321.jpg,emerg_dataset1,71Ambulance_jpg.rf.fa36d3cfda71cfb9fd257bded8b3fa3c.jpg,d292b7c6f2cb407c6fca0a3c09700a13
Data/emerg_dataset1/emerg_dataset1_323/emerg_dataset1_323.jpg,emerg_dataset1_323.jpg,emerg_dataset1,72Ambulance_jpg.rf.adce3ad33a14ca3911190b3e09b0f034.jpg,7964fcd2f9bd3dc76cd6b27e11985531
Data/emerg_dataset1/emerg_dataset1_324/emerg_dataset1_324.jpg,emerg_dataset1_324.jpg,emerg_dataset1,73Ambulance_jpg.rf.1036c85657ea4841bc2649c7a7229d8b.jpg,39b323ac003bfd59ef36b1de9dded109
Data/emerg_dataset1/emerg_dataset1_326/emerg_dataset1_326.jpg,emerg_dataset1_326.jpg,emerg_dataset1,77756-14692673-2-_jpg.rf.40524925d5cd64c9a6662f1627c9e5a2.jpg,8d0c52b7f538373237071fc9c45ac904
Data/emerg_dataset1/emerg_dataset1_33/emerg_dataset1_33.jpg,emerg_dataset1_33.jpg,emerg_dataset1,0_TRMRMMGLPICT000167221360o_jpg.rf.1ea741d20d2d59688f32660cb06e5e55.jpg,8666372c89cfce1956cc35105a68c486
Data/emerg_dataset1/emerg_dataset1_330/emerg_dataset1_330.jpg,emerg_dataset1_330.jpg,emerg_dataset1,7967c293693725753019d0e85fe3c9e5-2-_jpg.rf.ae7e68a0d13b16a0560bd24ca7d57204.jpg,a6614f46e936fc6e7b3ac6005b27f2a4
Data/emerg_dataset1/emerg_dataset1_332/emerg_dataset1_332.jpg,emerg_dataset1_332.jpg,emerg_dataset1,79Ambulance_jpg.rf.7ed921f2deda71430b3ac2de91ea8353.jpg,8bee8d3e31f119384319064e63b560c7
Data/emerg_dataset1/emerg_dataset1_333/emerg_dataset1_333.jpg,emerg_dataset1_333.jpg,emerg_dataset1,7_jpg.rf.7d0e947f04cea892ec412703aaff65cb.jpg,453d079910565b2aca3fe649db1c13fd
Data/emerg_dataset1/emerg_dataset1_335/emerg_dataset1_335.jpg,emerg_dataset1_335.jpg,emerg_dataset1,7_JPG_jpg.rf.93a6a7ec661ba67bb92e7e120e43b7e5.jpg,87794e5a8eee37dc0c8f96615ba9160f
Data/emerg_dataset1/emerg_dataset1_338/emerg_dataset1_338.jpg,emerg_dataset1_338.jpg,emerg_dataset1,7a604da8-fa21-49f7-b9c6-f71e6061ab19_jpg.rf.e21b5676d18ffe6b38a885c2b1fa0117.jpg,e3887cccc04dfa937732121a6a74617c
Data/emerg_dataset1/emerg_dataset1_339/emerg_dataset1_339.jpg,emerg_dataset1_339.jpg,emerg_dataset1,8-1-_jpg.rf.1d96a33771f64572f3926df9bf899908.jpg,bd8b564825281f39c052bb9c8183fbeb
Data/emerg_dataset1/emerg_dataset1_340/emerg_dataset1_340.jpg,emerg_dataset1_340.jpg,emerg_dataset1,81Ambulance_jpg.rf.558581f051f0fa23cd4fd0df80ec98cf.jpg,8fca077ac2240b2eac07ea37a1c662df
Data/emerg_dataset1/emerg_dataset1_342/emerg_dataset1_342.jpg,emerg_dataset1_342.jpg,emerg_dataset1,8247421385_9297379bf8_b_jpg.rf.b0deeac8591e7f6e9202cc2d9893ecaf.jpg,bfa402905d98ce6158de14b7ed9b66b9
Data/emerg_dataset1/emerg_dataset1_344/emerg_dataset1_344.jpg,emerg_dataset1_344.jpg,emerg_dataset1,82Ambulance_jpg.rf.7ad782b0a9a422e27c0e3a3807f43121.jpg,6d097291e172532561e8485f81bbc1f0
Data/emerg_dataset1/emerg_dataset1_347/emerg_dataset1_347.jpg,emerg_dataset1_347.jpg,emerg_dataset1,83Ambulance_jpg.rf.16339f0fa9bc1b48b0ad274817d500ca.jpg,fb0a8f0cfff25d23228e4f99e102887d
Data/emerg_dataset1/emerg_dataset1_35/emerg_dataset1_35.jpg,emerg_dataset1_35.jpg,emerg_dataset1,1-1-_jpg.rf.23798c42349eb273d87a1abf4249c140.jpg,6e88dfddc698822794d332b4abe92bb5
Data/emerg_dataset1/emerg_dataset1_351/emerg_dataset1_351.jpg,emerg_dataset1_351.jpg,emerg_dataset1,84Ambulance_jpg.rf.59f62e4342dd58806242f77604aaa56e.jpg,617168617ee0faaaf706a06d15ca20af
Data/emerg_dataset1/emerg_dataset1_352/emerg_dataset1_352.jpg,emerg_dataset1_352.jpg,emerg_dataset1,85Ambulance_jpg.rf.d946263cb09cd8080ff28db437495b14.jpg,53c99aa7e4fefac0047012c88f56096b
Data/emerg_dataset1/emerg_dataset1_354/emerg_dataset1_354.jpg,emerg_dataset1_354.jpg,emerg_dataset1,86Ambulance_jpg.rf.635accaf3d6b457658022b7630aee9a5.jpg,cc0ce1b3bdb7b76e4fa1b51f248a78f7
Data/emerg_dataset1/emerg_dataset1_355/emerg_dataset1_355.jpg,emerg_dataset1_355.jpg,emerg_dataset1,8757_a_jpg.rf.fb279350160106cfbb7b36a983059ce3.jpg,7e1b35bab678d75e51bc0bcc7c437c36
Data/emerg_dataset1/emerg_dataset1_356/emerg_dataset1_356.jpg,emerg_dataset1_356.jpg,emerg_dataset1,8768_a_jpg.rf.13fe5fb98617fb80635e186f61c9ab4a.jpg,76faba410a1e45d36a39b4a5a9b51572
Data/emerg_dataset1/emerg_dataset1_357/emerg_dataset1_357.jpg,emerg_dataset1_357.jpg,emerg_dataset1,8768_a_jpg.rf.9f2c24cafc8a7a1ee03492b74fae747f.jpg,3de01a62cab108b567d3ea37600f2d33
Data/emerg_dataset1/emerg_dataset1_359/emerg_dataset1_359.jpg,emerg_dataset1_359.jpg,emerg_dataset1,87Ambulance_jpg.rf.ff7625323769ef605e3d19d14a3ff873.jpg,39d3c7ca4682299839021292510c70f4
Data/emerg_dataset1/emerg_dataset1_360/emerg_dataset1_360.jpg,emerg_dataset1_360.jpg,emerg_dataset1,881026_jpg.rf.3d04725375f87a1607b464810ee2d3f7.jpg,093df1604396e9508dc86f70e0081b45
Data/emerg_dataset1/emerg_dataset1_361/emerg_dataset1_361.jpg,emerg_dataset1_361.jpg,emerg_dataset1,881026_jpg.rf.a456e3ff59c211c26be7c9d425f0971a.jpg,b01c0c2693a165bfe1aaa7d369df469d
Data/emerg_dataset1/emerg_dataset1_362/emerg_dataset1_362.jpg,emerg_dataset1_362.jpg,emerg_dataset1,89Ambulance_jpg.rf.a0db7884d4a322009fd976eec047d40a.jpg,952ebaae450df5cfb4c3fb52557e4002
Data/emerg_dataset1/emerg_dataset1_364/emerg_dataset1_364.jpg,emerg_dataset1_364.jpg,emerg_dataset1,8_JPG_jpg.rf.275d2c92fd8fc13697240fe2b85b509f.jpg,fa2b4c55aeb4346052cdf9f772170d0c
Data/emerg_dataset1/emerg_dataset1_365/emerg_dataset1_365.jpg,emerg_dataset1_365.jpg,emerg_dataset1,8_JPG_jpg.rf.ab0bff4c342c5466b50dc74f5f79a9df.jpg,7074d47be0e7f8d8f8fc7185fe153c50
Data/emerg_dataset1/emerg_dataset1_366/emerg_dataset1_366.jpg,emerg_dataset1_366.jpg,emerg_dataset1,92Ambulance_jpg.rf.9d2a913dc5aae00af516386e3d70b984.jpg,a2f47572c8eea02c58ece10d8ae17f2e
Data/emerg_dataset1/emerg_dataset1_367/emerg_dataset1_367.jpg,emerg_dataset1_367.jpg,emerg_dataset1,95Ambulance_jpg.rf.4ceebf860e6cbc87e6b68b7d07e97909.jpg,50f033952702df6c18284dce829212ff
Data/emerg_dataset1/emerg_dataset1_37/emerg_dataset1_37.jpg,emerg_dataset1_37.jpg,emerg_dataset1,101Ambulance_jpg.rf.1ad23a3a4d2176a63fedb66c9cdf5709.jpg,021493fc4881802d352d6764539dc6e9
Data/emerg_dataset1/emerg_dataset1_370/emerg_dataset1_370.jpg,emerg_dataset1_370.jpg,emerg_dataset1,96Ambulance_jpg.rf.8ddbe01962457691c0b9ef3a1f39df0b.jpg,9487da91fc7a1aeaa1c3b8e3a5cb8fb0
Data/emerg_dataset1/emerg_dataset1_371/emerg_dataset1_371.jpg,emerg_dataset1_371.jpg,emerg_dataset1,96Ambulance_jpg.rf.96482b1ceccf9763e5c10b5992909cf4.jpg,3183126b6d462cbd167fe777cd5fb379
Data/emerg_dataset1/emerg_dataset1_373/emerg_dataset1_373.jpg,emerg_dataset1_373.jpg,emerg_dataset1,97Ambulance_jpg.rf.547fcf7f41b7231b6660062da638699c.jpg,38e4f20d23e619eae95cad06e8ff3cd5
Data/emerg_dataset1/emerg_dataset1_375/emerg_dataset1_375.jpg,emerg_dataset1_375.jpg,emerg_dataset1,98Ambulance_jpg.rf.912b6891bdaafd06694b4187a267dd28.jpg,8b5c7a1d8a9d6dc8a566a38fc0f89fed
Data/emerg_dataset1/emerg_dataset1_376/emerg_dataset1_376.jpg,emerg_dataset1_376.jpg,emerg_dataset1,98Ambulance_jpg.rf.f4d1578b3f43dedcb005e91da6fcbf8f.jpg,1df2735e555c87274bb560559216ad63
Data/emerg_dataset1/emerg_dataset1_377/emerg_dataset1_377.jpg,emerg_dataset1_377.jpg,emerg_dataset1,9_jpg.rf.27a3cb61fe42d117a3ce80e7c72d89b2.jpg,8dda5a30c80d71d511a40bbc43107480
Data/emerg_dataset1/emerg_dataset1_38/emerg_dataset1_38.jpg,emerg_dataset1_38.jpg,emerg_dataset1,1023516_jpg.rf.25a91e374255326546010b486ba3bfca.jpg,5343ec3d058125df469643d5bc521beb
Data/emerg_dataset1/emerg_dataset1_380/emerg_dataset1_380.jpg,emerg_dataset1_380.jpg,emerg_dataset1,9_JPG_jpg.rf.1b45d8dd8573825f819724f055022e84.jpg,d091273c529ea383dcd132cf78e1c2de
Data/emerg_dataset1/emerg_dataset1_381/emerg_dataset1_381.jpg,emerg_dataset1_381.jpg,emerg_dataset1,9_JPG_jpg.rf.8902f465bb363cc07fb35e9397def359.jpg,332149631df8e78fda4caedd83a39d8c
Data/emerg_dataset1/emerg_dataset1_382/emerg_dataset1_382.jpg,emerg_dataset1_382.jpg,emerg_dataset1,9LA2N8-preview_jpg.rf.64311545486e7a9f95a8a9b23086694a.jpg,e048d810c8a385d1818755ccf0ceca3f
Data/emerg_dataset1/emerg_dataset1_383/emerg_dataset1_383.jpg,emerg_dataset1_383.jpg,emerg_dataset1,ab691ea842dd7caca5dd06cd8ca0ced4_jpg.rf.18852577349350b9b9f1b324d43057a3.jpg,94eec3e7bc25bd90cd6be26b2f67aae1
Data/emerg_dataset1/emerg_dataset1_385/emerg_dataset1_385.jpg,emerg_dataset1_385.jpg,emerg_dataset1,abbottabad-kpk-pakistan-08-20-260nw-1799830900_jpg.rf.cbc8538e673cd5ebca89297ed2e953a5.jpg,b5a7e1d2bdab0a91b0a6c4ed8a922e1b
Data/emerg_dataset1/emerg_dataset1_386/emerg_dataset1_386.jpg,emerg_dataset1_386.jpg,emerg_dataset1,Ac-ambulance-transport-in-dhaka_jpg.rf.e832a78921cea40574fa3fc75d62591e.jpg,269462acdbd0820abdeec9c439f09996
Data/emerg_dataset1/emerg_dataset1_387/emerg_dataset1_387.jpg,emerg_dataset1_387.jpg,emerg_dataset1,am1_jpg.rf.3cf7592b6adedd27be21aa0e71e5fe7a.jpg,5ff65221bb7a15c7edf0c60fcbb846fb
Data/emerg_dataset1/emerg_dataset1_389/emerg_dataset1_389.jpg,emerg_dataset1_389.jpg,emerg_dataset1,aman-ambulance-deployed-after-fire-260nw-1637346523_jpg.rf.dbf10377269d52070c15cab08df5aaf3.jpg,b973fb66c851e0355ee84ae43377cd98
Data/emerg_dataset1/emerg_dataset1_390/emerg_dataset1_390.jpg,emerg_dataset1_390.jpg,emerg_dataset1,aman-ambulance-deployed-after-fire-260nw-1637346526_jpg.rf.f9e4035eaa1cd9e4e7faca1659014bba.jpg,ac2eab934219f770315fefce513e6b49
Data/emerg_dataset1/emerg_dataset1_392/emerg_dataset1_392.jpg,emerg_dataset1_392.jpg,emerg_dataset1,aman-ambulance-outside-house-collect-260nw-1795956670_jpg.rf.f6a8c005d357d8a6b362054bdc875c27.jpg,4fa52b1b2c702bdaa7709177110a45ab
Data/emerg_dataset1/emerg_dataset1_394/emerg_dataset1_394.jpg,emerg_dataset1_394.jpg,emerg_dataset1,aman-foundation-ambulance-van-service-260nw-1166448271_jpg.rf.69b7ff5597fa6ea43522a36fae9a3549.jpg,9e2fb1be870b430ee9950558be86bf78
Data/emerg_dataset1/emerg_dataset1_395/emerg_dataset1_395.jpg,emerg_dataset1_395.jpg,emerg_dataset1,aman-foundation-ambulance-van-service-260nw-1166448277_jpg.rf.3b1b7e2f464b059a55f7b0494a4d210c.jpg,5b007a7d863407374c537bea3fad7004
Data/emerg_dataset1/emerg_dataset1_397/emerg_dataset1_397.jpg,emerg_dataset1_397.jpg,emerg_dataset1,aman-foundation-ambulance-van-service-260nw-1166448286_jpg.rf.0202229d42a094ca3dd3885576a12d3d.jpg,2e03e9bd0e9b0db5982df3989c32289b
Data/emerg_dataset1/emerg_dataset1_398/emerg_dataset1_398.jpg,emerg_dataset1_398.jpg,emerg_dataset1,aman-foundation-ambulance-van-service-260nw-1166448292_jpg.rf.0824188d3f0758561f0ca814864fe713.jpg,66c1faeac096743d67da711a4820f411
Data/emerg_dataset1/emerg_dataset1_399/emerg_dataset1_399.jpg,emerg_dataset1_399.jpg,emerg_dataset1,aman-foundation-ambulance-van-service-260nw-1166448295_jpg.rf.147db38c498ed9fc39d8a25174c39fbe.jpg,e1d90cb108346f7ba297b825290d48c7
Data/emerg_dataset1/emerg_dataset1_401/emerg_dataset1_401.jpg,emerg_dataset1_401.jpg,emerg_dataset1,aman-foundation-ambulance-van-service-260nw-1166448298_jpg.rf.2cf944b3af409e86872e95e2bad94baf.jpg,01bf99d458969b2758855da668abbfac
Data/emerg_dataset1/emerg_dataset1_403/emerg_dataset1_403.jpg,emerg_dataset1_403.jpg,emerg_dataset1,aman-foundation-ambulance-van-service-260nw-1166448310_jpg.rf.046376e21280d39dd7a21a5a8151d9d5.jpg,811eaeb064db3d278c4025088074f750
Data/emerg_dataset1/emerg_dataset1_404/emerg_dataset1_404.jpg,emerg_dataset1_404.jpg,emerg_dataset1,aman-foundation-ambulance-van-service-260nw-1166448316_jpg.rf.d0c63f5b9058ca0121fe289dbd86e5a9.jpg,9b9f6d67764301debb66d147005468d7
Data/emerg_dataset1/emerg_dataset1_406/emerg_dataset1_406.jpg,emerg_dataset1_406.jpg,emerg_dataset1,aman-foundation-ambulance-van-service-260nw-1166448322_jpg.rf.9aee02951bbe7698b45dc074dfe20945.jpg,bec5e4b5afd4dee99dab99bf99ce402d
Data/emerg_dataset1/emerg_dataset1_407/emerg_dataset1_407.jpg,emerg_dataset1_407.jpg,emerg_dataset1,aman-foundation-ambulance-van-service-260nw-1166448325_jpg.rf.1bdcfea7caa0d2d007105ec002e9d43b.jpg,c7bf4f774504d71f18f028b4841aa017
Data/emerg_dataset1/emerg_dataset1_408/emerg_dataset1_408.jpg,emerg_dataset1_408.jpg,emerg_dataset1,aman-foundation-ambulance-van-service-260nw-1576973488_jpg.rf.697d59950984725624f75693e5b71f39.jpg,95c4a0dfb91e493d888a5c0c863467c8
Data/emerg_dataset1/emerg_dataset1_409/emerg_dataset1_409.jpg,emerg_dataset1_409.jpg,emerg_dataset1,aman-foundation-ambulance-van-service-260nw-1576973497_jpg.rf.3f374047b1a21aaa297cda52a4fa93ba.jpg,cfe7ef10366b2b29f66b6106b90adfc5
Data/emerg_dataset1/emerg_dataset1_41/emerg_dataset1_41.jpg,emerg_dataset1_41.jpg,emerg_dataset1,102Ambulance_jpg.rf.f791c065c9ebe62c9f4521eaa1750ae8.jpg,0b865b4a771da360b2945f5056ba71d5
Data/emerg_dataset1/emerg_dataset1_410/emerg_dataset1_410.jpg,emerg_dataset1_410.jpg,emerg_dataset1,aman-foundation-ambulance-van-service-260nw-1577393500_jpg.rf.11fc3738e4f6b0b0369f00d20d6e1d7f.jpg,307e9a0788d8f95a9ff186308a4162d9
Data/emerg_dataset1/emerg_dataset1_412/emerg_dataset1_412.jpg,emerg_dataset1_412.jpg,emerg_dataset1,aman-foundation-ambulance-van-service-260nw-1577393500_jpg.rf.ebba883476f95e4f33e560200f57355b.jpg,a2897312323886f013057febe24a13e4
Data/emerg_dataset1/emerg_dataset1_413/emerg_dataset1_413.jpg,emerg_dataset1_413.jpg,emerg_dataset1,aman-foundation-ambulance-van-service-260nw-1577393503_jpg.rf.84ddfa7ab582b119d98eeaf45cbbf394.jpg,8a6542099957ed60d4c143f2e8d8780b
Data/emerg_dataset1/emerg_dataset1_414/emerg_dataset1_414.jpg,emerg_dataset1_414.jpg,emerg_dataset1,aman-foundation-ambulance-van-service-260nw-1577393503_jpg.rf.d2c81d2b6bd1153da7e16b3dc3e61d1b.jpg,70a8b889b8576a7c7bdd72c88b7a5d3f
Data/emerg_dataset1/emerg_dataset1_415/emerg_dataset1_415.jpg,emerg_dataset1_415.jpg,emerg_dataset1,aman-foundation-ambulance-van-service-260nw-1579339108_jpg.rf.fbefd85116e05ff4183b37e44d1287d0.jpg,4a8cd355829ff2f5a508e6f1fa75d65c
Data/emerg_dataset1/emerg_dataset1_416/emerg_dataset1_416.jpg,emerg_dataset1_416.jpg,emerg_dataset1,Ambo_162534_01_jpg.rf.f77d1d93f87a377e32145d619eeb2177.jpg,81c78541ebece180663776324be05a9a
Data/emerg_dataset1/emerg_dataset1_417/emerg_dataset1_417.jpg,emerg_dataset1_417.jpg,emerg_dataset1,ambulance-2-_jpg.rf.56d86a651237a13a3ab82e6c033e4d7b.jpg,aae3c46e541d9e85d4abcc725a951529
Data/emerg_dataset1/emerg_dataset1_419/emerg_dataset1_419.jpg,emerg_dataset1_419.jpg,emerg_dataset1,ambulance-260nw-141152695_jpg.rf.3da2bbc46025215580cb56543125c24e.jpg,19d6315f4f716b6be8ac6c2ac6daec90
Data/emerg_dataset1/emerg_dataset1_42/emerg_dataset1_42.jpg,emerg_dataset1_42.jpg,emerg_dataset1,103Ambulance_jpg.rf.2a69e14cd0c0ad85290c2cc1b8200e91.jpg,46c89afbe40f4b51867fd86661f14dc3
Data/emerg_dataset1/emerg_dataset1_422/emerg_dataset1_422.jpg,emerg_dataset1_422.jpg,emerg_dataset1,ambulance-260nw-36289987_jpg.rf.9d4b127c12926e8eba0672d48fbcbb88.jpg,e1bcd6efa72e039fbdd36c128ff4bc49
Data/emerg_dataset1/emerg_dataset1_423/emerg_dataset1_423.jpg,emerg_dataset1_423.jpg,emerg_dataset1,ambulance-3-_jpg.rf.36d5d9925682dea45c27652f216f1106.jpg,307c4bbb8ccb84eb3d78b28497962781
Data/emerg_dataset1/emerg_dataset1_428/emerg_dataset1_428.jpg,emerg_dataset1_428.jpg,emerg_dataset1,AMBULANCE-BOLAN_jpg.rf.73915581bb92558393dcb2750ebac017.jpg,97aefefe1101561e75b2accc28355670
Data/emerg_dataset1/emerg_dataset1_429/emerg_dataset1_429.jpg,emerg_dataset1_429.jpg,emerg_dataset1,ambulance-car-action-260nw-655846450_jpg.rf.898543ce89cfe2999684f3241ab43458.jpg,0a3fd4a07daf1c2483528c7cdd0748d1
Data/emerg_dataset1/emerg_dataset1_430/emerg_dataset1_430.jpg,emerg_dataset1_430.jpg,emerg_dataset1,ambulance-car-isolated-260nw-55033840_jpg.rf.cd30817bb12aeaa90668f6ba26111c85.jpg,bdb965b3d462e752107acb02e77399d2
Data/emerg_dataset1/emerg_dataset1_432/emerg_dataset1_432.jpg,emerg_dataset1_432.jpg,emerg_dataset1,ambulance-car-isolated-260nw-705770599_jpg.rf.4a6c47de7993c2c6f2fedaf647cc5b41.jpg,15fdcc89c00d2e225e1974ba029fc634
Data/emerg_dataset1/emerg_dataset1_433/emerg_dataset1_433.jpg,emerg_dataset1_433.jpg,emerg_dataset1,ambulance-city-on-blurred-background-260nw-532689901_jpg.rf.2a0a1eb0cc864e7778ca414be1c82def.jpg,f0a1cbb6570e9e1ff011214705ee61ed
Data/emerg_dataset1/emerg_dataset1_436/emerg_dataset1_436.jpg,emerg_dataset1_436.jpg,emerg_dataset1,ambulance-edhi-ngo-karachi-pakistan-260nw-1812786469_jpg.rf.0caa99016e560bf12ad55335c7206aff.jpg,42e60b39c3d21aba887e0c00964a3d21
Data/emerg_dataset1/emerg_dataset1_438/emerg_dataset1_438.jpg,emerg_dataset1_438.jpg,emerg_dataset1,ambulance-edhi-ngo-karachi-pakistan-260nw-1812786469_jpg.rf.755c6ef11135e8613b4a26b6ebd57f40.jpg,44a9bc8921634befb75036928a35331d
Data/emerg_dataset1/emerg_dataset1_44/emerg_dataset1_44.jpg,emerg_dataset1_44.jpg,emerg_dataset1,104Ambulance_jpg.rf.60d2ccd636c6fede2775a3c352215d35.jpg,4a4367696c2220d7d52ca4f14805d75e
Data/emerg_dataset1/emerg_dataset1_441/emerg_dataset1_441.jpg,emerg_dataset1_441.jpg,emerg_dataset1,ambulance-h-1619090823_jpg.rf.acfd96539aa181df86bafae59ae5f9bd.jpg,58f63c6e05b0be0edf9b0fd368a2cffc
Data/emerg_dataset1/emerg_dataset1_442/emerg_dataset1_442.jpg,emerg_dataset1_442.jpg,emerg_dataset1,ambulance-leaves-christchurch-hospital-new-zealand-december-_jpg.rf.4d28bdf88228c3d85d6d788db3450317.jpg,e89206ae63b4691d325909a001379566
Data/emerg_dataset1/emerg_dataset1_444/emerg_dataset1_444.jpg,emerg_dataset1_444.jpg,emerg_dataset1,ambulance-ls-1619438455086_jpg.rf.1c1338cdec147b0e84f0fd49bfbd9550.jpg,4a240db8b575b6ea21030377b57fa269
Data/emerg_dataset1/emerg_dataset1_445/emerg_dataset1_445.jpg,emerg_dataset1_445.jpg,emerg_dataset1,ambulance-moving-on-native-jetty-260nw-1839885937_jpg.rf.36f260028884bcd3f59c6b74cda917f6.jpg,0801f2015aeabd115fd1efe548138114
Data/emerg_dataset1/emerg_dataset1_448/emerg_dataset1_448.jpg,emerg_dataset1_448.jpg,emerg_dataset1,ambulance-Obari-Ali-1_jpg.rf.f8cd44fa34e9b22c51ea3216482af704.jpg,2afb6e4d1f9292daab52df8103eb01a1
Data/emerg_dataset1/emerg_dataset1_450/emerg_dataset1_450.jpg,emerg_dataset1_450.jpg,emerg_dataset1,ambulance-on-emergency-car-motion-260nw-690581653_jpg.rf.8aa9d9837ac5aa1e2939118451781252.jpg,e1b37630c80961b4e2c17eacc6a09727
Data/emerg_dataset1/emerg_dataset1_451/emerg_dataset1_451.jpg,emerg_dataset1_451.jpg,emerg_dataset1,ambulance-on-emergency-car-motion-260nw-690581653_jpg.rf.9dd58fdd8e84a35851eb56b6abdc6da4.jpg,3b34b12f3b9176035e4578aa4292421c
Data/emerg_dataset1/emerg_dataset1_452/emerg_dataset1_452.jpg,emerg_dataset1_452.jpg,emerg_dataset1,ambulance-open-door-outside-hospital-260nw-2211653889_jpg.rf.09becafccd81c79a6e413bf024dd3f35.jpg,549cd04d5a02675d560183333dcfceea
Data/emerg_dataset1/emerg_dataset1_454/emerg_dataset1_454.jpg,emerg_dataset1_454.jpg,emerg_dataset1,ambulance-open-door-outside-hospital-260nw-2211653889_jpg.rf.8870760cf49b6f4d3136a1aff4f7977c.jpg,e3e6a31072f465f07e2067e110ffda16
Data/emerg_dataset1/emerg_dataset1_455/emerg_dataset1_455.jpg,emerg_dataset1_455.jpg,emerg_dataset1,Ambulance-Pakistan-rescue-covid-19-coronavirus-1_jpg.rf.859eb1d775812225217d9734af44e394.jpg,924a94e90659e8c4fb947ec6cbdc1168
Data/emerg_dataset1/emerg_dataset1_456/emerg_dataset1_456.jpg,emerg_dataset1_456.jpg,emerg_dataset1,ambulance-parked-outside-edhi-foundations-260nw-1683616369_jpg.rf.2b5c72e736866116ad865fd89114752f.jpg,1128e0ee69b93f4eb7e8e77636182bb8
Data/emerg_dataset1/emerg_dataset1_458/emerg_dataset1_458.jpg,emerg_dataset1_458.jpg,emerg_dataset1,ambulance-passing-through-patient-karachi-260nw-1820900594_jpg.rf.02958334d93da4697b913215f52e96a8.jpg,32a8407869ade59eaf02ed1b62fa33ad
Data/emerg_dataset1/emerg_dataset1_46/emerg_dataset1_46.jpg,emerg_dataset1_46.jpg,emerg_dataset1,105Ambulance_jpg.rf.adcc82fd4a7072f7385ef52148f359e4.jpg,2458195a0501434005b86f0fb756f223
Data/emerg_dataset1/emerg_dataset1_460/emerg_dataset1_460.jpg,emerg_dataset1_460.jpg,emerg_dataset1,ambulance-passing-through-patient-karachi-260nw-1820900594_jpg.rf.3b02fbe487283e9a42268fc7195294e1.jpg,1fd8f39d0d4aadfbd445a263d9ff6dc0
Data/emerg_dataset1/emerg_dataset1_461/emerg_dataset1_461.jpg,emerg_dataset1_461.jpg,emerg_dataset1,ambulance-passing-through-road-on-260nw-1978765046_jpg.rf.21507c57912f984d83971f2744004b3c.jpg,baa74d1ba2b0075f15388e731cac9090
Data/emerg_dataset1/emerg_dataset1_462/emerg_dataset1_462.jpg,emerg_dataset1_462.jpg,emerg_dataset1,ambulance-provided-by-karachi-dock-260nw-1552960925_jpg.rf.1625d886831ed25345a5991d9bd7ea89.jpg,d47cf95e90de1f9bdce9830c51e7858b
Data/emerg_dataset1/emerg_dataset1_465/emerg_dataset1_465.jpg,emerg_dataset1_465.jpg,emerg_dataset1,ambulance-responding-emergency-call-driving-260nw-1725520576_jpg.rf.989bcaf27632267b4752eff56d3b7d6b.jpg,f98757225a1d2b36253dc4adc122c7aa
Data/emerg_dataset1/emerg_dataset1_466/emerg_dataset1_466.jpg,emerg_dataset1_466.jpg,emerg_dataset1,ambulance-service-260nw-376480093_jpg.rf.2c8744fabdbc3530fc09b2b22fff1875.jpg,1847a2ecfe0658a7ea1730d77efec9e7
Data/emerg_dataset1/emerg_dataset1_470/emerg_dataset1_470.jpg,emerg_dataset1_470.jpg,emerg_dataset1,ambulance-service-van-on-street-260nw-510768622_jpg.rf.db668091a918ec93e8570b14a1723311.jpg,89d1cfa9e361788f91222664ca771203
Data/emerg_dataset1/emerg_dataset1_473/emerg_dataset1_473.jpg,emerg_dataset1_473.jpg,emerg_dataset1,Ambulance-Services-Taxscan_jpg.rf.d51adf62df8422d31f071ed034860dda.jpg,4d357f1a37e7364296d088812a1cb774
Data/emerg_dataset1/emerg_dataset1_474/emerg_dataset1_474.jpg,emerg_dataset1_474.jpg,emerg_dataset1,ambulance-special-medical-vehicles-van-260nw-1883959411_jpg.rf.1bf4e4e4c25d4da92b758c80f3d77757.jpg,94f3e00941b80d53d4b7541a932ad204
Data/emerg_dataset1/emerg_dataset1_476/emerg_dataset1_476.jpg,emerg_dataset1_476.jpg,emerg_dataset1,ambulance-van-on-highway-260nw-514055878_jpg.rf.47e7dd48bb1a04ca3eeea49c5ad76989.jpg,808405c6c49bcabc34072d2dc1f1d22e
Data/emerg_dataset1/emerg_dataset1_479/emerg_dataset1_479.jpg,emerg_dataset1_479.jpg,emerg_dataset1,ambulance-van-on-highway-flashing-260nw-1011860305_jpg.rf.b098e9e3a1ba6fca76f33e787aca98cf.jpg,9a080e78df3c58fb7c3db4fb4a81a586
Data/emerg_dataset1/emerg_dataset1_48/emerg_dataset1_48.jpg,emerg_dataset1_48.jpg,emerg_dataset1,107Ambulance_jpg.rf.d4fc512089c2ccb99e304a3c232b66f2.jpg,27b79c93a8529a05501740f9152042ee
Data/emerg_dataset1/emerg_dataset1_481/emerg_dataset1_481.jpg,emerg_dataset1_481.jpg,emerg_dataset1,ambulance-van-on-highway-flashing-260nw-1015082587_jpg.rf.ff7d4160ebd4958e922a70f46b56f41d.jpg,dd0183095a0dde1b53115456abc4ef0a
Data/emerg_dataset1/emerg_dataset1_482/emerg_dataset1_482.jpg,emerg_dataset1_482.jpg,emerg_dataset1,Ambulance-Vehicle-VAN-1_png-jpg_jpg.rf.34a7d3832efeba877da0c01a4007c8d7.jpg,a0497bc68f489c24bdd9a39f7a5e98d2
Data/emerg_dataset1/emerg_dataset1_486/emerg_dataset1_486.jpg,emerg_dataset1_486.jpg,emerg_dataset1,ambulance-vehicles-drive-on-quetta-chaman-road-on-october-13_jpg.rf.d14b090d256bb449924f1c1a7a4bccc7.jpg,85bef4c88bd7eb67cf1c0a2312f6c4d9
Data/emerg_dataset1/emerg_dataset1_488/emerg_dataset1_488.jpg,emerg_dataset1_488.jpg,emerg_dataset1,ambulance11_jpg.rf.91cf606a3ec3f47cdb860c55b6307f4d.jpg,162b62a6c1fa09444ddc0227d6665da3
Data/emerg_dataset1/emerg_dataset1_489/emerg_dataset1_489.jpg,emerg_dataset1_489.jpg,emerg_dataset1,ambulance11_jpg.rf.c3558ed69506c26fc7d1d3b34e1fbd2a.jpg,22caefd34854664b322e7ead5a96089e
Data/emerg_dataset1/emerg_dataset1_490/emerg_dataset1_490.jpg,emerg_dataset1_490.jpg,emerg_dataset1,ambulance_0-1-_jpg.rf.458fcfe7db9fd42dd98a667849709e4b.jpg,e71234eaeed28be17626a2b03f68b5ed
Data/emerg_dataset1/emerg_dataset1_493/emerg_dataset1_493.jpg,emerg_dataset1_493.jpg,emerg_dataset1,ambulance_jpg.rf.510a14cf08cfccdd804446220954acfe.jpg,e11e5391c14420cee1266568d38f8b4c
Data/emerg_dataset1/emerg_dataset1_495/emerg_dataset1_495.jpg,emerg_dataset1_495.jpg,emerg_dataset1,ambulance_jpg.rf.828454272f2642b69c30dc2f24fbaf24.jpg,668a9cce393e23f01d1f4fa0568cb7d5
Data/emerg_dataset1/emerg_dataset1_498/emerg_dataset1_498.jpg,emerg_dataset1_498.jpg,emerg_dataset1,ambulance_vehicle_graphics_sign_2_jpg.rf.d75eff324c18038167e4631ec2c32cea.jpg,8517cc007a7ef5bdc6c176edc8fbf8e0
Data/emerg_dataset1/emerg_dataset1_5/emerg_dataset1_5.jpg,emerg_dataset1_5.jpg,emerg_dataset1,IGTHING-PLATFORM-53-METER-1678809173831371280_common-23031417524985571000_jpg.rf.6a690616e7295715295eb7beb49bc5bf.jpg,78ba7509795206b992c08aa619418e6b
Data/emerg_dataset1/emerg_dataset1_500/emerg_dataset1_500.jpg,emerg_dataset1_500.jpg,emerg_dataset1,ambulances-parked-next-road-near-260nw-1943774749_jpg.rf.894ba51fc5f0d5f4c264b93343e4ce79.jpg,58c7c981b84518aa195ee573c743c384
Data/emerg_dataset1/emerg_dataset1_501/emerg_dataset1_501.jpg,emerg_dataset1_501.jpg,emerg_dataset1,ambulances-parked-next-road-near-260nw-1943774749_jpg.rf.f414dcb3006456dd535c6b5cd85aa015.jpg,cbf56ed3f64504618c2e747eadbccc37
Data/emerg_dataset1/emerg_dataset1_502/emerg_dataset1_502.jpg,emerg_dataset1_502.jpg,emerg_dataset1,ambulances-parked-outside-edhi-head-260nw-1958814811_jpg.rf.1545b256ad2758e803e0a03da6c2f1f9.jpg,dc938691aecc8d56ef7b96a83ac36d42
Data/emerg_dataset1/emerg_dataset1_504/emerg_dataset1_504.jpg,emerg_dataset1_504.jpg,emerg_dataset1,ambulances-parked-outside-edhi-head-260nw-1958814811_jpg.rf.ae21a9de61d096e90028e5bd33d99f30.jpg,76fd89f4edfb00784eddfb28bade94ee
Data/emerg_dataset1/emerg_dataset1_506/emerg_dataset1_506.jpg,emerg_dataset1_506.jpg,emerg_dataset1,antalya-turkey-march-04-2022-260nw-2137803077_jpg.rf.95e85e9e7668215aff0f30eb5033ff70.jpg,c9f11e439852706fd21aa9f5f7d02108
Data/emerg_dataset1/emerg_dataset1_509/emerg_dataset1_509.jpg,emerg_dataset1_509.jpg,emerg_dataset1,bf-homes-ambulance_jpg.rf.97eaa98faa69fab5dbd9d5259721e792.jpg,cfd82556a83b31e3e9ff835a79baa0ec
Data/emerg_dataset1/emerg_dataset1_51/emerg_dataset1_51.jpg,emerg_dataset1_51.jpg,emerg_dataset1,108Ambulance_jpg.rf.3c626e30117d427cc5f391599d457c02.jpg,4e00d6dd6fa26d0e1d3599a6fd75660c
Data/emerg_dataset1/emerg_dataset1_511/emerg_dataset1_511.jpg,emerg_dataset1_511.jpg,emerg_dataset1,BG308327_18b105-2-_jpg.rf.879606c01c5181461ae4628e167f73c1.jpg,2f388af244883d308ab5eb4c686ce3fb
Data/emerg_dataset1/emerg_dataset1_512/emerg_dataset1_512.jpg,emerg_dataset1_512.jpg,emerg_dataset1,bolan_ex_1_JPG-jpg_jpg.rf.68f9f3ccfa12be724c454ffad783b99f.jpg,6472b53b9b59fc69e64eb8683b7da1bc
Data/emerg_dataset1/emerg_dataset1_513/emerg_dataset1_513.jpg,emerg_dataset1_513.jpg,emerg_dataset1,bolan_ex_1_JPG-jpg_jpg.rf.77c209b2d8528b4fd51c964ba8599f5e.jpg,7e45d256780dd5fd42181a715d19d5d0
Data/emerg_dataset1/emerg_dataset1_514/emerg_dataset1_514.jpg,emerg_dataset1_514.jpg,emerg_dataset1,bolan_ex_2_JPG-jpg_jpg.rf.01b83a38fb2a4af2ba8963ea8bf44b5d.jpg,7fae3aa38be658bd8742099cd5194829
Data/emerg_dataset1/emerg_dataset1_519/emerg_dataset1_519.jpg,emerg_dataset1_519.jpg,emerg_dataset1,bolan_ex_3_JPG-jpg_jpg.rf.6b7591ae6347ed2479623dd3c26bd526.jpg,a09096c97db726bca8c67eaa89fa5e69
Data/emerg_dataset1/emerg_dataset1_520/emerg_dataset1_520.jpg,emerg_dataset1_520.jpg,emerg_dataset1,bolan_ex_3_JPG-jpg_jpg.rf.77e084c7cb8ed0eba5c64f406547c71d.jpg,54422ee2072d59f4c0293ec871c22a55
Data/emerg_dataset1/emerg_dataset1_522/emerg_dataset1_522.jpg,emerg_dataset1_522.jpg,emerg_dataset1,bolan_ex_4_JPG-jpg_jpg.rf.7bdeaf5f5dc2426228a307a73148bfc0.jpg,8a0992aa55eebee86546c6194b73f152
Data/emerg_dataset1/emerg_dataset1_523/emerg_dataset1_523.jpg,emerg_dataset1_523.jpg,emerg_dataset1,bolan_ex_4_JPG-jpg_jpg.rf.ce5a14d424abea58b289ae118ff7d3b2.jpg,a40862cf749f82da58aeef5572211504
Data/emerg_dataset1/emerg_dataset1_526/emerg_dataset1_526.jpg,emerg_dataset1_526.jpg,emerg_dataset1,bolan_ex_5_JPG-jpg_jpg.rf.f03cdf0ea292c884538aa159c7357e21.jpg,69e3f362ef3922d22ebf920df1b6d7e0
Data/emerg_dataset1/emerg_dataset1_527/emerg_dataset1_527.jpg,emerg_dataset1_527.jpg,emerg_dataset1,bolan_ex_6_JPG-jpg_jpg.rf.48cc1a662f597bcffdbf8626309dce75.jpg,b29fca9e326a948ee6d8fcfe412e9ed3
Data/emerg_dataset1/emerg_dataset1_529/emerg_dataset1_529.jpg,emerg_dataset1_529.jpg,emerg_dataset1,bolan_ex_7_JPG-jpg_jpg.rf.2b8198a6fbaf6980761869ccfa1df144.jpg,bf87de15dffcc57b4e8cd51370f0ce8a
Data/emerg_dataset1/emerg_dataset1_53/emerg_dataset1_53.jpg,emerg_dataset1_53.jpg,emerg_dataset1,10_jpg.rf.09a15a290154df452fb9c697e68197f2.jpg,be2c4a838b5a760f8d99d76f25b15f44
Data/emerg_dataset1/emerg_dataset1_536/emerg_dataset1_536.jpg,emerg_dataset1_536.jpg,emerg_dataset1,bolan_ex_9_JPG-jpg_jpg.rf.c383ce9bce09b8d5fb05c77b2e2131d9.jpg,5be2182cf7cde6510e1ee52cefd70488
Data/emerg_dataset1/emerg_dataset1_537/emerg_dataset1_537.jpg,emerg_dataset1_537.jpg,emerg_dataset1,BongoIII-AMBULANCE-1_jpg.rf.4dba70c706f80774b5a1e6bcc0abf52b.jpg,f40655130a378dbe3dcd72d9c93362cc
Data/emerg_dataset1/emerg_dataset1_538/emerg_dataset1_538.jpg,emerg_dataset1_538.jpg,emerg_dataset1,BongoIII-AMBULANCE-1_jpg.rf.8d3d3660ce4157663c5057ac10504ef6.jpg,6d1b2537e881e10eef66a7a6f1a9c617
Data/emerg_dataset1/emerg_dataset1_539/emerg_dataset1_539.jpg,emerg_dataset1_539.jpg,emerg_dataset1,car-ambulance-magen-david-adom-260nw-1625732113_jpg.rf.8191ceb7aaa84e8c7ec46a8cd17f96f8.jpg,134295059a2cdc77d6bc2e2ae1115e51
Data/emerg_dataset1/emerg_dataset1_542/emerg_dataset1_542.jpg,emerg_dataset1_542.jpg,emerg_dataset1,car_dd40a1e7-e236-48c2-8b92-909e1b1a571b_640_0_jpg.rf.e13c3ed2975480a7bf9485bd2cae02ee.jpg,9968f978c4f66cadf944ec72328b3a97
Data/emerg_dataset1/emerg_dataset1_543/emerg_dataset1_543.jpg,emerg_dataset1_543.jpg,emerg_dataset1,chhipa-1024x768-2-_jpg.rf.dfd8de7a3aab8f923842a671fb85aede.jpg,7f56ec84b4b5b20fafda50882f6f3e71
Data/emerg_dataset1/emerg_dataset1_544/emerg_dataset1_544.jpg,emerg_dataset1_544.jpg,emerg_dataset1,chhipa-1024x768_jpg.rf.3809d7f08cebe22cad1169b837bc5891.jpg,1382d73c499a5921fef65d07c43835c2
Data/emerg_dataset1/emerg_dataset1_545/emerg_dataset1_545.jpg,emerg_dataset1_545.jpg,emerg_dataset1,chhipa-ambulance-parked-road-side-260nw-1846455523_jpg.rf.0859ce95bf7708fac3153c44b8d7b531.jpg,31d5f03aa62fc50326987b1a64639681
Data/emerg_dataset1/emerg_dataset1_546/emerg_dataset1_546.jpg,emerg_dataset1_546.jpg,emerg_dataset1,chhipa-ambulance-parked-road-side-260nw-1846455523_jpg.rf.4261cd0121e4499ef2e90939f098f062.jpg,6803a38baaafa635e4f1f595667321a2
Data/emerg_dataset1/emerg_dataset1_549/emerg_dataset1_549.jpg,emerg_dataset1_549.jpg,emerg_dataset1,chippa-ambulance-sher-shah-town-260nw-1808562124_jpg.rf.b1000e48a6531e78f060c337b993c209.jpg,e1753f937183e55b259f2450ec96d471
Data/emerg_dataset1/emerg_dataset1_55/emerg_dataset1_55.jpg,emerg_dataset1_55.jpg,emerg_dataset1,10_jpg.rf.60ff99b86f8e3e8cd5cb59dc4f696b72.jpg,f8c47ea674b9a1a3917cdcf45a3f1bf6
Data/emerg_dataset1/emerg_dataset1_551/emerg_dataset1_551.jpg,emerg_dataset1_551.jpg,emerg_dataset1,chippa-stall-ambulance-on-road-260nw-1816496255_jpg.rf.6e77691018f72007509f5140f34f84d7.jpg,cf05f80b2d8fe43479a2d3a0c686e500
Data/emerg_dataset1/emerg_dataset1_552/emerg_dataset1_552.jpg,emerg_dataset1_552.jpg,emerg_dataset1,covid-3-1-2-_jpg.rf.0717b8b6bee4553d08e6c7583ea3c9c8.jpg,363f02677a84740936494d2f64beee49
Data/emerg_dataset1/emerg_dataset1_556/emerg_dataset1_556.jpg,emerg_dataset1_556.jpg,emerg_dataset1,covid-3-1_jpg.rf.a96c613b7f43d2baf9e185c925b900c8.jpg,1df0923c186c0d331b1ab23dace715bb
Data/emerg_dataset1/emerg_dataset1_559/emerg_dataset1_559.jpg,emerg_dataset1_559.jpg,emerg_dataset1,DmRbPtoW4AIiNzH_jpg.rf.6496347d8723a47c3fee8d814137d15b.jpg,182b5e3d637130ec2b40ce550ec4d5cb
Data/emerg_dataset1/emerg_dataset1_56/emerg_dataset1_56.jpg,emerg_dataset1_56.jpg,emerg_dataset1,10e83cdaa1698579d3295da007d7a76a_jpg.rf.d3a8314d9362bb9f66f9224ce2be7d73.jpg,8e2254f3677a379bb696b1be8e4ad12e
Data/emerg_dataset1/emerg_dataset1_560/emerg_dataset1_560.jpg,emerg_dataset1_560.jpg,emerg_dataset1,DmRbPtoW4AIiNzH_jpg.rf.f95b6bc88206b3a383a2b82ad30eea83.jpg,a1cf09f4372eab18317a8180171c422e
Data/emerg_dataset1/emerg_dataset1_561/emerg_dataset1_561.jpg,emerg_dataset1_561.jpg,emerg_dataset1,download-1-_jpeg.rf.9f88be25d5100500c7abf333a3d52f08.jpg,0778c4e311dbc60cd0e75666bec76480
Data/emerg_dataset1/emerg_dataset1_562/emerg_dataset1_562.jpg,emerg_dataset1_562.jpg,emerg_dataset1,download-10-_jpeg.rf.2577e2cb820048eedb61d52c5c19d723.jpg,bab105e8ab833651d5057d7e27c0d3a1
Data/emerg_dataset1/emerg_dataset1_565/emerg_dataset1_565.jpg,emerg_dataset1_565.jpg,emerg_dataset1,download-11-_jpeg.rf.22230d80e34c7e67fbf256e3573ad7fa.jpg,7d2ae1d9e81d5fa1cda39de8f14d5ae8
Data/emerg_dataset1/emerg_dataset1_568/emerg_dataset1_568.jpg,emerg_dataset1_568.jpg,emerg_dataset1,download-12-_jpeg.rf.2e41c1ee61d7cbdf0e44582ab895cba6.jpg,3712dcbb9b4b762fcebdd6baec104d51
Data/emerg_dataset1/emerg_dataset1_569/emerg_dataset1_569.jpg,emerg_dataset1_569.jpg,emerg_dataset1,download-12-_jpeg.rf.be685ac9e8a3c36751666fbed8386369.jpg,c9e7ee1793b992746d56864e6d13fb0a
Data/emerg_dataset1/emerg_dataset1_570/emerg_dataset1_570.jpg,emerg_dataset1_570.jpg,emerg_dataset1,download-13-_jpeg.rf.6a739ad2259481c75316d91e1693fe35.jpg,cba416f824581f04fcecf6e8313abe53
Data/emerg_dataset1/emerg_dataset1_571/emerg_dataset1_571.jpg,emerg_dataset1_571.jpg,emerg_dataset1,download-13-_jpeg.rf.79f668adfa6a486b524b65eace717bca.jpg,0e81d44d3bf9309e247211475b0d9df8
Data/emerg_dataset1/emerg_dataset1_572/emerg_dataset1_572.jpg,emerg_dataset1_572.jpg,emerg_dataset1,download-14-_jpeg.rf.4abf005b92b4cda34fcd0eec3570007a.jpg,92fc5b8d59170743dec310058360aa45
Data/emerg_dataset1/emerg_dataset1_574/emerg_dataset1_574.jpg,emerg_dataset1_574.jpg,emerg_dataset1,download-15-_jpeg.rf.15421081fbdb986f4aaccae0fd4adb60.jpg,162debdcd1f6430d687fb0b80140573c
Data/emerg_dataset1/emerg_dataset1_575/emerg_dataset1_575.jpg,emerg_dataset1_575.jpg,emerg_dataset1,download-16-_jpeg.rf.5b9bd30b6227861c947bb1c29940c5dd.jpg,1f155d890175aa181f56205ff3db779d
Data/emerg_dataset1/emerg_dataset1_576/emerg_dataset1_576.jpg,emerg_dataset1_576.jpg,emerg_dataset1,download-18-_jpeg.rf.40d5943a7719b8bb6716d7d9376b18ad.jpg,69b1ebc5e26ddb3563ed64097418e652
Data/emerg_dataset1/emerg_dataset1_577/emerg_dataset1_577.jpg,emerg_dataset1_577.jpg,emerg_dataset1,download-18-_jpeg.rf.fb71979cb0b95e2dc013beef0ca46936.jpg,9e87ea3eed428d9958fa2bfda686d8c2
Data/emerg_dataset1/emerg_dataset1_578/emerg_dataset1_578.jpg,emerg_dataset1_578.jpg,emerg_dataset1,download-2-_jpeg.rf.27af616161ad21609a4910a473fd26c5.jpg,b41facfdaa89df4e783fce9cacbbb014
Data/emerg_dataset1/emerg_dataset1_58/emerg_dataset1_58.jpg,emerg_dataset1_58.jpg,emerg_dataset1,1102096-485079990_jpg.rf.d0a1e8e42793ba5556b57a6bec30358b.jpg,15137884e103c2d0b93fd6031280338b
Data/emerg_dataset1/emerg_dataset1_580/emerg_dataset1_580.jpg,emerg_dataset1_580.jpg,emerg_dataset1,download-20-_jpeg.rf.c62f7c7e6f505168908af9836be96a3d.jpg,2032102ace9a9763b27e915c3d5837a6
Data/emerg_dataset1/emerg_dataset1_581/emerg_dataset1_581.jpg,emerg_dataset1_581.jpg,emerg_dataset1,download-3-_jpeg.rf.c9daeb3352843b4a1a728fc4f6f09141.jpg,6d259ecd2ceee1ed1434f6e9d4c6a40d
Data/emerg_dataset1/emerg_dataset1_583/emerg_dataset1_583.jpg,emerg_dataset1_583.jpg,emerg_dataset1,download-4-_jpeg.rf.89f9582437f902cc1df21d607bd66af2.jpg,6c0842c23ca23b747ec0e9ecfd5142da
Data/emerg_dataset1/emerg_dataset1_586/emerg_dataset1_586.jpg,emerg_dataset1_586.jpg,emerg_dataset1,download-5-_jpeg.rf.b40d029d239d2d8fd14d8fbed6f2f3eb.jpg,1d5197f04036d01c85d739ff4f5b083f
Data/emerg_dataset1/emerg_dataset1_587/emerg_dataset1_587.jpg,emerg_dataset1_587.jpg,emerg_dataset1,download-7-_jpeg.rf.2f2e096e7bfc345b7e2e8e30fd0c5f90.jpg,1effa29ba5a37ffa06bab3b5fbc30a35
Data/emerg_dataset1/emerg_dataset1_588/emerg_dataset1_588.jpg,emerg_dataset1_588.jpg,emerg_dataset1,download-7-_jpeg.rf.85b114375ee6478be6cd4ea3c5d4fbed.jpg,b9062f022c325184199eb88a1ed7aed8
Data/emerg_dataset1/emerg_dataset1_589/emerg_dataset1_589.jpg,emerg_dataset1_589.jpg,emerg_dataset1,download-8-_jpeg.rf.6da3f83d9e401384665a469999aeb5be.jpg,9ecd7c4c285edf9cc8ef89a7686df7a0
Data/emerg_dataset1/emerg_dataset1_59/emerg_dataset1_59.jpg,emerg_dataset1_59.jpg,emerg_dataset1,110Ambulance_jpg.rf.2a3ec38ff38f492e2d96668c76012466.jpg,643d8657ff26e4faa6adf1aa9b82c085
Data/emerg_dataset1/emerg_dataset1_591/emerg_dataset1_591.jpg,emerg_dataset1_591.jpg,emerg_dataset1,download-8-_jpeg.rf.cda238ba03634dbc2fb985ed9ccfd7b5.jpg,12e88894613a6f50c55d9d03d2b292fc
Data/emerg_dataset1/emerg_dataset1_593/emerg_dataset1_593.jpg,emerg_dataset1_593.jpg,emerg_dataset1,download_jpeg.rf.2f90ab091f424350c80400ab4dfc158b.jpg,6588abb06ad36974420fbd52ef4d9f69
Data/emerg_dataset1/emerg_dataset1_596/emerg_dataset1_596.jpg,emerg_dataset1_596.jpg,emerg_dataset1,dsc02989_jpg.rf.d65565135ad590618482eb2ebd01f82e.jpg,50939beaadb3725d24cbbc73c5dc9f1d
Data/emerg_dataset1/emerg_dataset1_597/emerg_dataset1_597.jpg,emerg_dataset1_597.jpg,emerg_dataset1,DSC_0752-scaled_jpg.rf.1ca108ba0b00e59add4471762360ebd2.jpg,7611f6e7d6a9a8eebe82e6f4f730dddf
Data/emerg_dataset1/emerg_dataset1_599/emerg_dataset1_599.jpg,emerg_dataset1_599.jpg,emerg_dataset1,e9168bfd5b08789272433849e07faa84_png-jpg_jpg.rf.34c000df9f866bca0d5af9feb298cc9d.jpg,55ec73274dc42e841eb2c04355723726
Data/emerg_dataset1/emerg_dataset1_6/emerg_dataset1_6.jpg,emerg_dataset1_6.jpg,emerg_dataset1,image21_jpeg.rf.d8dcffdfefbadbd1f977f20f7ddac936.jpg,d799c514da01a96b32f720ec1e4d7e29
Data/emerg_dataset1/emerg_dataset1_600/emerg_dataset1_600.jpg,emerg_dataset1_600.jpg,emerg_dataset1,e9168bfd5b08789272433849e07faa84_png-jpg_jpg.rf.8667c28a3a2319d76ff7c3308ffc3fe2.jpg,a3715592ab6411a22c1b4c950310b139
Data/emerg_dataset1/emerg_dataset1_601/emerg_dataset1_601.jpg,emerg_dataset1_601.jpg,emerg_dataset1,ed74eddb9fbe79518a053f99f603edec-2-_jpg.rf.93bc1bea2439f4d094d3bcc4e363edcc.jpg,d0577b36c61468d654ebf6d4da98d9cc
Data/emerg_dataset1/emerg_dataset1_603/emerg_dataset1_603.jpg,emerg_dataset1_603.jpg,emerg_dataset1,ed74eddb9fbe79518a053f99f603edec-2-_jpg.rf.f8547a95359c2ccdecb99a9af98caf83.jpg,426eb92c411e7c394bb072c2b2fdf91c
Data/emerg_dataset1/emerg_dataset1_605/emerg_dataset1_605.jpg,emerg_dataset1_605.jpg,emerg_dataset1,Edhi-1-_jpg.rf.d35a26dee242ee53dffb5a5f93a971c6.jpg,408f4576874800512ce5359aacca0d85
Data/emerg_dataset1/emerg_dataset1_606/emerg_dataset1_606.jpg,emerg_dataset1_606.jpg,emerg_dataset1,Edhi-5_jpg.rf.45e2b7e160d6ef6bb499829f68ddf0b8.jpg,5478f0cd063618476c65fa18c6af8599
Data/emerg_dataset1/emerg_dataset1_607/emerg_dataset1_607.jpg,emerg_dataset1_607.jpg,emerg_dataset1,Edhi-5_jpg.rf.aed3d1c71be0ee71372ad811746f0e0f.jpg,e6283d45edad9d9cea3d2f5dabbc3b31
Data/emerg_dataset1/emerg_dataset1_608/emerg_dataset1_608.jpg,emerg_dataset1_608.jpg,emerg_dataset1,Edhi-Ambulance-Increase-Khi-Pkg-03-12-ZOHAIB_jpg.rf.1d24bc08baf5a0c68eb0d21322704a6b.jpg,4413176e483de2a81889395ab0296deb
Data/emerg_dataset1/emerg_dataset1_609/emerg_dataset1_609.jpg,emerg_dataset1_609.jpg,emerg_dataset1,Edhi-Ambulance-Increase-Khi-Pkg-03-12-ZOHAIB_jpg.rf.523e5018534848e933de7967ccadb8ec.jpg,d1f6f4a0a5e3ae16e278aabd554a13cb
Data/emerg_dataset1/emerg_dataset1_610/emerg_dataset1_610.jpg,emerg_dataset1_610.jpg,emerg_dataset1,Edhi-Ambulance-Increase-Khi-Pkg-03-12-ZOHAIB_jpg.rf.bcb1f817537b6637654697b39c37b5a2.jpg,3184bfb4da7935808d1251e27ed92646
Data/emerg_dataset1/emerg_dataset1_612/emerg_dataset1_612.jpg,emerg_dataset1_612.jpg,emerg_dataset1,edhi-ambulance-parked-on-road-260nw-1629648646_jpg.rf.8603ea4beb69532d85bbe44eeda7513e.jpg,f577d4c6d8c1373ee5d166f56067ec4c
Data/emerg_dataset1/emerg_dataset1_613/emerg_dataset1_613.jpg,emerg_dataset1_613.jpg,emerg_dataset1,edhi-ambulance-parked-on-road-260nw-1629648649_jpg.rf.8bbc753deb7eeca402d116296c51a545.jpg,058bfc7c41cb819907cb0f8ebcc0c13e
Data/emerg_dataset1/emerg_dataset1_616/emerg_dataset1_616.jpg,emerg_dataset1_616.jpg,emerg_dataset1,edhi-ambulance-parked-on-tariq-260nw-1531151624_jpg.rf.ab1f5483d4affc9fb63707f181df06db.jpg,99ced1782fdc305a16c57863e7d9dae3
Data/emerg_dataset1/emerg_dataset1_617/emerg_dataset1_617.jpg,emerg_dataset1_617.jpg,emerg_dataset1,edhi-ambulance-parked-outside-their-260nw-1920222539_jpg.rf.48be17d5869819147cf95d8755c293d3.jpg,61f94d3007cd862162f7443a1e568b9e
Data/emerg_dataset1/emerg_dataset1_62/emerg_dataset1_62.jpg,emerg_dataset1_62.jpg,emerg_dataset1,1111016-413306290_jpg.rf.fdae39aa13e8f61d90b04558a3aa1345.jpg,d76a6c601758987d23f517cc6f265172
Data/emerg_dataset1/emerg_dataset1_620/emerg_dataset1_620.jpg,emerg_dataset1_620.jpg,emerg_dataset1,edhi-ambulance-parked-road-side-260nw-1819688156_jpg.rf.f598f7ac2cb2db7cbe6f0f6d300dbfa1.jpg,a598729ee3ef16f163306e0f12ab5640
Data/emerg_dataset1/emerg_dataset1_622/emerg_dataset1_622.jpg,emerg_dataset1_622.jpg,emerg_dataset1,edhi-ambulance-passing-front-allied-260nw-1551910151_jpg.rf.f5722b18855207bd7ff451334e27bb8d.jpg,999a0708d9c474e9630aec788a065799
Data/emerg_dataset1/emerg_dataset1_624/emerg_dataset1_624.jpg,emerg_dataset1_624.jpg,emerg_dataset1,edhi-ambulance-running-on-road-260nw-1551960869_jpg.rf.8e8586b2ebdd09b12bce32ac92564f1e.jpg,782cd2229eb1330e336cf72d160bc0be
Data/emerg_dataset1/emerg_dataset1_625/emerg_dataset1_625.jpg,emerg_dataset1_625.jpg,emerg_dataset1,edhi-ambulances-parked-next-road-260nw-1943774845_jpg.rf.2e4d78ca3a929fa102faec1d73f3e740.jpg,c3189559061d318d99cc239404fdbe72
Data/emerg_dataset1/emerg_dataset1_627/emerg_dataset1_627.jpg,emerg_dataset1_627.jpg,emerg_dataset1,edhi-ambulances-parked-outside-hospital-260nw-1791796775_jpg.rf.8c7b3e5f814f8ddc95653872de8e58ef.jpg,4ea06dc86497de22ee8fc777db338575
Data/emerg_dataset1/emerg_dataset1_628/emerg_dataset1_628.jpg,emerg_dataset1_628.jpg,emerg_dataset1,edhi-ambulances-parked-outside-hospital-260nw-1791796775_jpg.rf.b44f725efd3a351e08e6a3ca7d3079ed.jpg,355c1810010e1db3fd0ebac8e082aae3
Data/emerg_dataset1/emerg_dataset1_629/emerg_dataset1_629.jpg,emerg_dataset1_629.jpg,emerg_dataset1,edhi-ambulances-parked-road-side-260nw-1815182876_jpg.rf.7c681e7088d2c6674e4f6dcb13f3d320.jpg,5613c94b15b091e71ba6753aa3a13849
Data/emerg_dataset1/emerg_dataset1_632/emerg_dataset1_632.jpg,emerg_dataset1_632.jpg,emerg_dataset1,edhi-van-transportation-dead-bodies-260nw-1791796754_jpg.rf.fa7f10cd70413769cd525c16efbc7a5e.jpg,d3baf2f968406a6a4bdb73f0bb222e85
Data/emerg_dataset1/emerg_dataset1_634/emerg_dataset1_634.jpg,emerg_dataset1_634.jpg,emerg_dataset1,Edhi_jpg.rf.ccbdbd9f02024f00a795972f8123278e.jpg,4f5dbaf5152d07a3e1b6f3a9296f32c2
Data/emerg_dataset1/emerg_dataset1_636/emerg_dataset1_636.jpg,emerg_dataset1_636.jpg,emerg_dataset1,Emergency-Services-in-Pakistan-A-26-03-1024x640_jpg.rf.a37e2e357fd36d05457e20a784889599.jpg,e2795f0fed984b5733cc993e25b3fc56
Data/emerg_dataset1/emerg_dataset1_637/emerg_dataset1_637.jpg,emerg_dataset1_637.jpg,emerg_dataset1,EVERY-Suzuki_jpg.rf.918249dc79994e197fc08b3048f013e7.jpg,e07eb6150886c2edc4e95919217aaafa
Data/emerg_dataset1/emerg_dataset1_639/emerg_dataset1_639.jpg,emerg_dataset1_639.jpg,emerg_dataset1,f1_jpg.rf.20e6a5adff6ef92b0b0e6ecba99bd7d5.jpg,01bfd7a54a41a23f3441cdc0cfda870d
Data/emerg_dataset1/emerg_dataset1_64/emerg_dataset1_64.jpg,emerg_dataset1_64.jpg,emerg_dataset1,111Ambulance_jpg.rf.66f9898a217d9b5d7edc00984b893629.jpg,3dce0e006b8908074cd4cd563cad0306
Data/emerg_dataset1/emerg_dataset1_640/emerg_dataset1_640.jpg,emerg_dataset1_640.jpg,emerg_dataset1,f1_jpg.rf.771191d9357daa3a09c3856a38414a44.jpg,7289bd67a5aedcca151014192682980c
Data/emerg_dataset1/emerg_dataset1_642/emerg_dataset1_642.jpg,emerg_dataset1_642.jpg,emerg_dataset1,f322cff6cc2e4a5880f1c588e982d2e5_800_jpg.rf.3e92496d350de355938322e0a2594405.jpg,fc1781185b4285bec572de595cae135e
Data/emerg_dataset1/emerg_dataset1_643/emerg_dataset1_643.jpg,emerg_dataset1_643.jpg,emerg_dataset1,f322cff6cc2e4a5880f1c588e982d2e5_800_jpg.rf.6edefd0878a06228ac37ea989945ede0.jpg,669ae000bc2015158c0aea6ef6dfa8bb
Data/emerg_dataset1/emerg_dataset1_645/emerg_dataset1_645.jpg,emerg_dataset1_645.jpg,emerg_dataset1,f5_jpg.rf.744a0e4485ba121990a15207ac5dca74.jpg,201c19191c58d100b83dbe5236d6e1b7
Data/emerg_dataset1/emerg_dataset1_646/emerg_dataset1_646.jpg,emerg_dataset1_646.jpg,emerg_dataset1,f5_jpg.rf.94d51806c076d48a91af58d483d615f2.jpg,cff279f71071d1158182f76bb065eff8
Data/emerg_dataset1/emerg_dataset1_647/emerg_dataset1_647.jpg,emerg_dataset1_647.jpg,emerg_dataset1,fb-1_jpg.rf.e2f9e2475ba00dff3331a0048bf05519.jpg,bcc95545b7f587905994b4ba31d1f117
Data/emerg_dataset1/emerg_dataset1_648/emerg_dataset1_648.jpg,emerg_dataset1_648.jpg,emerg_dataset1,file-20180726-106514-fkomge_jpg.rf.282f75ad77f22882ce66960b3470df0b.jpg,8b6bef1152bdb581960b5a28f5534fda
Data/emerg_dataset1/emerg_dataset1_65/emerg_dataset1_65.jpg,emerg_dataset1_65.jpg,emerg_dataset1,112Ambulance_jpg.rf.9dea5a53f69d36e1778f810fcb884611.jpg,6e38d678bcdca8cc45b0ba07ece7eede
Data/emerg_dataset1/emerg_dataset1_650/emerg_dataset1_650.jpg,emerg_dataset1_650.jpg,emerg_dataset1,Fire-750x369-1_jpg.rf.3bb14b154acecd80ad3786567d2c6b07.jpg,8e1bb63fd623c8447874c1c342b4d73c
Data/emerg_dataset1/emerg_dataset1_651/emerg_dataset1_651.jpg,emerg_dataset1_651.jpg,emerg_dataset1,Fire-750x369-1_jpg.rf.d0e587172283cf569598a727c13b4366.jpg,fae7c294ceef9a2845c0430975c0e09e
Data/emerg_dataset1/emerg_dataset1_652/emerg_dataset1_652.jpg,emerg_dataset1_652.jpg,emerg_dataset1,Fire-brigade-Punjab-780x405_jpg.rf.752aaa92f970aa4e02f3280ec900fbf1.jpg,ab96a688f1a9390e07bf45c45b0fba4c
Data/emerg_dataset1/emerg_dataset1_655/emerg_dataset1_655.jpg,emerg_dataset1_655.jpg,emerg_dataset1,fire_truck_2_0_jpg.rf.a8742d2fdb84c22dde3c6898c257fdac.jpg,31b5036677635f2ebe979003357edc1e
Data/emerg_dataset1/emerg_dataset1_658/emerg_dataset1_658.jpg,emerg_dataset1_658.jpg,emerg_dataset1,Flack-ambulance-_jpg.rf.f541af8841fffebda31f834de904fb17.jpg,67fb47bd5d883473d6cbec97f8fdaeb1
Data/emerg_dataset1/emerg_dataset1_659/emerg_dataset1_659.jpg,emerg_dataset1_659.jpg,emerg_dataset1,force-traveller-ambulance-d-type-advanced-life-supportfresh-_png-jpg_jpg.rf.6ecfa6538bda0bd73c82fa8d99ad53dd.jpg,9a8a7b34caaaebff20e445f40eb61c02
Data/emerg_dataset1/emerg_dataset1_66/emerg_dataset1_66.jpg,emerg_dataset1_66.jpg,emerg_dataset1,113Ambulance_jpg.rf.09f274bc88798122153aaf9f3af72298.jpg,c886e31ee3ed6a25dddfddcfc9ed13ab
Data/emerg_dataset1/emerg_dataset1_660/emerg_dataset1_660.jpg,emerg_dataset1_660.jpg,emerg_dataset1,force-traveller-ambulance-d-type-advanced-life-supportfresh-_png-jpg_jpg.rf.f8cea540a7fe11efa7886245d820086b.jpg,7fedf1bca854a3279b3ae6a7251083a4
Data/emerg_dataset1/emerg_dataset1_662/emerg_dataset1_662.jpg,emerg_dataset1_662.jpg,emerg_dataset1,Foton-Medica-Emergency-Ambulance-AA-HJX9305JB-_jpg.rf.ae064eb98eee6762c089883de08d434c.jpg,e1e1bd1a7585073dc4ebb4014f719858
Data/emerg_dataset1/emerg_dataset1_664/emerg_dataset1_664.jpg,emerg_dataset1_664.jpg,emerg_dataset1,front-ambulance1_jpg.rf.8536c6915b4c3e986e46fcac3163d770.jpg,fade896c91efa321ac183d8c4926f86a
Data/emerg_dataset1/emerg_dataset1_672/emerg_dataset1_672.jpg,emerg_dataset1_672.jpg,emerg_dataset1,full-length-profile-shot-nurse-260nw-1815173651_jpg.rf.a2c35e2fe689057393456af433a580b0.jpg,443a719c5d2ca7c2f17eaae673aed911
Data/emerg_dataset1/emerg_dataset1_674/emerg_dataset1_674.jpg,emerg_dataset1_674.jpg,emerg_dataset1,General-Ambulance-Somoy-Ambulance-1024x768_jpg.rf.a84bb83e3fee4bb6532b31924fcda164.jpg,c2b1d8c385c834f783c86e65c91a6906
Data/emerg_dataset1/emerg_dataset1_677/emerg_dataset1_677.jpg,emerg_dataset1_677.jpg,emerg_dataset1,gold-coast-aus-nov-07-260nw-234649249_jpg.rf.8bcf4a2dbf6fcfb3f3ae0f65f02fb81b.jpg,f1ecf2abeb8c48e2be0952e895e11677
Data/emerg_dataset1/emerg_dataset1_678/emerg_dataset1_678.jpg,emerg_dataset1_678.jpg,emerg_dataset1,h104_jpg.rf.be19e507aa1a53b20f97af25e8ce37ec.jpg,921e4fddaf4fb1b24b5f3114d78f5c98
Data/emerg_dataset1/emerg_dataset1_680/emerg_dataset1_680.jpg,emerg_dataset1_680.jpg,emerg_dataset1,h106_jpg.rf.c52973b1471b920cc3d38d12080f7006.jpg,e90a6f2bdbe45b9b3202f990119098c9
Data/emerg_dataset1/emerg_dataset1_681/emerg_dataset1_681.jpg,emerg_dataset1_681.jpg,emerg_dataset1,h139_jpg.rf.9775945ebb4fc6f4da481bc55dab16bd.jpg,c0596dacc28d06b8325ae6718910974f
Data/emerg_dataset1/emerg_dataset1_682/emerg_dataset1_682.jpg,emerg_dataset1_682.jpg,emerg_dataset1,h92_jpg.rf.7fbcd3b99f28f8ef0104003aa4a05fc6.jpg,091b191df290064278af9c466e47cca5
Data/emerg_dataset1/emerg_dataset1_683/emerg_dataset1_683.jpg,emerg_dataset1_683.jpg,emerg_dataset1,h92_jpg.rf.a5c4efe9bef056bf9c0f0b08f0c24d05.jpg,f5e053bbcc2e129a8766169c9ba694e4
Data/emerg_dataset1/emerg_dataset1_684/emerg_dataset1_684.jpg,emerg_dataset1_684.jpg,emerg_dataset1,h95_jpg.rf.b00622e79f6673a201ee620100b28763.jpg,5fcb0627f8a717ba03a3fac7f1738ae1
Data/emerg_dataset1/emerg_dataset1_685/emerg_dataset1_685.jpg,emerg_dataset1_685.jpg,emerg_dataset1,h95_jpg.rf.fbcc8b6c3186c87e1cbd24091cfbc073.jpg,52505c6918bd49b7de0225e96f4cf667
Data/emerg_dataset1/emerg_dataset1_688/emerg_dataset1_688.jpg,emerg_dataset1_688.jpg,emerg_dataset1,HD-wallpaper-toyota-himedic-himedic-japanese-toyota-ambulanc_jpg.rf.b2b5239822ab4a37476948c2062829ab.jpg,9d6b2333613d964a0b5d59c467afd7cc
Data/emerg_dataset1/emerg_dataset1_69/emerg_dataset1_69.jpg,emerg_dataset1_69.jpg,emerg_dataset1,118Ambulance_jpg.rf.26a3c3218bb67b4344fe4b44389daba8.jpg,b70f5b0ed10af1826df02417e3b4fd47
Data/emerg_dataset1/emerg_dataset1_691/emerg_dataset1_691.jpg,emerg_dataset1_691.jpg,emerg_dataset1,health-care-karachi-ambulance-traffic_jpg.rf.1e76dd080dc687744ef41258b5251923.jpg,21887d52d8e001df178df5e2cf8be5d2
Data/emerg_dataset1/emerg_dataset1_693/emerg_dataset1_693.jpg,emerg_dataset1_693.jpg,emerg_dataset1,health-care-karachi-ambulance-traffic_jpg.rf.af61e8d8c3bf950addaa4b0837c2080d.jpg,2b7fa2b1d2ad6bbeabfb56fb5f059435
Data/emerg_dataset1/emerg_dataset1_694/emerg_dataset1_694.jpg,emerg_dataset1_694.jpg,emerg_dataset1,heavy-traffic-outside-hbl-plaza-260nw-1950968371_jpg.rf.1671285b162d16e745b106f0d4f92024.jpg,7133d284d962183b7e0a2adde75996e3
Data/emerg_dataset1/emerg_dataset1_696/emerg_dataset1_696.jpg,emerg_dataset1_696.jpg,emerg_dataset1,hqdefault-1-_jpg.rf.fa7221536e0a49b9c4b0d4de010e2d49.jpg,45cf680dce1aab1f950579b3a526a7b0
Data/emerg_dataset1/emerg_dataset1_697/emerg_dataset1_697.jpg,emerg_dataset1_697.jpg,emerg_dataset1,HUB-ACCIDENT-KHI-0800-17-07_jpg.rf.1fce99e35098883d75f27bf9967d8206.jpg,f1013ad02a43a0ff86ede4f8e3a51ae0
Data/emerg_dataset1/emerg_dataset1_699/emerg_dataset1_699.jpg,emerg_dataset1_699.jpg,emerg_dataset1,hur937ambulance2-scaled_jpg.rf.41e384258261eb34675386edcd17b825.jpg,75a674dde964f5b41e5de16bec150055
Data/emerg_dataset1/emerg_dataset1_7/emerg_dataset1_7.jpg,emerg_dataset1_7.jpg,emerg_dataset1,image22_jpeg.rf.cba39c8b9d151f7b7e5b92ffe09eea51.jpg,8cfbcba543528d234bdc11ddbbc3bcd7
Data/emerg_dataset1/emerg_dataset1_70/emerg_dataset1_70.jpg,emerg_dataset1_70.jpg,emerg_dataset1,11_jpg.rf.1c6b887454d53b75492b0e9791b76bcb.jpg,e48dfee61db0d617d499cf4be30eccb4
Data/emerg_dataset1/emerg_dataset1_702/emerg_dataset1_702.jpg,emerg_dataset1_702.jpg,emerg_dataset1,I00008jWBry-14j0_jpg.rf.ae433f74d3ec659cb32ddc2ad9fdc45f.jpg,513f5bdab845665d900b603d003c4b4f
Data/emerg_dataset1/emerg_dataset1_704/emerg_dataset1_704.jpg,emerg_dataset1_704.jpg,emerg_dataset1,i100_jpg.rf.b93aa33377e1260bf35d516b364d8502.jpg,524631efd24bdae9df67feb5d7e3fcf3
Data/emerg_dataset1/emerg_dataset1_705/emerg_dataset1_705.jpg,emerg_dataset1_705.jpg,emerg_dataset1,i100_jpg.rf.c89c4875432eeb7acea75c7dd36333bc.jpg,a7433b00e5f1942140b6d06d638c214c
Data/emerg_dataset1/emerg_dataset1_706/emerg_dataset1_706.jpg,emerg_dataset1_706.jpg,emerg_dataset1,i100_jpg.rf.db8404c410c40b575f95fa3dea1a3a06.jpg,8a615241c44fd3fc065928e8f620390c
Data/emerg_dataset1/emerg_dataset1_707/emerg_dataset1_707.jpg,emerg_dataset1_707.jpg,emerg_dataset1,i102_jpg.rf.1d7d727e124f9bfcf91f36256b33be88.jpg,14859899e07f48868d3cd91a1dc2aac8
Data/emerg_dataset1/emerg_dataset1_708/emerg_dataset1_708.jpg,emerg_dataset1_708.jpg,emerg_dataset1,i102_jpg.rf.cac8a868e782509aff0981e9a73d0794.jpg,4b233b177da0c50a7fd9af40e180612b
Data/emerg_dataset1/emerg_dataset1_709/emerg_dataset1_709.jpg,emerg_dataset1_709.jpg,emerg_dataset1,i105_jpg.rf.14cd7f2e1e92bd89a7edb50b96c7bdcd.jpg,065a7bc91f2373875e7933cea0314f97
Data/emerg_dataset1/emerg_dataset1_710/emerg_dataset1_710.jpg,emerg_dataset1_710.jpg,emerg_dataset1,i106_jpg.rf.005112136d90c8bdad5660d17c4bf9ee.jpg,877a0e2faf38be8d4bc9d8bbeb32d309
Data/emerg_dataset1/emerg_dataset1_713/emerg_dataset1_713.jpg,emerg_dataset1_713.jpg,emerg_dataset1,i1_jpg.rf.5fb58bce63234dca130a4d462fec7e8d.jpg,df7f541494441b5a6b7c7746c199e3db
Data/emerg_dataset1/emerg_dataset1_714/emerg_dataset1_714.jpg,emerg_dataset1_714.jpg,emerg_dataset1,i1_jpg.rf.dff505d7b539ce8d6a91869804568ff1.jpg,717a87072d07f5dd3b60d4676c6001bf
Data/emerg_dataset1/emerg_dataset1_715/emerg_dataset1_715.jpg,emerg_dataset1_715.jpg,emerg_dataset1,i21_jpg.rf.c5a652a3871929acda8691afd820200e.jpg,e51b6a378135601bdab93669454f9844
Data/emerg_dataset1/emerg_dataset1_72/emerg_dataset1_72.jpg,emerg_dataset1_72.jpg,emerg_dataset1,120Ambulance_jpg.rf.e9d36f9db9bcd86a8c7e5c1dd5b5c9b9.jpg,cddd385eb52c5a18f4a9ac46383ebfca
Data/emerg_dataset1/emerg_dataset1_720/emerg_dataset1_720.jpg,emerg_dataset1_720.jpg,emerg_dataset1,i5_jpg.rf.c2ea5e9cbb483c83b36bbb69fffc28d5.jpg,193c66223bb701da757d9e6b0206102a
Data/emerg_dataset1/emerg_dataset1_724/emerg_dataset1_724.jpg,emerg_dataset1_724.jpg,emerg_dataset1,i7_jpg.rf.9d2e55ca95e2f75ad6dfc330edbc8b56.jpg,38ff0759ce6dcc14ef660c8d1d72d88b
Data/emerg_dataset1/emerg_dataset1_728/emerg_dataset1_728.jpg,emerg_dataset1_728.jpg,emerg_dataset1,i8_jpg.rf.6e81bc07255cd14fd3b34ed06c7b7b64.jpg,e1a882ecb8c876809f21f6f3b10a3ec1
Data/emerg_dataset1/emerg_dataset1_73/emerg_dataset1_73.jpg,emerg_dataset1_73.jpg,emerg_dataset1,12642816_1088343754541445_8037658616235798436_n_jpg.rf.63c58b1aa7f3a28dbf8b4ee46fb70d14.jpg,69a22b3bdce3c89a0b8e56d580304746
Data/emerg_dataset1/emerg_dataset1_731/emerg_dataset1_731.jpg,emerg_dataset1_731.jpg,emerg_dataset1,i97_jpg.rf.b77b03c737af7af3e701f02f2ca77a3a.jpg,6564047504d551a2c5f372a02a1b63f1
Data/emerg_dataset1/emerg_dataset1_732/emerg_dataset1_732.jpg,emerg_dataset1_732.jpg,emerg_dataset1,i97_jpg.rf.d125bc28a866a18853d8f1d6af7ec97c.jpg,5d6d350fedd52525ce549dc53abdac81
Data/emerg_dataset1/emerg_dataset1_735/emerg_dataset1_735.jpg,emerg_dataset1_735.jpg,emerg_dataset1,image-s-u003d272x0_jpg.rf.cdea7aa59d8e02d53f5b321eb47ee46e.jpg,0fe8a24625907690a6004da1cb65689e
Data/emerg_dataset1/emerg_dataset1_736/emerg_dataset1_736.jpg,emerg_dataset1_736.jpg,emerg_dataset1,image12_jpeg.rf.8b2c494ab57cbdad852a40952982806a.jpg,81de4047e174740ff557445dee7ac585
Data/emerg_dataset1/emerg_dataset1_737/emerg_dataset1_737.jpg,emerg_dataset1_737.jpg,emerg_dataset1,image12_jpeg.rf.a2d9e7b95ffd3f2abc05fa226e7ef072.jpg,b2b6e43df174ad9eff4be33060d55b09
Data/emerg_dataset1/emerg_dataset1_738/emerg_dataset1_738.jpg,emerg_dataset1_738.jpg,emerg_dataset1,image13_jpeg.rf.8ae5f71d958515ed7aac13922f12314a.jpg,07745831723b2ad8ca2b57e7a2d65f92
Data/emerg_dataset1/emerg_dataset1_739/emerg_dataset1_739.jpg,emerg_dataset1_739.jpg,emerg_dataset1,image14_jpeg.rf.0d489e728b4c9f64e08c3216a8c076a0.jpg,d301ffc73b9a5c04f8022e0c418dd3c2
Data/emerg_dataset1/emerg_dataset1_742/emerg_dataset1_742.jpg,emerg_dataset1_742.jpg,emerg_dataset1,image15_jpeg.rf.eadcf5ad0fba7c906c36d6ba4dc0096f.jpg,0eac0d5094951a9359d42959cbb24097
Data/emerg_dataset1/emerg_dataset1_744/emerg_dataset1_744.jpg,emerg_dataset1_744.jpg,emerg_dataset1,image16_jpeg.rf.a9e7958d8f6ea1a33b1a7d5649f2368e.jpg,e2b8ede66a7a10fc0daa5a81dce02cf8
Data/emerg_dataset1/emerg_dataset1_745/emerg_dataset1_745.jpg,emerg_dataset1_745.jpg,emerg_dataset1,image23_jpeg.rf.a0ab59a4b2347e41e3fe119ce2870c54.jpg,1757a0e88e1403a1d68ab6147cc53a62
Data/emerg_dataset1/emerg_dataset1_748/emerg_dataset1_748.jpg,emerg_dataset1_748.jpg,emerg_dataset1,image25_jpeg.rf.33a1f03ffbea128489c4dd2a5038c472.jpg,9c61eba66679989de599681fe446e575
Data/emerg_dataset1/emerg_dataset1_750/emerg_dataset1_750.jpg,emerg_dataset1_750.jpg,emerg_dataset1,image2_jpeg.rf.d076006fce7d266b6bdad7e4309ba6ec.jpg,d90f3a8a6f16d43a25746f6e85a56263
Data/emerg_dataset1/emerg_dataset1_752/emerg_dataset1_752.jpg,emerg_dataset1_752.jpg,emerg_dataset1,image3_jpeg.rf.c401bbb113deded03d212a7326ba54ec.jpg,1a58d67257cb6feeac8ad0a6d999b425
Data/emerg_dataset1/emerg_dataset1_753/emerg_dataset1_753.jpg,emerg_dataset1_753.jpg,emerg_dataset1,image7_jpeg.rf.0d479c0ce546233c091d5992c2fa1147.jpg,72da2587fcf59df32847374dac22811a
Data/emerg_dataset1/emerg_dataset1_754/emerg_dataset1_754.jpg,emerg_dataset1_754.jpg,emerg_dataset1,image9_jpeg.rf.14e053a30f2f7a2465dafe715ea0822d.jpg,2c5a4971bbb1cbed04ba0a9d17560f63
Data/emerg_dataset1/emerg_dataset1_755/emerg_dataset1_755.jpg,emerg_dataset1_755.jpg,emerg_dataset1,image9_jpeg.rf.6c700555543193c10df3fbc56440c781.jpg,aacb17db7ee6a0731b6f2b4af9b2f8aa
Data/emerg_dataset1/emerg_dataset1_758/emerg_dataset1_758.jpg,emerg_dataset1_758.jpg,emerg_dataset1,image_jpeg.rf.eeeac24789d1ea908522cecf76989129.jpg,ac453097a03f155853b9d04d25dcc9d5
Data/emerg_dataset1/emerg_dataset1_76/emerg_dataset1_76.jpg,emerg_dataset1_76.jpg,emerg_dataset1,12_jpg.rf.ee7cb27d05b76ddd1703019814ab4a57.jpg,5da46ddc6c79131ca83ab6f56c1910e1
Data/emerg_dataset1/emerg_dataset1_761/emerg_dataset1_761.jpg,emerg_dataset1_761.jpg,emerg_dataset1,images-1-_jpeg.rf.b3bf8bea699709308e0b09bb9cd85b52.jpg,385f6d05f4216146575e783309f3f0f8
Data/emerg_dataset1/emerg_dataset1_762/emerg_dataset1_762.jpg,emerg_dataset1_762.jpg,emerg_dataset1,images-11-_jpeg.rf.1e62c41c7be625842f2b7c26bf422b21.jpg,7a170a594d85c7f4d8375359e380200a
Data/emerg_dataset1/emerg_dataset1_764/emerg_dataset1_764.jpg,emerg_dataset1_764.jpg,emerg_dataset1,images-11-_jpeg.rf.d70f847ad38fa35811024894c092c970.jpg,02d92ca241814ae6240cfd942a037933
Data/emerg_dataset1/emerg_dataset1_765/emerg_dataset1_765.jpg,emerg_dataset1_765.jpg,emerg_dataset1,images-13-_jpeg.rf.23c495e441d9add081084c546a4cbf2e.jpg,90e67aa401d185b5a78d7f88e358b1d7
Data/emerg_dataset1/emerg_dataset1_768/emerg_dataset1_768.jpg,emerg_dataset1_768.jpg,emerg_dataset1,images-15-_jpeg.rf.fb3be916de7d54507a1a5831803b7fcf.jpg,95e51833d35142e48b1a0b52dfbf75f4
Data/emerg_dataset1/emerg_dataset1_77/emerg_dataset1_77.jpg,emerg_dataset1_77.jpg,emerg_dataset1,1379090-edhiambulanceservice-1491744117_jpg.rf.4309b84b22a1e7e4fcf14cbdf0e005f6.jpg,6771b1546a986e955067de96551365d9
Data/emerg_dataset1/emerg_dataset1_770/emerg_dataset1_770.jpg,emerg_dataset1_770.jpg,emerg_dataset1,images-16-_jpeg.rf.9ec37ead3b3e36f79ebaf56d34ff16a2.jpg,661ba9890c1062d75c203b9284459755
Data/emerg_dataset1/emerg_dataset1_771/emerg_dataset1_771.jpg,emerg_dataset1_771.jpg,emerg_dataset1,images-16-_jpeg.rf.d7e6cc0114e44043ded5b4dabae08afb.jpg,eb249c3cac6db80cdb224959570d145e
Data/emerg_dataset1/emerg_dataset1_772/emerg_dataset1_772.jpg,emerg_dataset1_772.jpg,emerg_dataset1,images-17-_jpeg.rf.8bd227ea7a1474d1b3d4a550ffd4c799.jpg,4007a8de12b2b74d2e1da3dfc09c098e
Data/emerg_dataset1/emerg_dataset1_774/emerg_dataset1_774.jpg,emerg_dataset1_774.jpg,emerg_dataset1,images-19-_jpeg.rf.48a8a16957bcb87cbcb222f19cc4ce10.jpg,34aa9c9845d61d97dae29e14c1a7c5f4
Data/emerg_dataset1/emerg_dataset1_777/emerg_dataset1_777.jpg,emerg_dataset1_777.jpg,emerg_dataset1,images-2-_jpeg.rf.ff3be2bf98cd03748ae0a1b042af4678.jpg,12d4d65670e26ca35d06b48b3435edda
Data/emerg_dataset1/emerg_dataset1_778/emerg_dataset1_778.jpg,emerg_dataset1_778.jpg,emerg_dataset1,images-20-_jpeg.rf.8e76e1f4d070db02f43697eb3a922ba9.jpg,e0261992326e755278da8d83e96fdae0
Data/emerg_dataset1/emerg_dataset1_78/emerg_dataset1_78.jpg,emerg_dataset1_78.jpg,emerg_dataset1,1379090-edhiambulanceservice-1491744117_jpg.rf.882962b4baa4c659d8cb7f57bb23e27b.jpg,bf22671a6a9ecfdc9fbf072f6a338ebf
Data/emerg_dataset1/emerg_dataset1_780/emerg_dataset1_780.jpg,emerg_dataset1_780.jpg,emerg_dataset1,images-2022-12-11T174449-768_jpeg.rf.deb631c1f82047a1a6f8ea6727f3bd8b.jpg,6bd985b37edfbf4b65728d96b010ec5c
Data/emerg_dataset1/emerg_dataset1_781/emerg_dataset1_781.jpg,emerg_dataset1_781.jpg,emerg_dataset1,images-2022-12-11T174450-263_jpeg.rf.4fa288681baa9cbfcf3f3260bdd8538e.jpg,5af55c39a9bb16028b00e2492f939523
Data/emerg_dataset1/emerg_dataset1_783/emerg_dataset1_783.jpg,emerg_dataset1_783.jpg,emerg_dataset1,images-2022-12-11T174450-622_jpeg.rf.84b1595067fd2ee06128a52bf88ec46e.jpg,265799860e4937eaea81bd691c620463
Data/emerg_dataset1/emerg_dataset1_785/emerg_dataset1_785.jpg,emerg_dataset1_785.jpg,emerg_dataset1,images-2022-12-11T174450-699_jpeg.rf.99378ea5c45ceb5c1abe60c7ede4b702.jpg,6dfcc7412eb26bcad310a050b63d2fbb
Data/emerg_dataset1/emerg_dataset1_786/emerg_dataset1_786.jpg,emerg_dataset1_786.jpg,emerg_dataset1,images-2022-12-11T174450-997_jpeg.rf.67a426ece037de48aa66ae7444e0bf9d.jpg,11bf095d166057027e8f85b7045991b2
Data/emerg_dataset1/emerg_dataset1_789/emerg_dataset1_789.jpg,emerg_dataset1_789.jpg,emerg_dataset1,images-2022-12-11T174451-581_jpeg.rf.19a07d8d4aba31923e3008cc6cbf0e3b.jpg,c2f0a8eaf9a01ab313cffb9e33aa467f
Data/emerg_dataset1/emerg_dataset1_790/emerg_dataset1_790.jpg,emerg_dataset1_790.jpg,emerg_dataset1,images-2022-12-11T174451-581_jpeg.rf.dfab28fc0b6a7c7c247157cacbda86da.jpg,30009df36c788b666adfe2a035753ba4
Data/emerg_dataset1/emerg_dataset1_791/emerg_dataset1_791.jpg,emerg_dataset1_791.jpg,emerg_dataset1,images-2022-12-11T174451-882_jpeg.rf.b0d82ef77dfa8a7aa804f39443772ed3.jpg,afb725f1486fc2f6312c75c6d994d03f
Data/emerg_dataset1/emerg_dataset1_792/emerg_dataset1_792.jpg,emerg_dataset1_792.jpg,emerg_dataset1,images-2022-12-11T174452-415_jpeg.rf.932d1338bc68d15f212a3a1c47760922.jpg,0542a2a1e7e2417ae9d8eb78c1abcbb9
Data/emerg_dataset1/emerg_dataset1_793/emerg_dataset1_793.jpg,emerg_dataset1_793.jpg,emerg_dataset1,images-2022-12-11T174452-763_jpeg.rf.1a58ed4948ff8811a502161fa95541c4.jpg,9037b12055c06dda21cc5b3b243bb6fa
Data/emerg_dataset1/emerg_dataset1_794/emerg_dataset1_794.jpg,emerg_dataset1_794.jpg,emerg_dataset1,images-2022-12-11T174453-515_jpeg.rf.071eeb9f7bd3bc793940051562564867.jpg,90bea5787753b3bc63f92cbebd9697b9
Data/emerg_dataset1/emerg_dataset1_797/emerg_dataset1_797.jpg,emerg_dataset1_797.jpg,emerg_dataset1,images-2022-12-11T174453-717_jpeg.rf.9ea3f200b3d281e8f82f7530deceb282.jpg,a8bd151de2c54aa54a68556df932bb2b
Data/emerg_dataset1/emerg_dataset1_798/emerg_dataset1_798.jpg,emerg_dataset1_798.jpg,emerg_dataset1,images-2022-12-11T174453-881_jpeg.rf.5eb37c8eb0eae4de4b9d8c6baa6517c3.jpg,2e121c7d64f90f97af106baf312cfe9a
Data/emerg_dataset1/emerg_dataset1_799/emerg_dataset1_799.jpg,emerg_dataset1_799.jpg,emerg_dataset1,images-2022-12-11T174454-047_jpeg.rf.9c36e9f98fdc85f3639bb8ca1b8025a9.jpg,086c44dbf63aeb57ed4c6e0d29a7cf77
Data/emerg_dataset1/emerg_dataset1_8/emerg_dataset1_8.jpg,emerg_dataset1_8.jpg,emerg_dataset1,image26_jpeg.rf.f549dd734943989dd7b25907bf7af25f.jpg,fde492129f55bb6420b042aa182f6a9f
Data/emerg_dataset1/emerg_dataset1_803/emerg_dataset1_803.jpg,emerg_dataset1_803.jpg,emerg_dataset1,images-2022-12-11T174455-099_jpeg.rf.ecffe358a013303ae3fbf58543beb8e3.jpg,8f983f7e4a6bece052a62fbb9fbdd13e
Data/emerg_dataset1/emerg_dataset1_805/emerg_dataset1_805.jpg,emerg_dataset1_805.jpg,emerg_dataset1,images-2022-12-11T174455-483_jpeg.rf.a4a98cfb39093e36c936d8e4ea1c6996.jpg,ca5bb97de7427b1af16d4069eb322af7
Data/emerg_dataset1/emerg_dataset1_806/emerg_dataset1_806.jpg,emerg_dataset1_806.jpg,emerg_dataset1,images-2022-12-11T174456-559_jpeg.rf.1a15ef6c34fa6c80abf56dd4b2710501.jpg,1a85d5826503808d653bacc0a70c42e2
Data/emerg_dataset1/emerg_dataset1_808/emerg_dataset1_808.jpg,emerg_dataset1_808.jpg,emerg_dataset1,images-2022-12-11T174457-081_jpeg.rf.9caf5bf742b9c2175697c60813e7ea68.jpg,f816001f051c5b32a6f64dd8669d6df8
Data/emerg_dataset1/emerg_dataset1_809/emerg_dataset1_809.jpg,emerg_dataset1_809.jpg,emerg_dataset1,images-2022-12-11T174457-213_jpeg.rf.a4782649470ca62190b80e88a514a895.jpg,7f918e1b8d627242c07c00842b368841
Data/emerg_dataset1/emerg_dataset1_810/emerg_dataset1_810.jpg,emerg_dataset1_810.jpg,emerg_dataset1,images-2022-12-11T174457-563_jpeg.rf.23635e5c1fb17eec387a85b8fd217d06.jpg,be4254c2d2ca6f652cb84853ccfc1008
Data/emerg_dataset1/emerg_dataset1_812/emerg_dataset1_812.jpg,emerg_dataset1_812.jpg,emerg_dataset1,images-2022-12-11T174459-349_jpeg.rf.e5d4d3e84a5a7c5f68461270d4436509.jpg,4f14ae44ebe0467d01f507a0fb20afed
Data/emerg_dataset1/emerg_dataset1_814/emerg_dataset1_814.jpg,emerg_dataset1_814.jpg,emerg_dataset1,images-2022-12-11T174459-545_jpeg.rf.c137805eaded03495ab26336f1468ed5.jpg,da7dd4db0c4b2a77a4822cf7db935268
Data/emerg_dataset1/emerg_dataset1_815/emerg_dataset1_815.jpg,emerg_dataset1_815.jpg,emerg_dataset1,images-2022-12-11T174459-630_jpeg.rf.b3923dca559567ba6dce26f0c07c4076.jpg,30ae06f96f71cc4b4bd2f9e19d40cfcb
Data/emerg_dataset1/emerg_dataset1_817/emerg_dataset1_817.jpg,emerg_dataset1_817.jpg,emerg_dataset1,images-2022-12-11T174459-799_jpeg.rf.9958f6f5022a5eefa980e16fff9ecde7.jpg,9a6e129f3cf8f6e63e0bd7ec3eaec0ec
Data/emerg_dataset1/emerg_dataset1_819/emerg_dataset1_819.jpg,emerg_dataset1_819.jpg,emerg_dataset1,images-2022-12-11T174500-563_jpeg.rf.29a1a3f790d15eff08651a8d26884bbe.jpg,8e2d83e1c8c66a1cd60b22a85262fa69
Data/emerg_dataset1/emerg_dataset1_82/emerg_dataset1_82.jpg,emerg_dataset1_82.jpg,emerg_dataset1,138938958_15857915772071n_jpg.rf.6cc2f9b3c1399bf099cfe468fbf34f30.jpg,d5a38ef94bfeda533f86b59f365fc3d7
Data/emerg_dataset1/emerg_dataset1_822/emerg_dataset1_822.jpg,emerg_dataset1_822.jpg,emerg_dataset1,images-2022-12-11T174500-783_jpeg.rf.c104dbe9535848be23a1912c0de74120.jpg,429dfdf0ef691eda9e093df58353502b
Data/emerg_dataset1/emerg_dataset1_826/emerg_dataset1_826.jpg,emerg_dataset1_826.jpg,emerg_dataset1,images-2022-12-11T174501-097_jpeg.rf.718d28b653ca8520dd1681a38f5bcafe.jpg,878f2185fc3e9c588d7d0c948de592f9
Data/emerg_dataset1/emerg_dataset1_827/emerg_dataset1_827.jpg,emerg_dataset1_827.jpg,emerg_dataset1,images-2022-12-11T174501-413_jpeg.rf.608d8919cafe1c67d29589ec51c65904.jpg,2975223b46e16927e9e91b9d020ff0d4
Data/emerg_dataset1/emerg_dataset1_830/emerg_dataset1_830.jpg,emerg_dataset1_830.jpg,emerg_dataset1,images-2022-12-11T174501-602_jpeg.rf.c3c05e48dbe4df7004e8843e982cc6aa.jpg,8eefa18c650f61d77123d37aed6d1484
Data/emerg_dataset1/emerg_dataset1_832/emerg_dataset1_832.jpg,emerg_dataset1_832.jpg,emerg_dataset1,images-2022-12-11T174501-730_jpeg.rf.1a490557e93189a56e57bd8b0603dba4.jpg,50a5e85d738e7fb292705e7fb0389660
Data/emerg_dataset1/emerg_dataset1_834/emerg_dataset1_834.jpg,emerg_dataset1_834.jpg,emerg_dataset1,images-2022-12-11T174502-397_jpeg.rf.7f7151ab0466ccf15856f6da619d1616.jpg,d12806cd09341bef05d4c70771fa27b8
Data/emerg_dataset1/emerg_dataset1_836/emerg_dataset1_836.jpg,emerg_dataset1_836.jpg,emerg_dataset1,images-2022-12-11T174502-819_jpeg.rf.7fe439ca4f28d37a88040daf0cb76982.jpg,941b19301546e240966b72a4497e199d
Data/emerg_dataset1/emerg_dataset1_838/emerg_dataset1_838.jpg,emerg_dataset1_838.jpg,emerg_dataset1,images-2022-12-11T174503-300_jpeg.rf.92f6e19bd3017440ed482c3bc55fde12.jpg,63f65d4c315861aa629b330cde5f1326
Data/emerg_dataset1/emerg_dataset1_839/emerg_dataset1_839.jpg,emerg_dataset1_839.jpg,emerg_dataset1,images-2022-12-11T174503-404_jpeg.rf.e2e9c8229247833e2da4e8593157d22b.jpg,1a1bb34c6890688fd260a2c76c113051
Data/emerg_dataset1/emerg_dataset1_84/emerg_dataset1_84.jpg,emerg_dataset1_84.jpg,emerg_dataset1,139457102_16033287047951n_jpg.rf.2cd9c95ce0ee42c3c3d19bf82c3ccd6b.jpg,c57fdcc584d63ffdd57d36b1bbd35391
Data/emerg_dataset1/emerg_dataset1_841/emerg_dataset1_841.jpg,emerg_dataset1_841.jpg,emerg_dataset1,images-2022-12-11T174503-914_jpeg.rf.ca5df21cbb82b9ac2e68c3ddf63f6587.jpg,dc2367d65a47423f2fb89f6c5622a493
Data/emerg_dataset1/emerg_dataset1_842/emerg_dataset1_842.jpg,emerg_dataset1_842.jpg,emerg_dataset1,images-2022-12-11T174503-914_jpeg.rf.f98f62deb55194c369b6a190a38d5f80.jpg,7c8f4eea92b55cf3dc3575e9ef548a97
Data/emerg_dataset1/emerg_dataset1_844/emerg_dataset1_844.jpg,emerg_dataset1_844.jpg,emerg_dataset1,images-2022-12-11T174504-184_jpeg.rf.cbf85c69632d38f43b256a7ec3b03304.jpg,0f34a84df064772ba5196e4ecd3d2eb8
Data/emerg_dataset1/emerg_dataset1_846/emerg_dataset1_846.jpg,emerg_dataset1_846.jpg,emerg_dataset1,images-2022-12-11T174505-597_jpeg.rf.d4883d9981d7b96631bc787a7debeab1.jpg,1faa9445d8066a2f4df4b24ec2c053a6
Data/emerg_dataset1/emerg_dataset1_85/emerg_dataset1_85.jpg,emerg_dataset1_85.jpg,emerg_dataset1,139457102_16033287047951n_jpg.rf.4d119cafa5ae12f18c50987481fda4a6.jpg,1f9ee477e1ccb2d0a204c873c4e4daa7
Data/emerg_dataset1/emerg_dataset1_850/emerg_dataset1_850.jpg,emerg_dataset1_850.jpg,emerg_dataset1,images-2022-12-11T174505-959_jpeg.rf.e43631e97ce4f83d51add46346adcc5c.jpg,190819900a7e4a934e33bdb2f68533dd
Data/emerg_dataset1/emerg_dataset1_852/emerg_dataset1_852.jpg,emerg_dataset1_852.jpg,emerg_dataset1,images-2022-12-11T174506-063_jpeg.rf.eae8a2eefc6a385efc6eb0f569dc5da1.jpg,08c5328c901399be07b96ac7827cae75
Data/emerg_dataset1/emerg_dataset1_855/emerg_dataset1_855.jpg,emerg_dataset1_855.jpg,emerg_dataset1,images-2022-12-11T174506-782_jpeg.rf.bd3ac8009c6a5519b7fe5a7d29017ee7.jpg,09a6e1f0b1889e08112c0119edc2822d
Data/emerg_dataset1/emerg_dataset1_857/emerg_dataset1_857.jpg,emerg_dataset1_857.jpg,emerg_dataset1,images-2022-12-11T174507-044_jpeg.rf.d98b26f16c80b5b5cb558b021a2d417e.jpg,e731b13f6210523c8d22707062f2a352
Data/emerg_dataset1/emerg_dataset1_859/emerg_dataset1_859.jpg,emerg_dataset1_859.jpg,emerg_dataset1,images-2022-12-11T174507-362_jpeg.rf.e13ac7e131c47972a7a9c78106e02b79.jpg,4cef4dc6b07ff30c2a172ddaa42072f8
Data/emerg_dataset1/emerg_dataset1_860/emerg_dataset1_860.jpg,emerg_dataset1_860.jpg,emerg_dataset1,images-2022-12-11T174507-747_jpeg.rf.4cc05a658074d21263228a4caed8e07a.jpg,a97f7a3f3612a9c368c6f1c0e3880f3c
Data/emerg_dataset1/emerg_dataset1_862/emerg_dataset1_862.jpg,emerg_dataset1_862.jpg,emerg_dataset1,images-2022-12-11T174507-981_jpeg.rf.a3d916d45e315dea7915a2f0b8f5f65c.jpg,4ab8f82c6ab75a6c7c68805c2b14e092
Data/emerg_dataset1/emerg_dataset1_865/emerg_dataset1_865.jpg,emerg_dataset1_865.jpg,emerg_dataset1,images-2022-12-11T174508-129_jpeg.rf.c47947015392313dfb60b7f0aaffc8a0.jpg,26b85265fddf31de1d72aeb88088666c
Data/emerg_dataset1/emerg_dataset1_866/emerg_dataset1_866.jpg,emerg_dataset1_866.jpg,emerg_dataset1,images-2022-12-11T174508-748_jpeg.rf.07af9e0cc0a85f94d7974ac426d4ff45.jpg,d8a825a5f3a6063f050e925117f934e1
Data/emerg_dataset1/emerg_dataset1_868/emerg_dataset1_868.jpg,emerg_dataset1_868.jpg,emerg_dataset1,images-2022-12-11T174509-601_jpeg.rf.a4418ac7f04c494107ffc8b798df04e4.jpg,0bad3aa82d6a6bcdb88bdc3a9a535a03
Data/emerg_dataset1/emerg_dataset1_87/emerg_dataset1_87.jpg,emerg_dataset1_87.jpg,emerg_dataset1,13_JPG_jpg.rf.9be6f88feed4498cf18fa118f93c046e.jpg,ce29ae2e9b3bdc8d10876b04d4685bae
Data/emerg_dataset1/emerg_dataset1_871/emerg_dataset1_871.jpg,emerg_dataset1_871.jpg,emerg_dataset1,images-2022-12-11T174509-947_jpeg.rf.5ad5a86d205a3a2bf2e815598c9b0ebe.jpg,662deb6d2e5e3335e7591ac22a04d264
Data/emerg_dataset1/emerg_dataset1_873/emerg_dataset1_873.jpg,emerg_dataset1_873.jpg,emerg_dataset1,images-2022-12-11T174510-112_jpeg.rf.834ecd49b29b95d497dd91f4b6f80a3d.jpg,722d487683b37c25b9fd1d2c0408cf8a
Data/emerg_dataset1/emerg_dataset1_874/emerg_dataset1_874.jpg,emerg_dataset1_874.jpg,emerg_dataset1,images-2022-12-11T174511-046_jpeg.rf.5f6db0e19a6519e851b3caf3b043e91b.jpg,336570c61a41fc1b178e6de7e4e4d5be
Data/emerg_dataset1/emerg_dataset1_875/emerg_dataset1_875.jpg,emerg_dataset1_875.jpg,emerg_dataset1,images-2022-12-11T174511-046_jpeg.rf.658f58671feb6c31f795b0d8e615aade.jpg,1223b21faf000254b5f007dd389af791
Data/emerg_dataset1/emerg_dataset1_877/emerg_dataset1_877.jpg,emerg_dataset1_877.jpg,emerg_dataset1,images-2022-12-11T174511-347_jpeg.rf.373530910eef1759e9b061aebe98b4df.jpg,a0b5f03ef0913c95b968ffbf63de1a0a
Data/emerg_dataset1/emerg_dataset1_879/emerg_dataset1_879.jpg,emerg_dataset1_879.jpg,emerg_dataset1,images-2022-12-11T174512-483_jpeg.rf.93e3ff507cc4f6a2112d699bc8f1a61f.jpg,c92beb075388a51a2cf2afb539aadb0a
Data/emerg_dataset1/emerg_dataset1_88/emerg_dataset1_88.jpg,emerg_dataset1_88.jpg,emerg_dataset1,146-1466999_ambulance-made-in-pakistan-hd-png-download_png.rf.8b912d589bd1296b7218546a24d1a87b.jpg,9063129bf6a2410918144b84fc275be7
Data/emerg_dataset1/emerg_dataset1_880/emerg_dataset1_880.jpg,emerg_dataset1_880.jpg,emerg_dataset1,images-2022-12-11T174512-582_jpeg.rf.330752b84b176f653e6a3fb229ef0471.jpg,a61c3b1efef8e21b11195b031550fc64
Data/emerg_dataset1/emerg_dataset1_884/emerg_dataset1_884.jpg,emerg_dataset1_884.jpg,emerg_dataset1,images-2022-12-11T174512-965_jpeg.rf.35efaaa4b8f4bd1d8e2c5e2925663bac.jpg,ed8c62ec3d0fd6a7007a6784d1338e9b
Data/emerg_dataset1/emerg_dataset1_886/emerg_dataset1_886.jpg,emerg_dataset1_886.jpg,emerg_dataset1,images-2022-12-11T174513-070_jpeg.rf.e3e596d0af568c78139f9e9ade957598.jpg,fe3e87929cc0c23c6aa7ddbd2439dfb3
Data/emerg_dataset1/emerg_dataset1_888/emerg_dataset1_888.jpg,emerg_dataset1_888.jpg,emerg_dataset1,images-2022-12-11T174513-168_jpeg.rf.ba6d3ee275085de1baba26246e0d179c.jpg,b795f0ec782c461029f7a9218db95f49
Data/emerg_dataset1/emerg_dataset1_889/emerg_dataset1_889.jpg,emerg_dataset1_889.jpg,emerg_dataset1,images-2022-12-11T174513-200_jpeg.rf.c92b579331380e267d202f33613e13dc.jpg,477c3267c815b8260c7c085426b21d8c
Data/emerg_dataset1/emerg_dataset1_89/emerg_dataset1_89.jpg,emerg_dataset1_89.jpg,emerg_dataset1,1467273182Ambulance-Team_resize_jpg.rf.7c92c25d19a2c563c1d31318524f61f8.jpg,292cdca03480570d3ea4557906e9a1b1
Data/emerg_dataset1/emerg_dataset1_891/emerg_dataset1_891.jpg,emerg_dataset1_891.jpg,emerg_dataset1,images-2022-12-11T174513-273_jpeg.rf.192cc17337327ab80f3837fa36084db2.jpg,64d10187b3fdf6bd423558c6998c6d02
Data/emerg_dataset1/emerg_dataset1_895/emerg_dataset1_895.jpg,emerg_dataset1_895.jpg,emerg_dataset1,images-2022-12-11T174513-307_jpeg.rf.e92af7a2157ae0c06a89dbed9e84c471.jpg,dda1ce9fa74398b0d5a4d742cccd2f1d
Data/emerg_dataset1/emerg_dataset1_897/emerg_dataset1_897.jpg,emerg_dataset1_897.jpg,emerg_dataset1,images-2022-12-11T174513-400_jpeg.rf.8bcb87a3fb8675bfc77608d437848cd5.jpg,283751e0c9d1760bd5b11c689e49ecc4
Data/emerg_dataset1/emerg_dataset1_898/emerg_dataset1_898.jpg,emerg_dataset1_898.jpg,emerg_dataset1,images-2022-12-11T174513-646_jpeg.rf.b72ec7134add177ec008f92f9667157d.jpg,042bc1ba99800246d8e38bdf3ea08b07
Data/emerg_dataset1/emerg_dataset1_9/emerg_dataset1_9.jpg,emerg_dataset1_9.jpg,emerg_dataset1,image6_jpeg.rf.1d792864646c6462069cf638d707defa.jpg,f99eec2070c9ea4bea03ed4f72b89e82
Data/emerg_dataset1/emerg_dataset1_900/emerg_dataset1_900.jpg,emerg_dataset1_900.jpg,emerg_dataset1,images-2022-12-11T174513-687_jpeg.rf.72c16bebc0c5a30c1f60c153c111a451.jpg,518a8b93f8880e108a9c757d3c5d25e1
Data/emerg_dataset1/emerg_dataset1_91/emerg_dataset1_91.jpg,emerg_dataset1_91.jpg,emerg_dataset1,14Ambulance_jpg.rf.a5ecef2666a2ee1cfa80516ac127078d.jpg,a2472dbb77a7e63dacd1dddc0ee98a33
Data/emerg_dataset1/emerg_dataset1_93/emerg_dataset1_93.jpg,emerg_dataset1_93.jpg,emerg_dataset1,1530253671-2-_jpg.rf.2db9937f057234115225720961974192.jpg,c1d092fbbf3cc755915a281d0664dafc
Data/emerg_dataset1/emerg_dataset1_94/emerg_dataset1_94.jpg,emerg_dataset1_94.jpg,emerg_dataset1,1530253671-2-_jpg.rf.d575da80d09ef0e8f0e793aa2b0b20c7.jpg,9d8c94c42e7b3f3b6c40e4886b9d3dd0
Data/emerg_dataset1/emerg_dataset1_95/emerg_dataset1_95.jpg,emerg_dataset1_95.jpg,emerg_dataset1,1582801903495_jpg.rf.0c72742737b8efd8229c8fdbfad9504b.jpg,382f9c8047ee4fc7a66812885ab45549
Data/emerg_dataset1/emerg_dataset1_96/emerg_dataset1_96.jpg,emerg_dataset1_96.jpg,emerg_dataset1,1582801903495_jpg.rf.4705e00f5eee6d2f906271620ba0ee7a.jpg,369efb8a16ac92143a1a91237bcc4610
Data/emerg_dataset1/emerg_dataset1_98/emerg_dataset1_98.jpg,emerg_dataset1_98.jpg,emerg_dataset1,15_JPG_jpg.rf.4af975548f428175b3bbbe01ee86c7cb.jpg,88dff96a096e0715fecc0eb0e64cf2b4
Data/emerg_dataset1/emerg_dataset1_99/emerg_dataset1_99.jpg,emerg_dataset1_99.jpg,emerg_dataset1,15Ambulance_jpg.rf.93b9daef43e297b174d55f696f52a970.jpg,b754a5856bb633d29d89eed5a929a6a9
Data/emerg_dataset10/emerg_dataset10_102/emerg_dataset10_102.jpg,emerg_dataset10_102.jpg,emerg_dataset10,Montignoso_PA_Croce_Azzurra_ambulance_DM_228_GM_01_jpeg.rf.f8c7442c09f6e045847dd5bff502fa33.jpg,693ef7f4e4e83edc8c27937b2e8c3338
Data/emerg_dataset10/emerg_dataset10_103/emerg_dataset10_103.jpg,emerg_dataset10_103.jpg,emerg_dataset10,Montignoso_PA_Croce_Azzurra_ambulance_DM_228_GM_02_jpeg.rf.3bb552bf2f3b290845c6d6e9c429f665.jpg,1f95b6c2ea461fedeafcf2f2bf45be0e
Data/emerg_dataset10/emerg_dataset10_106/emerg_dataset10_106.jpg,emerg_dataset10_106.jpg,emerg_dataset10,Montignoso_PA_Croce_Azzurra_ambulance_DR_052_TM_01_jpeg.rf.9f4e0e34ed7ee2fa3b0216bff5f296d7.jpg,43c59e83fb269ed599799c874d0d18e9
Data/emerg_dataset10/emerg_dataset10_109/emerg_dataset10_109.jpg,emerg_dataset10_109.jpg,emerg_dataset10,Montignoso_PA_Croce_Azzurra_ambulance_DT_027_HJ_01_jpeg.rf.e47fc13d79e4dc85525f8cdbe73b58f3.jpg,4c82239118d07d58fd6893c2b9262d2f
Data/emerg_dataset10/emerg_dataset10_111/emerg_dataset10_111.jpg,emerg_dataset10_111.jpg,emerg_dataset10,Montignoso_PA_Croce_Azzurra_ambulance_DT_027_HJ_02_jpeg.rf.a4a794bb737c6bfa302caf16a65d712d.jpg,be4152e5eb5c9ee2abb47bef17496df7
Data/emerg_dataset10/emerg_dataset10_113/emerg_dataset10_113.jpg,emerg_dataset10_113.jpg,emerg_dataset10,Renault_Master_3-_serie_Ambulanza_Croce_Bianca_retro_-_Noli_jpg.rf.cad2c374b954a66dff8247b210fe7975.jpg,0054445c76ce52adeb5d755f123fc67e
Data/emerg_dataset10/emerg_dataset10_115/emerg_dataset10_115.jpg,emerg_dataset10_115.jpg,emerg_dataset10,Schermata-del-2026-04-22-15-41-50_png.rf.eba4a2493c5c568b4bf4009db3ea9c4b.jpg,98473c48dafed59dc98a4d83d2823097
Data/emerg_dataset10/emerg_dataset10_117/emerg_dataset10_117.jpg,emerg_dataset10_117.jpg,emerg_dataset10,SPM_inverno_jpeg.rf.535cc32869d088a65ba2f62b5c75f4a4.jpg,2fb8d3fd2fce2fdb98bde4d6c0f15880
Data/emerg_dataset10/emerg_dataset10_118/emerg_dataset10_118.jpg,emerg_dataset10_118.jpg,emerg_dataset10,tettuccio_jpg.rf.93e0f2f7062de7262e391c7e1f4bd18b.jpg,fa5fd82c7da1fa301c9930000032bcb3
Data/emerg_dataset10/emerg_dataset10_120/emerg_dataset10_120.jpg,emerg_dataset10_120.jpg,emerg_dataset10,Volkswagen_Transporter_T5_Ambulanza_Croce_Bianca_-_Noli_jpg.rf.5160bcd77436d989d295292ea777660d.jpg,41f981e692e5b6d1aa51f054fabc5bfd
Data/emerg_dataset10/emerg_dataset10_121/emerg_dataset10_121.jpg,emerg_dataset10_121.jpg,emerg_dataset10,Volkswagen_Transporter_T5_Ambulanza_Croce_Bianca_-_Noli_jpg.rf.e618962d021ef64e0b469f0403656d5e.jpg,193d68e61ea609f692586eed322acc77
Data/emerg_dataset10/emerg_dataset10_13/emerg_dataset10_13.jpg,emerg_dataset10_13.jpg,emerg_dataset10,2june_2007_553-1-_jpg.rf.ec3af1bec9b46d595ffb1df2cd31e70d.jpg,e6c27b0052417f8086d2cacce139441f
Data/emerg_dataset10/emerg_dataset10_14/emerg_dataset10_14.jpg,emerg_dataset10_14.jpg,emerg_dataset10,AM-520YK_270712_CPS_-8277915361-1-_jpg.rf.328c4d04b0eaf5d404192212ccceb164.jpg,b47ae7e260f1f2ec2c43ac28b78e64c1
Data/emerg_dataset10/emerg_dataset10_16/emerg_dataset10_16.jpg,emerg_dataset10_16.jpg,emerg_dataset10,Ambulance_a_Esino_Lario_jpg.rf.927bc20b42dc145e64eba24a52be5695.jpg,b09d49a3c70922a662cc3e83038aa0f7
Data/emerg_dataset10/emerg_dataset10_19/emerg_dataset10_19.jpg,emerg_dataset10_19.jpg,emerg_dataset10,Ambulance_in_Florence_jpeg.rf.ea7cbb9c92b7469b12efcb20c7f6fcf8.jpg,39fcfe8c3180e2e594742727b3bdf20c
Data/emerg_dataset10/emerg_dataset10_21/emerg_dataset10_21.jpg,emerg_dataset10_21.jpg,emerg_dataset10,Ambulance_Milano_Centrale_jpg.rf.b88f39ab74c69548e420e5bb2d1f4fe7.jpg,cbb1e16cb28f9ad0b1575efee00d789b
Data/emerg_dataset10/emerg_dataset10_23/emerg_dataset10_23.jpg,emerg_dataset10_23.jpg,emerg_dataset10,Ambulans-_Piazza_Bra_jpg.rf.f3b856eb3f65019425fd2193a97bb2df.jpg,ca5c66457f14efafb0ff0c3b0f82ff58
Data/emerg_dataset10/emerg_dataset10_24/emerg_dataset10_24.jpg,emerg_dataset10_24.jpg,emerg_dataset10,Ambulanza_FIAT_Ducato_jpg.rf.d8eb4b92b33c055e7fed4fc5326e24ab.jpg,5edfb16f1598cb82d8cf1986ce5d30fb
Data/emerg_dataset10/emerg_dataset10_26/emerg_dataset10_26.jpg,emerg_dataset10_26.jpg,emerg_dataset10,Ambulanza_jpg.rf.40f6991df2d037adc0f4965eeac4689c.jpg,7aa36ff8ee5c25a8af7b2df39f5a3c89
Data/emerg_dataset10/emerg_dataset10_29/emerg_dataset10_29.jpg,emerg_dataset10_29.jpg,emerg_dataset10,Ambulanza_Misericordia_di_San_Giovanni_Valdarno_02_jpg.rf.e02ce79b1328a3a55ef2524ec5fbf211.jpg,129ecb618c967e7cec51fd78eef66c7e
Data/emerg_dataset10/emerg_dataset10_31/emerg_dataset10_31.jpg,emerg_dataset10_31.jpg,emerg_dataset10,Ambulanza_Misericordia_Loro_Ciuffenna_02_jpg.rf.71c5666a0d66ff02afb5ad2ac8d331f3.jpg,4da051da0f75276e21866213ac1d2883
Data/emerg_dataset10/emerg_dataset10_33/emerg_dataset10_33.jpg,emerg_dataset10_33.jpg,emerg_dataset10,Ambulanza_Misericordia_Roma_jpeg.rf.911b1d8ef29737e7925948eb09fb9b94.jpg,9e807cd1276ac543fd7c98f1657163fd
Data/emerg_dataset10/emerg_dataset10_36/emerg_dataset10_36.jpg,emerg_dataset10_36.jpg,emerg_dataset10,AmbulanzePartenza_jpeg.rf.b644dd837a6bf57bdaa9c02af9592664.jpg,7f83bf8b0f239d4f833eb9a531d83a49
Data/emerg_dataset10/emerg_dataset10_37/emerg_dataset10_37.jpg,emerg_dataset10_37.jpg,emerg_dataset10,Autolettiga_Croce_Verde_Baggio_jpg.rf.cffce3ba265d89be3382b7b40f07c016.jpg,a9929c04a694a1a60c0d44228a361f8c
Data/emerg_dataset10/emerg_dataset10_40/emerg_dataset10_40.jpg,emerg_dataset10_40.jpg,emerg_dataset10,Bologna-Piazza_Maggiore-DSCF7220_jpeg.rf.648117db02217db581d385dc4fba2695.jpg,cd58438fb62ef276254d8d7f2938001a
Data/emerg_dataset10/emerg_dataset10_41/emerg_dataset10_41.jpg,emerg_dataset10_41.jpg,emerg_dataset10,Cisom_Fori_Imperiali_jpg.rf.29d686fb9a7781d4c23b2e81ada33626.jpg,8efd8695e370a53cd6fe24752daa4b81
Data/emerg_dataset10/emerg_dataset10_45/emerg_dataset10_45.jpg,emerg_dataset10_45.jpg,emerg_dataset10,CS-703-PJ_030811-074_CPS_-6277562656-_jpg.rf.af5149457e1e8c74c5de34a649c119fe.jpg,24bab79f6ffbec7d48375b046a35d423
Data/emerg_dataset10/emerg_dataset10_47/emerg_dataset10_47.jpg,emerg_dataset10_47.jpg,emerg_dataset10,DG-096DV_240715_CPS_-24475961180-_jpg.rf.d867b1d5d96add81e378e6e2ff61d327.jpg,2b567f7452d07fe8087ff6297d4a2092
Data/emerg_dataset10/emerg_dataset10_50/emerg_dataset10_50.jpg,emerg_dataset10_50.jpg,emerg_dataset10,DS-788NS_DF-405BA_230712_CPS_-8277902863-_jpg.rf.3f27086bc05197b1f3a9317f4101711e.jpg,8c14cd9597009de287f4519f92b2cbd2
Data/emerg_dataset10/emerg_dataset10_52/emerg_dataset10_52.jpg,emerg_dataset10_52.jpg,emerg_dataset10,DY-466YH_240712_CPS_-8278964202-_jpg.rf.38b31e3e64f7a882102bc262e7fb22ec.jpg,99e9ffd577e70225b892c1ea1f008559
Data/emerg_dataset10/emerg_dataset10_54/emerg_dataset10_54.jpg,emerg_dataset10_54.jpg,emerg_dataset10,DY-677EN_-1_220712_CPS_-8277901671-_jpg.rf.1961490288b6ba0de2f318c370692c9b.jpg,e80664ebcd4b0a6cfdf5eb7471119836
Data/emerg_dataset10/emerg_dataset10_56/emerg_dataset10_56.jpg,emerg_dataset10_56.jpg,emerg_dataset10,EH-683DC_310715_CPS_-24143344224-_jpg.rf.54150a1e0d9636a71a4ef646565bcba4.jpg,777d112cac65ea6d5a760ba76b1c9fa0
Data/emerg_dataset10/emerg_dataset10_58/emerg_dataset10_58.jpg,emerg_dataset10_58.jpg,emerg_dataset10,EK-875CA_EH-698WZ_230712_CPS_-8278960924-_jpg.rf.231b75d1446d9b77cdafb926df4058ad.jpg,528ce55f9025666fdf8a83d9d0d41013
Data/emerg_dataset10/emerg_dataset10_60/emerg_dataset10_60.jpg,emerg_dataset10_60.jpg,emerg_dataset10,FIat_Scudo_Ambulanza_jpeg.rf.334b9ce675762b411fbd3d71dcff27fc.jpg,4414f4f6ae9496a38cb427e0492c81b3
Data/emerg_dataset10/emerg_dataset10_62/emerg_dataset10_62.jpg,emerg_dataset10_62.jpg,emerg_dataset10,Firenze_-_ambulanza_Fratellanza_Militare_Firenze_-no-_69-_jpg.rf.22b9e8f70e1739dd27d3e01321fd30e3.jpg,072f53e858f899bb1d01c7793f4eb24b
Data/emerg_dataset10/emerg_dataset10_64/emerg_dataset10_64.jpg,emerg_dataset10_64.jpg,emerg_dataset10,FIRENZE_103_DUOMO_jpeg.rf.415e2031e9e40e444ab9d7dcd9920a20.jpg,8a18c09dd04ab87bf62718934f373ae0
Data/emerg_dataset10/emerg_dataset10_67/emerg_dataset10_67.jpg,emerg_dataset10_67.jpg,emerg_dataset10,FIRENZE_123_OLTRARNO_jpg.rf.fd5a552ef1559d5262472a0d29410f54.jpg,4d39736ae68a760ac606927fc5cdd9ee
Data/emerg_dataset10/emerg_dataset10_69/emerg_dataset10_69.jpg,emerg_dataset10_69.jpg,emerg_dataset10,FIRENZE_131_P-MEZZO_jpeg.rf.b31583a284563f9090b1c0fd28568c8d.jpg,56a533262803438c28ac2fd061d49035
Data/emerg_dataset10/emerg_dataset10_70/emerg_dataset10_70.jpg,emerg_dataset10_70.jpg,emerg_dataset10,Fosdinovo_PA_Concordia_ambulance_BT_759_JB_01_jpeg.rf.7b083d35c76140b3b2a2034b4c97bf5c.jpg,407b3757c3d935192caa932ad721f7fd
Data/emerg_dataset10/emerg_dataset10_72/emerg_dataset10_72.jpg,emerg_dataset10_72.jpg,emerg_dataset10,Fosdinovo_PA_Concordia_ambulance_BT_759_JB_02_jpeg.rf.bce11b58604d3e8dfe260a8732f2ce90.jpg,df5711afc1aac014a1eefe91b0e39856
Data/emerg_dataset10/emerg_dataset10_74/emerg_dataset10_74.jpg,emerg_dataset10_74.jpg,emerg_dataset10,Fossola_SVS_Croce_Verde_ambulance_AS_356_GA_01_jpeg.rf.705e07e148ecb7bc51423483ce17e8a5.jpg,be997cbce749bba0d9ee87115bbf8188
Data/emerg_dataset10/emerg_dataset10_77/emerg_dataset10_77.jpg,emerg_dataset10_77.jpg,emerg_dataset10,Fossola_SVS_Croce_Verde_ambulance_BY_972_LG_01_jpeg.rf.641ebc09478746608a2de6dbecd4920c.jpg,c91c4df3ce6e71c786e90ce4baa2dfd1
Data/emerg_dataset10/emerg_dataset10_78/emerg_dataset10_78.jpg,emerg_dataset10_78.jpg,emerg_dataset10,Fossola_SVS_Croce_Verde_ambulance_BY_972_LG_02_jpeg.rf.89c0295a6351abf1c84b7ffba6136096.jpg,4d278eab71ba8710e6f8ce3ca810940b
Data/emerg_dataset10/emerg_dataset10_80/emerg_dataset10_80.jpg,emerg_dataset10_80.jpg,emerg_dataset10,Fossola_SVS_Croce_Verde_ambulance_BY_972_LG_03_jpeg.rf.721daa0aacf7ff55b269e225ad5325ab.jpg,d230288ab459793768f22b52ba0340da
Data/emerg_dataset10/emerg_dataset10_82/emerg_dataset10_82.jpg,emerg_dataset10_82.jpg,emerg_dataset10,Fossola_SVS_Croce_Verde_ambulance_DD_286_LS_01_jpeg.rf.24ff32f7ff0fe535e2d7bd147a911af4.jpg,a35a45e9891edd193adb72e07bd15fda
Data/emerg_dataset10/emerg_dataset10_85/emerg_dataset10_85.jpg,emerg_dataset10_85.jpg,emerg_dataset10,Fossola_SVS_Croce_Verde_ambulance_DD_286_LS_02_jpeg.rf.a8f9b2f4c21be57665b538cc6c7ed3db.jpg,d0234daae803eb7686ac5a23c53a1a8a
Data/emerg_dataset10/emerg_dataset10_86/emerg_dataset10_86.jpg,emerg_dataset10_86.jpg,emerg_dataset10,Livorno_Misericordia_ambulance_CY_083_GX_01_jpeg.rf.d009dc2e14b1a9548c2baa37f29fb229.jpg,ee2932aef3fe5df0634f024985b67d4b
Data/emerg_dataset10/emerg_dataset10_89/emerg_dataset10_89.jpg,emerg_dataset10_89.jpg,emerg_dataset10,Livorno_Misericordia_Antignano_ambulance_EH_142_WZ_01_jpeg.rf.4b025c0004c09f5e785e83a82c402f44.jpg,0bd6fcfc2dc48e52ff3ff48fca311260
Data/emerg_dataset10/emerg_dataset10_9/emerg_dataset10_9.jpg,emerg_dataset10_9.jpg,emerg_dataset10,-__-_-__-_-_jpeg.rf.4c0c1489f61b87608841ff7c97130604.jpg,1bfb1df7214a06640477c92e8991b2ea
Data/emerg_dataset10/emerg_dataset10_90/emerg_dataset10_90.jpg,emerg_dataset10_90.jpg,emerg_dataset10,Livorno_SVS_Pubblica_Assistenza_ambulance_EN_359_DY_02_jpeg.rf.70d9d3374fbdeab57602b3c5e8fcd981.jpg,07240d244c26203b819c48464adb72f7
Data/emerg_dataset10/emerg_dataset10_93/emerg_dataset10_93.jpg,emerg_dataset10_93.jpg,emerg_dataset10,Luci_diurne_jpg.rf.6004d8ab00aad71b61088e75bf8bda17.jpg,bb3cc2b2b116d267163fadd8208354ae
Data/emerg_dataset10/emerg_dataset10_96/emerg_dataset10_96.jpg,emerg_dataset10_96.jpg,emerg_dataset10,Marina_di_Massa_Croce_Verde_ambulance_DW_871_GA_02_jpeg.rf.fde24ab014e9c58d51f5dc80cde0518e.jpg,31c01863f067bfa65ade29e3abda8155
Data/emerg_dataset10/emerg_dataset10_99/emerg_dataset10_99.jpg,emerg_dataset10_99.jpg,emerg_dataset10,MISC_AMBULANCES_230712_CPS_-8278961216-_jpg.rf.bf4bec55b8886ca4f83e70dff4084234.jpg,adcc0810c753c6157cd72f025e44e4b3
Data/emerg_dataset11/emerg_dataset11_1/emerg_dataset11_1.jpg,emerg_dataset11_1.jpg,emerg_dataset11,3ee001c52ac74187ed486ee2522da0b1_jpg.rf.8381d5453216d4896d7ae69f1a65b164.jpg,dd30942d0a306db0cfba545db9ea5a58
Data/emerg_dataset11/emerg_dataset11_10/emerg_dataset11_10.jpg,emerg_dataset11_10.jpg,emerg_dataset11,b23cd72988b36877bfd1b71bc1e2019a-1-_jpg.rf.dd3f6c501bbba7bdecffdde232434a6a.jpg,ab608f4a897a3f781b71aec27d25165f
Data/emerg_dataset11/emerg_dataset11_100/emerg_dataset11_100.jpg,emerg_dataset11_100.jpg,emerg_dataset11,images-25-_jpeg_jpg.rf.a6a119ca0659048537f41d1771fd4dc1.jpg,8edf0c7f99f15823e189d90b6bd6c10e
Data/emerg_dataset11/emerg_dataset11_101/emerg_dataset11_101.jpg,emerg_dataset11_101.jpg,emerg_dataset11,images-26-_jpeg_jpg.rf.596cdfc7cae4d49f6c11ba57401dca6f.jpg,e398fa21ef2e9892d6b46d2fe2766269
Data/emerg_dataset11/emerg_dataset11_102/emerg_dataset11_102.jpg,emerg_dataset11_102.jpg,emerg_dataset11,images-3-_jpeg_jpg.rf.b3563294ae0f1c2f1ee62d96bc61b19c.jpg,8b084d9fdd54c08e5b8647ec74c99b3f
Data/emerg_dataset11/emerg_dataset11_103/emerg_dataset11_103.jpg,emerg_dataset11_103.jpg,emerg_dataset11,images-45-_jpeg_jpg.rf.a597664719e649e229bd257bb4f4b784.jpg,e4cdec3f0022562f53c6dd70e3da9ab3
Data/emerg_dataset11/emerg_dataset11_104/emerg_dataset11_104.jpg,emerg_dataset11_104.jpg,emerg_dataset11,images-46-_jpeg_jpg.rf.c3f420bdba8ad178f122fcd5c05f7f68.jpg,799e865763442c3f36ec9ef419568e91
Data/emerg_dataset11/emerg_dataset11_105/emerg_dataset11_105.jpg,emerg_dataset11_105.jpg,emerg_dataset11,images-6-_jpeg_jpg.rf.3e25a335bd1104b1bb1893a11a4f27c7.jpg,650e7f5b3ff9797ff4196c9683417042
Data/emerg_dataset11/emerg_dataset11_107/emerg_dataset11_107.jpg,emerg_dataset11_107.jpg,emerg_dataset11,images-8-_jpeg_jpg.rf.894c985e7228f9357d5e9b50a56a4189.jpg,7b04a70323385c0892dc2c1594cd5a75
Data/emerg_dataset11/emerg_dataset11_108/emerg_dataset11_108.jpg,emerg_dataset11_108.jpg,emerg_dataset11,telechargement-15-_jpeg_jpg.rf.916af13de13ca3434ee83c6f4d9a9eb2.jpg,482173c94398d61c25c7faa67d4916d0
Data/emerg_dataset11/emerg_dataset11_109/emerg_dataset11_109.jpg,emerg_dataset11_109.jpg,emerg_dataset11,telechargement-22-_jpeg_jpg.rf.ca1c237ebe6d1ec39bc4792218286c15.jpg,9c4ff93276d8002fd68a42db763b3c97
Data/emerg_dataset11/emerg_dataset11_11/emerg_dataset11_11.jpg,emerg_dataset11_11.jpg,emerg_dataset11,c0e28191158a405fe0a63131330c3580-1-_jpg.rf.9195eb5ea9c362966ea417da11bbfc50.jpg,8b51bf5a8da70f49b7ceb8716a660443
Data/emerg_dataset11/emerg_dataset11_110/emerg_dataset11_110.jpg,emerg_dataset11_110.jpg,emerg_dataset11,telechargement-23-_jpeg_jpg.rf.568701a3f0aa7b9631a9b9b195d10a12.jpg,e550c18c6948c6a284b6d13cc462b950
Data/emerg_dataset11/emerg_dataset11_111/emerg_dataset11_111.jpg,emerg_dataset11_111.jpg,emerg_dataset11,telechargement-24-_jpeg_jpg.rf.76fa10700fd48285ffaaf0c7749605dc.jpg,174bb367a0af7ac0756b999719b30ad5
Data/emerg_dataset11/emerg_dataset11_112/emerg_dataset11_112.jpg,emerg_dataset11_112.jpg,emerg_dataset11,telechargement-26-_jpeg_jpg.rf.0271baf49a288161a6bfb008e4aaf087.jpg,e8f516e18cd501db80063c36cd0ca8b9
Data/emerg_dataset11/emerg_dataset11_113/emerg_dataset11_113.jpg,emerg_dataset11_113.jpg,emerg_dataset11,telechargement-27-_jpeg_jpg.rf.0f358a5b5f13a76730d7963cd322165c.jpg,0d17fe6621b111164b63e88c40acad37
Data/emerg_dataset11/emerg_dataset11_114/emerg_dataset11_114.jpg,emerg_dataset11_114.jpg,emerg_dataset11,telechargement-28-_jpeg_jpg.rf.9d99c70441788ba298540372e1786c04.jpg,be5b21f38c2e72f26e6c7704aa4497e4
Data/emerg_dataset11/emerg_dataset11_115/emerg_dataset11_115.jpg,emerg_dataset11_115.jpg,emerg_dataset11,telechargement-30-_jpeg_jpg.rf.7122ec3f3115d037c013e8d754ad5905.jpg,88fa8d8cd415bf57a8d5a48758e9d9ae
Data/emerg_dataset11/emerg_dataset11_116/emerg_dataset11_116.jpg,emerg_dataset11_116.jpg,emerg_dataset11,telechargement-4-_jpeg_jpg.rf.a09ad01244e9877a1f1b4f973f55eb1f.jpg,f62883483300236b0c2312ea0426a7ee
Data/emerg_dataset11/emerg_dataset11_117/emerg_dataset11_117.jpg,emerg_dataset11_117.jpg,emerg_dataset11,telechargement-7-_jpeg_jpg.rf.0e5eb9f890ad849ac6456d261f019f79.jpg,e4c5ea3b2e13774204470194e0f9561a
Data/emerg_dataset11/emerg_dataset11_118/emerg_dataset11_118.jpg,emerg_dataset11_118.jpg,emerg_dataset11,telechargement-8-_jpeg_jpg.rf.759eab9a33610eba4e367b05911b2929.jpg,2d742b0aca7f2dfe1edd6cc4bc457758
Data/emerg_dataset11/emerg_dataset11_119/emerg_dataset11_119.jpg,emerg_dataset11_119.jpg,emerg_dataset11,telechargement-9-_jpeg_jpg.rf.84eefbe48a49227ce996b1c9f678e1aa.jpg,0ec2f39aee7a5226f5d85ff02b146f0d
Data/emerg_dataset11/emerg_dataset11_12/emerg_dataset11_12.jpg,emerg_dataset11_12.jpg,emerg_dataset11,c21daf03dfdec30932c1b529db82bc14_jpg.rf.b43ffcbe7786622ff039fe25627ca95f.jpg,ecc5b113c5ac128cdff64e6e71fa4113
Data/emerg_dataset11/emerg_dataset11_13/emerg_dataset11_13.jpg,emerg_dataset11_13.jpg,emerg_dataset11,ccc84ba41113510d32c51c64c878889c-1-_jpg.rf.2ff9ca5a26439e5e42349bbd5f84bc26.jpg,61956b3b62231b5348f8039b398e2b46
Data/emerg_dataset11/emerg_dataset11_14/emerg_dataset11_14.jpg,emerg_dataset11_14.jpg,emerg_dataset11,cf2a11373c81aadcefbb74b5a4fe83b8_jpg.rf.b53a30f916758bdf06cc79952b59f43a.jpg,7ef1e8245a0d7afc53b812c1421eae40
Data/emerg_dataset11/emerg_dataset11_15/emerg_dataset11_15.jpg,emerg_dataset11_15.jpg,emerg_dataset11,d41847a5933ca87afe6f3641898fc2b7_jpg.rf.775a10cd86b720e6128669e0c7507b62.jpg,1609b7bfdca4c950391e7bfd66666804
Data/emerg_dataset11/emerg_dataset11_16/emerg_dataset11_16.jpg,emerg_dataset11_16.jpg,emerg_dataset11,eeb83719a2fdab4c0036b0edb193380a_jpg.rf.afe6a4e5dabf87657abaa478ab38bf3e.jpg,883c594299856cb5a51df5355a9523e8
Data/emerg_dataset11/emerg_dataset11_17/emerg_dataset11_17.jpg,emerg_dataset11_17.jpg,emerg_dataset11,images-10-_jpeg_jpg.rf.fd4c52037c8049bdc18b0c8a7e380c74.jpg,feef5a34ba358ef4de9c382cd7fdfc46
Data/emerg_dataset11/emerg_dataset11_18/emerg_dataset11_18.jpg,emerg_dataset11_18.jpg,emerg_dataset11,images-11-_jpeg_jpg.rf.6b0e8019e5c25f0b879b05fa543c31a8.jpg,ebd0234cd87009bece663477f8dbda3d
Data/emerg_dataset11/emerg_dataset11_19/emerg_dataset11_19.jpg,emerg_dataset11_19.jpg,emerg_dataset11,images-12-_jpeg_jpg.rf.acb9d83ebeeec6c1d8b5f81d11413636.jpg,7c560eba798c32be1c1384f07017bab4
Data/emerg_dataset11/emerg_dataset11_2/emerg_dataset11_2.jpg,emerg_dataset11_2.jpg,emerg_dataset11,4a4302fdb8b225322f25bd595b74a06b_jpg.rf.9c855fd46570048409013fc76b3cceb6.jpg,f7f105260a54fd8db5d8172cda5f6926
Data/emerg_dataset11/emerg_dataset11_20/emerg_dataset11_20.jpg,emerg_dataset11_20.jpg,emerg_dataset11,images-13-_jpeg_jpg.rf.c20a22e12aca8d68793968e8fdba0760.jpg,bdf1ecc5b1f05d58d0b3588e7858d5b8
Data/emerg_dataset11/emerg_dataset11_21/emerg_dataset11_21.jpg,emerg_dataset11_21.jpg,emerg_dataset11,images-16-_jpeg_jpg.rf.dc5ff459ad810eb1588bb4f4b86a87ea.jpg,d77f86c1455a35999e1e72031a06fd3a
Data/emerg_dataset11/emerg_dataset11_22/emerg_dataset11_22.jpg,emerg_dataset11_22.jpg,emerg_dataset11,images-19-_jpeg_jpg.rf.155ecc0bd122513c206cff6795cd688a.jpg,0df95672608faf4a1094ffef3fa0330e
Data/emerg_dataset11/emerg_dataset11_23/emerg_dataset11_23.jpg,emerg_dataset11_23.jpg,emerg_dataset11,images-20-_jpeg_jpg.rf.7a9a5e66e6879ad5e4a8ec8c4613634c.jpg,45e6ca771e9b720a08098cc7259db75d
Data/emerg_dataset11/emerg_dataset11_24/emerg_dataset11_24.jpg,emerg_dataset11_24.jpg,emerg_dataset11,images-9-_jpeg_jpg.rf.f61a91a81f2caa1f7d968c649e3e211a.jpg,00102af615a06b0cebe8f3e0f5dccf74
Data/emerg_dataset11/emerg_dataset11_25/emerg_dataset11_25.jpg,emerg_dataset11_25.jpg,emerg_dataset11,telechargement-12-_jpeg_jpg.rf.8f229fb02604fe7f8224de06e66b7575.jpg,2f7cfde6e93272c47447909f3580c798
Data/emerg_dataset11/emerg_dataset11_26/emerg_dataset11_26.jpg,emerg_dataset11_26.jpg,emerg_dataset11,telechargement-3-_jpeg_jpg.rf.98ba6060603eb346a8647f6b64f83582.jpg,a8b93ddc728d616b0c0d8c7fb7e85d4d
Data/emerg_dataset11/emerg_dataset11_27/emerg_dataset11_27.jpg,emerg_dataset11_27.jpg,emerg_dataset11,telechargement-31-_jpeg_jpg.rf.7c71eb26d0406891259ab23006267e1c.jpg,57e86a444692131fc219c76920b4fe07
Data/emerg_dataset11/emerg_dataset11_28/emerg_dataset11_28.jpg,emerg_dataset11_28.jpg,emerg_dataset11,telechargement-46-_jpeg_jpg.rf.2c8ce4eb536bb4212185fc2f23993cad.jpg,c6b8787644c30c5878d3625e8a66b389
Data/emerg_dataset11/emerg_dataset11_29/emerg_dataset11_29.jpg,emerg_dataset11_29.jpg,emerg_dataset11,11227bc5b5d1f566aaec68901e9cbd99_jpg.rf.f9d8298b6ccb9f67c4fd92aa886a4504.jpg,d18a94e339e472ae0317482a6dd1bbc6
Data/emerg_dataset11/emerg_dataset11_3/emerg_dataset11_3.jpg,emerg_dataset11_3.jpg,emerg_dataset11,64fadd3c159bec029956a59a4f3c42b2_jpg.rf.1243d6cbffb052e3241d95a7f0832f20.jpg,b1f9d1580a94481369559f8e1e2220e1
Data/emerg_dataset11/emerg_dataset11_30/emerg_dataset11_30.jpg,emerg_dataset11_30.jpg,emerg_dataset11,480fa443573f1cb87bc9e1b7381ab2f5-1-_jpg.rf.5635cd97906d5f00235f8fd4d3d8da3e.jpg,a01023ed6bbec53e42ad1918dc092124
Data/emerg_dataset11/emerg_dataset11_31/emerg_dataset11_31.jpg,emerg_dataset11_31.jpg,emerg_dataset11,480fa443573f1cb87bc9e1b7381ab2f5-1-_jpg.rf.a4424b73fa4c0256248af48d117ae07f.jpg,4d34d88f7995f713654fb817356881b7
Data/emerg_dataset11/emerg_dataset11_32/emerg_dataset11_32.jpg,emerg_dataset11_32.jpg,emerg_dataset11,661b3f23d6a0b174399aef787bd04f29_jpg.rf.5a468cee35c955723ae9156fc9bc5e43.jpg,c5831f10615828c7746443328bfc71cd
Data/emerg_dataset11/emerg_dataset11_33/emerg_dataset11_33.jpg,emerg_dataset11_33.jpg,emerg_dataset11,697b65eab53c88ddd71b8ba55279214c_jpg.rf.2bed660df40e48a564ab5dc8636344aa.jpg,002f5d9bdb06407b7e7eb1a98d6cdd84
Data/emerg_dataset11/emerg_dataset11_34/emerg_dataset11_34.jpg,emerg_dataset11_34.jpg,emerg_dataset11,697b65eab53c88ddd71b8ba55279214c_jpg.rf.d7ed6cc5753c219cd9cce1f4f1835a37.jpg,1e2a2bbcab9900f4e65a6fe92f59ac2f
Data/emerg_dataset11/emerg_dataset11_35/emerg_dataset11_35.jpg,emerg_dataset11_35.jpg,emerg_dataset11,731bbb6a560161a2899ec603a1d213ae_jpg.rf.20a00a30630cbf69d88b326b46c333a2.jpg,9544cb6fcff2242b9013766f48ac202e
Data/emerg_dataset11/emerg_dataset11_36/emerg_dataset11_36.jpg,emerg_dataset11_36.jpg,emerg_dataset11,731bbb6a560161a2899ec603a1d213ae_jpg.rf.927640c9bd0e79d5281370ef26e588e1.jpg,5956a4af981c4d44bce9ca23db087a25
Data/emerg_dataset11/emerg_dataset11_37/emerg_dataset11_37.jpg,emerg_dataset11_37.jpg,emerg_dataset11,75327c5f7f57bfd66d25ab1af82c3727-1-_jpg.rf.42104110078aa10100e383c759ac0b3c.jpg,7a806ff55a8e064bd49952deb7dabb9d
Data/emerg_dataset11/emerg_dataset11_38/emerg_dataset11_38.jpg,emerg_dataset11_38.jpg,emerg_dataset11,75327c5f7f57bfd66d25ab1af82c3727-1-_jpg.rf.5f92a13e44065df02ae54d3887a462b3.jpg,65207e0f5bdb1970f18e8dc6687a028b
Data/emerg_dataset11/emerg_dataset11_39/emerg_dataset11_39.jpg,emerg_dataset11_39.jpg,emerg_dataset11,80283711d38b4466bde2d461846f59d6_jpg.rf.8dd3272703570ae3f84bbe240e8b406a.jpg,c53429b79b96cac26fda439b4f89304e
Data/emerg_dataset11/emerg_dataset11_4/emerg_dataset11_4.jpg,emerg_dataset11_4.jpg,emerg_dataset11,67ab42e996136bdbc75d259ce96e6947-1-_jpg.rf.c6efce303c762a5a7d3f0ad8246c163a.jpg,911684731b36deaecc1753b8564d3248
Data/emerg_dataset11/emerg_dataset11_40/emerg_dataset11_40.jpg,emerg_dataset11_40.jpg,emerg_dataset11,80283711d38b4466bde2d461846f59d6_jpg.rf.dd894d7e83153a52c6d9229951de45aa.jpg,153280f80e451017a414db339fee88f1
Data/emerg_dataset11/emerg_dataset11_41/emerg_dataset11_41.jpg,emerg_dataset11_41.jpg,emerg_dataset11,8454b1a60228836110d2d974d3bb4718_jpg.rf.6ab31ff6d910b8e5276bc2d2b59d18ef.jpg,969939c622775cfc2d4ccfde31e1d739
Data/emerg_dataset11/emerg_dataset11_42/emerg_dataset11_42.jpg,emerg_dataset11_42.jpg,emerg_dataset11,8454b1a60228836110d2d974d3bb4718_jpg.rf.72d0227c3d325ed4162aca91cc3b5653.jpg,9127778c6697005a5ce153fe681a9c5e
Data/emerg_dataset11/emerg_dataset11_43/emerg_dataset11_43.jpg,emerg_dataset11_43.jpg,emerg_dataset11,863fbb7beb4584b4d4793386eae31987-1-_jpg.rf.012c7b713b2285ac51dc1cd04bef4411.jpg,d021475a59367b774c11319e6c5a8c8b
Data/emerg_dataset11/emerg_dataset11_44/emerg_dataset11_44.jpg,emerg_dataset11_44.jpg,emerg_dataset11,863fbb7beb4584b4d4793386eae31987-1-_jpg.rf.51351f9c17fa205038c38eeb6d14485e.jpg,00aec41d0ed22990490aa34d83f207a0
Data/emerg_dataset11/emerg_dataset11_45/emerg_dataset11_45.jpg,emerg_dataset11_45.jpg,emerg_dataset11,8c8a977ca3132507e927cd0ec9f7becd_jpg.rf.423c43822ff3b564b77505e0ca31f812.jpg,e6c7fb9bcbd80b213ff287b50be13d3c
Data/emerg_dataset11/emerg_dataset11_46/emerg_dataset11_46.jpg,emerg_dataset11_46.jpg,emerg_dataset11,8c8a977ca3132507e927cd0ec9f7becd_jpg.rf.817d59d0edbabb6b4b524a1edaa80250.jpg,0cfa50ea7daf6061b42058af70ed7ad4
Data/emerg_dataset11/emerg_dataset11_47/emerg_dataset11_47.jpg,emerg_dataset11_47.jpg,emerg_dataset11,c070b95df9d979354acb46a4a3f12e11_jpg.rf.430a740d5e0111611e9412c3f21dd7b7.jpg,4eb06a3ea22249e170d0bfa8eb6124cb
Data/emerg_dataset11/emerg_dataset11_48/emerg_dataset11_48.jpg,emerg_dataset11_48.jpg,emerg_dataset11,c070b95df9d979354acb46a4a3f12e11_jpg.rf.7f729ca96b5ba89535b7cd85c26e553c.jpg,e4d9c3cf5a87d1d69f4abf70b546dc8c
Data/emerg_dataset11/emerg_dataset11_5/emerg_dataset11_5.jpg,emerg_dataset11_5.jpg,emerg_dataset11,7bf262e4923cc66108e746f00772beca_jpg.rf.812d1b2b9662fe387c5eb16b77ed383d.jpg,5081bcd166334d993cf12c83de2dd79a
Data/emerg_dataset11/emerg_dataset11_50/emerg_dataset11_50.jpg,emerg_dataset11_50.jpg,emerg_dataset11,images-1-_jpeg_jpg.rf.e44dc5bc79551d66d9ab79ea1987bda4.jpg,2e26389b72c2ff7292b90a70be436f4b
Data/emerg_dataset11/emerg_dataset11_53/emerg_dataset11_53.jpg,emerg_dataset11_53.jpg,emerg_dataset11,images-10-_jpeg_jpg.rf.c413bac33d599a70960f557f6577d4d6.jpg,4f0cd452ef850282254851ea4f1ed673
Data/emerg_dataset11/emerg_dataset11_54/emerg_dataset11_54.jpg,emerg_dataset11_54.jpg,emerg_dataset11,images-10-_jpeg_jpg.rf.e08d9b958e9a55b2d63998eb6f8ce57f.jpg,e909340316dc6d33a044ed3b8e4e2a38
Data/emerg_dataset11/emerg_dataset11_57/emerg_dataset11_57.jpg,emerg_dataset11_57.jpg,emerg_dataset11,images-12-_jpeg_jpg.rf.061db57d13b93a4b139da4b670becbb8.jpg,f64a2ff136c59b2b20481d1f0c0c68ab
Data/emerg_dataset11/emerg_dataset11_58/emerg_dataset11_58.jpg,emerg_dataset11_58.jpg,emerg_dataset11,images-12-_jpeg_jpg.rf.de6e804a8636f087dc885ab108daac0d.jpg,9208132bac5e4968102ff9f15474d23e
Data/emerg_dataset11/emerg_dataset11_59/emerg_dataset11_59.jpg,emerg_dataset11_59.jpg,emerg_dataset11,images-13-_jpeg_jpg.rf.23f017397b68fc788aad4a27a72c7a6e.jpg,50723950c88b5198836b6ab5739330e5
Data/emerg_dataset11/emerg_dataset11_6/emerg_dataset11_6.jpg,emerg_dataset11_6.jpg,emerg_dataset11,894e5d1f2cd50853fb15e845f051cdf8_jpg.rf.0364312abc511010da5a9d0555d0d79d.jpg,b68321acbb1798c4f68c22aa0b9aa6a9
Data/emerg_dataset11/emerg_dataset11_60/emerg_dataset11_60.jpg,emerg_dataset11_60.jpg,emerg_dataset11,images-14-_jpeg_jpg.rf.0a6a9d11a3f6b169fe98b49893403632.jpg,18b8a4f528f50d73a7d3485e8864459d
Data/emerg_dataset11/emerg_dataset11_61/emerg_dataset11_61.jpg,emerg_dataset11_61.jpg,emerg_dataset11,images-14-_jpeg_jpg.rf.753d3834f6e587bf18329158ca6d6acb.jpg,af23e9f052d943636bbe657e5e4771fd
Data/emerg_dataset11/emerg_dataset11_62/emerg_dataset11_62.jpg,emerg_dataset11_62.jpg,emerg_dataset11,images-14-_jpeg_jpg.rf.d491ab87af4a973a783fd3f589d3e6c3.jpg,005db9ff476260aa34027d2d0667b5f5
Data/emerg_dataset11/emerg_dataset11_63/emerg_dataset11_63.jpg,emerg_dataset11_63.jpg,emerg_dataset11,images-15-_jpeg_jpg.rf.0b4ae5e23204783f5e70490b26fdaca7.jpg,df9bc2e328de7180fe262561f2bd8149
Data/emerg_dataset11/emerg_dataset11_64/emerg_dataset11_64.jpg,emerg_dataset11_64.jpg,emerg_dataset11,images-15-_jpeg_jpg.rf.5eebc3d5d8f68f540ff7e42e20480f8f.jpg,195ca13cdbc5c15747ddccbadcd7e88e
Data/emerg_dataset11/emerg_dataset11_65/emerg_dataset11_65.jpg,emerg_dataset11_65.jpg,emerg_dataset11,images-18-_jpeg_jpg.rf.8815f8210428bae72fb0f92c014d9456.jpg,641b3a632229ccb28d891ab8700828ab
Data/emerg_dataset11/emerg_dataset11_66/emerg_dataset11_66.jpg,emerg_dataset11_66.jpg,emerg_dataset11,images-18-_jpeg_jpg.rf.e717c94e6cc3009e9c301b5d1c6d147f.jpg,33f72c4fb847eed4755a24f78795cbd7
Data/emerg_dataset11/emerg_dataset11_67/emerg_dataset11_67.jpg,emerg_dataset11_67.jpg,emerg_dataset11,images-22-_jpeg_jpg.rf.f0cd304df312840eb5e9ae836e528276.jpg,b013bdc090bd2a9fb42b1b167e53e2fe
Data/emerg_dataset11/emerg_dataset11_69/emerg_dataset11_69.jpg,emerg_dataset11_69.jpg,emerg_dataset11,images-24-_jpeg_jpg.rf.5f251d5223f805dcbd09b1932a73228c.jpg,e611f7404bce5c0513e586d8b9074cdd
Data/emerg_dataset11/emerg_dataset11_7/emerg_dataset11_7.jpg,emerg_dataset11_7.jpg,emerg_dataset11,8f815575826c7b9b5b6676540b6b6038_jpg.rf.02659171edd073ee23e444cd2f9df62c.jpg,cf791290d2d9ff10a7a94c5be0a17a2b
Data/emerg_dataset11/emerg_dataset11_70/emerg_dataset11_70.jpg,emerg_dataset11_70.jpg,emerg_dataset11,images-24-_jpeg_jpg.rf.a71f4e93af963b476d98358312936cb6.jpg,cc432ab34395a90e2db33228debc9076
Data/emerg_dataset11/emerg_dataset11_71/emerg_dataset11_71.jpg,emerg_dataset11_71.jpg,emerg_dataset11,images-26-_jpeg_jpg.rf.5723f41a250c3050d3bdb634caf18714.jpg,5f66901084fce82c4cd902980dda234c
Data/emerg_dataset11/emerg_dataset11_72/emerg_dataset11_72.jpg,emerg_dataset11_72.jpg,emerg_dataset11,images-27-_jpeg_jpg.rf.c32528b669417a85cded3c0f992c2adf.jpg,2de30873aca0dca95a40134485fe6766
Data/emerg_dataset11/emerg_dataset11_73/emerg_dataset11_73.jpg,emerg_dataset11_73.jpg,emerg_dataset11,images-27-_jpeg_jpg.rf.c45e1442632a60a95c6c2373f19dc9ac.jpg,f58424b449fa02422de11aed0012ef6a
Data/emerg_dataset11/emerg_dataset11_74/emerg_dataset11_74.jpg,emerg_dataset11_74.jpg,emerg_dataset11,images-29-_jpeg_jpg.rf.5fca653f7627645e73358416e57ef04b.jpg,8386d57c31c72a235ce9f95ef7564bfe
Data/emerg_dataset11/emerg_dataset11_75/emerg_dataset11_75.jpg,emerg_dataset11_75.jpg,emerg_dataset11,images-36-_jpeg_jpg.rf.012f993332391e2d7ff58345ce553418.jpg,73f43dac3d738dc6dc2e75f82bbfe63c
Data/emerg_dataset11/emerg_dataset11_76/emerg_dataset11_76.jpg,emerg_dataset11_76.jpg,emerg_dataset11,images-36-_jpeg_jpg.rf.022f9dbb61930bd95e5eb52fb5463f49.jpg,690bdf84fdeacdfb8015129ad2d98143
Data/emerg_dataset11/emerg_dataset11_77/emerg_dataset11_77.jpg,emerg_dataset11_77.jpg,emerg_dataset11,images-43-_jpeg_jpg.rf.8ce4d5b4b1d028b1541d4a763c4823d6.jpg,fa8a3bca63c47c5c412f041ab0669dda
Data/emerg_dataset11/emerg_dataset11_78/emerg_dataset11_78.jpg,emerg_dataset11_78.jpg,emerg_dataset11,images-43-_jpeg_jpg.rf.97bdaefb348d3412e4bdc870e9cb9241.jpg,d5ea2db2758296d4f6e77e1ffca4faa9
Data/emerg_dataset11/emerg_dataset11_79/emerg_dataset11_79.jpg,emerg_dataset11_79.jpg,emerg_dataset11,images-47-_jpeg_jpg.rf.4e8af195793cb8bc9159b40d6bb2a5d4.jpg,f75eef4eb65505447d2f69e0ac751c4f
Data/emerg_dataset11/emerg_dataset11_8/emerg_dataset11_8.jpg,emerg_dataset11_8.jpg,emerg_dataset11,aa4720728d2a5f605b5ed37a9b8c5533-1-_jpg.rf.adccbb9a0cef9f6ffe198d7dd98dc1a7.jpg,91236ca309d613a04679a26ef1272991
Data/emerg_dataset11/emerg_dataset11_80/emerg_dataset11_80.jpg,emerg_dataset11_80.jpg,emerg_dataset11,images-47-_jpeg_jpg.rf.87d6cb7715e84f4d4057cefc373063a8.jpg,abc3843f0deead961f21b6c04ca89e1f
Data/emerg_dataset11/emerg_dataset11_83/emerg_dataset11_83.jpg,emerg_dataset11_83.jpg,emerg_dataset11,telechargement-13-_jpeg_jpg.rf.98f8afed3f5e3495e93e233694db110a.jpg,2157cace9f0ff34c5986595c054994b1
Data/emerg_dataset11/emerg_dataset11_84/emerg_dataset11_84.jpg,emerg_dataset11_84.jpg,emerg_dataset11,telechargement-17-_jpeg_jpg.rf.0d311464d1ab501c8acbea37567ca40e.jpg,f4a0f303462bf2a6a83778a9c8f8f182
Data/emerg_dataset11/emerg_dataset11_85/emerg_dataset11_85.jpg,emerg_dataset11_85.jpg,emerg_dataset11,telechargement-17-_jpeg_jpg.rf.76e0f0d069a8580661c422e6c10c5da3.jpg,81a6f6b2218134b201d02eb56ad86d27
Data/emerg_dataset11/emerg_dataset11_86/emerg_dataset11_86.jpg,emerg_dataset11_86.jpg,emerg_dataset11,telechargement-26-_jpeg_jpg.rf.60d80c2e750e68119728874e2026803e.jpg,371afb15f16747faac317de491b1b9a9
Data/emerg_dataset11/emerg_dataset11_87/emerg_dataset11_87.jpg,emerg_dataset11_87.jpg,emerg_dataset11,telechargement-26-_jpeg_jpg.rf.6cfae80d08f920be2d08414b67bd7f93.jpg,7479f4adc5eba32dcb9985a2a289cf96
Data/emerg_dataset11/emerg_dataset11_88/emerg_dataset11_88.jpg,emerg_dataset11_88.jpg,emerg_dataset11,telechargement-30-_jpeg_jpg.rf.564832084b0d95ac84b38611ba6afa45.jpg,7f64582d61140602b90c86ff77912a01
Data/emerg_dataset11/emerg_dataset11_89/emerg_dataset11_89.jpg,emerg_dataset11_89.jpg,emerg_dataset11,telechargement-33-_jpeg_jpg.rf.2040bb54c2c6f3fa2ec741bd8187d37d.jpg,cfe9f40c37b5284b85e29887eb94192e
Data/emerg_dataset11/emerg_dataset11_9/emerg_dataset11_9.jpg,emerg_dataset11_9.jpg,emerg_dataset11,af7eb603fba304d8db4321c3940f1ee4_jpg.rf.f8dd4a7e792f5cee4335aaffa21166a9.jpg,e41acdb577b914690aaacb2a65409e03
Data/emerg_dataset11/emerg_dataset11_90/emerg_dataset11_90.jpg,emerg_dataset11_90.jpg,emerg_dataset11,telechargement-33-_jpeg_jpg.rf.2a6f5c9f0bd0b567533c225d9ec16cf1.jpg,9668df03bff02a207fd018e438d8ef67
Data/emerg_dataset11/emerg_dataset11_91/emerg_dataset11_91.jpg,emerg_dataset11_91.jpg,emerg_dataset11,telechargement-34-_jpeg_jpg.rf.b1dcaffaf753d2dcd67042982e2611f5.jpg,e16851d2c714bd5cf8b91419a2b84475
Data/emerg_dataset11/emerg_dataset11_92/emerg_dataset11_92.jpg,emerg_dataset11_92.jpg,emerg_dataset11,telechargement-34-_jpeg_jpg.rf.d98235a7fd64aa81caf0d5b5bce2d9ea.jpg,8f3c8fd6195bab23f5e3d90959416789
Data/emerg_dataset11/emerg_dataset11_93/emerg_dataset11_93.jpg,emerg_dataset11_93.jpg,emerg_dataset11,telechargement-39-_jpeg_jpg.rf.38a0871ff8adddaf5f8577c7588678bb.jpg,a7181d99148db13601886fc7ea81055c
Data/emerg_dataset11/emerg_dataset11_94/emerg_dataset11_94.jpg,emerg_dataset11_94.jpg,emerg_dataset11,telechargement-42-_jpeg_jpg.rf.36f30be9371c25e2d95df93f13d31d26.jpg,8e47074e7a2025f556debda7b22d22dc
Data/emerg_dataset11/emerg_dataset11_95/emerg_dataset11_95.jpg,emerg_dataset11_95.jpg,emerg_dataset11,telechargement-42-_jpeg_jpg.rf.c435761012891cb3f5ae01bcfbf2df83.jpg,c2512c325cf50aff2ed6ccb13920d344
Data/emerg_dataset11/emerg_dataset11_96/emerg_dataset11_96.jpg,emerg_dataset11_96.jpg,emerg_dataset11,telechargement-47-_jpeg_jpg.rf.458fd6bf3da125085196a302630c4c72.jpg,4d649c27b25afba455d0c0e574f2dd28
Data/emerg_dataset11/emerg_dataset11_97/emerg_dataset11_97.jpg,emerg_dataset11_97.jpg,emerg_dataset11,telechargement-47-_jpeg_jpg.rf.a891f1230076039029941e6d5b4f827e.jpg,db0368da6bd380ce2b1cdfd13b9509de
Data/emerg_dataset11/emerg_dataset11_99/emerg_dataset11_99.jpg,emerg_dataset11_99.jpg,emerg_dataset11,telechargement-7-_jpeg_jpg.rf.67adcdae1b931aa8ea9532c954515907.jpg,e57182eb0988f224e61f85f23dc7ad3b
Data/emerg_dataset2/emerg_dataset2_1/emerg_dataset2_1.jpg,emerg_dataset2_1.jpg,emerg_dataset2,1_jpg.rf.27a0c982c517fc51389206960dcb8ea2.jpg,408f2294325892ee84d48844042031d3
Data/emerg_dataset2/emerg_dataset2_10/emerg_dataset2_10.jpg,emerg_dataset2_10.jpg,emerg_dataset2,snapshot_2023_03_29_13_52_35_jpg.rf.67ca6f35e34e338911e03033948de4ba.jpg,b45bd36fe875cdef3b34ab4af174f382
Data/emerg_dataset2/emerg_dataset2_100/emerg_dataset2_100.jpg,emerg_dataset2_100.jpg,emerg_dataset2,snapshot_2023_04_05_11_36_54_jpg.rf.2c1ab79aa3dea42248d72b2873cc430c.jpg,8e2a8b7904b4ddf9e5525af80296b3ac
Data/emerg_dataset2/emerg_dataset2_101/emerg_dataset2_101.jpg,emerg_dataset2_101.jpg,emerg_dataset2,snapshot_2023_04_05_11_47_39_jpg.rf.3e37a81dd5dce4b68ae705b8f6bb17c0.jpg,7406126c583122f0ccfb4bc731b9a10c
Data/emerg_dataset2/emerg_dataset2_103/emerg_dataset2_103.jpg,emerg_dataset2_103.jpg,emerg_dataset2,snapshot_2023_04_05_11_47_56_jpg.rf.b8a5720b8393a202101d8644bbb929bb.jpg,c190eabc7ad275b20bae23420717d3df
Data/emerg_dataset2/emerg_dataset2_105/emerg_dataset2_105.jpg,emerg_dataset2_105.jpg,emerg_dataset2,snapshot_2023_04_12_09_56_10_jpg.rf.660cc30b4c2f0a59d7393ac0f58703fc.jpg,c779d6d47e25263aa812396afbd6abda
Data/emerg_dataset2/emerg_dataset2_106/emerg_dataset2_106.jpg,emerg_dataset2_106.jpg,emerg_dataset2,snapshot_2023_04_12_09_56_13_jpg.rf.d2419530da40e24c8524b5156d287f8c.jpg,26195f32be72b9936606b8c05a82c615
Data/emerg_dataset2/emerg_dataset2_107/emerg_dataset2_107.jpg,emerg_dataset2_107.jpg,emerg_dataset2,snapshot_2023_04_12_09_56_20_jpg.rf.ed524a2e3ccdb29f8922e7bf0692b086.jpg,de070ccad18bd7a214507d30ddac76c8
Data/emerg_dataset2/emerg_dataset2_108/emerg_dataset2_108.jpg,emerg_dataset2_108.jpg,emerg_dataset2,snapshot_2023_04_12_09_56_27_jpg.rf.7c09d06fbcc68f9b5a300bba89bd53d8.jpg,e7ed541bba7e4a10364140f3cf3b943e
Data/emerg_dataset2/emerg_dataset2_109/emerg_dataset2_109.jpg,emerg_dataset2_109.jpg,emerg_dataset2,snapshot_2023_04_12_09_56_34_jpg.rf.4e4e0b8ca18ede17055a5ab924cf52d7.jpg,e3026ffcaaa9882a5c3b3cd8201738d9
Data/emerg_dataset2/emerg_dataset2_11/emerg_dataset2_11.jpg,emerg_dataset2_11.jpg,emerg_dataset2,snapshot_2023_03_29_13_53_01_jpg.rf.acbee755846b79a78d2b697af7a5edd7.jpg,70b5d81d823185f3a51214f97de85af8
Data/emerg_dataset2/emerg_dataset2_110/emerg_dataset2_110.jpg,emerg_dataset2_110.jpg,emerg_dataset2,snapshot_2023_04_12_09_56_50_jpg.rf.f6e57ff38a3fc7de452ad66ddf03bb64.jpg,ffcd38e9c2f59a2b49e12926f868c028
Data/emerg_dataset2/emerg_dataset2_111/emerg_dataset2_111.jpg,emerg_dataset2_111.jpg,emerg_dataset2,snapshot_2023_04_12_09_57_01_jpg.rf.c588edc11b0e3918beb947990aea2f04.jpg,f607584863dfe8eff4c63bea15273c50
Data/emerg_dataset2/emerg_dataset2_112/emerg_dataset2_112.jpg,emerg_dataset2_112.jpg,emerg_dataset2,snapshot_2023_04_12_09_57_32_jpg.rf.0b012fb098d65341246748d4b572fc89.jpg,9b315b79ef17077d167934fbe55690e1
Data/emerg_dataset2/emerg_dataset2_114/emerg_dataset2_114.jpg,emerg_dataset2_114.jpg,emerg_dataset2,snapshot_2023_04_12_09_57_45_jpg.rf.03e1dcc2b2a21465a3d97c18deaa854b.jpg,13e498c2f0471c72f9469ff7494a8ad3
Data/emerg_dataset2/emerg_dataset2_115/emerg_dataset2_115.jpg,emerg_dataset2_115.jpg,emerg_dataset2,snapshot_2023_04_12_09_57_51_jpg.rf.766dd0b5e5769766af7538cf1e4b1ac8.jpg,c909f2462afbf6ca194abb93e36c82c6
Data/emerg_dataset2/emerg_dataset2_116/emerg_dataset2_116.jpg,emerg_dataset2_116.jpg,emerg_dataset2,snapshot_2023_04_12_09_57_55_jpg.rf.e9c32806fa4a0a60caf96ba7d97c545e.jpg,0395d586e8b50ec93a72fab433a161b4
Data/emerg_dataset2/emerg_dataset2_117/emerg_dataset2_117.jpg,emerg_dataset2_117.jpg,emerg_dataset2,snapshot_2023_04_12_09_58_12_jpg.rf.1c61e9acd30baff03f04944da083677b.jpg,8984878e0e7310a84d4d353e33cf5125
Data/emerg_dataset2/emerg_dataset2_118/emerg_dataset2_118.jpg,emerg_dataset2_118.jpg,emerg_dataset2,snapshot_2023_04_12_09_58_53-1-_jpg.rf.8fd128e3428674c13160a10ebf5e4afc.jpg,730ffe314ea8073708f65ebea8c4c33c
Data/emerg_dataset2/emerg_dataset2_12/emerg_dataset2_12.jpg,emerg_dataset2_12.jpg,emerg_dataset2,snapshot_2023_03_29_13_53_05_jpg.rf.3970591a3e730cbaa03612f4b308f8f4.jpg,9c1b8a296d821e43096009c29656fe4a
Data/emerg_dataset2/emerg_dataset2_120/emerg_dataset2_120.jpg,emerg_dataset2_120.jpg,emerg_dataset2,snapshot_2023_04_12_09_59_06_jpg.rf.5c5472a6f2e42d6b893d383615311ef9.jpg,510643579e228886336bb39ab897e5a9
Data/emerg_dataset2/emerg_dataset2_121/emerg_dataset2_121.jpg,emerg_dataset2_121.jpg,emerg_dataset2,snapshot_2023_04_12_09_59_15_jpg.rf.27a0194620760ae6f282f8c11a9bea3f.jpg,1e3b9f96fc581569200ce5b230003931
Data/emerg_dataset2/emerg_dataset2_123/emerg_dataset2_123.jpg,emerg_dataset2_123.jpg,emerg_dataset2,snapshot_2023_04_12_10_00_00_jpg.rf.bb0af99d349adc932b5016ffb1e2f220.jpg,c8850d1fa780b2a1cecb8becbd4b28c2
Data/emerg_dataset2/emerg_dataset2_124/emerg_dataset2_124.jpg,emerg_dataset2_124.jpg,emerg_dataset2,snapshot_2023_04_12_10_00_48_jpg.rf.578f2b093f7da9755883ab5f6cf1154f.jpg,dc832cdb7e7372d809e55b5412f59315
Data/emerg_dataset2/emerg_dataset2_125/emerg_dataset2_125.jpg,emerg_dataset2_125.jpg,emerg_dataset2,snapshot_2023_04_12_10_01_44_jpg.rf.de144852862ce610c43d1d41c2a6b8a0.jpg,498a205c0abaf478058f00f5a163e787
Data/emerg_dataset2/emerg_dataset2_127/emerg_dataset2_127.jpg,emerg_dataset2_127.jpg,emerg_dataset2,snapshot_2023_04_12_10_05_35_jpg.rf.5c7dbb54aa03650e1dc5312a3fa44384.jpg,cc7c8de993a6e3580a2dbf722ae94a9e
Data/emerg_dataset2/emerg_dataset2_128/emerg_dataset2_128.jpg,emerg_dataset2_128.jpg,emerg_dataset2,snapshot_2023_04_12_10_06_00_jpg.rf.9901f9d17e3e4486d199693254916b8a.jpg,878fe06155e0d917becc05f2c87ce199
Data/emerg_dataset2/emerg_dataset2_129/emerg_dataset2_129.jpg,emerg_dataset2_129.jpg,emerg_dataset2,snapshot_2023_04_12_10_06_29_jpg.rf.e750c37b9a1714d367150ada1567bc5f.jpg,1cdf26294daec8a26e9c213fdf2d1f9f
Data/emerg_dataset2/emerg_dataset2_13/emerg_dataset2_13.jpg,emerg_dataset2_13.jpg,emerg_dataset2,snapshot_2023_03_29_13_53_13_jpg.rf.92cbf51bf5c2bf9c09164f13bfc24ebb.jpg,f83a0c80a9a47165cbecb286795fb1f2
Data/emerg_dataset2/emerg_dataset2_130/emerg_dataset2_130.jpg,emerg_dataset2_130.jpg,emerg_dataset2,snapshot_2023_04_12_10_06_46_jpg.rf.aa5322fe827d121a359db8fafba11a57.jpg,530b377f9f88cf40203d1fb6b5b39342
Data/emerg_dataset2/emerg_dataset2_131/emerg_dataset2_131.jpg,emerg_dataset2_131.jpg,emerg_dataset2,snapshot_2023_04_12_10_07_02_jpg.rf.eef1aea592161c6c615f0a46644c81ce.jpg,c0efcffeffaa2b8efd35aaca40768427
Data/emerg_dataset2/emerg_dataset2_132/emerg_dataset2_132.jpg,emerg_dataset2_132.jpg,emerg_dataset2,snapshot_2023_04_12_10_08_28_jpg.rf.cd47bba9394a1d54a8339a9b29ab0cff.jpg,60a656ea2897dc1e6ec2fa6425d1b432
Data/emerg_dataset2/emerg_dataset2_135/emerg_dataset2_135.jpg,emerg_dataset2_135.jpg,emerg_dataset2,snapshot_2023_04_12_10_16_40_jpg.rf.7c73374a526da7edeaaa89e0c8fe245b.jpg,e44326ce9e33ff9533345e7723a92a85
Data/emerg_dataset2/emerg_dataset2_136/emerg_dataset2_136.jpg,emerg_dataset2_136.jpg,emerg_dataset2,snapshot_2023_04_12_10_16_48_jpg.rf.0d25b02a1ee945fb0ec7fabc92689166.jpg,7face09f606e5c02289e6046abcf91a0
Data/emerg_dataset2/emerg_dataset2_137/emerg_dataset2_137.jpg,emerg_dataset2_137.jpg,emerg_dataset2,snapshot_2023_04_12_10_18_53_jpg.rf.ce9cf967fe316012663a70444995630e.jpg,3094cae51dcc91ea20e33ff76aa62fb4
Data/emerg_dataset2/emerg_dataset2_14/emerg_dataset2_14.jpg,emerg_dataset2_14.jpg,emerg_dataset2,snapshot_2023_03_29_13_53_19_jpg.rf.796e865a20c94ce66b8e3dd1237e0d90.jpg,9fdc3c173c0e0190f1fbdf6f65b08be9
Data/emerg_dataset2/emerg_dataset2_140/emerg_dataset2_140.jpg,emerg_dataset2_140.jpg,emerg_dataset2,snapshot_2023_04_12_10_19_13_jpg.rf.1198fe7dc55f8807f64e6203f9ac4636.jpg,187582cbb5462edf068e080073d9ab90
Data/emerg_dataset2/emerg_dataset2_141/emerg_dataset2_141.jpg,emerg_dataset2_141.jpg,emerg_dataset2,snapshot_2023_04_12_10_19_14_jpg.rf.0be48a4023e33cdbe5dccf30c620b63c.jpg,e669032893a6ce4d39e005caff2a83cb
Data/emerg_dataset2/emerg_dataset2_142/emerg_dataset2_142.jpg,emerg_dataset2_142.jpg,emerg_dataset2,snapshot_2023_04_12_10_19_19_jpg.rf.e412c5055398c672baf0935ce6d348ac.jpg,02f4466eedabcd8498fe313267109653
Data/emerg_dataset2/emerg_dataset2_143/emerg_dataset2_143.jpg,emerg_dataset2_143.jpg,emerg_dataset2,snapshot_2023_04_12_10_19_27_jpg.rf.cfb3df89e1f006defbf373dd93057ad5.jpg,d6d33e472acfedac1bdbd767706a3b0c
Data/emerg_dataset2/emerg_dataset2_144/emerg_dataset2_144.jpg,emerg_dataset2_144.jpg,emerg_dataset2,snapshot_2023_04_12_10_19_44_jpg.rf.4e399637932a6a163eeb57dd408f150c.jpg,8a7d26d718e9df2806812afca9580a28
Data/emerg_dataset2/emerg_dataset2_145/emerg_dataset2_145.jpg,emerg_dataset2_145.jpg,emerg_dataset2,snapshot_2023_04_12_10_19_58_jpg.rf.9d7723f0c82e361a955ed23dd0b5cc0a.jpg,6bbc91f8e97f6f29956bccc5ea4a2fe7
Data/emerg_dataset2/emerg_dataset2_146/emerg_dataset2_146.jpg,emerg_dataset2_146.jpg,emerg_dataset2,snapshot_2023_04_12_10_20_11_jpg.rf.29aa14e6607bbd56e3bd29033f4e1a5d.jpg,1bf3a7980b27a35768cacad2c207ba7c
Data/emerg_dataset2/emerg_dataset2_15/emerg_dataset2_15.jpg,emerg_dataset2_15.jpg,emerg_dataset2,snapshot_2023_03_29_13_53_25_jpg.rf.09a3d78f93397b097dcfca9cc293c37c.jpg,a724145fcaebbe5b242be2f487b690e2
Data/emerg_dataset2/emerg_dataset2_150/emerg_dataset2_150.jpg,emerg_dataset2_150.jpg,emerg_dataset2,snapshot_2023_04_12_10_20_34_jpg.rf.16b15195e8a8bd2eafa6a00fdb8da815.jpg,dcbfb858c7a383e8b53eee4ad42ddd27
Data/emerg_dataset2/emerg_dataset2_151/emerg_dataset2_151.jpg,emerg_dataset2_151.jpg,emerg_dataset2,snapshot_2023_04_12_10_20_38_jpg.rf.cc77d309f533f2a91cb30fada37c9554.jpg,1e91c3c3c739636a545b4ee1bde6bf2f
Data/emerg_dataset2/emerg_dataset2_152/emerg_dataset2_152.jpg,emerg_dataset2_152.jpg,emerg_dataset2,snapshot_2023_04_12_10_21_19_jpg.rf.3ef88382b80d7de9ab8f80b63941dce5.jpg,559d226110e06414557cca750b49d873
Data/emerg_dataset2/emerg_dataset2_154/emerg_dataset2_154.jpg,emerg_dataset2_154.jpg,emerg_dataset2,snapshot_2023_04_12_10_21_27_jpg.rf.07e79ff628c946825894f5efe9aa2624.jpg,ffb2dda7bf8bb339d5d4b25fbc24e620
Data/emerg_dataset2/emerg_dataset2_155/emerg_dataset2_155.jpg,emerg_dataset2_155.jpg,emerg_dataset2,snapshot_2023_04_12_10_22_51_jpg.rf.3dfa7c35457274e808d0eaef6118cd94.jpg,ff5839b49885f7ba93ad12dff587940c
Data/emerg_dataset2/emerg_dataset2_156/emerg_dataset2_156.jpg,emerg_dataset2_156.jpg,emerg_dataset2,snapshot_2023_04_12_10_24_42_jpg.rf.9f1e320d8c9b777668975daa36b2efb1.jpg,6ccdeda7a6bf0aa33807b28f8cd5fcd1
Data/emerg_dataset2/emerg_dataset2_157/emerg_dataset2_157.jpg,emerg_dataset2_157.jpg,emerg_dataset2,snapshot_2023_04_12_10_25_05_jpg.rf.4f6d7c8940c0b38eb2f478d51681269c.jpg,dfe029cd047228c36a957f43ccac0d3b
Data/emerg_dataset2/emerg_dataset2_158/emerg_dataset2_158.jpg,emerg_dataset2_158.jpg,emerg_dataset2,snapshot_2023_04_12_10_25_12_jpg.rf.746a991c1215a3d122375e3c1138ad06.jpg,9ec94874633ffbe5a8a49eb9a9f30b6e
Data/emerg_dataset2/emerg_dataset2_159/emerg_dataset2_159.jpg,emerg_dataset2_159.jpg,emerg_dataset2,snapshot_2023_04_12_10_25_17_jpg.rf.f2a18123320a32a4284169b5dd610666.jpg,7f3acec62beb78211f3f6159517c5786
Data/emerg_dataset2/emerg_dataset2_16/emerg_dataset2_16.jpg,emerg_dataset2_16.jpg,emerg_dataset2,snapshot_2023_03_29_13_53_38_jpg.rf.af03a866e548163466e8a444482d7a4f.jpg,21f393b95f26814df0c71e07e69dd071
Data/emerg_dataset2/emerg_dataset2_160/emerg_dataset2_160.jpg,emerg_dataset2_160.jpg,emerg_dataset2,snapshot_2023_04_12_10_26_28_jpg.rf.acd6cc18cbc839aeb0c844bb279a9ff6.jpg,52c336496e5ca9067095387377db6c5c
Data/emerg_dataset2/emerg_dataset2_162/emerg_dataset2_162.jpg,emerg_dataset2_162.jpg,emerg_dataset2,snapshot_2023_04_12_10_26_46_jpg.rf.921607c365e999803af93f5330d8e4d3.jpg,2fbc31d72cf0a2e82e5696715f927da7
Data/emerg_dataset2/emerg_dataset2_163/emerg_dataset2_163.jpg,emerg_dataset2_163.jpg,emerg_dataset2,snapshot_2023_04_12_10_26_59_jpg.rf.24cf1292db778a1aa3312a767a07c738.jpg,c95138fb24347bcd278d4df068a1eb77
Data/emerg_dataset2/emerg_dataset2_166/emerg_dataset2_166.jpg,emerg_dataset2_166.jpg,emerg_dataset2,snapshot_2023_04_12_10_27_21_jpg.rf.492c78c07c71360740944a9e3afb7dc0.jpg,2c4ee2903ba5b5d0639d2025b123544d
Data/emerg_dataset2/emerg_dataset2_168/emerg_dataset2_168.jpg,emerg_dataset2_168.jpg,emerg_dataset2,snapshot_2023_04_12_14_07_53_jpg.rf.2b954f44c0258bd6a70e3dac336c9f0b.jpg,dc918b5bba63882eea0dea34de374deb
Data/emerg_dataset2/emerg_dataset2_169/emerg_dataset2_169.jpg,emerg_dataset2_169.jpg,emerg_dataset2,snapshot_2023_04_12_14_07_58_jpg.rf.573e8be1f3ae8ae32d5cefb08c405a9a.jpg,6aa65eeaec008209b098bdaaa20f55d8
Data/emerg_dataset2/emerg_dataset2_17/emerg_dataset2_17.jpg,emerg_dataset2_17.jpg,emerg_dataset2,snapshot_2023_03_29_13_53_45_jpg.rf.9edc9e7ecdd0f2b331be07b62f95d8d7.jpg,618d353ee701a89924d7e6fe5b4b9344
Data/emerg_dataset2/emerg_dataset2_170/emerg_dataset2_170.jpg,emerg_dataset2_170.jpg,emerg_dataset2,snapshot_2023_04_12_14_08_00_jpg.rf.4ae51bdcb20214730f8189140c895df5.jpg,f55be3d12987685d0518e72cc4917976
Data/emerg_dataset2/emerg_dataset2_171/emerg_dataset2_171.jpg,emerg_dataset2_171.jpg,emerg_dataset2,snapshot_2023_04_12_14_08_03_jpg.rf.fd310d52b13c736c305cc61a719fb765.jpg,8e4c971b518d64118ba99ddf73c6e10b
Data/emerg_dataset2/emerg_dataset2_172/emerg_dataset2_172.jpg,emerg_dataset2_172.jpg,emerg_dataset2,snapshot_2023_04_12_14_08_05_jpg.rf.76d1309ecb0a2e39896903513af928fe.jpg,c98f3de3f3457a81190622f689e7f72a
Data/emerg_dataset2/emerg_dataset2_173/emerg_dataset2_173.jpg,emerg_dataset2_173.jpg,emerg_dataset2,snapshot_2023_04_12_14_08_07_jpg.rf.1aed8834215d8a2c39b444bce00e1d4e.jpg,fe4eb6c7dcf2d12412d2e31b9beaaac7
Data/emerg_dataset2/emerg_dataset2_174/emerg_dataset2_174.jpg,emerg_dataset2_174.jpg,emerg_dataset2,snapshot_2023_04_12_14_08_12_jpg.rf.44a93c69b3a7142cf71de27b148c2978.jpg,63a06c613d0f338894a43a1d0968ed0a
Data/emerg_dataset2/emerg_dataset2_178/emerg_dataset2_178.jpg,emerg_dataset2_178.jpg,emerg_dataset2,snapshot_2023_04_12_14_08_32_jpg.rf.ed6600d88347d20701e71715a79d121a.jpg,900a05c9faee28818366f0bb94a1b2db
Data/emerg_dataset2/emerg_dataset2_18/emerg_dataset2_18.jpg,emerg_dataset2_18.jpg,emerg_dataset2,snapshot_2023_03_29_13_53_51_jpg.rf.5f6fd52174fc2d645663cb28bfe6feff.jpg,0b99e26c7315616d7ba8365780636bcf
Data/emerg_dataset2/emerg_dataset2_182/emerg_dataset2_182.jpg,emerg_dataset2_182.jpg,emerg_dataset2,snapshot_2023_04_12_14_08_38_jpg.rf.0d93b06a9b9ef2f0f9db17f33e2ec510.jpg,b1d7f1076feab12437d73d5200047cb6
Data/emerg_dataset2/emerg_dataset2_189/emerg_dataset2_189.jpg,emerg_dataset2_189.jpg,emerg_dataset2,snapshot_2023_04_12_14_08_52_jpg.rf.2bd35325d43220bddbdc1e48dfe482e1.jpg,6306d9fde75d1fb045b8e33d294fe6dc
Data/emerg_dataset2/emerg_dataset2_19/emerg_dataset2_19.jpg,emerg_dataset2_19.jpg,emerg_dataset2,snapshot_2023_03_29_13_54_01_jpg.rf.47037aae61c30f6ac8c3173ed3f9dd7f.jpg,52108c8977d84b437ea5dafdd02df5c9
Data/emerg_dataset2/emerg_dataset2_195/emerg_dataset2_195.jpg,emerg_dataset2_195.jpg,emerg_dataset2,snapshot_2023_04_12_14_09_09_jpg.rf.a875366ff3ad0f665cabfe710317192b.jpg,3483c343ce1be28fd4a0fb75e0f648f6
Data/emerg_dataset2/emerg_dataset2_196/emerg_dataset2_196.jpg,emerg_dataset2_196.jpg,emerg_dataset2,snapshot_2023_04_19_13_29_08_jpg.rf.3bc79c272a8b05c521051cfcef6c6d0e.jpg,b9fe57cae839338a33cd53d35a8f1d5b
Data/emerg_dataset2/emerg_dataset2_197/emerg_dataset2_197.jpg,emerg_dataset2_197.jpg,emerg_dataset2,snapshot_2023_04_19_13_29_14_jpg.rf.3698f829156467049a82399cce77867d.jpg,3d9f5bdf565b7c3a59d0cc6c8e6623a8
Data/emerg_dataset2/emerg_dataset2_199/emerg_dataset2_199.jpg,emerg_dataset2_199.jpg,emerg_dataset2,snapshot_2023_04_19_13_30_04_jpg.rf.58df3fbbf305c55931e84d555d5bb02d.jpg,4061d6a9ba626f8994882fc680069165
Data/emerg_dataset2/emerg_dataset2_20/emerg_dataset2_20.jpg,emerg_dataset2_20.jpg,emerg_dataset2,snapshot_2023_03_29_13_54_14_jpg.rf.1132be46bba7ab7317414876d0ec1aee.jpg,7a9a0c91504c56baa109abedfec4215a
Data/emerg_dataset2/emerg_dataset2_200/emerg_dataset2_200.jpg,emerg_dataset2_200.jpg,emerg_dataset2,snapshot_2023_04_19_13_31_03_jpg.rf.370ae0c02739f2f00cff4a7b0e04396f.jpg,17add5764dc81d78c557daedb7f0b82e
Data/emerg_dataset2/emerg_dataset2_201/emerg_dataset2_201.jpg,emerg_dataset2_201.jpg,emerg_dataset2,snapshot_2023_04_19_13_34_50_jpg.rf.f967f4bca88869ae00c33376171521ed.jpg,24057c1170c094cc1636e2ddcb49f5aa
Data/emerg_dataset2/emerg_dataset2_202/emerg_dataset2_202.jpg,emerg_dataset2_202.jpg,emerg_dataset2,snapshot_2023_04_19_13_35_47_jpg.rf.f3ff259509acf6398281972c72bf6021.jpg,14c2833dc89c9ed0a99784734d6582f3
Data/emerg_dataset2/emerg_dataset2_204/emerg_dataset2_204.jpg,emerg_dataset2_204.jpg,emerg_dataset2,snapshot_2023_04_19_13_43_34_jpg.rf.fd31307faa0c90713126e461710ef33d.jpg,f4a7a6904e76219edbf15494329dfcdf
Data/emerg_dataset2/emerg_dataset2_207/emerg_dataset2_207.jpg,emerg_dataset2_207.jpg,emerg_dataset2,snapshot_2023_05_12_13_45_10-jpg_jpg.rf.23d8f06d17e960e0b1800151ee617313.jpg,050410ba06bf7e13d6462e4b5a3d55fe
Data/emerg_dataset2/emerg_dataset2_208/emerg_dataset2_208.jpg,emerg_dataset2_208.jpg,emerg_dataset2,snapshot_2023_05_12_13_45_13-jpg_jpg.rf.c91afab7cbe6ab22032fcdf6a490eac1.jpg,71fee187e11f9d04129215252209ec6c
Data/emerg_dataset2/emerg_dataset2_209/emerg_dataset2_209.jpg,emerg_dataset2_209.jpg,emerg_dataset2,snapshot_2023_05_12_13_46_18-jpg_jpg.rf.c77c9adbcfab9a86b437e0aeb02797db.jpg,72d5b2cf0dc6006eb2d230cbacb27df6
Data/emerg_dataset2/emerg_dataset2_21/emerg_dataset2_21.jpg,emerg_dataset2_21.jpg,emerg_dataset2,snapshot_2023_03_29_13_54_17_jpg.rf.ced0abb1194650e384780905cca6490e.jpg,4fbf1f96cfee0844e4c8e9ce6298ee10
Data/emerg_dataset2/emerg_dataset2_210/emerg_dataset2_210.jpg,emerg_dataset2_210.jpg,emerg_dataset2,snapshot_2023_05_12_13_46_25-jpg_jpg.rf.1630eb5098b5a3ce0906254da5218bc3.jpg,b7c8001805384e2b3cbf7041e348d325
Data/emerg_dataset2/emerg_dataset2_211/emerg_dataset2_211.jpg,emerg_dataset2_211.jpg,emerg_dataset2,snapshot_2023_05_12_13_46_33-1-jpg_jpg.rf.e567d54cbdf31bebba10642fdf68a397.jpg,7c572ce1e5ade941c0a97af4aacc09dc
Data/emerg_dataset2/emerg_dataset2_212/emerg_dataset2_212.jpg,emerg_dataset2_212.jpg,emerg_dataset2,snapshot_2023_05_12_13_46_33-jpg_jpg.rf.0e213cb72eaa0e98b8398d275761aa68.jpg,614335664ad466922e5456f6e6138145
Data/emerg_dataset2/emerg_dataset2_213/emerg_dataset2_213.jpg,emerg_dataset2_213.jpg,emerg_dataset2,snapshot_2023_05_12_13_46_38-jpg_jpg.rf.403f24c58711a3f9fe346a1c7fd6bd8c.jpg,985db7c03f0099a48991276861afc3c2
Data/emerg_dataset2/emerg_dataset2_214/emerg_dataset2_214.jpg,emerg_dataset2_214.jpg,emerg_dataset2,snapshot_2023_05_12_13_46_41-jpg_jpg.rf.c25d9e3b2cccfb21c00c196e9b047d34.jpg,9deb27efb5f1dd5d6c1fd20f81e43e04
Data/emerg_dataset2/emerg_dataset2_215/emerg_dataset2_215.jpg,emerg_dataset2_215.jpg,emerg_dataset2,snapshot_2023_05_12_13_46_43-jpg_jpg.rf.f89c743fae60242d486be065dc2fd44c.jpg,3e9f226d98c67b4084fdf39e62555d1a
Data/emerg_dataset2/emerg_dataset2_216/emerg_dataset2_216.jpg,emerg_dataset2_216.jpg,emerg_dataset2,snapshot_2023_05_12_13_46_47-jpg_jpg.rf.9e135d221f2aae4e87679a1e8bbd37c6.jpg,27d14cc7e2669fe8ee3e283d2e716200
Data/emerg_dataset2/emerg_dataset2_218/emerg_dataset2_218.jpg,emerg_dataset2_218.jpg,emerg_dataset2,snapshot_2023_05_12_13_46_53-jpg_jpg.rf.3294debe0af176368f498d580130168f.jpg,a0818e6868c40e13ba5e7f4d2feaf710
Data/emerg_dataset2/emerg_dataset2_219/emerg_dataset2_219.jpg,emerg_dataset2_219.jpg,emerg_dataset2,snapshot_2023_05_12_13_46_56-jpg_jpg.rf.6e248f7ba13ae5227df1f3331adb5ab8.jpg,03c749770ad60c1c575e0b10dce601e3
Data/emerg_dataset2/emerg_dataset2_22/emerg_dataset2_22.jpg,emerg_dataset2_22.jpg,emerg_dataset2,snapshot_2023_03_29_13_54_20_jpg.rf.df53789ad0039e6fb2eaf77c698cb326.jpg,7152ff27a80f15bd053525947cfd330b
Data/emerg_dataset2/emerg_dataset2_220/emerg_dataset2_220.jpg,emerg_dataset2_220.jpg,emerg_dataset2,snapshot_2023_05_12_13_47_00-jpg_jpg.rf.69a6cf0f0fa9695e8fe9eba6d194da7c.jpg,522d7efc0f668b64ca8afff360b76782
Data/emerg_dataset2/emerg_dataset2_221/emerg_dataset2_221.jpg,emerg_dataset2_221.jpg,emerg_dataset2,snapshot_2023_05_12_13_47_08-jpg_jpg.rf.bdfd1bd55a373ef06be26bcb7d47f477.jpg,0f6c0d5efc3a4601f573641c04b92ba6
Data/emerg_dataset2/emerg_dataset2_222/emerg_dataset2_222.jpg,emerg_dataset2_222.jpg,emerg_dataset2,snapshot_2023_05_12_13_47_17-jpg_jpg.rf.8c1e2a86fdb8bbae8557271a6115a7fd.jpg,e06ac59fa56daaef901ec0b0ce1d2036
Data/emerg_dataset2/emerg_dataset2_223/emerg_dataset2_223.jpg,emerg_dataset2_223.jpg,emerg_dataset2,snapshot_2023_05_12_13_47_25-jpg_jpg.rf.2a29da80009911c7735ec0fc1702c071.jpg,e999965de65d64823f4977500b40649a
Data/emerg_dataset2/emerg_dataset2_224/emerg_dataset2_224.jpg,emerg_dataset2_224.jpg,emerg_dataset2,snapshot_2023_05_12_13_47_36-jpg_jpg.rf.900a35f27dc9d7b42628498561af9e33.jpg,53635a3a39f6f35c4f2ed61c94c5dca9
Data/emerg_dataset2/emerg_dataset2_225/emerg_dataset2_225.jpg,emerg_dataset2_225.jpg,emerg_dataset2,snapshot_2023_05_12_13_47_41-jpg_jpg.rf.5dc7ce6f486aae2df280425082ac1000.jpg,28300aa93e021f8d1fdd4f07b7bdbda8
Data/emerg_dataset2/emerg_dataset2_226/emerg_dataset2_226.jpg,emerg_dataset2_226.jpg,emerg_dataset2,snapshot_2023_05_12_13_47_48-jpg_jpg.rf.0e09b8bfd8c4f244e2f343202eaa541a.jpg,f96d506c91d64d2b7f623172fa9c91fb
Data/emerg_dataset2/emerg_dataset2_23/emerg_dataset2_23.jpg,emerg_dataset2_23.jpg,emerg_dataset2,snapshot_2023_03_29_13_54_28_jpg.rf.73bb74874541dd1f625748c5835710e2.jpg,c2c601e2ea763625b4e57a1efe1b8848
Data/emerg_dataset2/emerg_dataset2_233/emerg_dataset2_233.jpg,emerg_dataset2_233.jpg,emerg_dataset2,snapshot_2023_05_12_13_48_10-jpg_jpg.rf.5006d56e52deae6430e6c2b6f9092de5.jpg,59a02d0532b2eaaa18dc769ddb8e31c1
Data/emerg_dataset2/emerg_dataset2_234/emerg_dataset2_234.jpg,emerg_dataset2_234.jpg,emerg_dataset2,snapshot_2023_05_12_13_48_18-jpg_jpg.rf.8e95f2e0b7c957ed0d326fa1bca0ae23.jpg,57796f872a9c128b66c96748f81efba1
Data/emerg_dataset2/emerg_dataset2_235/emerg_dataset2_235.jpg,emerg_dataset2_235.jpg,emerg_dataset2,snapshot_2023_05_12_13_48_32-jpg_jpg.rf.3ab7ad709cb2f1fe415f62ee2d6b092c.jpg,4cfc82027df0b6d6ebc729d276c3fced
Data/emerg_dataset2/emerg_dataset2_236/emerg_dataset2_236.jpg,emerg_dataset2_236.jpg,emerg_dataset2,snapshot_2023_05_12_13_48_50-jpg_jpg.rf.33ce1f4664594f04b927655ab6a0dfc9.jpg,652d727f0b54a2ac2754155d4c8da211
Data/emerg_dataset2/emerg_dataset2_238/emerg_dataset2_238.jpg,emerg_dataset2_238.jpg,emerg_dataset2,snapshot_2023_05_12_13_49_05-jpg_jpg.rf.63524ba51fb75150f57f260c97d8622c.jpg,6b5553caf7d5e8c836afb73d49f90480
Data/emerg_dataset2/emerg_dataset2_239/emerg_dataset2_239.jpg,emerg_dataset2_239.jpg,emerg_dataset2,snapshot_2023_05_12_13_49_08-jpg_jpg.rf.ba034aae6887bc23dff08bb18db9e433.jpg,904dd38f70c8ba9cc436810327d3f619
Data/emerg_dataset2/emerg_dataset2_24/emerg_dataset2_24.jpg,emerg_dataset2_24.jpg,emerg_dataset2,snapshot_2023_03_29_13_54_36_jpg.rf.637aea97a6dbf2862061c15b9f88cae6.jpg,a281681da6c755efad81f7dd9b73a5de
Data/emerg_dataset2/emerg_dataset2_241/emerg_dataset2_241.jpg,emerg_dataset2_241.jpg,emerg_dataset2,snapshot_2023_05_12_13_49_15-jpg_jpg.rf.440336001100d0e843995635f63737d4.jpg,bf047ce210fdd5d15620a184ed7fc0bf
Data/emerg_dataset2/emerg_dataset2_244/emerg_dataset2_244.jpg,emerg_dataset2_244.jpg,emerg_dataset2,snapshot_2023_05_12_13_49_39-jpg_jpg.rf.7361bf30462de614a2ab11ce54ac4bb9.jpg,aabd9ef2ef810c235177acc49dd4fe62
Data/emerg_dataset2/emerg_dataset2_245/emerg_dataset2_245.jpg,emerg_dataset2_245.jpg,emerg_dataset2,snapshot_2023_05_12_13_50_04-jpg_jpg.rf.748bbe900f7d1fc84eb3ee96cee31de4.jpg,7c4890b94c0bc1d204bfcc86fd3baf64
Data/emerg_dataset2/emerg_dataset2_246/emerg_dataset2_246.jpg,emerg_dataset2_246.jpg,emerg_dataset2,snapshot_2023_05_12_13_50_08-jpg_jpg.rf.1ef54b3d3456421ce601862c8ab0b97f.jpg,ce1deea2d2cfc407cd1d5f6a0ec583f2
Data/emerg_dataset2/emerg_dataset2_25/emerg_dataset2_25.jpg,emerg_dataset2_25.jpg,emerg_dataset2,snapshot_2023_03_29_13_54_45_jpg.rf.395a3f6113c9e004967af1242d4af671.jpg,413b425508f64a7191219d9dfd2fa66b
Data/emerg_dataset2/emerg_dataset2_250/emerg_dataset2_250.jpg,emerg_dataset2_250.jpg,emerg_dataset2,snapshot_2023_05_12_13_50_39-jpg_jpg.rf.61a887dcfd863fa5719687998290e7ba.jpg,33661672d20ddaf1c08a9207e88d1a22
Data/emerg_dataset2/emerg_dataset2_251/emerg_dataset2_251.jpg,emerg_dataset2_251.jpg,emerg_dataset2,snapshot_2023_05_12_13_51_17-jpg_jpg.rf.7d919ba975b12f296f234db4b371ec6b.jpg,23b45b19498ddb8cce737a88816be3ee
Data/emerg_dataset2/emerg_dataset2_252/emerg_dataset2_252.jpg,emerg_dataset2_252.jpg,emerg_dataset2,snapshot_2023_05_12_13_51_28-jpg_jpg.rf.4ef5717f7a4190d7037aa2be9d07bc24.jpg,d0a9bb950250408b7f74ab64e274df82
Data/emerg_dataset2/emerg_dataset2_254/emerg_dataset2_254.jpg,emerg_dataset2_254.jpg,emerg_dataset2,snapshot_2023_05_12_13_58_22-jpg_jpg.rf.60bdca88e885710dc2080f6337bc3eed.jpg,0d93f326a305dffea3eef06e48a6f866
Data/emerg_dataset2/emerg_dataset2_255/emerg_dataset2_255.jpg,emerg_dataset2_255.jpg,emerg_dataset2,snapshot_2023_05_12_13_58_37-jpg_jpg.rf.599d87d0f11a499f666e56d39e4ad0b1.jpg,f09d0d49622906fa9f3731f577ba26bc
Data/emerg_dataset2/emerg_dataset2_256/emerg_dataset2_256.jpg,emerg_dataset2_256.jpg,emerg_dataset2,snapshot_2023_05_12_13_59_50-jpg_jpg.rf.b6a93c19a1c5212c206c23e7d1b3323f.jpg,75d38faf6eb507aa8acf8810726c24ad
Data/emerg_dataset2/emerg_dataset2_258/emerg_dataset2_258.jpg,emerg_dataset2_258.jpg,emerg_dataset2,snapshot_2023_05_15_10_07_55-jpg_jpg.rf.33f64a1f356d99b760452290fb6485fb.jpg,da940f4ddad88e4a701ad987162089b9
Data/emerg_dataset2/emerg_dataset2_259/emerg_dataset2_259.jpg,emerg_dataset2_259.jpg,emerg_dataset2,snapshot_2023_05_15_10_08_16-jpg_jpg.rf.de31dff1b362615894f135652816d240.jpg,d2b542f747e9fa5e4167b158b429b5f0
Data/emerg_dataset2/emerg_dataset2_26/emerg_dataset2_26.jpg,emerg_dataset2_26.jpg,emerg_dataset2,snapshot_2023_03_29_13_54_56_jpg.rf.8aa44313c7748bc57fc52d8f00c630e5.jpg,c7dc19c3efaab10288bb04dcba68f0af
Data/emerg_dataset2/emerg_dataset2_260/emerg_dataset2_260.jpg,emerg_dataset2_260.jpg,emerg_dataset2,snapshot_2023_05_15_10_10_43-jpg_jpg.rf.2a3f7e6375e78d023afe9567f0bb972a.jpg,3d5c676f828b9903ae9b7feadfa0fd47
Data/emerg_dataset2/emerg_dataset2_261/emerg_dataset2_261.jpg,emerg_dataset2_261.jpg,emerg_dataset2,snapshot_2023_05_15_10_13_27-jpg_jpg.rf.633ab47374fba3bb9955f8a93ad56360.jpg,fc207ae4a40687e49b5af445df22d839
Data/emerg_dataset2/emerg_dataset2_264/emerg_dataset2_264.jpg,emerg_dataset2_264.jpg,emerg_dataset2,snapshot_2023_05_15_13_23_12-jpg_jpg.rf.fdf76b484c39569d9b18323f3526bb96.jpg,fc51369d11400d47b14abfc5411c27e2
Data/emerg_dataset2/emerg_dataset2_265/emerg_dataset2_265.jpg,emerg_dataset2_265.jpg,emerg_dataset2,snapshot_2023_05_15_13_23_21-jpg_jpg.rf.0a3576f9f09ece0432f97a5145a0ef2e.jpg,187fcae949c5a42d089ce8aeb709071e
Data/emerg_dataset2/emerg_dataset2_266/emerg_dataset2_266.jpg,emerg_dataset2_266.jpg,emerg_dataset2,snapshot_2023_05_15_14_10_08-jpg_jpg.rf.2b10c7fde1c8ae3cac8b6dd7de001eaa.jpg,5f785dc8f8184261e7773921a880cff1
Data/emerg_dataset2/emerg_dataset2_267/emerg_dataset2_267.jpg,emerg_dataset2_267.jpg,emerg_dataset2,snapshot_2023_05_15_14_10_14-jpg_jpg.rf.815bba4ac9942920ea74d8661e7af14a.jpg,c09c2f19c401b69fd4fb8160501710a8
Data/emerg_dataset2/emerg_dataset2_269/emerg_dataset2_269.jpg,emerg_dataset2_269.jpg,emerg_dataset2,snapshot_2023_05_16_13_07_04-jpg_jpg.rf.11a829a18e20b383f3cd45b11e440834.jpg,d951c055092ea8e0ebb9ba30640794e8
Data/emerg_dataset2/emerg_dataset2_27/emerg_dataset2_27.jpg,emerg_dataset2_27.jpg,emerg_dataset2,snapshot_2023_03_29_13_54_59_jpg.rf.7b6615fea5cf862a3227ea11e193d887.jpg,8c630a523d259cd3d30ec2eb90767ca1
Data/emerg_dataset2/emerg_dataset2_270/emerg_dataset2_270.jpg,emerg_dataset2_270.jpg,emerg_dataset2,snapshot_2023_05_16_13_07_06-jpg_jpg.rf.963730ed60859d406139a4b2d09754a9.jpg,0febbbcbb82e11d9f8a985984068c1b1
Data/emerg_dataset2/emerg_dataset2_271/emerg_dataset2_271.jpg,emerg_dataset2_271.jpg,emerg_dataset2,snapshot_2023_05_17_12_53_21-jpg_jpg.rf.43ed790054f80ff02070bbeb20e352bd.jpg,8adc2bff0af502b42e6b1a836122272d
Data/emerg_dataset2/emerg_dataset2_272/emerg_dataset2_272.jpg,emerg_dataset2_272.jpg,emerg_dataset2,snapshot_2023_05_17_12_53_29-jpg_jpg.rf.0cdb2e2144ab7cf4e3eeefef07f170e9.jpg,b0d14ef0563719e1c72e5752893f7d22
Data/emerg_dataset2/emerg_dataset2_279/emerg_dataset2_279.jpg,emerg_dataset2_279.jpg,emerg_dataset2,snapshot_2023_05_19_15_26_10-jpg_jpg.rf.b4fc91f83e485bf44366b064e9be8fde.jpg,25c447eedb9814a4765291f231269d69
Data/emerg_dataset2/emerg_dataset2_28/emerg_dataset2_28.jpg,emerg_dataset2_28.jpg,emerg_dataset2,snapshot_2023_03_29_13_55_48_jpg.rf.db81b4d7abaf121289073f71aecadf4f.jpg,58b0adebda0faa7f0832b429ed3b419e
Data/emerg_dataset2/emerg_dataset2_283/emerg_dataset2_283.jpg,emerg_dataset2_283.jpg,emerg_dataset2,snapshot_2023_05_19_15_26_59-jpg_jpg.rf.da298c7c7acc1f6451b22d3d42b43637.jpg,120dbbdeb80502dd35bad1425aaa177d
Data/emerg_dataset2/emerg_dataset2_284/emerg_dataset2_284.jpg,emerg_dataset2_284.jpg,emerg_dataset2,snapshot_2023_05_19_15_28_17-jpg_jpg.rf.c68249ed3f7c456667c0a4358f796c72.jpg,0abe565187fd2aa759f5cffeb5858519
Data/emerg_dataset2/emerg_dataset2_285/emerg_dataset2_285.jpg,emerg_dataset2_285.jpg,emerg_dataset2,snapshot_2023_05_19_15_28_44-jpg_jpg.rf.8112d6c5f035077568353af93a94c8c0.jpg,83abbc46284808f58e560c9f09ff00a2
Data/emerg_dataset2/emerg_dataset2_286/emerg_dataset2_286.jpg,emerg_dataset2_286.jpg,emerg_dataset2,snapshot_2023_05_19_15_30_23-jpg_jpg.rf.2b3b25afa8b0aca0e1f233b04920edf7.jpg,53c578eac199c0f4023fb4bc2709b5b4
Data/emerg_dataset2/emerg_dataset2_287/emerg_dataset2_287.jpg,emerg_dataset2_287.jpg,emerg_dataset2,snapshot_2023_05_19_15_30_42-jpg_jpg.rf.ddd04f0c223c41fb6cc94441a4c9579b.jpg,b62a2fa726f3679866f0e7466a0e5876
Data/emerg_dataset2/emerg_dataset2_29/emerg_dataset2_29.jpg,emerg_dataset2_29.jpg,emerg_dataset2,snapshot_2023_03_29_13_55_50_jpg.rf.23ae2de9704126abdbc71b91692a9b7f.jpg,e011230c4810bce83b39a5c074b4b822
Data/emerg_dataset2/emerg_dataset2_3/emerg_dataset2_3.jpg,emerg_dataset2_3.jpg,emerg_dataset2,snapshot_2023_03_27_11_25_39_jpg.rf.54dd862240770e6bebae1dccc1557385.jpg,d5c79af1a9adc6abc296d1ed4d319154
Data/emerg_dataset2/emerg_dataset2_30/emerg_dataset2_30.jpg,emerg_dataset2_30.jpg,emerg_dataset2,snapshot_2023_03_29_13_55_55_jpg.rf.b29ed06f3bda0229efb335422e630f04.jpg,d54f2919ddee0d69ab89ef19ecef093e
Data/emerg_dataset2/emerg_dataset2_31/emerg_dataset2_31.jpg,emerg_dataset2_31.jpg,emerg_dataset2,snapshot_2023_03_29_13_56_04_jpg.rf.44886e073e3e644c4c1b12620b94462f.jpg,e44c9fe27ca77e7e3f38aafb4e51a1fe
Data/emerg_dataset2/emerg_dataset2_32/emerg_dataset2_32.jpg,emerg_dataset2_32.jpg,emerg_dataset2,snapshot_2023_03_29_13_56_07_jpg.rf.4a063be9070bdcd61969cc07eb570e0f.jpg,404e554af04ef4fa3f9ca23009b24ddb
Data/emerg_dataset2/emerg_dataset2_33/emerg_dataset2_33.jpg,emerg_dataset2_33.jpg,emerg_dataset2,snapshot_2023_03_29_13_56_25_jpg.rf.e2bbd8203450cfa6c27798563ae45c7c.jpg,06f02108d8fd47bafd51de5cb99564c4
Data/emerg_dataset2/emerg_dataset2_34/emerg_dataset2_34.jpg,emerg_dataset2_34.jpg,emerg_dataset2,snapshot_2023_03_29_13_56_28_jpg.rf.9b3fc9b640da1d034066d84a76f909ff.jpg,551585034cfac5078e367a3bce1ccd1e
Data/emerg_dataset2/emerg_dataset2_35/emerg_dataset2_35.jpg,emerg_dataset2_35.jpg,emerg_dataset2,snapshot_2023_03_29_13_56_51_jpg.rf.5598f78bfb929d86954de56db4b441c9.jpg,c5fa9315d77ad82bb2ec06027ff96573
Data/emerg_dataset2/emerg_dataset2_36/emerg_dataset2_36.jpg,emerg_dataset2_36.jpg,emerg_dataset2,snapshot_2023_03_29_13_57_07_jpg.rf.86d78cdcd1cffe2c294fcf7d58c8b921.jpg,6b3e6128ad9a65372bdceb45405d60b1
Data/emerg_dataset2/emerg_dataset2_37/emerg_dataset2_37.jpg,emerg_dataset2_37.jpg,emerg_dataset2,snapshot_2023_03_29_13_57_13_jpg.rf.b28a533b531f5f22abe28d8bfb1d8e44.jpg,58588a70932f78f4e27eb5d461b84387
Data/emerg_dataset2/emerg_dataset2_38/emerg_dataset2_38.jpg,emerg_dataset2_38.jpg,emerg_dataset2,snapshot_2023_03_29_13_57_19_jpg.rf.58e4a97bc10b833f145ca20c25e13e3d.jpg,eb0d866749f6d15d9e8fa011f0d8dfba
Data/emerg_dataset2/emerg_dataset2_39/emerg_dataset2_39.jpg,emerg_dataset2_39.jpg,emerg_dataset2,snapshot_2023_03_29_13_57_47_jpg.rf.1712717624120490bd18bcad3f3bfe0c.jpg,37d909fa2401481c2a0283093e745aab
Data/emerg_dataset2/emerg_dataset2_4/emerg_dataset2_4.jpg,emerg_dataset2_4.jpg,emerg_dataset2,snapshot_2023_03_27_11_25_51_jpg.rf.a7a1374407d61f00dc5fb117aac105f7.jpg,97b2f57f79579f13b9311103e73c11ae
Data/emerg_dataset2/emerg_dataset2_40/emerg_dataset2_40.jpg,emerg_dataset2_40.jpg,emerg_dataset2,snapshot_2023_03_29_13_57_52_jpg.rf.cd7883b3ed60c8bb013123be3a2c37d7.jpg,ea27fda11856d79dba6716c603dac158
Data/emerg_dataset2/emerg_dataset2_41/emerg_dataset2_41.jpg,emerg_dataset2_41.jpg,emerg_dataset2,snapshot_2023_03_29_13_57_57_jpg.rf.87505fda643d3e1430cbd1685236e5a5.jpg,7c615eedb4999b688d9d433f4da60e15
Data/emerg_dataset2/emerg_dataset2_43/emerg_dataset2_43.jpg,emerg_dataset2_43.jpg,emerg_dataset2,snapshot_2023_03_29_13_58_21_jpg.rf.fbb4ac1b0e86fc261bdf4a326c3e5949.jpg,a735397cb9f131305868e72f76c28b46
Data/emerg_dataset2/emerg_dataset2_46/emerg_dataset2_46.jpg,emerg_dataset2_46.jpg,emerg_dataset2,snapshot_2023_03_29_13_58_49_jpg.rf.df876ba02b8b0014ed537e6809816e44.jpg,63baf3968cbf6bd3e229bd58ff0eaf5e
Data/emerg_dataset2/emerg_dataset2_47/emerg_dataset2_47.jpg,emerg_dataset2_47.jpg,emerg_dataset2,snapshot_2023_03_29_13_58_56_jpg.rf.cacd55ec397b31ca7e9cae118e1f5b62.jpg,9fdc4a963dd52d7371501e93d468bb1f
Data/emerg_dataset2/emerg_dataset2_5/emerg_dataset2_5.jpg,emerg_dataset2_5.jpg,emerg_dataset2,snapshot_2023_03_27_11_25_55_jpg.rf.d5eedbc8d7f63063ce3d59511f9560dd.jpg,d42754df087c5889c84786b274d206f8
Data/emerg_dataset2/emerg_dataset2_52/emerg_dataset2_52.jpg,emerg_dataset2_52.jpg,emerg_dataset2,snapshot_2023_03_29_14_00_08_jpg.rf.793dad80947a328bc5ac777537aa240e.jpg,dcb924009d78bdd07b6a43cd8cf55e07
Data/emerg_dataset2/emerg_dataset2_56/emerg_dataset2_56.jpg,emerg_dataset2_56.jpg,emerg_dataset2,snapshot_2023_03_29_14_00_41_jpg.rf.362a5a46aec79e6ffdb53a977e321f74.jpg,9fd314b45a402ea51ddde02de6f32677
Data/emerg_dataset2/emerg_dataset2_57/emerg_dataset2_57.jpg,emerg_dataset2_57.jpg,emerg_dataset2,snapshot_2023_03_29_14_00_56_jpg.rf.35df3aa05800d9c0521ae9fe4eb29d0f.jpg,14fe1028b5b7255b05606f7f5c251db8
Data/emerg_dataset2/emerg_dataset2_58/emerg_dataset2_58.jpg,emerg_dataset2_58.jpg,emerg_dataset2,snapshot_2023_03_29_14_01_57_jpg.rf.c786fd8d5aeeee1d349c99fb06eee3ae.jpg,0bc93109c24ceabe28a5984234c12dff
Data/emerg_dataset2/emerg_dataset2_59/emerg_dataset2_59.jpg,emerg_dataset2_59.jpg,emerg_dataset2,snapshot_2023_03_29_14_02_01_jpg.rf.162a679126a0c56d2cf43cfb0cfdb8e5.jpg,2df29ee5e8678d28ca245154b00e5f9f
Data/emerg_dataset2/emerg_dataset2_60/emerg_dataset2_60.jpg,emerg_dataset2_60.jpg,emerg_dataset2,snapshot_2023_03_29_14_07_39_jpg.rf.3e6b5113a875c04334087a034f512638.jpg,afee1b6669ff3d9614759a217be5fb4e
Data/emerg_dataset2/emerg_dataset2_61/emerg_dataset2_61.jpg,emerg_dataset2_61.jpg,emerg_dataset2,snapshot_2023_03_29_14_07_52_jpg.rf.a415321b37efc4a72ab5c7eb3e9943c2.jpg,2c7727b3c6e5e6a63fa5aa052b807b62
Data/emerg_dataset2/emerg_dataset2_62/emerg_dataset2_62.jpg,emerg_dataset2_62.jpg,emerg_dataset2,snapshot_2023_03_29_14_08_01_jpg.rf.4c4e4951a4273326a13ecff7da5a0f25.jpg,a2fb3eb856d4629f9ea536b579c12d00
Data/emerg_dataset2/emerg_dataset2_63/emerg_dataset2_63.jpg,emerg_dataset2_63.jpg,emerg_dataset2,snapshot_2023_03_29_14_08_47_jpg.rf.997968cfe850df21ce25cf94b7118743.jpg,3bb462e907dac38575837aa3cc9c2585
Data/emerg_dataset2/emerg_dataset2_64/emerg_dataset2_64.jpg,emerg_dataset2_64.jpg,emerg_dataset2,snapshot_2023_03_29_14_15_28_jpg.rf.249863f313f557c12591a731795d1c6f.jpg,f15903051ed66f8efc58ebd332eda303
Data/emerg_dataset2/emerg_dataset2_65/emerg_dataset2_65.jpg,emerg_dataset2_65.jpg,emerg_dataset2,snapshot_2023_03_29_14_15_31_jpg.rf.91fdad1337bb693ea210f65e34a8a525.jpg,1a07575c9d3919dbce1ba7bab3e97866
Data/emerg_dataset2/emerg_dataset2_67/emerg_dataset2_67.jpg,emerg_dataset2_67.jpg,emerg_dataset2,snapshot_2023_03_29_14_18_55_jpg.rf.058407dd82bbecb37e6cab1fe2491d91.jpg,ca780b5af53fc9c19353c30cf92d2a31
Data/emerg_dataset2/emerg_dataset2_68/emerg_dataset2_68.jpg,emerg_dataset2_68.jpg,emerg_dataset2,snapshot_2023_03_29_14_19_00_jpg.rf.9169f3dc5a4c2fc72d19d559ce15abc6.jpg,6065808565245de8c971d075075da399
Data/emerg_dataset2/emerg_dataset2_69/emerg_dataset2_69.jpg,emerg_dataset2_69.jpg,emerg_dataset2,snapshot_2023_03_31_09_25_29_jpg.rf.4a5d3f0f262d9778ac25222da8f73ef2.jpg,115da9a71404559190b30924dfa3f052
Data/emerg_dataset2/emerg_dataset2_70/emerg_dataset2_70.jpg,emerg_dataset2_70.jpg,emerg_dataset2,snapshot_2023_03_31_09_36_43_jpg.rf.3b1d4c7e80cc2478fe108216ca2aa8d6.jpg,b7e7b97baac7bcd6c979ad0ca0f88be1
Data/emerg_dataset2/emerg_dataset2_71/emerg_dataset2_71.jpg,emerg_dataset2_71.jpg,emerg_dataset2,snapshot_2023_03_31_09_37_32_jpg.rf.2ab1ee692e08137de9b5feec6b59db48.jpg,af74e07c692055da0dba8f9a9079b5c1
Data/emerg_dataset2/emerg_dataset2_72/emerg_dataset2_72.jpg,emerg_dataset2_72.jpg,emerg_dataset2,snapshot_2023_03_31_09_37_38_jpg.rf.ef48be13829dc7525910cd68b7921eb2.jpg,05377ab8c7df2ff2ce86a2df03da0b49
Data/emerg_dataset2/emerg_dataset2_73/emerg_dataset2_73.jpg,emerg_dataset2_73.jpg,emerg_dataset2,snapshot_2023_03_31_09_38_01_jpg.rf.a068bc8302b8d8cfa3dd1ee99ab52933.jpg,f5a3f8d8b3a844cd2ab46a2cdf0935e2
Data/emerg_dataset2/emerg_dataset2_74/emerg_dataset2_74.jpg,emerg_dataset2_74.jpg,emerg_dataset2,snapshot_2023_03_31_09_38_14_jpg.rf.f7d90e89bae0a35831a5c39eb3b1cc37.jpg,4e4eb4d47dba290c5796588a4ec3d117
Data/emerg_dataset2/emerg_dataset2_75/emerg_dataset2_75.jpg,emerg_dataset2_75.jpg,emerg_dataset2,snapshot_2023_03_31_09_38_18_jpg.rf.3c4bde379e449082743ae5dcfac4a2fe.jpg,9b61fa9f8f3807981cc166675ef31ede
Data/emerg_dataset2/emerg_dataset2_76/emerg_dataset2_76.jpg,emerg_dataset2_76.jpg,emerg_dataset2,snapshot_2023_03_31_09_38_34_jpg.rf.e890d492884a97bae71aedff2742db6d.jpg,39f79a0d0980a2008940af3c6cacaa25
Data/emerg_dataset2/emerg_dataset2_77/emerg_dataset2_77.jpg,emerg_dataset2_77.jpg,emerg_dataset2,snapshot_2023_03_31_10_47_47_jpg.rf.b835f920f7b50196f9841478968cfadc.jpg,270f97f7d2ef3015827a15d65b4fd51b
Data/emerg_dataset2/emerg_dataset2_78/emerg_dataset2_78.jpg,emerg_dataset2_78.jpg,emerg_dataset2,snapshot_2023_04_03_09_04_30_jpg.rf.74736673ea30a2552036f7a80cf6b452.jpg,2887cfc3d183abf637ff1d8322b830db
Data/emerg_dataset2/emerg_dataset2_79/emerg_dataset2_79.jpg,emerg_dataset2_79.jpg,emerg_dataset2,snapshot_2023_04_03_09_04_55_jpg.rf.dd4ef0f4e5c7f39817386224c616a6fa.jpg,0b7fb472915ec0513cca691758695303
Data/emerg_dataset2/emerg_dataset2_8/emerg_dataset2_8.jpg,emerg_dataset2_8.jpg,emerg_dataset2,snapshot_2023_03_29_13_52_27_jpg.rf.fc449d1df5e889845920b62edbc37e23.jpg,b222f7457d0c7794711225fd940157d4
Data/emerg_dataset2/emerg_dataset2_80/emerg_dataset2_80.jpg,emerg_dataset2_80.jpg,emerg_dataset2,snapshot_2023_04_03_09_05_01_jpg.rf.5f450a0bd817d5ae437617b8f9535b5e.jpg,bbaa4a574632c1e2b9ed9be4c1211dc2
Data/emerg_dataset2/emerg_dataset2_81/emerg_dataset2_81.jpg,emerg_dataset2_81.jpg,emerg_dataset2,snapshot_2023_04_05_11_27_48_jpg.rf.012f7e46264ff3cffaebbad7940cfe98.jpg,3c32401f8dd6879d965e658480e33cdf
Data/emerg_dataset2/emerg_dataset2_82/emerg_dataset2_82.jpg,emerg_dataset2_82.jpg,emerg_dataset2,snapshot_2023_04_05_11_28_00_jpg.rf.608ed9b3bf2efcf292792d90b2d22ed6.jpg,54be250aaf76f7306aa1eda04db0dc2b
Data/emerg_dataset2/emerg_dataset2_83/emerg_dataset2_83.jpg,emerg_dataset2_83.jpg,emerg_dataset2,snapshot_2023_04_05_11_28_04_jpg.rf.077425c4b92a6a32d4ba9a683594b88c.jpg,124b7ef877a3e73a07c3f5a768492c1c
Data/emerg_dataset2/emerg_dataset2_84/emerg_dataset2_84.jpg,emerg_dataset2_84.jpg,emerg_dataset2,snapshot_2023_04_05_11_29_46_jpg.rf.be67aa95fb686b455fec1c2e1050665f.jpg,598a8b1763af3e7647c54342ee4f2569
Data/emerg_dataset2/emerg_dataset2_86/emerg_dataset2_86.jpg,emerg_dataset2_86.jpg,emerg_dataset2,snapshot_2023_04_05_11_32_01_jpg.rf.a2d1c8387948a6c5ae716caa7c89eb66.jpg,8502d412c3889a4d2f05cd0aae6a5769
Data/emerg_dataset2/emerg_dataset2_87/emerg_dataset2_87.jpg,emerg_dataset2_87.jpg,emerg_dataset2,snapshot_2023_04_05_11_32_06_jpg.rf.6cbdb80661e43b1c2ae2ecfe7f773cee.jpg,75ac2f6f40863b12e9a64c419d26ad12
Data/emerg_dataset2/emerg_dataset2_89/emerg_dataset2_89.jpg,emerg_dataset2_89.jpg,emerg_dataset2,snapshot_2023_04_05_11_32_16_jpg.rf.613269d2c6876b093c391e73aea7f57f.jpg,84de2e8c1640a0f60274a0ed73825e98
Data/emerg_dataset2/emerg_dataset2_9/emerg_dataset2_9.jpg,emerg_dataset2_9.jpg,emerg_dataset2,snapshot_2023_03_29_13_52_32_jpg.rf.86bac6cf0a1b21ba5e8247b2450fc4cf.jpg,2b587ea34aa5ee89cfeeeff8aace79be
Data/emerg_dataset2/emerg_dataset2_91/emerg_dataset2_91.jpg,emerg_dataset2_91.jpg,emerg_dataset2,snapshot_2023_04_05_11_32_25_jpg.rf.31aea6bd8cc8f36a10d931be449f50a8.jpg,b248cd50045474fb4c14e4508b13c3b2
Data/emerg_dataset2/emerg_dataset2_92/emerg_dataset2_92.jpg,emerg_dataset2_92.jpg,emerg_dataset2,snapshot_2023_04_05_11_32_30_jpg.rf.c95511ccf67b8a57f67be1409b6cfcf5.jpg,fbec796b98c7eb381289ee3cbe651fb6
Data/emerg_dataset2/emerg_dataset2_93/emerg_dataset2_93.jpg,emerg_dataset2_93.jpg,emerg_dataset2,snapshot_2023_04_05_11_32_33_jpg.rf.de6e1a2a0ff38b93fee68e868e77d3c3.jpg,fddf4a8e0daa8e237686aa07ef49d0de
Data/emerg_dataset2/emerg_dataset2_96/emerg_dataset2_96.jpg,emerg_dataset2_96.jpg,emerg_dataset2,snapshot_2023_04_05_11_32_45_jpg.rf.78376980035f9f17c42b7ab687a6e3c4.jpg,d3beaba8fcac08712d804d304e479ea7
Data/emerg_dataset2/emerg_dataset2_97/emerg_dataset2_97.jpg,emerg_dataset2_97.jpg,emerg_dataset2,snapshot_2023_04_05_11_32_55_jpg.rf.e1a8f2de75fa289d998289d647616c22.jpg,7ab85b1f011a0475dde9a62248143764
Data/emerg_dataset2/emerg_dataset2_98/emerg_dataset2_98.jpg,emerg_dataset2_98.jpg,emerg_dataset2,snapshot_2023_04_05_11_34_31_jpg.rf.37811b4f5809fa17dbb888a7e1add995.jpg,05d3e830e7abba6a98c4c6601a687c80
Data/emerg_dataset3/emerg_dataset3_1/emerg_dataset3_1.jpg,emerg_dataset3_1.jpg,emerg_dataset3,a122_jpg.rf.11f00e7900134367deaf3d870fdc7672.jpg,6eaca0005b80abbae2648db4e78109fb
Data/emerg_dataset3/emerg_dataset3_10/emerg_dataset3_10.jpg,emerg_dataset3_10.jpg,emerg_dataset3,a23_jpg.rf.ab5745e6f63e4e3837c02fd7372ffbe5.jpg,cd30dc3d0b7a9241c6e30c7c23936fa1
Data/emerg_dataset3/emerg_dataset3_100/emerg_dataset3_100.jpg,emerg_dataset3_100.jpg,emerg_dataset3,a121_jpg.rf.de6f101092d4f68a3b53ff4eb1a1685e.jpg,18d3425b677bb085b36936c95747c448
Data/emerg_dataset3/emerg_dataset3_101/emerg_dataset3_101.jpg,emerg_dataset3_101.jpg,emerg_dataset3,a126_jpeg.rf.af7b4bd5bc61c8c063f65fc6fee64179.jpg,30ffd5f1cf39e8446f87006c05de590c
Data/emerg_dataset3/emerg_dataset3_102/emerg_dataset3_102.jpg,emerg_dataset3_102.jpg,emerg_dataset3,a127_jpg.rf.8c97ab4a29d57eec832457c2b63c9cf4.jpg,58373b818a35b7454d5ee7ec7469991e
Data/emerg_dataset3/emerg_dataset3_103/emerg_dataset3_103.jpg,emerg_dataset3_103.jpg,emerg_dataset3,a128_jpeg.rf.1287eb709792be92dffffa412444b1f7.jpg,6a8395b6a4998c529fe053b6661e64cf
Data/emerg_dataset3/emerg_dataset3_104/emerg_dataset3_104.jpg,emerg_dataset3_104.jpg,emerg_dataset3,a129_jpg.rf.03b1e9052419ac00a495ecc9e5903ac8.jpg,4b423b29a5009b81ac3130c6b3fbb8b5
Data/emerg_dataset3/emerg_dataset3_105/emerg_dataset3_105.jpg,emerg_dataset3_105.jpg,emerg_dataset3,a12_jpg.rf.c52253fd19cce28c053936543fd15ed6.jpg,654c6fbdf0d1e8e24217d34e9957b2b2
Data/emerg_dataset3/emerg_dataset3_106/emerg_dataset3_106.jpg,emerg_dataset3_106.jpg,emerg_dataset3,a130_jpg.rf.0aff6fc944c7453dd27e6db7a8204e91.jpg,443fc7c50182285d3df5d160b41abc09
Data/emerg_dataset3/emerg_dataset3_107/emerg_dataset3_107.jpg,emerg_dataset3_107.jpg,emerg_dataset3,a131_jpg.rf.ca9e4c3058773f80df2586cb93d645a9.jpg,87a93fd99aae13726421b54e7fc8eb48
Data/emerg_dataset3/emerg_dataset3_108/emerg_dataset3_108.jpg,emerg_dataset3_108.jpg,emerg_dataset3,a134_jpg.rf.d117bb29c4d998c2fabcf7bf1dfb39fe.jpg,0c39d86289de593b158b2c884b09f041
Data/emerg_dataset3/emerg_dataset3_109/emerg_dataset3_109.jpg,emerg_dataset3_109.jpg,emerg_dataset3,a136_jpg.rf.b2b39cf866c9c7c06eed15d8a906edfc.jpg,b988bbc01d544a58a9b922bd33c42f8a
Data/emerg_dataset3/emerg_dataset3_11/emerg_dataset3_11.jpg,emerg_dataset3_11.jpg,emerg_dataset3,a241_jpg.rf.c45f1171620016435c9b75d52442b24b.jpg,61842fa8c370f117a1a7521b07d13f70
Data/emerg_dataset3/emerg_dataset3_110/emerg_dataset3_110.jpg,emerg_dataset3_110.jpg,emerg_dataset3,a137_JPG.rf.0aad17a8adf091462f7f2b5939699ec6.jpg,783320bede6e5d8fde299020d1e7109b
Data/emerg_dataset3/emerg_dataset3_111/emerg_dataset3_111.jpg,emerg_dataset3_111.jpg,emerg_dataset3,a138_jpg.rf.ef6cfbccc9dcbbbc0c9c068d471b2c9f.jpg,28728b099cf110a999714cd93cd66bdd
Data/emerg_dataset3/emerg_dataset3_112/emerg_dataset3_112.jpg,emerg_dataset3_112.jpg,emerg_dataset3,a13_jpg.rf.5af86d4d9fd8af91b16ddebf8f0b827f.jpg,1f797e5ce1af152ace8b15402e0b82a3
Data/emerg_dataset3/emerg_dataset3_113/emerg_dataset3_113.jpg,emerg_dataset3_113.jpg,emerg_dataset3,a140_jpg.rf.525f4ed500e83c206df44cbf5db0b3b8.jpg,031ddc8f082228bc80417e722576e484
Data/emerg_dataset3/emerg_dataset3_114/emerg_dataset3_114.jpg,emerg_dataset3_114.jpg,emerg_dataset3,a142_jpg.rf.7fb7f28664e7238573d73dee28a30224.jpg,4feedd3290700a8b01ac698745878117
Data/emerg_dataset3/emerg_dataset3_115/emerg_dataset3_115.jpg,emerg_dataset3_115.jpg,emerg_dataset3,a143_jpg.rf.868b3423c5a875b7a778d9445d22dcd8.jpg,ab87f0deeb871e2ca4dada31a4e86617
Data/emerg_dataset3/emerg_dataset3_116/emerg_dataset3_116.jpg,emerg_dataset3_116.jpg,emerg_dataset3,a144_jpg.rf.090c80b30ef0bf1b8b4bf2b9f1dd2c37.jpg,d5785364c915dd5ad542298d9d4de3bb
Data/emerg_dataset3/emerg_dataset3_117/emerg_dataset3_117.jpg,emerg_dataset3_117.jpg,emerg_dataset3,a147_jpg.rf.a4e32fc4e1aed400013e332d58dd5c66.jpg,6596ae54012e2ef159bcb8c6058730f1
Data/emerg_dataset3/emerg_dataset3_118/emerg_dataset3_118.jpg,emerg_dataset3_118.jpg,emerg_dataset3,a149_jpg.rf.37369d07dd3472b5d3214bf79bc20cfb.jpg,821fd42a28f66d4834f60551fa3018df
Data/emerg_dataset3/emerg_dataset3_119/emerg_dataset3_119.jpg,emerg_dataset3_119.jpg,emerg_dataset3,a14_jpg.rf.40c209b4659fc97f8b1c66f8ed62757b.jpg,0e6314c65e43ee012cd7461a36376007
Data/emerg_dataset3/emerg_dataset3_12/emerg_dataset3_12.jpg,emerg_dataset3_12.jpg,emerg_dataset3,a25_jpg.rf.599d10d18b8ca5d9cbde516f155c1aa8.jpg,321912b2d04c9c70ed2a53f1541726f0
Data/emerg_dataset3/emerg_dataset3_120/emerg_dataset3_120.jpg,emerg_dataset3_120.jpg,emerg_dataset3,a151_jpeg.rf.c63570029a2f0aa19694a4b58de60aa4.jpg,3644aac119bbd86e21c96e0b1c648654
Data/emerg_dataset3/emerg_dataset3_121/emerg_dataset3_121.jpg,emerg_dataset3_121.jpg,emerg_dataset3,a152_jpeg.rf.2eb70dd34c4789c62e19e23e02096479.jpg,25494b512f133d47e1b265145cbbbeb8
Data/emerg_dataset3/emerg_dataset3_122/emerg_dataset3_122.jpg,emerg_dataset3_122.jpg,emerg_dataset3,a153_jpeg.rf.38159af76d4a79f722356660019b3f89.jpg,b34a84911ea1a124c3e582521e6cd35e
Data/emerg_dataset3/emerg_dataset3_123/emerg_dataset3_123.jpg,emerg_dataset3_123.jpg,emerg_dataset3,a154_jpeg.rf.295039192437c0d6f9b18abf4ec4be07.jpg,f2e17875fe6769879bf1f737627ea6e7
Data/emerg_dataset3/emerg_dataset3_124/emerg_dataset3_124.jpg,emerg_dataset3_124.jpg,emerg_dataset3,a155_jpeg.rf.5576fcc7943d4e17fb903ba98e87a6f1.jpg,51ef9d4cc68e0a0e991f395c1554ff7d
Data/emerg_dataset3/emerg_dataset3_125/emerg_dataset3_125.jpg,emerg_dataset3_125.jpg,emerg_dataset3,a159_jpeg.rf.97b61cad5d920e5695cbed982fd6d125.jpg,3520b66170edb663bdd432d69002c7a3
Data/emerg_dataset3/emerg_dataset3_126/emerg_dataset3_126.jpg,emerg_dataset3_126.jpg,emerg_dataset3,a15_jpeg.rf.53fb53324e5fbc026ff7b7dbc99f113a.jpg,5891eca8baa83630de537f480b5a0c9f
Data/emerg_dataset3/emerg_dataset3_127/emerg_dataset3_127.jpg,emerg_dataset3_127.jpg,emerg_dataset3,a162_jpeg.rf.33803a87434435f3aa62cef8c817ef95.jpg,c810a3e2c08e061b6db0befa931ed68c
Data/emerg_dataset3/emerg_dataset3_128/emerg_dataset3_128.jpg,emerg_dataset3_128.jpg,emerg_dataset3,a163_jpeg.rf.881822bae213e0202f453507612014c0.jpg,a59cecbae69964f13a287066fe0eb80d
Data/emerg_dataset3/emerg_dataset3_129/emerg_dataset3_129.jpg,emerg_dataset3_129.jpg,emerg_dataset3,a165_jpeg.rf.1f87c2d2d8e0e210f6cf97038a60f890.jpg,0dc239df8132a6dabd3a9308ad71cb08
Data/emerg_dataset3/emerg_dataset3_13/emerg_dataset3_13.jpg,emerg_dataset3_13.jpg,emerg_dataset3,a261_jpg.rf.02d847118dd32b9e7fff551e030eecc1.jpg,c3009d028cc4a863171a5780e4840438
Data/emerg_dataset3/emerg_dataset3_130/emerg_dataset3_130.jpg,emerg_dataset3_130.jpg,emerg_dataset3,a168_jpeg.rf.f744ca3fb18f536c7310207a458b7e5f.jpg,cf526ffaa9cb02153c11de9f138e9c0e
Data/emerg_dataset3/emerg_dataset3_131/emerg_dataset3_131.jpg,emerg_dataset3_131.jpg,emerg_dataset3,a16_jpeg.rf.62b96e3954ff8663f4bb4540af5e2436.jpg,7fbf4c282067cbd5b90a41cf30a9c4ad
Data/emerg_dataset3/emerg_dataset3_132/emerg_dataset3_132.jpg,emerg_dataset3_132.jpg,emerg_dataset3,a170_jpeg.rf.e11158971cc7a3d61bdf64ae18bf945c.jpg,247adad65922ada750c8c55329a94ed5
Data/emerg_dataset3/emerg_dataset3_133/emerg_dataset3_133.jpg,emerg_dataset3_133.jpg,emerg_dataset3,a172_jpeg.rf.1f1e9c314cbd6df9eec1a22343084d64.jpg,d20012b8d95548f4efe8e387f4095d2f
Data/emerg_dataset3/emerg_dataset3_134/emerg_dataset3_134.jpg,emerg_dataset3_134.jpg,emerg_dataset3,a173_jpeg.rf.9209c2496d5fb1eb43d5ce8141c2949c.jpg,8d16ff6e175414934d2aa7e3c5a040c5
Data/emerg_dataset3/emerg_dataset3_135/emerg_dataset3_135.jpg,emerg_dataset3_135.jpg,emerg_dataset3,a174_jpeg.rf.ee0f77e0e0d5b32375aba5c1043743cf.jpg,5c60460d09df2ca4bd270ddc0c45f831
Data/emerg_dataset3/emerg_dataset3_136/emerg_dataset3_136.jpg,emerg_dataset3_136.jpg,emerg_dataset3,a175_jpeg.rf.5d036548165f2bdbf6affa1bb38e639b.jpg,e64509611dbb8c4f8d99f1c500ba7429
Data/emerg_dataset3/emerg_dataset3_137/emerg_dataset3_137.jpg,emerg_dataset3_137.jpg,emerg_dataset3,a176_jpeg.rf.2522d34b67b6caf3e26fabb93dccff69.jpg,60cd0d91567f8dc06a73a322b525b3fe
Data/emerg_dataset3/emerg_dataset3_138/emerg_dataset3_138.jpg,emerg_dataset3_138.jpg,emerg_dataset3,a177_jpeg.rf.51f2d10a2fbe884aaf3eee048c982c5d.jpg,6d5d3ed2cc1d3e2bca8710432429a870
Data/emerg_dataset3/emerg_dataset3_139/emerg_dataset3_139.jpg,emerg_dataset3_139.jpg,emerg_dataset3,a179_jpeg.rf.81397a7364ae6ef0e6636d87b6b3676b.jpg,adbbd661bdeaecf2043e211bfa2c951e
Data/emerg_dataset3/emerg_dataset3_14/emerg_dataset3_14.jpg,emerg_dataset3_14.jpg,emerg_dataset3,a276_jpg.rf.43abf4842bac75c2cac04d283aa75bc7.jpg,9ab76582bbcb82d6462f24ac7752c6b3
Data/emerg_dataset3/emerg_dataset3_140/emerg_dataset3_140.jpg,emerg_dataset3_140.jpg,emerg_dataset3,a17_jpeg.rf.5e99425dff92087f0a86bac338571c02.jpg,eee2a66b54cb3cd5dab476c7be1a2456
Data/emerg_dataset3/emerg_dataset3_141/emerg_dataset3_141.jpg,emerg_dataset3_141.jpg,emerg_dataset3,a182_jpeg.rf.34760c653418a41debfb47d658ec38b2.jpg,aaad0dd98fddcdd19cec02ffc84f582e
Data/emerg_dataset3/emerg_dataset3_142/emerg_dataset3_142.jpg,emerg_dataset3_142.jpg,emerg_dataset3,a183_jpeg.rf.8847fb550b5868b436ce740d36d15165.jpg,f0e3e2246333f971ec38b417d58a730d
Data/emerg_dataset3/emerg_dataset3_143/emerg_dataset3_143.jpg,emerg_dataset3_143.jpg,emerg_dataset3,a184_jpeg.rf.745aa69b60067f23f19425dec7882efe.jpg,8d97cff5950f6472d449d339b28b1f2d
Data/emerg_dataset3/emerg_dataset3_144/emerg_dataset3_144.jpg,emerg_dataset3_144.jpg,emerg_dataset3,a1_jpg.rf.84cf38294f1d251c34e5cc80294a034c.jpg,5380725dfc595faf709b384d1f1a4145
Data/emerg_dataset3/emerg_dataset3_145/emerg_dataset3_145.jpg,emerg_dataset3_145.jpg,emerg_dataset3,a219_jpg.rf.cd7ffd379a5db5a08ef5b3cdad2764fd.jpg,2692b180ca5742f453bdd4a98681a875
Data/emerg_dataset3/emerg_dataset3_146/emerg_dataset3_146.jpg,emerg_dataset3_146.jpg,emerg_dataset3,a21_jpg.rf.340b05edd7ab58f77493eea7a504f0eb.jpg,edd9806aacc014936f9ca200f4344ad9
Data/emerg_dataset3/emerg_dataset3_147/emerg_dataset3_147.jpg,emerg_dataset3_147.jpg,emerg_dataset3,a220_jpg.rf.875571e512e01dfba1873e960b985994.jpg,2733e92f71307b7c1e338e26dc41f8c4
Data/emerg_dataset3/emerg_dataset3_148/emerg_dataset3_148.jpg,emerg_dataset3_148.jpg,emerg_dataset3,a221_jpg.rf.79081f030f9fe82bf8fbaea5c7742e86.jpg,042f83f6e03c329c3520125f5411a63f
Data/emerg_dataset3/emerg_dataset3_149/emerg_dataset3_149.jpg,emerg_dataset3_149.jpg,emerg_dataset3,a223_jpg.rf.835a7fd47b235768615c36802ea636b4.jpg,08ec429e743df0e1a748f62015b8ad4c
Data/emerg_dataset3/emerg_dataset3_15/emerg_dataset3_15.jpg,emerg_dataset3_15.jpg,emerg_dataset3,a286_jpg.rf.1ae0c5c1d8b0e2f790d771a69f22616c.jpg,63fa36185c39fc0a09bb09ca99a8eb7d
Data/emerg_dataset3/emerg_dataset3_150/emerg_dataset3_150.jpg,emerg_dataset3_150.jpg,emerg_dataset3,a224_jpg.rf.b9cc167f24d554c24cd23ec9d1aeb093.jpg,0088abe476fb7806b84eb0e46d9cc964
Data/emerg_dataset3/emerg_dataset3_151/emerg_dataset3_151.jpg,emerg_dataset3_151.jpg,emerg_dataset3,a226_jpg.rf.2f0b6b2923a1d6e616621407ed47a932.jpg,2445296b13a468f3907bcab7af4205a6
Data/emerg_dataset3/emerg_dataset3_152/emerg_dataset3_152.jpg,emerg_dataset3_152.jpg,emerg_dataset3,a228_jpg.rf.c29b59c34e75368cc05d497dfe4ed9cd.jpg,e6619ebc7e1897c56bf0d41ce4b878ab
Data/emerg_dataset3/emerg_dataset3_153/emerg_dataset3_153.jpg,emerg_dataset3_153.jpg,emerg_dataset3,a229_jpg.rf.b69245739f6d35e1886cdf1b4b9fcd61.jpg,015eef3dd9215b2bb555c040adf25fb5
Data/emerg_dataset3/emerg_dataset3_154/emerg_dataset3_154.jpg,emerg_dataset3_154.jpg,emerg_dataset3,a22_jpg.rf.4e47480590bdb09796830c8aaade7b54.jpg,d4ed2784fcd166cd2e4f34d9ff004b9d
Data/emerg_dataset3/emerg_dataset3_155/emerg_dataset3_155.jpg,emerg_dataset3_155.jpg,emerg_dataset3,a230_jpg.rf.15bb445e89b415d3afee7306d6e51ad7.jpg,a882a0b3eea37682366d6069242acc30
Data/emerg_dataset3/emerg_dataset3_156/emerg_dataset3_156.jpg,emerg_dataset3_156.jpg,emerg_dataset3,a231_jpg.rf.4c268550b6dfbd1bd369dfb5dfe97456.jpg,b07559b72b1fcf7ca5e48700822d7cb5
Data/emerg_dataset3/emerg_dataset3_157/emerg_dataset3_157.jpg,emerg_dataset3_157.jpg,emerg_dataset3,a232_jpg.rf.6f85471ab3f5b26de1fd800be3ed9326.jpg,e96bda8529ec85689d9be33373a4e303
Data/emerg_dataset3/emerg_dataset3_158/emerg_dataset3_158.jpg,emerg_dataset3_158.jpg,emerg_dataset3,a233_jpg.rf.18a8db82b77ae4349f2fdd00dd5f2a99.jpg,8e4bc290e299286beb2b3e8ac8d01e51
Data/emerg_dataset3/emerg_dataset3_159/emerg_dataset3_159.jpg,emerg_dataset3_159.jpg,emerg_dataset3,a234_jpg.rf.bbb9f7e1c12636c7be083390ebf1961f.jpg,d090bc64f97284237bbb57ba72bde6dd
Data/emerg_dataset3/emerg_dataset3_16/emerg_dataset3_16.jpg,emerg_dataset3_16.jpg,emerg_dataset3,a295_jpg.rf.b40ef2e01fe408e7e7696ac1bd043f22.jpg,788bf45acf9930cdb819b30f913005a4
Data/emerg_dataset3/emerg_dataset3_160/emerg_dataset3_160.jpg,emerg_dataset3_160.jpg,emerg_dataset3,a236_jpg.rf.1a275985af31fa251b42b4319a667757.jpg,37ed1f8d0ccd6278d8b26790a3c6d6e0
Data/emerg_dataset3/emerg_dataset3_161/emerg_dataset3_161.jpg,emerg_dataset3_161.jpg,emerg_dataset3,a240_jpg.rf.994d353242debc3989f6794a38ee916d.jpg,a2eaca43013a5231bf0e3377e4185caf
Data/emerg_dataset3/emerg_dataset3_162/emerg_dataset3_162.jpg,emerg_dataset3_162.jpg,emerg_dataset3,a242_jpg.rf.a75c83b5eca1f73c1df3aac49356cf16.jpg,bcb3336751eee7de997cc219a2aaac32
Data/emerg_dataset3/emerg_dataset3_163/emerg_dataset3_163.jpg,emerg_dataset3_163.jpg,emerg_dataset3,a244_jpg.rf.654e990f84f8c61a2fad5cf43f793c30.jpg,159355433137642ef444a5a80a05a42b
Data/emerg_dataset3/emerg_dataset3_164/emerg_dataset3_164.jpg,emerg_dataset3_164.jpg,emerg_dataset3,a245_jpg.rf.dec704469d1e6415e38e04176899dc97.jpg,5ebb9e4cd009c418f8a2ff1a3cf39b54
Data/emerg_dataset3/emerg_dataset3_165/emerg_dataset3_165.jpg,emerg_dataset3_165.jpg,emerg_dataset3,a246_jpg.rf.f2e2db80adc7abc56540f069ad9d0dfa.jpg,0556478b81d88c63f0d2b9658f4db04b
Data/emerg_dataset3/emerg_dataset3_166/emerg_dataset3_166.jpg,emerg_dataset3_166.jpg,emerg_dataset3,a248_jpg.rf.c5c3324494f1951b041f7c4217f8a724.jpg,1fb5d67ea5db8b48c152484a9f5b4f3d
Data/emerg_dataset3/emerg_dataset3_167/emerg_dataset3_167.jpg,emerg_dataset3_167.jpg,emerg_dataset3,a249_jpg.rf.ae27a4515c04c52fa7226e5508e980ee.jpg,52e16247f0a3424e15083f7167fc5ac7
Data/emerg_dataset3/emerg_dataset3_168/emerg_dataset3_168.jpg,emerg_dataset3_168.jpg,emerg_dataset3,a250_jpg.rf.712443bd48cf6964fb47fdf6ef2e9d63.jpg,ca9923631e5be2923353fe0644b9cec4
Data/emerg_dataset3/emerg_dataset3_169/emerg_dataset3_169.jpg,emerg_dataset3_169.jpg,emerg_dataset3,a251_jpg.rf.60688e23069f149fed40ccf153b91bf8.jpg,e82c4bf03000267937313f098c047dc6
Data/emerg_dataset3/emerg_dataset3_17/emerg_dataset3_17.jpg,emerg_dataset3_17.jpg,emerg_dataset3,a31_jpg.rf.41dd221fedd55d80510b5cbb02efba69.jpg,87b7ab6483c80469bc3d93fbb1c24043
Data/emerg_dataset3/emerg_dataset3_170/emerg_dataset3_170.jpg,emerg_dataset3_170.jpg,emerg_dataset3,a252_jpg.rf.68a3bf9595c0740e07b5edd59ee0a93d.jpg,d9174c762229d34a6e1b07c0c199ea07
Data/emerg_dataset3/emerg_dataset3_171/emerg_dataset3_171.jpg,emerg_dataset3_171.jpg,emerg_dataset3,a253_jpg.rf.57d19c7a3c9052fa647670c9618d0695.jpg,64151d74b136e6386d38ec714b0961f6
Data/emerg_dataset3/emerg_dataset3_172/emerg_dataset3_172.jpg,emerg_dataset3_172.jpg,emerg_dataset3,a255-1-_jpg.rf.81814170088e7106694cfe7a87adbd9e.jpg,44e47745bbe61e1e1a8cdcbb74be19e1
Data/emerg_dataset3/emerg_dataset3_173/emerg_dataset3_173.jpg,emerg_dataset3_173.jpg,emerg_dataset3,a256_jpg.rf.c200d2b7ba09ae56acae7a0ee5642e1f.jpg,58a79115c255c23eb660aa566d28d22d
Data/emerg_dataset3/emerg_dataset3_174/emerg_dataset3_174.jpg,emerg_dataset3_174.jpg,emerg_dataset3,a258_jpg.rf.26d7252c38e7a5d680aadd3746f4b9e1.jpg,7372fc592386a685a3e01a1f3568a781
Data/emerg_dataset3/emerg_dataset3_175/emerg_dataset3_175.jpg,emerg_dataset3_175.jpg,emerg_dataset3,a259_jpg.rf.ab475268a1138fb1b979ac338a276381.jpg,4336999471b4601f2b7e1e87f6ea7ddd
Data/emerg_dataset3/emerg_dataset3_176/emerg_dataset3_176.jpg,emerg_dataset3_176.jpg,emerg_dataset3,a260_jpg.rf.eb4b183a374ecbc3d4f014d2eee5f482.jpg,b4c35edbe5f60a75a6389ea57f9bb4fe
Data/emerg_dataset3/emerg_dataset3_177/emerg_dataset3_177.jpg,emerg_dataset3_177.jpg,emerg_dataset3,a262_jpg.rf.3fb401279cacb70c42ea7d6b4e109795.jpg,563b96337cf96d7c9f91f56efdf92abb
Data/emerg_dataset3/emerg_dataset3_178/emerg_dataset3_178.jpg,emerg_dataset3_178.jpg,emerg_dataset3,a263_jpg.rf.0e75235782195d74e2828b2188bdf889.jpg,5ff387a907967c4feff19250cb5c3fc8
Data/emerg_dataset3/emerg_dataset3_179/emerg_dataset3_179.jpg,emerg_dataset3_179.jpg,emerg_dataset3,a264_jpg.rf.6fe0acaa776612aba66adbb29fe86d0f.jpg,fa612fc16bde46f41d729aadcc887cec
Data/emerg_dataset3/emerg_dataset3_18/emerg_dataset3_18.jpg,emerg_dataset3_18.jpg,emerg_dataset3,a325_jpeg.rf.abec22c38648b76821f0976f6d2b66f0.jpg,7c2c13fd14a797c51e4febf9443362ec
Data/emerg_dataset3/emerg_dataset3_180/emerg_dataset3_180.jpg,emerg_dataset3_180.jpg,emerg_dataset3,a266_jpg.rf.a45a3e966610aed3c3a69da9a4bdfc19.jpg,9198be8b660efa52920d585b090ddb8b
Data/emerg_dataset3/emerg_dataset3_181/emerg_dataset3_181.jpg,emerg_dataset3_181.jpg,emerg_dataset3,a268_jpg.rf.b7d90e98d6d2337a57b39e976d032c0d.jpg,0f1bc89616df171507319b34fc39475f
Data/emerg_dataset3/emerg_dataset3_182/emerg_dataset3_182.jpg,emerg_dataset3_182.jpg,emerg_dataset3,a269_jpg.rf.d24a20643b74884277072f3e3a7c1ae1.jpg,0a563b52ca70ac3fe48a412f66400e47
Data/emerg_dataset3/emerg_dataset3_183/emerg_dataset3_183.jpg,emerg_dataset3_183.jpg,emerg_dataset3,a26_jpg.rf.c2530a093473fd3006feb237b4970f51.jpg,77958597f8267f39d56c4e30d4c9bb93
Data/emerg_dataset3/emerg_dataset3_184/emerg_dataset3_184.jpg,emerg_dataset3_184.jpg,emerg_dataset3,a270_jpg.rf.bf6f44322f523e235e048ca2cef868f7.jpg,2e258e5c538724ba687e0b56054a269d
Data/emerg_dataset3/emerg_dataset3_185/emerg_dataset3_185.jpg,emerg_dataset3_185.jpg,emerg_dataset3,a271_jpg.rf.872684fef22cfef9ee3f3b597847d10a.jpg,f283b2eb92e2c49385dda756a86b51af
Data/emerg_dataset3/emerg_dataset3_186/emerg_dataset3_186.jpg,emerg_dataset3_186.jpg,emerg_dataset3,a272_jpg.rf.2700ea2ac2c6bfc768e3d7d05c3ba134.jpg,1b117fb97fa7f8c933f4ee0eff9e2612
Data/emerg_dataset3/emerg_dataset3_187/emerg_dataset3_187.jpg,emerg_dataset3_187.jpg,emerg_dataset3,a274_jpg.rf.ef28f7605226bd5941eb186cf54ad495.jpg,d89a2d30d911412a5c30ce4ad65307e5
Data/emerg_dataset3/emerg_dataset3_188/emerg_dataset3_188.jpg,emerg_dataset3_188.jpg,emerg_dataset3,a275_jpg.rf.e23612931931699310ee09e2b7695462.jpg,7568cd52bc216c3d368402764c78ded8
Data/emerg_dataset3/emerg_dataset3_189/emerg_dataset3_189.jpg,emerg_dataset3_189.jpg,emerg_dataset3,a277_jpg.rf.a2b4e2173717f42f7cbd09360d381301.jpg,337204bc512f11fe9120a857fd07112a
Data/emerg_dataset3/emerg_dataset3_19/emerg_dataset3_19.jpg,emerg_dataset3_19.jpg,emerg_dataset3,a38_jpeg.rf.f96655732eb42ed13d21189fc4250321.jpg,f0db50ef44d43a9fcbbd924089d9084f
Data/emerg_dataset3/emerg_dataset3_190/emerg_dataset3_190.jpg,emerg_dataset3_190.jpg,emerg_dataset3,a278_jpg.rf.05b52374e55c6bb9e4e398c6f73a3a9d.jpg,4cced9b3466e5111b387c0ea4a35d78e
Data/emerg_dataset3/emerg_dataset3_191/emerg_dataset3_191.jpg,emerg_dataset3_191.jpg,emerg_dataset3,a27_jpg.rf.82ca1ba1cec4a934d1d7a4e2b9816505.jpg,b2cc1ddd87349ec3938f067dab83d80d
Data/emerg_dataset3/emerg_dataset3_192/emerg_dataset3_192.jpg,emerg_dataset3_192.jpg,emerg_dataset3,a280_jpg.rf.fe3a3148614138d298f653bc4337e579.jpg,0877096cf7756163ea464f326d4d44ed
Data/emerg_dataset3/emerg_dataset3_193/emerg_dataset3_193.jpg,emerg_dataset3_193.jpg,emerg_dataset3,a281_jpg.rf.ba501b8453615dc0499dc4c27b65c90b.jpg,1e6a80bcbe04d26c69945963d574bbd7
Data/emerg_dataset3/emerg_dataset3_194/emerg_dataset3_194.jpg,emerg_dataset3_194.jpg,emerg_dataset3,a282_jpg.rf.fde35d2edf7b0e902e05acb4ae3dba0f.jpg,2aee843fc1050b21d4d9e07fbac9f2f0
Data/emerg_dataset3/emerg_dataset3_195/emerg_dataset3_195.jpg,emerg_dataset3_195.jpg,emerg_dataset3,a284_jpg.rf.abc5bdb537a3c7b335ebf7d7778deb42.jpg,bfd21936022887d3ee976dc41c58fc20
Data/emerg_dataset3/emerg_dataset3_196/emerg_dataset3_196.jpg,emerg_dataset3_196.jpg,emerg_dataset3,a285_jpg.rf.e96b24fd9159815e1fbc7732f2f8fe2b.jpg,55611ee16c07fe9f164cdeb6c105b9cd
Data/emerg_dataset3/emerg_dataset3_197/emerg_dataset3_197.jpg,emerg_dataset3_197.jpg,emerg_dataset3,a288_jpg.rf.d87299fbd0ac2617792be262099f95d8.jpg,6c386bf5fb5ed5e90cd7e06809ab9ff2
Data/emerg_dataset3/emerg_dataset3_198/emerg_dataset3_198.jpg,emerg_dataset3_198.jpg,emerg_dataset3,a289_jpg.rf.3a4dc234ff1fb4ec18d395cb4e36c95a.jpg,25637c84a2515da64007b33d347141a5
Data/emerg_dataset3/emerg_dataset3_199/emerg_dataset3_199.jpg,emerg_dataset3_199.jpg,emerg_dataset3,a28_jpg.rf.5bd945d2cb985821d26adcf3ced103bc.jpg,fc90ff15f08e2381e629cf232090adb1
Data/emerg_dataset3/emerg_dataset3_2/emerg_dataset3_2.jpg,emerg_dataset3_2.jpg,emerg_dataset3,a135_jpg.rf.4430b1b6cf361baecabfe8f8489027ea.jpg,d13917650f49a91be401aa5cbe878743
Data/emerg_dataset3/emerg_dataset3_20/emerg_dataset3_20.jpg,emerg_dataset3_20.jpg,emerg_dataset3,a3_jpg.rf.aff5d5c52bdba7f2fa9a06f980981c43.jpg,57d7f528d4e556d65de464247058cfb7
Data/emerg_dataset3/emerg_dataset3_200/emerg_dataset3_200.jpg,emerg_dataset3_200.jpg,emerg_dataset3,a290_jpg.rf.83ed22b250f37af06460fa4d7391c369.jpg,e4452a5f72fb110da1fdf7f97421d09a
Data/emerg_dataset3/emerg_dataset3_201/emerg_dataset3_201.jpg,emerg_dataset3_201.jpg,emerg_dataset3,a291_jpg.rf.483dc52391a3c16bb4091988d83a065c.jpg,1eab5f02b83a74f0244193a5cd0a6c33
Data/emerg_dataset3/emerg_dataset3_202/emerg_dataset3_202.jpg,emerg_dataset3_202.jpg,emerg_dataset3,a294_jpg.rf.78dbbaed6262d12e9a2906b7f717d2bd.jpg,e19daa8732a3f570094bdff883bd6dcf
Data/emerg_dataset3/emerg_dataset3_203/emerg_dataset3_203.jpg,emerg_dataset3_203.jpg,emerg_dataset3,a296_jpg.rf.0caf2742ab14922f20f32fe4973151e6.jpg,aac51ed7a9af3ba2127c3afa724b3c1b
Data/emerg_dataset3/emerg_dataset3_204/emerg_dataset3_204.jpg,emerg_dataset3_204.jpg,emerg_dataset3,a298_jpg.rf.892e6266c1a171ecde36b58619121695.jpg,11b3452912777a5d24f3556783351500
Data/emerg_dataset3/emerg_dataset3_205/emerg_dataset3_205.jpg,emerg_dataset3_205.jpg,emerg_dataset3,a29_jpg.rf.d7edf3ebdae9974842dcfffe327e98be.jpg,56d6132d789f2a1529b66929962cdd5b
Data/emerg_dataset3/emerg_dataset3_206/emerg_dataset3_206.jpg,emerg_dataset3_206.jpg,emerg_dataset3,a2_jpeg.rf.87bae5dddc56fda40cfe5aca0cf27001.jpg,6dfbdafe21f3985ce4c621c3db4ad7af
Data/emerg_dataset3/emerg_dataset3_207/emerg_dataset3_207.jpg,emerg_dataset3_207.jpg,emerg_dataset3,a301_jpg.rf.ff370419e606fc51c1d84f41de809be5.jpg,9023d3cfcfd5b78e276573a81e874fb8
Data/emerg_dataset3/emerg_dataset3_208/emerg_dataset3_208.jpg,emerg_dataset3_208.jpg,emerg_dataset3,a304_jpg.rf.0f8499d8e5b2b5b849859c454d0332cd.jpg,603cd9335bf538173927251d45c7f1b6
Data/emerg_dataset3/emerg_dataset3_209/emerg_dataset3_209.jpg,emerg_dataset3_209.jpg,emerg_dataset3,a306_jpg.rf.1faad0b94f20517cdc9d0c0a08d76a5a.jpg,51b55e9be59b2787302c5f569659d47d
Data/emerg_dataset3/emerg_dataset3_21/emerg_dataset3_21.jpg,emerg_dataset3_21.jpg,emerg_dataset3,a461_jpeg.rf.51a492ddaead981edca444a6c3ed948d.jpg,68ff6cd08d9cd5ed42ecab10cf42c628
Data/emerg_dataset3/emerg_dataset3_210/emerg_dataset3_210.jpg,emerg_dataset3_210.jpg,emerg_dataset3,a320_jpeg.rf.d9fa1322cb4a8899864136f82a3029c6.jpg,e76271c6963ba445fae5371afe7daa35
Data/emerg_dataset3/emerg_dataset3_211/emerg_dataset3_211.jpg,emerg_dataset3_211.jpg,emerg_dataset3,a322_jpeg.rf.a586773fe562106b4365ca914741e679.jpg,c3b645d28af06d39d89d95e29f84c3d2
Data/emerg_dataset3/emerg_dataset3_212/emerg_dataset3_212.jpg,emerg_dataset3_212.jpg,emerg_dataset3,a329_jpeg.rf.c8d8cb2bfa98f65311d0df8085fda635.jpg,8c6dcca0d8bc02d8280949c29630fcfb
Data/emerg_dataset3/emerg_dataset3_213/emerg_dataset3_213.jpg,emerg_dataset3_213.jpg,emerg_dataset3,a32_jpeg.rf.32001c9d9a7a7960d8006337a8b51300.jpg,6084586e4fce422dca158756e73e3aaf
Data/emerg_dataset3/emerg_dataset3_214/emerg_dataset3_214.jpg,emerg_dataset3_214.jpg,emerg_dataset3,a330_jpeg.rf.7b00b1f59669f6da80f58b25a8a69c35.jpg,d37146493f146ab4c69ee920d7c12d50
Data/emerg_dataset3/emerg_dataset3_215/emerg_dataset3_215.jpg,emerg_dataset3_215.jpg,emerg_dataset3,a332_jpeg.rf.c2b9a565c0f96f8b07cafcd04b458d79.jpg,6400a3f046891b105f38b3b726da88f8
Data/emerg_dataset3/emerg_dataset3_216/emerg_dataset3_216.jpg,emerg_dataset3_216.jpg,emerg_dataset3,a336_jpeg.rf.07afca3a0ac08f4c1517feff23db073b.jpg,42297fe432f29f11c071740f2afb5583
Data/emerg_dataset3/emerg_dataset3_217/emerg_dataset3_217.jpg,emerg_dataset3_217.jpg,emerg_dataset3,a34_jpeg.rf.1bcc2cee8d2f1a23320a7e5a99b059ff.jpg,f63afa1f2f22d1782f9f6f0eaa31db51
Data/emerg_dataset3/emerg_dataset3_218/emerg_dataset3_218.jpg,emerg_dataset3_218.jpg,emerg_dataset3,a35_jpeg.rf.3280f7ee4affb3d0269d1f1af2e42e90.jpg,563d4e9456eb11d1103dec900fbad57c
Data/emerg_dataset3/emerg_dataset3_219/emerg_dataset3_219.jpg,emerg_dataset3_219.jpg,emerg_dataset3,a36_jpeg.rf.883a9bec6658cb1e40b2cb57350645b0.jpg,5ac5ca47756d026777f97d1fd2b59e65
Data/emerg_dataset3/emerg_dataset3_22/emerg_dataset3_22.jpg,emerg_dataset3_22.jpg,emerg_dataset3,a462_jpeg.rf.1aff981c1697c2a7298562f6c689b7eb.jpg,b0fe74fa3a529d19b49264a10dc9ea87
Data/emerg_dataset3/emerg_dataset3_220/emerg_dataset3_220.jpg,emerg_dataset3_220.jpg,emerg_dataset3,a37_jpeg.rf.e25236ed3cf602eb2546bc4c3d136da9.jpg,b38c416f3b372fc9e1c4de0c5f8fae5f
Data/emerg_dataset3/emerg_dataset3_221/emerg_dataset3_221.jpg,emerg_dataset3_221.jpg,emerg_dataset3,a39_jpeg.rf.b8afeeebd87acecc9e82e0e9f8d115c7.jpg,25ac38ac3c6ff3c44feccf7328dd1b99
Data/emerg_dataset3/emerg_dataset3_222/emerg_dataset3_222.jpg,emerg_dataset3_222.jpg,emerg_dataset3,a40_jpeg.rf.d01ea15ea2d2e590fe38728efa80e030.jpg,c52bfb2b748c848d790a6c195d317a31
Data/emerg_dataset3/emerg_dataset3_223/emerg_dataset3_223.jpg,emerg_dataset3_223.jpg,emerg_dataset3,a41_jpeg.rf.9e7b6e506477a6f74e5b8968cba25be9.jpg,f7b895766c8d5979d383e1b9faf8b124
Data/emerg_dataset3/emerg_dataset3_224/emerg_dataset3_224.jpg,emerg_dataset3_224.jpg,emerg_dataset3,a42_jpeg.rf.fed687cf2986a1525a959fe7482ebd43.jpg,393dab268b899e79cd5679ef128a971f
Data/emerg_dataset3/emerg_dataset3_225/emerg_dataset3_225.jpg,emerg_dataset3_225.jpg,emerg_dataset3,a43_jpeg.rf.7a2bbf8db33858fdbddb1022bae4e0ea.jpg,2f838a8b60b8627ed38dc73544b4c197
Data/emerg_dataset3/emerg_dataset3_226/emerg_dataset3_226.jpg,emerg_dataset3_226.jpg,emerg_dataset3,a44_jpeg.rf.3c1b95206faaae8159c6a00a4e33b2b3.jpg,4f336d177d56358e7b13999c1b87a98e
Data/emerg_dataset3/emerg_dataset3_227/emerg_dataset3_227.jpg,emerg_dataset3_227.jpg,emerg_dataset3,a451_jpeg.rf.f7fe40888647b9b1809afc7594cafea0.jpg,3272e8b00e656f9a5371e080dd7073bb
Data/emerg_dataset3/emerg_dataset3_228/emerg_dataset3_228.jpg,emerg_dataset3_228.jpg,emerg_dataset3,a453_jpeg.rf.df845a488fc367ac4556c6dc15c79661.jpg,ecf34d9ba90849fb75eb668519f88421
Data/emerg_dataset3/emerg_dataset3_229/emerg_dataset3_229.jpg,emerg_dataset3_229.jpg,emerg_dataset3,a454_jpeg.rf.cfb1b37f8d1e38c54527480481e06c21.jpg,9f71471d29ff8f27ba350aab7d293fa9
Data/emerg_dataset3/emerg_dataset3_23/emerg_dataset3_23.jpg,emerg_dataset3_23.jpg,emerg_dataset3,a466_jpeg.rf.d2f87b3f6f5c5b53518051155057fdff.jpg,0b92d6217243c26101a70d8f1f29c76d
Data/emerg_dataset3/emerg_dataset3_230/emerg_dataset3_230.jpg,emerg_dataset3_230.jpg,emerg_dataset3,a455_jpeg.rf.86bfe44829224562759f50a1c1e16f1b.jpg,94962deeddda3cefb505eae4e4b44947
Data/emerg_dataset3/emerg_dataset3_231/emerg_dataset3_231.jpg,emerg_dataset3_231.jpg,emerg_dataset3,a456_jpeg.rf.8c3269d7d35fed3b2562f18113a43cf7.jpg,db1183b4ef28dbe2889120a48a35cc3b
Data/emerg_dataset3/emerg_dataset3_232/emerg_dataset3_232.jpg,emerg_dataset3_232.jpg,emerg_dataset3,a457_jpeg.rf.6f31d8dee5b49023b53a9be3721b76d8.jpg,0a4c0cb651eee8e5650e1b0c70e40ffb
Data/emerg_dataset3/emerg_dataset3_233/emerg_dataset3_233.jpg,emerg_dataset3_233.jpg,emerg_dataset3,a458_jpeg.rf.996dda2db9b274a79b22235f99ca9c94.jpg,3dc216b17adfa30bc763f699128a64c4
Data/emerg_dataset3/emerg_dataset3_234/emerg_dataset3_234.jpg,emerg_dataset3_234.jpg,emerg_dataset3,a45_jpeg.rf.c7f51df9a3e4c7c8b473ad1989320efc.jpg,bda003abc8ef76199a8091b2cf4a8292
Data/emerg_dataset3/emerg_dataset3_235/emerg_dataset3_235.jpg,emerg_dataset3_235.jpg,emerg_dataset3,a460_jpeg.rf.12a72aed6b98ea99d3a8d9dea48565d3.jpg,da9fac6f2a7fd2da2527199f34a1ae53
Data/emerg_dataset3/emerg_dataset3_236/emerg_dataset3_236.jpg,emerg_dataset3_236.jpg,emerg_dataset3,a463_jpeg.rf.7b613f40ee27529babee823825e0f54f.jpg,1dfa0409d17c4f15eeb11193bcd47a7e
Data/emerg_dataset3/emerg_dataset3_237/emerg_dataset3_237.jpg,emerg_dataset3_237.jpg,emerg_dataset3,a464_jpeg.rf.55ec2db5f6ecdee37d28ac080beff4ae.jpg,cb09813f918165b23cb084cdb25ea14c
Data/emerg_dataset3/emerg_dataset3_238/emerg_dataset3_238.jpg,emerg_dataset3_238.jpg,emerg_dataset3,a467_jpeg.rf.c9cfc961cba196ba2d0debd9e5d566ab.jpg,1c8907ef9804315146acaa00e2c652f8
Data/emerg_dataset3/emerg_dataset3_239/emerg_dataset3_239.jpg,emerg_dataset3_239.jpg,emerg_dataset3,a469_jpeg.rf.96a5850a34b4bd1e3d1197f15220d747.jpg,581922409876cce8e7831a575f5f8875
Data/emerg_dataset3/emerg_dataset3_24/emerg_dataset3_24.jpg,emerg_dataset3_24.jpg,emerg_dataset3,a503_png.rf.facc46042b9ef096ba0f1a12a578afac.jpg,3f3690cfc6939d81844830a0cefa7769
Data/emerg_dataset3/emerg_dataset3_240/emerg_dataset3_240.jpg,emerg_dataset3_240.jpg,emerg_dataset3,a46_jpeg.rf.79fd5e94da10d635b953b8bfbb0f479b.jpg,856806098348a733734d0937a0112ea6
Data/emerg_dataset3/emerg_dataset3_241/emerg_dataset3_241.jpg,emerg_dataset3_241.jpg,emerg_dataset3,a470_jpeg.rf.61de4ea93277f06e8632a72061211826.jpg,68391295ba68f35c40836e5527d4699e
Data/emerg_dataset3/emerg_dataset3_242/emerg_dataset3_242.jpg,emerg_dataset3_242.jpg,emerg_dataset3,a471_jpeg.rf.9c3aee519256b07991ffc7b50249a871.jpg,e69e53290917c03313d862e1ad53b872
Data/emerg_dataset3/emerg_dataset3_243/emerg_dataset3_243.jpg,emerg_dataset3_243.jpg,emerg_dataset3,a472_jpeg.rf.0825f7697a460550a365a61664dffba2.jpg,38654451c131604bbfb955062ce9cbc5
Data/emerg_dataset3/emerg_dataset3_244/emerg_dataset3_244.jpg,emerg_dataset3_244.jpg,emerg_dataset3,a479_png.rf.ba17eb9932a3f129f022c8ab238d934b.jpg,56ac57783b52260b5072757187ed714e
Data/emerg_dataset3/emerg_dataset3_245/emerg_dataset3_245.jpg,emerg_dataset3_245.jpg,emerg_dataset3,a47_jpeg.rf.40350fcbfbafad67b707755a62cb6d22.jpg,a7f79e0ea459557b6ccf1ab3f82ce7ed
Data/emerg_dataset3/emerg_dataset3_246/emerg_dataset3_246.jpg,emerg_dataset3_246.jpg,emerg_dataset3,a481_png.rf.7374f02224d5416eb3e51ee18927b629.jpg,3a791955441ed6ceeb374fb3e6d07a2c
Data/emerg_dataset3/emerg_dataset3_247/emerg_dataset3_247.jpg,emerg_dataset3_247.jpg,emerg_dataset3,a485_jpeg.rf.f8c0a807d6f9fb201dff7fa2e416d5d2.jpg,e2501aa4103e4ea222e6d78a9eaddcf9
Data/emerg_dataset3/emerg_dataset3_248/emerg_dataset3_248.jpg,emerg_dataset3_248.jpg,emerg_dataset3,a486_jpeg.rf.3952f40df7348d4874da656da0419ada.jpg,be51bd38ac94f90c946925f561b24b4b
Data/emerg_dataset3/emerg_dataset3_249/emerg_dataset3_249.jpg,emerg_dataset3_249.jpg,emerg_dataset3,a487_jpeg.rf.6797eb71a13fbcc6aa5aaa7299275485.jpg,d465a4c61fbe5435f4f87d9af53c34ad
Data/emerg_dataset3/emerg_dataset3_25/emerg_dataset3_25.jpg,emerg_dataset3_25.jpg,emerg_dataset3,a509_png.rf.e844e461b5f943fc9cf3ea20a5797ca1.jpg,9c55306116656c9c9bbab1ea35a7f1c5
Data/emerg_dataset3/emerg_dataset3_250/emerg_dataset3_250.jpg,emerg_dataset3_250.jpg,emerg_dataset3,a489_jpeg.rf.8f6f32d99b579a0c3f6d565c33df63e3.jpg,ec27514ebaa747916dfde03bc783b8b3
Data/emerg_dataset3/emerg_dataset3_251/emerg_dataset3_251.jpg,emerg_dataset3_251.jpg,emerg_dataset3,a48_jpeg.rf.94781a7b57a5b6aea39f936d0c31fdbd.jpg,4abfbb4892651aa6ea349e2b6b2f48db
Data/emerg_dataset3/emerg_dataset3_252/emerg_dataset3_252.jpg,emerg_dataset3_252.jpg,emerg_dataset3,a490_jpeg.rf.b5828ed31bb8fc8976ce39b90c0ef0bf.jpg,e841973b379cbaed6f490ea1c41ecf30
Data/emerg_dataset3/emerg_dataset3_253/emerg_dataset3_253.jpg,emerg_dataset3_253.jpg,emerg_dataset3,a491_jpeg.rf.48ffd94865ab3e0849b1f6b307a43bd5.jpg,38498439854308d0080936dce6e6b251
Data/emerg_dataset3/emerg_dataset3_254/emerg_dataset3_254.jpg,emerg_dataset3_254.jpg,emerg_dataset3,a492_png.rf.5c09340b01c24615c2215022ede55306.jpg,a9ce514b206a8c418b09f04e2717a5cf
Data/emerg_dataset3/emerg_dataset3_255/emerg_dataset3_255.jpg,emerg_dataset3_255.jpg,emerg_dataset3,a495_png.rf.2b32b30add0a1b6ea0069c745cda2aab.jpg,dc403f591fd613be2a09702c6102b08b
Data/emerg_dataset3/emerg_dataset3_256/emerg_dataset3_256.jpg,emerg_dataset3_256.jpg,emerg_dataset3,a496_png.rf.f164ad22f3d7a5b7354b33163b8e7e83.jpg,9207a62f57c083107e80bc29c7b66ab2
Data/emerg_dataset3/emerg_dataset3_257/emerg_dataset3_257.jpg,emerg_dataset3_257.jpg,emerg_dataset3,a497_png.rf.8c924b8236991886d8bd82a5d0d6598e.jpg,08648bbadbd179a818f9398cb26cd6a3
Data/emerg_dataset3/emerg_dataset3_258/emerg_dataset3_258.jpg,emerg_dataset3_258.jpg,emerg_dataset3,a498_png.rf.994d1a150acb2967a882def2b920efbd.jpg,0212575ad4bad0cb6927e9da93b02919
Data/emerg_dataset3/emerg_dataset3_259/emerg_dataset3_259.jpg,emerg_dataset3_259.jpg,emerg_dataset3,a49_jpeg.rf.5d1c727a1da6fc3d77bd3c56ea75e031.jpg,20ca3ca871c53c0108de8875f06b5c82
Data/emerg_dataset3/emerg_dataset3_26/emerg_dataset3_26.jpg,emerg_dataset3_26.jpg,emerg_dataset3,a51_jpeg.rf.b1c6bc4da15aaa6047991ded6fd733d7.jpg,fff39d70cc750ea758b1be647b9768bf
Data/emerg_dataset3/emerg_dataset3_260/emerg_dataset3_260.jpg,emerg_dataset3_260.jpg,emerg_dataset3,a4_jpg.rf.deb250aef2e716c8278bf3d06b12b558.jpg,e5a4ddfd1127a3bcf750e698905d831d
Data/emerg_dataset3/emerg_dataset3_261/emerg_dataset3_261.jpg,emerg_dataset3_261.jpg,emerg_dataset3,a502_png.rf.f9e5347634abe96f82daace89b868cdb.jpg,f972583dc80ed5e01df080e5e28b1875
Data/emerg_dataset3/emerg_dataset3_262/emerg_dataset3_262.jpg,emerg_dataset3_262.jpg,emerg_dataset3,a504_png.rf.5b23086e94a6aab332b6aa44b0e9f2e3.jpg,592d0516c99112286d12543a0160ff4b
Data/emerg_dataset3/emerg_dataset3_263/emerg_dataset3_263.jpg,emerg_dataset3_263.jpg,emerg_dataset3,a505_png.rf.ddc6b608685c424682a3dac732a99c33.jpg,0be61fd80d1be7c74090744b5421868d
Data/emerg_dataset3/emerg_dataset3_264/emerg_dataset3_264.jpg,emerg_dataset3_264.jpg,emerg_dataset3,a506_png.rf.2799041f79e996c9b907b701f438979e.jpg,d26f66e65e457bd51df40fcfac321d08
Data/emerg_dataset3/emerg_dataset3_265/emerg_dataset3_265.jpg,emerg_dataset3_265.jpg,emerg_dataset3,a507_png.rf.f2eb1345205f29938e6151c551b38b05.jpg,8243ad8f680a5f5d1c8fca440ea658c4
Data/emerg_dataset3/emerg_dataset3_266/emerg_dataset3_266.jpg,emerg_dataset3_266.jpg,emerg_dataset3,a508_png.rf.f79727f8965295d4db1a6014b568b3b4.jpg,80a3a3839ca78eb687ba97df76136774
Data/emerg_dataset3/emerg_dataset3_267/emerg_dataset3_267.jpg,emerg_dataset3_267.jpg,emerg_dataset3,a511_png.rf.9e9a45a0076f690ac25ca34a87a9071b.jpg,fe895ba9ad6cb9c53ad9ea58fb60d69f
Data/emerg_dataset3/emerg_dataset3_268/emerg_dataset3_268.jpg,emerg_dataset3_268.jpg,emerg_dataset3,a54_jpg.rf.4c1db44920c5323177d9b1cc9e78d053.jpg,b7b7943dab455f3a11eaa96f002c6a26
Data/emerg_dataset3/emerg_dataset3_269/emerg_dataset3_269.jpg,emerg_dataset3_269.jpg,emerg_dataset3,a57_jpg.rf.38e0d25001cbdd9788dc0039ab5a4f78.jpg,63c3162247f4354e2f17733b493b2e8e
Data/emerg_dataset3/emerg_dataset3_27/emerg_dataset3_27.jpg,emerg_dataset3_27.jpg,emerg_dataset3,a52_jpeg.rf.033b83c7c63aa71036886bd587100523.jpg,03ce2c39692b419c46518e8627e76c3d
Data/emerg_dataset3/emerg_dataset3_270/emerg_dataset3_270.jpg,emerg_dataset3_270.jpg,emerg_dataset3,a58_jpg.rf.f1316b09323c7504271d98eaada2245c.jpg,da646da3ca31a050b086fdd92359c0ab
Data/emerg_dataset3/emerg_dataset3_271/emerg_dataset3_271.jpg,emerg_dataset3_271.jpg,emerg_dataset3,a5_jpg.rf.165e5217a65cc73f5daf4d737507f427.jpg,8cc392ca8aa49e3d00969805ac1412ed
Data/emerg_dataset3/emerg_dataset3_272/emerg_dataset3_272.jpg,emerg_dataset3_272.jpg,emerg_dataset3,a60_jpg.rf.83bdb64bbd7ea6a2b32f46a22ff0cd59.jpg,5f1e3d18cb4a54977072931d195d6325
Data/emerg_dataset3/emerg_dataset3_273/emerg_dataset3_273.jpg,emerg_dataset3_273.jpg,emerg_dataset3,a62_jpg.rf.f205bd7beba53e6586ced16842d3ef6f.jpg,4d5efcd601f65f97c58acc9e20a3c5cd
Data/emerg_dataset3/emerg_dataset3_274/emerg_dataset3_274.jpg,emerg_dataset3_274.jpg,emerg_dataset3,a63_jpg.rf.7799ce7d46dca9519e9d0699728734dc.jpg,151a360afc8ad5f6c52967e2d8f30caa
Data/emerg_dataset3/emerg_dataset3_275/emerg_dataset3_275.jpg,emerg_dataset3_275.jpg,emerg_dataset3,a64_jpg.rf.9ff494f9fc6604c0b3e7a1bbb37ec7b4.jpg,a016e783b7ab133513700e3b56d29669
Data/emerg_dataset3/emerg_dataset3_276/emerg_dataset3_276.jpg,emerg_dataset3_276.jpg,emerg_dataset3,a65_jpg.rf.83f8b442171cb3b2a3637b24e17ab17f.jpg,2ef8fec9e5e06485410c5e984dc2eb08
Data/emerg_dataset3/emerg_dataset3_277/emerg_dataset3_277.jpg,emerg_dataset3_277.jpg,emerg_dataset3,a67_jpg.rf.abdb1ac76953b4a0e5ae05fb41dd7469.jpg,26fc78c2e02312650e669afcf1978957
Data/emerg_dataset3/emerg_dataset3_278/emerg_dataset3_278.jpg,emerg_dataset3_278.jpg,emerg_dataset3,a69_jpg.rf.229a5fe148ab1d25d000307760c18143.jpg,736cbd233f3955816b2f318a3e055d2c
Data/emerg_dataset3/emerg_dataset3_279/emerg_dataset3_279.jpg,emerg_dataset3_279.jpg,emerg_dataset3,a6_jpg.rf.ad0e156ffced11ae82c9ad2a900ab430.jpg,6aff0aaf45cfca75489e5e9987b3f745
Data/emerg_dataset3/emerg_dataset3_28/emerg_dataset3_28.jpg,emerg_dataset3_28.jpg,emerg_dataset3,a96_jpg.rf.3d3b6cd9770262847842831fd87393cf.jpg,fff1440c23f8806d06a43faacd1770ed
Data/emerg_dataset3/emerg_dataset3_280/emerg_dataset3_280.jpg,emerg_dataset3_280.jpg,emerg_dataset3,a70_jpg.rf.dba1077046c1555636aa26d83cabb2c6.jpg,2439fa029be081040be622b1f3acdf16
Data/emerg_dataset3/emerg_dataset3_281/emerg_dataset3_281.jpg,emerg_dataset3_281.jpg,emerg_dataset3,a71_jpg.rf.9bf53e00979aa934c4393cb836af2e31.jpg,5dbfbd74b969762f4f9fe163c137074a
Data/emerg_dataset3/emerg_dataset3_282/emerg_dataset3_282.jpg,emerg_dataset3_282.jpg,emerg_dataset3,a72_jpg.rf.2bbca414ea786d50cb3a7ca61ad1f51c.jpg,1c1cb40163c204e83080d7325c04ad58
Data/emerg_dataset3/emerg_dataset3_283/emerg_dataset3_283.jpg,emerg_dataset3_283.jpg,emerg_dataset3,a74_jpg.rf.cf3673eb8eb9a2dda550ca22d1d4478d.jpg,b2ff25b6cd7aed0b11a94c2e4b292668
Data/emerg_dataset3/emerg_dataset3_284/emerg_dataset3_284.jpg,emerg_dataset3_284.jpg,emerg_dataset3,a75_jpg.rf.25d522d9210b961da394c70c56619556.jpg,1afad9264c345ac4a2febb7029032467
Data/emerg_dataset3/emerg_dataset3_285/emerg_dataset3_285.jpg,emerg_dataset3_285.jpg,emerg_dataset3,a76_png.rf.3e4b8f6cc71c5c712f22249fdec2adae.jpg,9b1d22e53499464645341a1a2e3a4b39
Data/emerg_dataset3/emerg_dataset3_286/emerg_dataset3_286.jpg,emerg_dataset3_286.jpg,emerg_dataset3,a77_jpg.rf.a8f19bdef255c70164e01635564c1e5f.jpg,104935f2ac7c59d91623324f29831fcb
Data/emerg_dataset3/emerg_dataset3_287/emerg_dataset3_287.jpg,emerg_dataset3_287.jpg,emerg_dataset3,a79_jpeg.rf.b34aa2474801f4cd683fb40521e37bac.jpg,9d3aafb6c258f86143ff4ec7d5282a54
Data/emerg_dataset3/emerg_dataset3_288/emerg_dataset3_288.jpg,emerg_dataset3_288.jpg,emerg_dataset3,a80_jpg.rf.9231da44a008393870dedb6d9ece06bf.jpg,6a76add57ce1a0e00e1d2542ad78ef93
Data/emerg_dataset3/emerg_dataset3_289/emerg_dataset3_289.jpg,emerg_dataset3_289.jpg,emerg_dataset3,a81_jpeg.rf.0b4b070c0bb3bedfae7901aaa4e11877.jpg,49a16c33aa5e49ba44fc7db7bb821b12
Data/emerg_dataset3/emerg_dataset3_29/emerg_dataset3_29.jpg,emerg_dataset3_29.jpg,emerg_dataset3,a9_jpeg.rf.b872bbd53c791d5886e9bc9bb0f9cf51.jpg,30e7839da0a8bd98646e1ec41c9b5305
Data/emerg_dataset3/emerg_dataset3_290/emerg_dataset3_290.jpg,emerg_dataset3_290.jpg,emerg_dataset3,a84_jpg.rf.de1c19584b332cec3e90d80f066d2677.jpg,05946498e5e15b0024b70172dfd864ac
Data/emerg_dataset3/emerg_dataset3_291/emerg_dataset3_291.jpg,emerg_dataset3_291.jpg,emerg_dataset3,a86_jpeg.rf.48fba56a2d3618815836533a63fd195e.jpg,2ddd22d52315eb1a994fe307e7d4bb9e
Data/emerg_dataset3/emerg_dataset3_292/emerg_dataset3_292.jpg,emerg_dataset3_292.jpg,emerg_dataset3,a87_jpeg.rf.cfe6e66c669c54fb3f10418de2e9e2f6.jpg,9c97c711bc441d13b8d07ee3f16627de
Data/emerg_dataset3/emerg_dataset3_293/emerg_dataset3_293.jpg,emerg_dataset3_293.jpg,emerg_dataset3,a88_jpeg.rf.da092d30126ac4e5aaee447ccad383dd.jpg,c8611b6a1b12e41b3702f51f8bb3a8ac
Data/emerg_dataset3/emerg_dataset3_294/emerg_dataset3_294.jpg,emerg_dataset3_294.jpg,emerg_dataset3,a89_jpeg.rf.dbfc59ddb529543352a25667c4d212af.jpg,2a8b021d70332e5f3b41afee838cdd23
Data/emerg_dataset3/emerg_dataset3_295/emerg_dataset3_295.jpg,emerg_dataset3_295.jpg,emerg_dataset3,a90_jpg.rf.3e2f5fd15be9f835c570c59404367357.jpg,311e41e2d60bf4125935ab1ec1407084
Data/emerg_dataset3/emerg_dataset3_296/emerg_dataset3_296.jpg,emerg_dataset3_296.jpg,emerg_dataset3,a91_jpg.rf.94406256cc1c8a082c9e5044154f81e6.jpg,c5e59a58cf8f467e2a93d4ec802c1016
Data/emerg_dataset3/emerg_dataset3_297/emerg_dataset3_297.jpg,emerg_dataset3_297.jpg,emerg_dataset3,a92_jpeg.rf.84f36d69f9a73a42dd8bb144672f3f8f.jpg,0819f1114f56dcd6c85c03d29da6059f
Data/emerg_dataset3/emerg_dataset3_298/emerg_dataset3_298.jpg,emerg_dataset3_298.jpg,emerg_dataset3,a93_jpg.rf.d4a75bd68127964c09caf15ab00d9f24.jpg,660e94954824a27a2e9fe992881891bc
Data/emerg_dataset3/emerg_dataset3_299/emerg_dataset3_299.jpg,emerg_dataset3_299.jpg,emerg_dataset3,a94_jpg.rf.149e718dcb221b9566ea5233678f5028.jpg,398d3a1f09f88563e5f01abde1eca29d
Data/emerg_dataset3/emerg_dataset3_3/emerg_dataset3_3.jpg,emerg_dataset3_3.jpg,emerg_dataset3,a146_jpg.rf.ac5b2b33901356fc6abdaf4a189e1412.jpg,bc1c0715d493b344cf22eabf697ccd22
Data/emerg_dataset3/emerg_dataset3_30/emerg_dataset3_30.jpg,emerg_dataset3_30.jpg,emerg_dataset3,af14_jpeg.rf.2c427542ab02bea6ce711f4ca11459de.jpg,72ac2b4a15cea3696e50e0183479d602
Data/emerg_dataset3/emerg_dataset3_300/emerg_dataset3_300.jpg,emerg_dataset3_300.jpg,emerg_dataset3,a95_png.rf.26ed0975eaf8cbabb2c4a21277db1c8d.jpg,685d534bffad4bc6d1ef30005d23c5d3
Data/emerg_dataset3/emerg_dataset3_301/emerg_dataset3_301.jpg,emerg_dataset3_301.jpg,emerg_dataset3,a98_jpeg.rf.8c7c59276c2ef3e276f977246ff8a590.jpg,cfc7264d8ff0ab7e150f5e0766f8b598
Data/emerg_dataset3/emerg_dataset3_302/emerg_dataset3_302.jpg,emerg_dataset3_302.jpg,emerg_dataset3,a99_jpg.rf.b15c17507d4da7f58aeee730c9053d5d.jpg,0a9df0cb6a6aa7f4198942ea3dc901ff
Data/emerg_dataset3/emerg_dataset3_303/emerg_dataset3_303.jpg,emerg_dataset3_303.jpg,emerg_dataset3,af10_jpeg.rf.e4dc9bbd1b4814813832628f8d54c085.jpg,d0b83273893403e8ecf8792beb866ad4
Data/emerg_dataset3/emerg_dataset3_304/emerg_dataset3_304.jpg,emerg_dataset3_304.jpg,emerg_dataset3,af11_jpeg.rf.c684f527acefff25cb908c896ad74e71.jpg,b5d4d8d320a0a369adcdfc168bccfed9
Data/emerg_dataset3/emerg_dataset3_305/emerg_dataset3_305.jpg,emerg_dataset3_305.jpg,emerg_dataset3,af12_jpeg.rf.bb53d0a9f82e44aadb6805d4aa20e25f.jpg,2ff0fa64059b25e0a5f708cd1af25a73
Data/emerg_dataset3/emerg_dataset3_306/emerg_dataset3_306.jpg,emerg_dataset3_306.jpg,emerg_dataset3,af13_jpeg.rf.ac0358e7baa870369d76917978aa6bf7.jpg,ab72bfa87757ec59931ceab63d2a66d5
Data/emerg_dataset3/emerg_dataset3_307/emerg_dataset3_307.jpg,emerg_dataset3_307.jpg,emerg_dataset3,af15_jpeg.rf.05b40b02c6b1505e7a2da5dade98406a.jpg,fb7c8d0fd3f7666c930ebd2b1b8e7025
Data/emerg_dataset3/emerg_dataset3_308/emerg_dataset3_308.jpg,emerg_dataset3_308.jpg,emerg_dataset3,af16_jpeg.rf.023945f961d8446286c85d6e01cd35cb.jpg,417657a1f644fc96a5265be73cae91e6
Data/emerg_dataset3/emerg_dataset3_309/emerg_dataset3_309.jpg,emerg_dataset3_309.jpg,emerg_dataset3,af17_jpeg.rf.fa9c2bf12efc21e2737566ac7e92712d.jpg,25c5623cb65e02000de8142c4b80804e
Data/emerg_dataset3/emerg_dataset3_310/emerg_dataset3_310.jpg,emerg_dataset3_310.jpg,emerg_dataset3,af18_jpeg.rf.f5f8d7bf1e0bdea1becf5caec9837e71.jpg,16d01a4b24d550ec81f043df80488e92
Data/emerg_dataset3/emerg_dataset3_311/emerg_dataset3_311.jpg,emerg_dataset3_311.jpg,emerg_dataset3,af19_jpeg.rf.3efb2eec7fc08c30c0c71cdcd32e48ea.jpg,df4b77cc3b1e079d6734a41d7e497de8
Data/emerg_dataset3/emerg_dataset3_312/emerg_dataset3_312.jpg,emerg_dataset3_312.jpg,emerg_dataset3,af1_jpeg.rf.563e6970020761e3e08c9703cb094196.jpg,e66900d03597788f433cce120d8f1697
Data/emerg_dataset3/emerg_dataset3_313/emerg_dataset3_313.jpg,emerg_dataset3_313.jpg,emerg_dataset3,af20_jpeg.rf.5b43375b463a5f3c8751699acdcca437.jpg,6e4bb0470b1e6cf56637772260de6a29
Data/emerg_dataset3/emerg_dataset3_314/emerg_dataset3_314.jpg,emerg_dataset3_314.jpg,emerg_dataset3,af21_jpeg.rf.0c13b3fc3e4d3d87e888607d12bd858d.jpg,959602a7e8b42c70c7fd2167b0c25af0
Data/emerg_dataset3/emerg_dataset3_315/emerg_dataset3_315.jpg,emerg_dataset3_315.jpg,emerg_dataset3,af23_jpeg.rf.8faaefe1c850cafcd8c62ad00a177102.jpg,9f37bc4235e9f9bf757da4f90d24069a
Data/emerg_dataset3/emerg_dataset3_316/emerg_dataset3_316.jpg,emerg_dataset3_316.jpg,emerg_dataset3,af2_jpeg.rf.66ae2da7e6b6adadcc82f47ee4e1ad6b.jpg,bd7faecfbe63092e1444ca19a855167f
Data/emerg_dataset3/emerg_dataset3_317/emerg_dataset3_317.jpg,emerg_dataset3_317.jpg,emerg_dataset3,af308_jpeg.rf.f404b3a66a7505f1b70356c374766514.jpg,a8d9cb36b859ca7618e576f02441c930
Data/emerg_dataset3/emerg_dataset3_318/emerg_dataset3_318.jpg,emerg_dataset3_318.jpg,emerg_dataset3,af310_jpeg.rf.b95a676a2a3ab83c43c3f7aade01d3db.jpg,0e2f0f3ab5035fa58e396aba69911177
Data/emerg_dataset3/emerg_dataset3_319/emerg_dataset3_319.jpg,emerg_dataset3_319.jpg,emerg_dataset3,af311_jpeg.rf.1415db98ca6a667b914eb91f4c87bd8f.jpg,f7b351a65cd047d75152585e8390b637
Data/emerg_dataset3/emerg_dataset3_32/emerg_dataset3_32.jpg,emerg_dataset3_32.jpg,emerg_dataset3,af362_jpeg.rf.6add0705bdda37075d0282f86d1cd007.jpg,3f92e793ec9a6cfef0766e4374e7b9ab
Data/emerg_dataset3/emerg_dataset3_320/emerg_dataset3_320.jpg,emerg_dataset3_320.jpg,emerg_dataset3,af315_jpeg.rf.489eb1cf336b2dd42278abb72cb1a78d.jpg,381ad6acc4e90a5fcf764e7097e06e3b
Data/emerg_dataset3/emerg_dataset3_321/emerg_dataset3_321.jpg,emerg_dataset3_321.jpg,emerg_dataset3,af319_jpeg.rf.d68085420796e363f7dc5a0bbce210bb.jpg,2889a385f97d929e2673d3c1c83d95ee
Data/emerg_dataset3/emerg_dataset3_322/emerg_dataset3_322.jpg,emerg_dataset3_322.jpg,emerg_dataset3,af342_jpeg.rf.1549332b8b062a0b8980aa25b64a95e2.jpg,a7029e042b0960386e3ecafec921ff5e
Data/emerg_dataset3/emerg_dataset3_323/emerg_dataset3_323.jpg,emerg_dataset3_323.jpg,emerg_dataset3,af346_jpeg.rf.5820f4add07f810723ccd97f6b4a94d3.jpg,13cba045951ad42adff5b39a95be9520
Data/emerg_dataset3/emerg_dataset3_325/emerg_dataset3_325.jpg,emerg_dataset3_325.jpg,emerg_dataset3,af348_jpeg.rf.563995559f21ad055929122010909999.jpg,5fdf6808cff458e5dc313032787ff329
Data/emerg_dataset3/emerg_dataset3_326/emerg_dataset3_326.jpg,emerg_dataset3_326.jpg,emerg_dataset3,af350_jpeg.rf.61cb449b9f9a3388372ae4643d813d63.jpg,a2c4cf3315d23c2a364423c73e871b53
Data/emerg_dataset3/emerg_dataset3_327/emerg_dataset3_327.jpg,emerg_dataset3_327.jpg,emerg_dataset3,af351_jpeg.rf.49ba9900eb3da6623e7c5925f1d435de.jpg,49084795e69ee371f9becc67b05ddee8
Data/emerg_dataset3/emerg_dataset3_328/emerg_dataset3_328.jpg,emerg_dataset3_328.jpg,emerg_dataset3,af353_jpeg.rf.b2713260b7c2f29701b84ae80e215fda.jpg,aa8114338a8f879f0bd34a47328de23b
Data/emerg_dataset3/emerg_dataset3_329/emerg_dataset3_329.jpg,emerg_dataset3_329.jpg,emerg_dataset3,af356_jpeg.rf.0f3644be0530f62bbeacd3dbb59bea98.jpg,d385b514c6ef25ad3b98492137f0842a
Data/emerg_dataset3/emerg_dataset3_33/emerg_dataset3_33.jpg,emerg_dataset3_33.jpg,emerg_dataset3,af391_jpeg.rf.ed548c3c1f036d1d973dd59268586b59.jpg,95f4946d1f35edceb90ec21bab42f2b2
Data/emerg_dataset3/emerg_dataset3_331/emerg_dataset3_331.jpg,emerg_dataset3_331.jpg,emerg_dataset3,af358_jpeg.rf.a006f9e4f9fd7b9fed9d378caaa6c887.jpg,7ab52bce6f4ccfb08af8f97ac729e451
Data/emerg_dataset3/emerg_dataset3_332/emerg_dataset3_332.jpg,emerg_dataset3_332.jpg,emerg_dataset3,af360_jpeg.rf.0ffc89121d6d6b82d7a93ec3c9c12586.jpg,239d6c48eb66b9bc08c12745f6e02a38
Data/emerg_dataset3/emerg_dataset3_333/emerg_dataset3_333.jpg,emerg_dataset3_333.jpg,emerg_dataset3,af363_jpeg.rf.f2ad18e4e57ffaca147434adb19a0430.jpg,8e26bb38614bdb527573a21acc4f00c1
Data/emerg_dataset3/emerg_dataset3_334/emerg_dataset3_334.jpg,emerg_dataset3_334.jpg,emerg_dataset3,af365_jpeg.rf.79349016a23cd3a75595cffda204a950.jpg,2c5cd6f3d4be2ab60d0a4bb4d3f06580
Data/emerg_dataset3/emerg_dataset3_335/emerg_dataset3_335.jpg,emerg_dataset3_335.jpg,emerg_dataset3,af366_jpeg.rf.0c4fdf5233fe354706d0defda1de0547.jpg,2f183ae78cadd2c44e716cf732b2d71c
Data/emerg_dataset3/emerg_dataset3_336/emerg_dataset3_336.jpg,emerg_dataset3_336.jpg,emerg_dataset3,af367_jpeg.rf.3672108c0da450a45cb47e646521250c.jpg,5a7171cb6b261c1bd207db5eca7d7953
Data/emerg_dataset3/emerg_dataset3_338/emerg_dataset3_338.jpg,emerg_dataset3_338.jpg,emerg_dataset3,af369_jpeg.rf.b0f39600640d7c741cbd5822a6c1603b.jpg,275f0935f682b0dc83eecbf9541482cf
Data/emerg_dataset3/emerg_dataset3_339/emerg_dataset3_339.jpg,emerg_dataset3_339.jpg,emerg_dataset3,af370_jpeg.rf.169806a56b9a351d2df5278d3e474d4a.jpg,1f8c38d4f518b412096b17ed7c913300
Data/emerg_dataset3/emerg_dataset3_34/emerg_dataset3_34.jpg,emerg_dataset3_34.jpg,emerg_dataset3,af392_jpeg.rf.cf6546b0af02a008f640d68765c029bf.jpg,3ddee0fd876199e34308ca435cf88087
Data/emerg_dataset3/emerg_dataset3_340/emerg_dataset3_340.jpg,emerg_dataset3_340.jpg,emerg_dataset3,af371_jpeg.rf.b2df115ce2351c7782a3520ddc299e6e.jpg,08ea79f03b50ebd6264a168f6bbc3e82
Data/emerg_dataset3/emerg_dataset3_341/emerg_dataset3_341.jpg,emerg_dataset3_341.jpg,emerg_dataset3,af372_jpeg.rf.ad0b59cf1c1b92368af34fe6f3a4e250.jpg,5fc2efb371e99030d115308c1af30316
Data/emerg_dataset3/emerg_dataset3_342/emerg_dataset3_342.jpg,emerg_dataset3_342.jpg,emerg_dataset3,af373_jpeg.rf.c4b8f397eb2680c6525dd8231206a24b.jpg,8653d3bbeea24bf13690517f22d4c6e9
Data/emerg_dataset3/emerg_dataset3_343/emerg_dataset3_343.jpg,emerg_dataset3_343.jpg,emerg_dataset3,af376_jpeg.rf.0cad9a4d1cf339c10c491ca6e2814cea.jpg,924cb19216bec59722742dae93999b95
Data/emerg_dataset3/emerg_dataset3_345/emerg_dataset3_345.jpg,emerg_dataset3_345.jpg,emerg_dataset3,af380_jpeg.rf.9514b1b2eeb864c485a071a09bdc9bf4.jpg,a61025f6be7687f171f3dfffbc4ad502
Data/emerg_dataset3/emerg_dataset3_346/emerg_dataset3_346.jpg,emerg_dataset3_346.jpg,emerg_dataset3,af381_jpeg.rf.77d67791ff7df7259ca7e7e9c5fe0425.jpg,abfa8f6f3cbd1133dd5fad42141ecfc6
Data/emerg_dataset3/emerg_dataset3_347/emerg_dataset3_347.jpg,emerg_dataset3_347.jpg,emerg_dataset3,af382_jpeg.rf.5ee3a2f6ba377153c2a5436343425d4a.jpg,be6f917bbdb859835ed6dbee867f8464
Data/emerg_dataset3/emerg_dataset3_348/emerg_dataset3_348.jpg,emerg_dataset3_348.jpg,emerg_dataset3,af383_jpeg.rf.47124e14292c40bc233226279408b0ab.jpg,07522d298a20c842a0c4b480abb29985
Data/emerg_dataset3/emerg_dataset3_349/emerg_dataset3_349.jpg,emerg_dataset3_349.jpg,emerg_dataset3,af384_jpeg.rf.c694c0e479b38a888db1b35a4d3a9a6a.jpg,9035c21633e23864a0d7200e2e338621
Data/emerg_dataset3/emerg_dataset3_35/emerg_dataset3_35.jpg,emerg_dataset3_35.jpg,emerg_dataset3,af396_jpeg.rf.d9c6a63624658177401acfc036280bea.jpg,41d38763d140bddefebd41b2324147d0
Data/emerg_dataset3/emerg_dataset3_351/emerg_dataset3_351.jpg,emerg_dataset3_351.jpg,emerg_dataset3,af386_jpeg.rf.34328de5ffd1b9c3882609ff55938141.jpg,e04331dcd0ef2f11364730ae30c91c6e
Data/emerg_dataset3/emerg_dataset3_353/emerg_dataset3_353.jpg,emerg_dataset3_353.jpg,emerg_dataset3,af390_jpeg.rf.977b8005b40dace19e78e2d7dbbb0536.jpg,39ffd90564070a0b70e560c9589b266a
Data/emerg_dataset3/emerg_dataset3_354/emerg_dataset3_354.jpg,emerg_dataset3_354.jpg,emerg_dataset3,af393_jpeg.rf.cb372a6caf3c1225fc4af7a41c32a759.jpg,980faf9a616f69cb6b6e21fb4775a2ac
Data/emerg_dataset3/emerg_dataset3_356/emerg_dataset3_356.jpg,emerg_dataset3_356.jpg,emerg_dataset3,af397_jpeg.rf.e2e964e62e7bc2bf4128c3e7bc1b7384.jpg,d0875e55629c4fce94bfc2711fb3a7ca
Data/emerg_dataset3/emerg_dataset3_357/emerg_dataset3_357.jpg,emerg_dataset3_357.jpg,emerg_dataset3,af398_jpeg.rf.59f407c4d0b00406b312e59c802492e1.jpg,f2beb1e10ee22b5299fad64f3dcc82bc
Data/emerg_dataset3/emerg_dataset3_358/emerg_dataset3_358.jpg,emerg_dataset3_358.jpg,emerg_dataset3,af3_jpeg.rf.c6b5fc139f6fb70048a539990df2734c.jpg,9af690b90fc34c86251b3f88759a2805
Data/emerg_dataset3/emerg_dataset3_359/emerg_dataset3_359.jpg,emerg_dataset3_359.jpg,emerg_dataset3,af400_jpeg.rf.3ba97008335ce94d7eec70b9d3845c51.jpg,9f0a67f000ee763d2c2ecf97e5570198
Data/emerg_dataset3/emerg_dataset3_36/emerg_dataset3_36.jpg,emerg_dataset3_36.jpg,emerg_dataset3,af402_jpeg.rf.950b4bf3308a89efe31979083b2eed8b.jpg,b68f19c008be3d78de7bf5f841a48c94
Data/emerg_dataset3/emerg_dataset3_360/emerg_dataset3_360.jpg,emerg_dataset3_360.jpg,emerg_dataset3,af403_jpeg.rf.cc6efb42403e8ad817dac5992bafbdb1.jpg,06c96b343557d7bff04e215a5991d6e3
Data/emerg_dataset3/emerg_dataset3_361/emerg_dataset3_361.jpg,emerg_dataset3_361.jpg,emerg_dataset3,af404_jpeg.rf.8f26f92d6cd2204a0a9e6f83bb0b7dc6.jpg,95c1dc0e642c91626d8e5a521574ad7c
Data/emerg_dataset3/emerg_dataset3_362/emerg_dataset3_362.jpg,emerg_dataset3_362.jpg,emerg_dataset3,af406_jpeg.rf.11a0c4553f7ea06df1990a587fba13d1.jpg,195da4d50c966864a6c07fb3b020f461
Data/emerg_dataset3/emerg_dataset3_364/emerg_dataset3_364.jpg,emerg_dataset3_364.jpg,emerg_dataset3,af409_jpeg.rf.9dd0d104193c49b8e4109573ae6d928d.jpg,09e8b9504efcdea054e44cecc70d2af5
Data/emerg_dataset3/emerg_dataset3_365/emerg_dataset3_365.jpg,emerg_dataset3_365.jpg,emerg_dataset3,af411_jpeg.rf.5c96c86f34a42a1524ab94b15a28930c.jpg,6e4492750b73b4f66a0e2d2da2c4ad45
Data/emerg_dataset3/emerg_dataset3_367/emerg_dataset3_367.jpg,emerg_dataset3_367.jpg,emerg_dataset3,af414_jpeg.rf.9cd53f40a93ea9ba6a309e2a37c9cd67.jpg,ded5caa302b52e4dfe3f2247cd795208
Data/emerg_dataset3/emerg_dataset3_369/emerg_dataset3_369.jpg,emerg_dataset3_369.jpg,emerg_dataset3,af418_jpeg.rf.63edcb53dfb28eec375dae4133a67470.jpg,1931b4aca10e41caf4a5f5807e6e3f02
Data/emerg_dataset3/emerg_dataset3_37/emerg_dataset3_37.jpg,emerg_dataset3_37.jpg,emerg_dataset3,af405_jpeg.rf.f9ca8002d9a609660d82bfb0d92f3f5c.jpg,004d439727e2478c11a556ed71fea3c5
Data/emerg_dataset3/emerg_dataset3_370/emerg_dataset3_370.jpg,emerg_dataset3_370.jpg,emerg_dataset3,af422_jpeg.rf.b6e99aba6b56f3ee8950c6e9ad6f473b.jpg,8221b40f656413ed511773ac43e0f92d
Data/emerg_dataset3/emerg_dataset3_371/emerg_dataset3_371.jpg,emerg_dataset3_371.jpg,emerg_dataset3,af425_jpeg.rf.0e50bba9a974340f4786ba756bf7e92b.jpg,fffc6bcdb5f9e3b0d330fa2a4bef7be2
Data/emerg_dataset3/emerg_dataset3_372/emerg_dataset3_372.jpg,emerg_dataset3_372.jpg,emerg_dataset3,af475_jpeg.rf.24753e3dbcf3aa59831a1ae3e65f9de9.jpg,0592a520a558c20c6d4a33c05bc48b57
Data/emerg_dataset3/emerg_dataset3_373/emerg_dataset3_373.jpg,emerg_dataset3_373.jpg,emerg_dataset3,af476_jpeg.rf.1034be536d5e7ce1423ae940499de817.jpg,7207788886dd801f494520de10aad06a
Data/emerg_dataset3/emerg_dataset3_374/emerg_dataset3_374.jpg,emerg_dataset3_374.jpg,emerg_dataset3,af477_jpeg.rf.5870f6a82481dfeeddf177d7707df683.jpg,ac7d1b3c51ba581942699d5b9a263bd6
Data/emerg_dataset3/emerg_dataset3_376/emerg_dataset3_376.jpg,emerg_dataset3_376.jpg,emerg_dataset3,af8_jpeg.rf.bce0a7698c1626f8a1bc5096352d50ad.jpg,ce863d9cc239931fee800c36d28a47d8
Data/emerg_dataset3/emerg_dataset3_377/emerg_dataset3_377.jpg,emerg_dataset3_377.jpg,emerg_dataset3,F100_jpeg.rf.0e72594b7f4a284fdbfaf4f7003a54bd.jpg,4c16926d238a17055a200a682f52154a
Data/emerg_dataset3/emerg_dataset3_378/emerg_dataset3_378.jpg,emerg_dataset3_378.jpg,emerg_dataset3,F102_jpeg.rf.28e5200e47a4176dd5bfae42d23719b3.jpg,367823ac0cbbd334332b8bff1c513ccf
Data/emerg_dataset3/emerg_dataset3_379/emerg_dataset3_379.jpg,emerg_dataset3_379.jpg,emerg_dataset3,F103_jpeg.rf.f71645a1d6e3000fa4f018d68da86f5b.jpg,d92ce84c8ead1e7754103077fcc6ddc3
Data/emerg_dataset3/emerg_dataset3_38/emerg_dataset3_38.jpg,emerg_dataset3_38.jpg,emerg_dataset3,af416_jpeg.rf.076d5ee01a334df49a5aaf95f0127e6c.jpg,6b53f041ab3d6ef33d328135e7a7fff2
Data/emerg_dataset3/emerg_dataset3_380/emerg_dataset3_380.jpg,emerg_dataset3_380.jpg,emerg_dataset3,F104_jpeg.rf.2f1b8836f1883836b9589a6252a8096c.jpg,6395fd3fb0d3c59b2a4c0a2976fc20bf
Data/emerg_dataset3/emerg_dataset3_381/emerg_dataset3_381.jpg,emerg_dataset3_381.jpg,emerg_dataset3,F105_jpeg.rf.bb769c940766541f70028e26775f9895.jpg,7e25b72df77a9e71aec5a6ebbdb59939
Data/emerg_dataset3/emerg_dataset3_382/emerg_dataset3_382.jpg,emerg_dataset3_382.jpg,emerg_dataset3,F107_jpg.rf.a442bb7da3e56d46c1b2501c4d9f813e.jpg,23e3f9a0eda81529f08102d199afaa45
Data/emerg_dataset3/emerg_dataset3_383/emerg_dataset3_383.jpg,emerg_dataset3_383.jpg,emerg_dataset3,F108_jpg.rf.1aab1000712442d7b4a253e6b4a0a2d4.jpg,f026642b719626a19f95efbb472a9743
Data/emerg_dataset3/emerg_dataset3_384/emerg_dataset3_384.jpg,emerg_dataset3_384.jpg,emerg_dataset3,F109_jpeg.rf.5f39265cbe4b3fe57191eea019ef494a.jpg,8a2c2ffcf0a1e6b9a037859cd1785544
Data/emerg_dataset3/emerg_dataset3_385/emerg_dataset3_385.jpg,emerg_dataset3_385.jpg,emerg_dataset3,F110_jpg.rf.33b803efa210eca7c43c5f2a3cdce37a.jpg,e913421f7b8ed81fa8c2ffcb2cb64350
Data/emerg_dataset3/emerg_dataset3_386/emerg_dataset3_386.jpg,emerg_dataset3_386.jpg,emerg_dataset3,F111_jpg.rf.1d67e7a6452118585b18674497b97ae4.jpg,3eadbf6080a70d23516a2b0b7c34a4b3
Data/emerg_dataset3/emerg_dataset3_387/emerg_dataset3_387.jpg,emerg_dataset3_387.jpg,emerg_dataset3,F113_jpg.rf.a660a93adb3b54688a03b0484fb17dba.jpg,efe450a7e3abdb8c6f1217c3feaebc42
Data/emerg_dataset3/emerg_dataset3_388/emerg_dataset3_388.jpg,emerg_dataset3_388.jpg,emerg_dataset3,F114_jpg.rf.483ad0b58038c6c926baf4cff881cbbb.jpg,db79b1b7b4fdd081477cdd37b6db00d3
Data/emerg_dataset3/emerg_dataset3_389/emerg_dataset3_389.jpg,emerg_dataset3_389.jpg,emerg_dataset3,F115_jpg.rf.bb12d8da12f703011b64eab0f25577e6.jpg,afe9ce092fd3a04b061b2cd763f75327
Data/emerg_dataset3/emerg_dataset3_39/emerg_dataset3_39.jpg,emerg_dataset3_39.jpg,emerg_dataset3,af474_jpeg.rf.7b46b6197d09aa3a41c5da6d343f49d4.jpg,edf71e8bac7181da32518a14d7d30c89
Data/emerg_dataset3/emerg_dataset3_390/emerg_dataset3_390.jpg,emerg_dataset3_390.jpg,emerg_dataset3,F118-1-_jpeg.rf.754327b3c2c91ff8558a5c852ce801af.jpg,0c2dfbc81894095085f9778d47933b0b
Data/emerg_dataset3/emerg_dataset3_391/emerg_dataset3_391.jpg,emerg_dataset3_391.jpg,emerg_dataset3,F119_jpeg.rf.db2ab8ee0686132608c746db3da7d786.jpg,da521d7f991ee60bf178034f8250ac1c
Data/emerg_dataset3/emerg_dataset3_392/emerg_dataset3_392.jpg,emerg_dataset3_392.jpg,emerg_dataset3,F11_jpg.rf.d3d8e3384498b5a5ee1ca3977a40aded.jpg,f1a718221e44a69122568c60c0b0f905
Data/emerg_dataset3/emerg_dataset3_393/emerg_dataset3_393.jpg,emerg_dataset3_393.jpg,emerg_dataset3,F120_jpeg.rf.8f06abf10acb3c338c5a2b359853aeb5.jpg,2fde358d8d6cca8ed971757997d1f14f
Data/emerg_dataset3/emerg_dataset3_394/emerg_dataset3_394.jpg,emerg_dataset3_394.jpg,emerg_dataset3,F122_jpeg.rf.3856d23b5b4e64976118f827903ade86.jpg,227bc6c27addd842d76bb4cbe7ff9c64
Data/emerg_dataset3/emerg_dataset3_395/emerg_dataset3_395.jpg,emerg_dataset3_395.jpg,emerg_dataset3,F123_jpeg.rf.f7605dc795287dff2d4018b4c5b499a0.jpg,ff03b7e273c05fd63fa05895df670b19
Data/emerg_dataset3/emerg_dataset3_396/emerg_dataset3_396.jpg,emerg_dataset3_396.jpg,emerg_dataset3,F125_jpeg.rf.87c7b2dcae2a8981b629550b130c0793.jpg,955969719645601f1793f26e500da15e
Data/emerg_dataset3/emerg_dataset3_397/emerg_dataset3_397.jpg,emerg_dataset3_397.jpg,emerg_dataset3,F126_jpeg.rf.35062379b1a471736e1e39d00a272320.jpg,e8d2b23d7354470faccef18b9d1d9276
Data/emerg_dataset3/emerg_dataset3_398/emerg_dataset3_398.jpg,emerg_dataset3_398.jpg,emerg_dataset3,F128_jpeg.rf.00e359088c9c7219192e397d628de644.jpg,7ab36ffb246a3fe95e2f05ba8b6fab34
Data/emerg_dataset3/emerg_dataset3_399/emerg_dataset3_399.jpg,emerg_dataset3_399.jpg,emerg_dataset3,F129_jpeg.rf.c0683f2d06cfce18ef17db4a101514f2.jpg,28ed78dc1abbb66b76cf145ac0fb3bac
Data/emerg_dataset3/emerg_dataset3_4/emerg_dataset3_4.jpg,emerg_dataset3_4.jpg,emerg_dataset3,a148_jpg.rf.7993f9246a2926d3365e944937f7d1ad.jpg,973c4630594677cefab56d05ad6048a2
Data/emerg_dataset3/emerg_dataset3_40/emerg_dataset3_40.jpg,emerg_dataset3_40.jpg,emerg_dataset3,af5_jpeg.rf.5aa85ec72a4a4e5d6a05e1350d982fa2.jpg,878d19b507843a1402cb3ea0cf09c270
Data/emerg_dataset3/emerg_dataset3_400/emerg_dataset3_400.jpg,emerg_dataset3_400.jpg,emerg_dataset3,F12_jpg.rf.ece25d706641b32619c017b762966191.jpg,331e4a8293d4396941cedca882d7311c
Data/emerg_dataset3/emerg_dataset3_402/emerg_dataset3_402.jpg,emerg_dataset3_402.jpg,emerg_dataset3,F133_jpeg.rf.7bd4e921383fc5ea9d5aa58d5b595597.jpg,930f65383ac15aaee51ad734a11ad221
Data/emerg_dataset3/emerg_dataset3_404/emerg_dataset3_404.jpg,emerg_dataset3_404.jpg,emerg_dataset3,F135_jpeg.rf.bf5c336d5f66ab8791483b3b8c447de1.jpg,3cc5a66fea2892640e9593e01cc92cad
Data/emerg_dataset3/emerg_dataset3_405/emerg_dataset3_405.jpg,emerg_dataset3_405.jpg,emerg_dataset3,F138_jpeg.rf.0e19b2541e3ba53d8bc9ef0d0cb27f2f.jpg,dd9451e11d58ace4c6ef5f614e1417d3
Data/emerg_dataset3/emerg_dataset3_406/emerg_dataset3_406.jpg,emerg_dataset3_406.jpg,emerg_dataset3,F139_jpeg.rf.0748dbcdf64f4d4ee0e330730ccedd25.jpg,d2da2458dd2e0f8ace04bf9a398dffc5
Data/emerg_dataset3/emerg_dataset3_407/emerg_dataset3_407.jpg,emerg_dataset3_407.jpg,emerg_dataset3,F13_jpg.rf.84509d8024e77df728942f3f419f0021.jpg,58ce8b6d05f21311eab60b75b168ea22
Data/emerg_dataset3/emerg_dataset3_408/emerg_dataset3_408.jpg,emerg_dataset3_408.jpg,emerg_dataset3,F140_jpeg.rf.56e8b04f67d8e9ed0972d8f3f2403914.jpg,866bd462e53ddb202d2433a943ca0fc6
Data/emerg_dataset3/emerg_dataset3_41/emerg_dataset3_41.jpg,emerg_dataset3_41.jpg,emerg_dataset3,af7_jpeg.rf.39d8dd815b1af8a2abeed1b00d27d339.jpg,d3bd95b0514aa3f6b1dc9cc19c6b6550
Data/emerg_dataset3/emerg_dataset3_410/emerg_dataset3_410.jpg,emerg_dataset3_410.jpg,emerg_dataset3,f143_jpeg.rf.6cd468f9fcdb1abed73ff6446b81b8ca.jpg,674348e050fe3d4df7b902f608220d21
Data/emerg_dataset3/emerg_dataset3_411/emerg_dataset3_411.jpg,emerg_dataset3_411.jpg,emerg_dataset3,f144_jpeg.rf.d0019909afd6e1c7fbea61863cc55265.jpg,12c4634f29783e311059951acec68549
Data/emerg_dataset3/emerg_dataset3_412/emerg_dataset3_412.jpg,emerg_dataset3_412.jpg,emerg_dataset3,f145_jpeg.rf.993aa88eb748c47566a72ff78577cd45.jpg,94c9aacb8d2e60a82eafdba870c3488f
Data/emerg_dataset3/emerg_dataset3_413/emerg_dataset3_413.jpg,emerg_dataset3_413.jpg,emerg_dataset3,f147_jpeg.rf.c77c6e42ed1847589a1adb0549dfe591.jpg,1468cd3535927f3f046c5c016c67a31a
Data/emerg_dataset3/emerg_dataset3_414/emerg_dataset3_414.jpg,emerg_dataset3_414.jpg,emerg_dataset3,F14_png.rf.12a3a9d9fc18ccb8c52c8b592d9ae778.jpg,a5ac31f32ddcd3c96da23163efef4a4c
Data/emerg_dataset3/emerg_dataset3_415/emerg_dataset3_415.jpg,emerg_dataset3_415.jpg,emerg_dataset3,f150_jpg.rf.8030d7bfd4df42931e3b6438545493fe.jpg,dd8f5b8186cc563eae84f2d004d6d7b4
Data/emerg_dataset3/emerg_dataset3_416/emerg_dataset3_416.jpg,emerg_dataset3_416.jpg,emerg_dataset3,f151_jpg.rf.bef0e6665b436f19a4a533f46161aa66.jpg,51e9ef841512d3f48e1aa877e3b5c452
Data/emerg_dataset3/emerg_dataset3_417/emerg_dataset3_417.jpg,emerg_dataset3_417.jpg,emerg_dataset3,f152_jpg.rf.245c38585d6567c3665fdf60a1d9a206.jpg,e821f60b22eac306b41e52effd56039e
Data/emerg_dataset3/emerg_dataset3_418/emerg_dataset3_418.jpg,emerg_dataset3_418.jpg,emerg_dataset3,f152_png.rf.17710fdf76b03341b8bd3d6e7659c7c7.jpg,96877d2208ab931bf8770dae3dc2b2fc
Data/emerg_dataset3/emerg_dataset3_419/emerg_dataset3_419.jpg,emerg_dataset3_419.jpg,emerg_dataset3,f153_png.rf.297f672a2a870f3dc157c9d3076805d2.jpg,d4bc00a8aaf95576ba42223eb2852954
Data/emerg_dataset3/emerg_dataset3_42/emerg_dataset3_42.jpg,emerg_dataset3_42.jpg,emerg_dataset3,F101_jpeg.rf.7975328b08ac11c1249369c53f3de0b4.jpg,07c67111aff1253f1f390001ad3cd135
Data/emerg_dataset3/emerg_dataset3_420/emerg_dataset3_420.jpg,emerg_dataset3_420.jpg,emerg_dataset3,f154_png.rf.8b6b9c11a10a6c0e27b9b668146a8938.jpg,bad77bb8149548ee5e2ebf8dec804358
Data/emerg_dataset3/emerg_dataset3_421/emerg_dataset3_421.jpg,emerg_dataset3_421.jpg,emerg_dataset3,f155_jpg.rf.1ded8e2a0ae680afc6458335eadcaaee.jpg,06617dec7993f69305fce90f94c347c1
Data/emerg_dataset3/emerg_dataset3_422/emerg_dataset3_422.jpg,emerg_dataset3_422.jpg,emerg_dataset3,f155_jpg.rf.3796c02430a4714c223ac8157b35682d.jpg,2cb396aa42161a2f4b8130de5207d0b1
Data/emerg_dataset3/emerg_dataset3_423/emerg_dataset3_423.jpg,emerg_dataset3_423.jpg,emerg_dataset3,f156_jpg.rf.1fa1d46cd212ed4a20cebe8a20d2971b.jpg,1dcda08268ec1331dc398636957352ed
Data/emerg_dataset3/emerg_dataset3_424/emerg_dataset3_424.jpg,emerg_dataset3_424.jpg,emerg_dataset3,f157_png.rf.f240b23ea120a87459bb227756ff1b12.jpg,e5cc8eda5e6b84b6a90ca0059c256dfd
Data/emerg_dataset3/emerg_dataset3_425/emerg_dataset3_425.jpg,emerg_dataset3_425.jpg,emerg_dataset3,F15_jpg.rf.66f6cd52f9b120271f49d078ede85082.jpg,e9de2d39b84218275768544f417cd417
Data/emerg_dataset3/emerg_dataset3_426/emerg_dataset3_426.jpg,emerg_dataset3_426.jpg,emerg_dataset3,f161_png.rf.387d3531e503acadf26312f1abc67c37.jpg,f001ae046713daf059046650610822e6
Data/emerg_dataset3/emerg_dataset3_427/emerg_dataset3_427.jpg,emerg_dataset3_427.jpg,emerg_dataset3,f162_png.rf.8a6c3e0d83b8120b0e966adf4ff931ce.jpg,3fbafea967dbf94f8f0c8410cc0847f6
Data/emerg_dataset3/emerg_dataset3_428/emerg_dataset3_428.jpg,emerg_dataset3_428.jpg,emerg_dataset3,f163_png.rf.b966074aedd6d2e091134601c302bdbd.jpg,d027dcab2a358c69cd5901e0181eb365
Data/emerg_dataset3/emerg_dataset3_429/emerg_dataset3_429.jpg,emerg_dataset3_429.jpg,emerg_dataset3,f166_png.rf.fcf9a83f77e863cf13dc954260dc0eaf.jpg,0d6b83ecfbee2d41f5368e713dd0634b
Data/emerg_dataset3/emerg_dataset3_43/emerg_dataset3_43.jpg,emerg_dataset3_43.jpg,emerg_dataset3,F112_jpg.rf.42498e6889a8da49480b2717312a00cb.jpg,ea3adab6973a64fa236af221780f9a68
Data/emerg_dataset3/emerg_dataset3_430/emerg_dataset3_430.jpg,emerg_dataset3_430.jpg,emerg_dataset3,f167_png.rf.57f6ee7a79910ae2d7f9795eb4d40952.jpg,88957881cb00fd9c26cbe5dc388e9b63
Data/emerg_dataset3/emerg_dataset3_431/emerg_dataset3_431.jpg,emerg_dataset3_431.jpg,emerg_dataset3,f169_png.rf.0ed00402729fbd45953325ae080d625d.jpg,b133f97b7103448f414c7a1cc93e3f97
Data/emerg_dataset3/emerg_dataset3_432/emerg_dataset3_432.jpg,emerg_dataset3_432.jpg,emerg_dataset3,F16_jpg.rf.3b67d3853f803ee4c0fb1078aa026e29.jpg,cae1163bd125721275c5434662ac1d7f
Data/emerg_dataset3/emerg_dataset3_433/emerg_dataset3_433.jpg,emerg_dataset3_433.jpg,emerg_dataset3,f172_png.rf.9902e1ff134c153343c0b2820071f1d8.jpg,ca10bc69da3d79420c934c2a57e2233f
Data/emerg_dataset3/emerg_dataset3_434/emerg_dataset3_434.jpg,emerg_dataset3_434.jpg,emerg_dataset3,f173_png.rf.600fc69d7bb6e4210ffdd79d8be900d1.jpg,62ba46589c20e48735026c515cb2ffce
Data/emerg_dataset3/emerg_dataset3_435/emerg_dataset3_435.jpg,emerg_dataset3_435.jpg,emerg_dataset3,f176_png.rf.516ec574890430cfaf86da68354fc663.jpg,4b1d85f82f472fe8dc1a35ac71575c03
Data/emerg_dataset3/emerg_dataset3_436/emerg_dataset3_436.jpg,emerg_dataset3_436.jpg,emerg_dataset3,f178_png.rf.b356f5a38c681bfe8259258cd96cd59d.jpg,0ae1960c06e3c4615691b5b807d9bacc
Data/emerg_dataset3/emerg_dataset3_437/emerg_dataset3_437.jpg,emerg_dataset3_437.jpg,emerg_dataset3,F17_jpg.rf.772f22e15b55024355c436334b8640fa.jpg,ea41e9fbfd17f41db531cfae469c907f
Data/emerg_dataset3/emerg_dataset3_438/emerg_dataset3_438.jpg,emerg_dataset3_438.jpg,emerg_dataset3,f181_png.rf.cf19275a6efababd6015dea705c8946c.jpg,4a795327edb6a28fe7d275715b0495f6
Data/emerg_dataset3/emerg_dataset3_439/emerg_dataset3_439.jpg,emerg_dataset3_439.jpg,emerg_dataset3,f182_jpg.rf.4a30000d5f90e685eb64b80edc9670ac.jpg,f05232244df1cadb3da2fc752efc75ed
Data/emerg_dataset3/emerg_dataset3_44/emerg_dataset3_44.jpg,emerg_dataset3_44.jpg,emerg_dataset3,F127_jpeg.rf.17e0262ad8158874f31124066c497779.jpg,e495bd9e3d48aa2ad529d9746243eef6
Data/emerg_dataset3/emerg_dataset3_440/emerg_dataset3_440.jpg,emerg_dataset3_440.jpg,emerg_dataset3,f184_jpg.rf.ffd2819d6e815053bedc88bd4f1d6eb8.jpg,2e01f35d90a56b950d1ff87e50fdb7cd
Data/emerg_dataset3/emerg_dataset3_441/emerg_dataset3_441.jpg,emerg_dataset3_441.jpg,emerg_dataset3,f186_png.rf.14cabaa456839deac5e33c7fe231e970.jpg,050015b4eaa6e7e7ae02e8410c509159
Data/emerg_dataset3/emerg_dataset3_442/emerg_dataset3_442.jpg,emerg_dataset3_442.jpg,emerg_dataset3,f188_jpg.rf.a101ccdf9dcc6754ab7983c91f7cbb4b.jpg,082f7bb2ec0df5de33c9a1e815fd177b
Data/emerg_dataset3/emerg_dataset3_443/emerg_dataset3_443.jpg,emerg_dataset3_443.jpg,emerg_dataset3,f189_jpg.rf.8ba4e3143bb51212b5a77d9d32fec55b.jpg,778f7b559d2f1af9f9409d3b54e18f42
Data/emerg_dataset3/emerg_dataset3_444/emerg_dataset3_444.jpg,emerg_dataset3_444.jpg,emerg_dataset3,F18_jpg.rf.f6a24d5253872b36e1adb90cedcf2f82.jpg,c52d7d52baac7435902e7c1965a7a21f
Data/emerg_dataset3/emerg_dataset3_445/emerg_dataset3_445.jpg,emerg_dataset3_445.jpg,emerg_dataset3,f190_jpg.rf.91d0d3d6a81f2b5d81f7dc0f336792bb.jpg,f6aa0c9dfc00fe2f5c2af5c582847156
Data/emerg_dataset3/emerg_dataset3_446/emerg_dataset3_446.jpg,emerg_dataset3_446.jpg,emerg_dataset3,f191_jpg.rf.5b9fcc2c9772c3877146d54976ae5a07.jpg,a9032a1a71a0eb407026bb96499afc84
Data/emerg_dataset3/emerg_dataset3_447/emerg_dataset3_447.jpg,emerg_dataset3_447.jpg,emerg_dataset3,f192_jpg.rf.f462f60b18aaaa7c18e0191485c121dc.jpg,fa05a6ef213a531995d727699d2917fc
Data/emerg_dataset3/emerg_dataset3_448/emerg_dataset3_448.jpg,emerg_dataset3_448.jpg,emerg_dataset3,f193_png.rf.db379ef309fd624905605f0a74211764.jpg,474ee77f4b4acd592e0557c483ea0d61
Data/emerg_dataset3/emerg_dataset3_449/emerg_dataset3_449.jpg,emerg_dataset3_449.jpg,emerg_dataset3,f194_jpg.rf.f391cc0a87370bc61943a8343d267617.jpg,ca2da473d20a94352438d924d3c708af
Data/emerg_dataset3/emerg_dataset3_45/emerg_dataset3_45.jpg,emerg_dataset3_45.jpg,emerg_dataset3,F132_jpeg.rf.f6e49549a4d99792c7b2dd9f8dff2c15.jpg,ea39db072ddd6dba24d851a0cac31ec1
Data/emerg_dataset3/emerg_dataset3_450/emerg_dataset3_450.jpg,emerg_dataset3_450.jpg,emerg_dataset3,f195_jpg.rf.4c7489c3bf40ca9664fce0b262fdeff6.jpg,e04cf0abbe35f1807fea25d8b6059c9f
Data/emerg_dataset3/emerg_dataset3_451/emerg_dataset3_451.jpg,emerg_dataset3_451.jpg,emerg_dataset3,f196_jpg.rf.0a2e16b3147007622d8d4c7c56f004a6.jpg,3667c20e3c8d965283243687f536e3b2
Data/emerg_dataset3/emerg_dataset3_452/emerg_dataset3_452.jpg,emerg_dataset3_452.jpg,emerg_dataset3,f197_jpg.rf.6dd16fbaaafe5ee6d5c568244378f180.jpg,9cf7d16b000778b17410f04858d2e660
Data/emerg_dataset3/emerg_dataset3_453/emerg_dataset3_453.jpg,emerg_dataset3_453.jpg,emerg_dataset3,f198_jpg.rf.de060f4165ebd907e337264942fba372.jpg,06e2fc89b213a1156c61eb9ac70ffccd
Data/emerg_dataset3/emerg_dataset3_454/emerg_dataset3_454.jpg,emerg_dataset3_454.jpg,emerg_dataset3,f199_jpg.rf.0edfabb7d34fd7a8dcde5aa3071ee237.jpg,47753a0be11c48543bcb1d9b70735d27
Data/emerg_dataset3/emerg_dataset3_455/emerg_dataset3_455.jpg,emerg_dataset3_455.jpg,emerg_dataset3,f200_jpg.rf.0e989c3a44bdb4ec462845f3a99d2143.jpg,c2e19912918b3cdbe900544fad71dad3
Data/emerg_dataset3/emerg_dataset3_456/emerg_dataset3_456.jpg,emerg_dataset3_456.jpg,emerg_dataset3,f201_jpg.rf.6c494dd3d962049ee890e7155fab8ac8.jpg,f86985cc0c72388dc3465b280203a705
Data/emerg_dataset3/emerg_dataset3_457/emerg_dataset3_457.jpg,emerg_dataset3_457.jpg,emerg_dataset3,f202_jpg.rf.91f7143ac53830dbeaa44d87931d295c.jpg,6d53c906bfefa029d4f7d98900289d9a
Data/emerg_dataset3/emerg_dataset3_458/emerg_dataset3_458.jpg,emerg_dataset3_458.jpg,emerg_dataset3,f203_png.rf.5f4229cf185ce4cdd434f78f45e2825d.jpg,31f509e8b82420953e657cdf18e16314
Data/emerg_dataset3/emerg_dataset3_459/emerg_dataset3_459.jpg,emerg_dataset3_459.jpg,emerg_dataset3,f204_jpg.rf.95e8bab052db400510988fa6ec3d5673.jpg,2440b13688e81594543738924f9c0862
Data/emerg_dataset3/emerg_dataset3_46/emerg_dataset3_46.jpg,emerg_dataset3_46.jpg,emerg_dataset3,F142_jpeg.rf.d2324cb791a39a58b6250542ed02c2bb.jpg,014b0a08588aa4e10e9519084de10063
Data/emerg_dataset3/emerg_dataset3_460/emerg_dataset3_460.jpg,emerg_dataset3_460.jpg,emerg_dataset3,f205_jpg.rf.775be5092d1c44b40eb7785e97843b87.jpg,c13c41912ccafa0628a02be94e092667
Data/emerg_dataset3/emerg_dataset3_461/emerg_dataset3_461.jpg,emerg_dataset3_461.jpg,emerg_dataset3,f206_jpg.rf.c9fd81397e59f02b690eba9fe8a8cc51.jpg,cdc5637e501c414ec6e4f274be24c551
Data/emerg_dataset3/emerg_dataset3_462/emerg_dataset3_462.jpg,emerg_dataset3_462.jpg,emerg_dataset3,f207_jpg.rf.108ae835d869ad3fe1eaee63710fabd1.jpg,8fd6cc8a1622bea611bb57cbc7768873
Data/emerg_dataset3/emerg_dataset3_463/emerg_dataset3_463.jpg,emerg_dataset3_463.jpg,emerg_dataset3,f208_jpg.rf.a6c5a0b2abe725aa56bea9a15017a97f.jpg,c2d499b65654f68553b927b8f85e5d42
Data/emerg_dataset3/emerg_dataset3_464/emerg_dataset3_464.jpg,emerg_dataset3_464.jpg,emerg_dataset3,f209_jpg.rf.f5e0a18479ef05c0567fcd2a14b47536.jpg,175b8aa29a79fb07dd81d401de682b29
Data/emerg_dataset3/emerg_dataset3_465/emerg_dataset3_465.jpg,emerg_dataset3_465.jpg,emerg_dataset3,f210_jpg.rf.c9689e1203ac23fd6b15f7b66896b157.jpg,38f10d85a6d95f5edf58d37ca6c06179
Data/emerg_dataset3/emerg_dataset3_466/emerg_dataset3_466.jpg,emerg_dataset3_466.jpg,emerg_dataset3,f212_jpg.rf.9b8c7067dc0ce4b6f57d471ab8f26fba.jpg,902db555ad5d91eac1c7598c42b9c9ea
Data/emerg_dataset3/emerg_dataset3_467/emerg_dataset3_467.jpg,emerg_dataset3_467.jpg,emerg_dataset3,f213_png.rf.2743b1023f1c7a212fc1969b8a86ea2a.jpg,803e2e53724e61a394526a5b3646342f
Data/emerg_dataset3/emerg_dataset3_468/emerg_dataset3_468.jpg,emerg_dataset3_468.jpg,emerg_dataset3,f214_png.rf.9e5e9b591df5077e823563166846b0a9.jpg,64e453247e6a3becc0fa0e40fa119c01
Data/emerg_dataset3/emerg_dataset3_469/emerg_dataset3_469.jpg,emerg_dataset3_469.jpg,emerg_dataset3,f215_jpg.rf.e40fedd7acaf5a798bedba8cabf9c041.jpg,0409c4a81d65280618ef6beb32b5dfa1
Data/emerg_dataset3/emerg_dataset3_47/emerg_dataset3_47.jpg,emerg_dataset3_47.jpg,emerg_dataset3,f150_jpeg.rf.8fea2c06d252e876a86c47fd55b7d93f.jpg,faccc03c894ed3d9037eb6fa2aa4f498
Data/emerg_dataset3/emerg_dataset3_470/emerg_dataset3_470.jpg,emerg_dataset3_470.jpg,emerg_dataset3,f216_jpg.rf.e123189754201f57abc383467c645ed8.jpg,393a87796940240faac3aff6b485be3a
Data/emerg_dataset3/emerg_dataset3_471/emerg_dataset3_471.jpg,emerg_dataset3_471.jpg,emerg_dataset3,f217_jpg.rf.562b94ec2680f60bec2d2a72511dc375.jpg,3d1b9e8ba3431a19e9db31b348ef309f
Data/emerg_dataset3/emerg_dataset3_472/emerg_dataset3_472.jpg,emerg_dataset3_472.jpg,emerg_dataset3,F26_jpeg.rf.a67eaf4d9f3238fd89dca07f027fdb66.jpg,e155dad5bac803827fd10958b5b83208
Data/emerg_dataset3/emerg_dataset3_473/emerg_dataset3_473.jpg,emerg_dataset3_473.jpg,emerg_dataset3,F28_jpeg.rf.b1b15239b4314c87bd19affc1a3713d8.jpg,9d53a792ee1da6338a14b7f4c2490bbf
Data/emerg_dataset3/emerg_dataset3_474/emerg_dataset3_474.jpg,emerg_dataset3_474.jpg,emerg_dataset3,F29_jpeg.rf.ec3a1a1c2e29b001081b34951b5c741a.jpg,b336679bd5183d4c932b66b9b96fc9ae
Data/emerg_dataset3/emerg_dataset3_475/emerg_dataset3_475.jpg,emerg_dataset3_475.jpg,emerg_dataset3,F2_jpg.rf.308d3b3dbef953cd0e2c2207e72e8026.jpg,e76ed5ad0bbda03ebb323aef91acb760
Data/emerg_dataset3/emerg_dataset3_476/emerg_dataset3_476.jpg,emerg_dataset3_476.jpg,emerg_dataset3,F30_jpeg.rf.d2678e08c5325a75516ba7f2e63a8633.jpg,c229baf02949f91f39a61fa4df76da70
Data/emerg_dataset3/emerg_dataset3_477/emerg_dataset3_477.jpg,emerg_dataset3_477.jpg,emerg_dataset3,f312_jpeg.rf.7a7ce0d39fcdd742fcc767ac94e8da1e.jpg,8335f04263f23445f986a207aac795ea
Data/emerg_dataset3/emerg_dataset3_478/emerg_dataset3_478.jpg,emerg_dataset3_478.jpg,emerg_dataset3,f324_jpeg.rf.70fde91bb390623255d567584219c026.jpg,8438639441e4c6ad3c178efda04e7238
Data/emerg_dataset3/emerg_dataset3_479/emerg_dataset3_479.jpg,emerg_dataset3_479.jpg,emerg_dataset3,f325_jpeg.rf.e078d041679c5bb9db925620fa800e3a.jpg,b0c154f9fcecf7de88eb2fa2e9601d51
Data/emerg_dataset3/emerg_dataset3_48/emerg_dataset3_48.jpg,emerg_dataset3_48.jpg,emerg_dataset3,f153_jpg.rf.0ace8e26214a09658ece7edcfc0fd17a.jpg,b8b4f44580a4d910d485754ba543d95c
Data/emerg_dataset3/emerg_dataset3_480/emerg_dataset3_480.jpg,emerg_dataset3_480.jpg,emerg_dataset3,f337_jpeg.rf.78483e2ae5e9e20c182c2c0cfa80fb1d.jpg,adcc6fbfc3d985e89bad66f75570238d
Data/emerg_dataset3/emerg_dataset3_481/emerg_dataset3_481.jpg,emerg_dataset3_481.jpg,emerg_dataset3,F33_jpeg.rf.cea3bfe8b25b328f668494d800382a08.jpg,3610040d468afdd26b98fe3ef2a02126
Data/emerg_dataset3/emerg_dataset3_482/emerg_dataset3_482.jpg,emerg_dataset3_482.jpg,emerg_dataset3,f340_jpeg.rf.2c79de579dceebc68b7504ee5eda2450.jpg,0c79710e87d7679b773887650076529d
Data/emerg_dataset3/emerg_dataset3_483/emerg_dataset3_483.jpg,emerg_dataset3_483.jpg,emerg_dataset3,F34_jpeg.rf.3779d0174ae673b194dc015d83a01496.jpg,1eb3ace8f618b9e9bb04655e07b359ad
Data/emerg_dataset3/emerg_dataset3_484/emerg_dataset3_484.jpg,emerg_dataset3_484.jpg,emerg_dataset3,F37_jpg.rf.0dbbe4150f0eeb4f9da5af7d2213c47a.jpg,0b0e97b694eb512be4eb6afc8997dff2
Data/emerg_dataset3/emerg_dataset3_485/emerg_dataset3_485.jpg,emerg_dataset3_485.jpg,emerg_dataset3,F38_jpg.rf.56b7747d3ac12bd7815cd5ca80aaaedf.jpg,b2e0b83c04731ebf6efdcaae0e92b878
Data/emerg_dataset3/emerg_dataset3_486/emerg_dataset3_486.jpg,emerg_dataset3_486.jpg,emerg_dataset3,F39_jpg.rf.5fe4aedda1c1ca991b3674f0836d052c.jpg,c9404f09425b7bc38aaf79b4ca1072a4
Data/emerg_dataset3/emerg_dataset3_487/emerg_dataset3_487.jpg,emerg_dataset3_487.jpg,emerg_dataset3,f420_jpeg.rf.b003eb868f9ff607dc0c18ae6c7b9e15.jpg,88b2597bce384ac487f55a159814dd69
Data/emerg_dataset3/emerg_dataset3_488/emerg_dataset3_488.jpg,emerg_dataset3_488.jpg,emerg_dataset3,F42_jpg.rf.bd25201442d4dda93ad0938f83f20f05.jpg,1b81f4999bf84051525613d651741483
Data/emerg_dataset3/emerg_dataset3_489/emerg_dataset3_489.jpg,emerg_dataset3_489.jpg,emerg_dataset3,f436_jpeg.rf.719809d6e8ad6a3abb20471b7af6c8f0.jpg,9933b1cda3d76d5e4f2bb51a74084196
Data/emerg_dataset3/emerg_dataset3_49/emerg_dataset3_49.jpg,emerg_dataset3_49.jpg,emerg_dataset3,f170_png.rf.c4d6185c193c4c8131dac029283de9a4.jpg,cac81ec3850ec64d4856754a50de78f7
Data/emerg_dataset3/emerg_dataset3_490/emerg_dataset3_490.jpg,emerg_dataset3_490.jpg,emerg_dataset3,f437_jpeg.rf.a6426f3d019e404d53b80543b87cc4f4.jpg,a0f915d148b5041ee11a375eb454461d
Data/emerg_dataset3/emerg_dataset3_491/emerg_dataset3_491.jpg,emerg_dataset3_491.jpg,emerg_dataset3,f439_jpeg.rf.1e4478c75c177cc7125885002c2b19f1.jpg,418242a6ca1f722431c15a7e035f25b3
Data/emerg_dataset3/emerg_dataset3_492/emerg_dataset3_492.jpg,emerg_dataset3_492.jpg,emerg_dataset3,F43_jpg.rf.c7c2877ea0f0a647abda212592cd21b1.jpg,2c0921280b51dffd25ff75adb5d28b94
Data/emerg_dataset3/emerg_dataset3_493/emerg_dataset3_493.jpg,emerg_dataset3_493.jpg,emerg_dataset3,f440_jpeg.rf.ed6192db9630bc9feff72332a02206b5.jpg,c721918ad33589169e8579c3ef93fdef
Data/emerg_dataset3/emerg_dataset3_494/emerg_dataset3_494.jpg,emerg_dataset3_494.jpg,emerg_dataset3,f441_jpeg.rf.cd3d1fd17746847fab0059ae7110b036.jpg,c2686c0093995e9c1176c006272dda84
Data/emerg_dataset3/emerg_dataset3_495/emerg_dataset3_495.jpg,emerg_dataset3_495.jpg,emerg_dataset3,f443_jpeg.rf.8aa3abd8d21f31feba8f9f4561aaaea8.jpg,71153a66c6a3a1a5001a6eb66f16d83a
Data/emerg_dataset3/emerg_dataset3_496/emerg_dataset3_496.jpg,emerg_dataset3_496.jpg,emerg_dataset3,f445_jpeg.rf.40ad6abf81628bacd75df32c08258c2f.jpg,842b5345a2b1e671cc3ef413a51c35f4
Data/emerg_dataset3/emerg_dataset3_497/emerg_dataset3_497.jpg,emerg_dataset3_497.jpg,emerg_dataset3,f446_jpeg.rf.9bda2476ab11d9d50cdcba42a2a7b3e3.jpg,aba8d24e4578759edfdc0fb1dc6901a7
Data/emerg_dataset3/emerg_dataset3_498/emerg_dataset3_498.jpg,emerg_dataset3_498.jpg,emerg_dataset3,f447_jpeg.rf.05750fb629ce8ae239a4c0437fff53e9.jpg,23fb1f9a629733603e9bd4a8cd01aa9e
Data/emerg_dataset3/emerg_dataset3_499/emerg_dataset3_499.jpg,emerg_dataset3_499.jpg,emerg_dataset3,f448_jpeg.rf.82272a71213caba8b9bcaed08a864d77.jpg,f606ffeabf4bb3d076f55186d0a55b2e
Data/emerg_dataset3/emerg_dataset3_5/emerg_dataset3_5.jpg,emerg_dataset3_5.jpg,emerg_dataset3,a150_jpg.rf.94e8af7846162acdca4d15648a019b07.jpg,c846ccd15757edb4a2d0dd6a32ce395f
Data/emerg_dataset3/emerg_dataset3_50/emerg_dataset3_50.jpg,emerg_dataset3_50.jpg,emerg_dataset3,f175_png.rf.6cb0b26147f2c0b582ae7850f9f57f18.jpg,0f2fa567b4642560030ac5e169656610
Data/emerg_dataset3/emerg_dataset3_500/emerg_dataset3_500.jpg,emerg_dataset3_500.jpg,emerg_dataset3,F44_jpg.rf.d29b4605333493f465cca0e872caf859.jpg,a221f5e96dd1628aebcc66c90cf78fb2
Data/emerg_dataset3/emerg_dataset3_501/emerg_dataset3_501.jpg,emerg_dataset3_501.jpg,emerg_dataset3,f450_jpeg.rf.b936b02576cdf07941110b4bf9b921fd.jpg,990d80ca1ef52fe17739db8fe191ed03
Data/emerg_dataset3/emerg_dataset3_502/emerg_dataset3_502.jpg,emerg_dataset3_502.jpg,emerg_dataset3,F45_jpg.rf.1e0a5d59629d38d48be5b08c96577e39.jpg,da2b832a8dbf6daaceca3105a18c19b5
Data/emerg_dataset3/emerg_dataset3_503/emerg_dataset3_503.jpg,emerg_dataset3_503.jpg,emerg_dataset3,F46_jpeg.rf.138bbeff5199af0b6ba2efb242c05c63.jpg,e547bd52c989332d639e3e1bd29559a6
Data/emerg_dataset3/emerg_dataset3_504/emerg_dataset3_504.jpg,emerg_dataset3_504.jpg,emerg_dataset3,F47_jpg.rf.8ae2e5d18bb6edae2de37c3698ad2cc2.jpg,414cadb360a0ec76edde9161d067ac31
Data/emerg_dataset3/emerg_dataset3_505/emerg_dataset3_505.jpg,emerg_dataset3_505.jpg,emerg_dataset3,f482_jpg.rf.b8fb91b273dcca20488d2413f0bfaaed.jpg,9481cedad37f97a639c98e1ab9306aba
Data/emerg_dataset3/emerg_dataset3_506/emerg_dataset3_506.jpg,emerg_dataset3_506.jpg,emerg_dataset3,f483_png.rf.b59e3d2e25bbdfd4f3304f43b2a5f469.jpg,1610af2b5d5fe33d709bf5bb55a7ca5d
Data/emerg_dataset3/emerg_dataset3_507/emerg_dataset3_507.jpg,emerg_dataset3_507.jpg,emerg_dataset3,f493_png.rf.b0f9f0b22143335bfa737e582bd1d494.jpg,610d0e401a2a5ec66d289a7890859aee
Data/emerg_dataset3/emerg_dataset3_508/emerg_dataset3_508.jpg,emerg_dataset3_508.jpg,emerg_dataset3,F49_jpg.rf.f7058ec9731b0f68885c5cf46fc551c9.jpg,db7a987037accd2e869899b9ae09cc91
Data/emerg_dataset3/emerg_dataset3_509/emerg_dataset3_509.jpg,emerg_dataset3_509.jpg,emerg_dataset3,F4_jpg.rf.55064ac7d9a337e8720781bef51c2591.jpg,c24b94a5374c3c744e83859879f5de97
Data/emerg_dataset3/emerg_dataset3_51/emerg_dataset3_51.jpg,emerg_dataset3_51.jpg,emerg_dataset3,f177_png.rf.1c9cda53016119966dc47051b744a8d5.jpg,c55f3bd4dc3a2cb304d1accc84165237
Data/emerg_dataset3/emerg_dataset3_510/emerg_dataset3_510.jpg,emerg_dataset3_510.jpg,emerg_dataset3,F51_jpg.rf.1a82a41aeccffb63682badc51f68d0c3.jpg,11a5bb3a89680f7c7c0b59a5c042240b
Data/emerg_dataset3/emerg_dataset3_511/emerg_dataset3_511.jpg,emerg_dataset3_511.jpg,emerg_dataset3,F52_jpg.rf.6b4ad67acdc85caf5da901873a8dcc2b.jpg,8b4a4b613d89c2aa119aee61c6ff585c
Data/emerg_dataset3/emerg_dataset3_512/emerg_dataset3_512.jpg,emerg_dataset3_512.jpg,emerg_dataset3,F53_jpg.rf.38009ca690b7296dcbd87c2917102774.jpg,92866c07f1024684a9643d1a18ec253b
Data/emerg_dataset3/emerg_dataset3_513/emerg_dataset3_513.jpg,emerg_dataset3_513.jpg,emerg_dataset3,F54_jpg.rf.86dddc19f4b11203543a840d6865e4a1.jpg,7474805a5755e8ffcbb73bee5b230662
Data/emerg_dataset3/emerg_dataset3_514/emerg_dataset3_514.jpg,emerg_dataset3_514.jpg,emerg_dataset3,F56_jpeg.rf.8dc1f673edce7dd1131161bab7e7ab2a.jpg,fb8737d175c36a5281b21c6f66ad4641
Data/emerg_dataset3/emerg_dataset3_515/emerg_dataset3_515.jpg,emerg_dataset3_515.jpg,emerg_dataset3,F57_jpg.rf.23f7a7f037acbdc20c155e0994c10f03.jpg,e7716f56ef6a8fd1be046cf8fbf20e32
Data/emerg_dataset3/emerg_dataset3_516/emerg_dataset3_516.jpg,emerg_dataset3_516.jpg,emerg_dataset3,F58_jpg.rf.e79c301602928a028b4431cb2bf182d9.jpg,4d65ce0e28086e4c8b380f6b16874257
Data/emerg_dataset3/emerg_dataset3_517/emerg_dataset3_517.jpg,emerg_dataset3_517.jpg,emerg_dataset3,F5_jpg.rf.df49de9438dbd18c1146f03d32eb2688.jpg,7345c3679c507a2073a1f6c17b82368f
Data/emerg_dataset3/emerg_dataset3_518/emerg_dataset3_518.jpg,emerg_dataset3_518.jpg,emerg_dataset3,f60_png.rf.9ade3e0e4000d244239c68caf0492423.jpg,3edc44714efb0644a3166521d4dcd6de
Data/emerg_dataset3/emerg_dataset3_519/emerg_dataset3_519.jpg,emerg_dataset3_519.jpg,emerg_dataset3,F62_jpg.rf.d914ff6da57ae31f454e5a2d45bbebec.jpg,594ea892fea8754917e4e5588223f14e
Data/emerg_dataset3/emerg_dataset3_52/emerg_dataset3_52.jpg,emerg_dataset3_52.jpg,emerg_dataset3,f180_png.rf.c99c8d56d7a16a7c2cfe678de82feb08.jpg,396a13b5d0c8c86d0fc8e04da28006da
Data/emerg_dataset3/emerg_dataset3_520/emerg_dataset3_520.jpg,emerg_dataset3_520.jpg,emerg_dataset3,F63_jpg.rf.96c57730a18de3b2a893b14de2493a31.jpg,6657681b533140f0deed160b9ff32623
Data/emerg_dataset3/emerg_dataset3_521/emerg_dataset3_521.jpg,emerg_dataset3_521.jpg,emerg_dataset3,F64_jpg.rf.f2cfb0d13d6f94a25ff9e3500ca4485a.jpg,45323e9aeb108150cd1b88d4258a2050
Data/emerg_dataset3/emerg_dataset3_522/emerg_dataset3_522.jpg,emerg_dataset3_522.jpg,emerg_dataset3,F65_jpg.rf.8c11998a177fbd02665e0d7a3076e05b.jpg,05c4afe840e0efc68536af696f096454
Data/emerg_dataset3/emerg_dataset3_523/emerg_dataset3_523.jpg,emerg_dataset3_523.jpg,emerg_dataset3,F67_png.rf.497f13ef943a2c4f8c2aae989162e9a9.jpg,2169a651498f18cda0d1b3d026b18190
Data/emerg_dataset3/emerg_dataset3_524/emerg_dataset3_524.jpg,emerg_dataset3_524.jpg,emerg_dataset3,F68_jpg.rf.2c6a4c6267a845eb2e057cfe41c61cfa.jpg,a75d0fe4d83f061d2f901a4dd2c8c9be
Data/emerg_dataset3/emerg_dataset3_525/emerg_dataset3_525.jpg,emerg_dataset3_525.jpg,emerg_dataset3,F6_jpg.rf.f77cbb7f0ed8c622edf2b00ab994d712.jpg,460fb4acb9b52c0f435a6c9d610744bf
Data/emerg_dataset3/emerg_dataset3_526/emerg_dataset3_526.jpg,emerg_dataset3_526.jpg,emerg_dataset3,F70_png.rf.6e6f8b2ec36361f24bce67fe45c120ba.jpg,91c4692579b16f6a8aef711d0695c696
Data/emerg_dataset3/emerg_dataset3_527/emerg_dataset3_527.jpg,emerg_dataset3_527.jpg,emerg_dataset3,F72_jpg.rf.837a1578031f5cd505a0a519727ddb6b.jpg,4cc47700ce3a3cd82137a173278d3d03
Data/emerg_dataset3/emerg_dataset3_528/emerg_dataset3_528.jpg,emerg_dataset3_528.jpg,emerg_dataset3,F74_jpg.rf.48b14aaf19388dfb3f144991a8a92145.jpg,e02da1b4a861930da592715e95c370af
Data/emerg_dataset3/emerg_dataset3_529/emerg_dataset3_529.jpg,emerg_dataset3_529.jpg,emerg_dataset3,F76_jpg.rf.4971715ab668b7a141a497f09e00cd8b.jpg,361bae663062efc7cac859c556b7351e
Data/emerg_dataset3/emerg_dataset3_53/emerg_dataset3_53.jpg,emerg_dataset3_53.jpg,emerg_dataset3,f185_jpg.rf.c45c268071e2bcd146a7a5a4cc501cc0.jpg,ea9b0bd7653ed26636b504f09f23b2cb
Data/emerg_dataset3/emerg_dataset3_530/emerg_dataset3_530.jpg,emerg_dataset3_530.jpg,emerg_dataset3,F77_jpg.rf.8e7ddc90e3c69ea2f4e4979c45d6f725.jpg,3b8dee69f71f3f2730d102ff8be60bbe
Data/emerg_dataset3/emerg_dataset3_531/emerg_dataset3_531.jpg,emerg_dataset3_531.jpg,emerg_dataset3,F79_jpg.rf.ef958735c919ca6a603d181b47097275.jpg,c821d532a90bb85c13a3044edba87d42
Data/emerg_dataset3/emerg_dataset3_532/emerg_dataset3_532.jpg,emerg_dataset3_532.jpg,emerg_dataset3,F7_png.rf.3175bdc373b9b04d8aea1b64417bd7a4.jpg,eaafacc3283eb1dae47e211d1d3ce8f7
Data/emerg_dataset3/emerg_dataset3_533/emerg_dataset3_533.jpg,emerg_dataset3_533.jpg,emerg_dataset3,F80_jpg.rf.0d76c7a3adb2e64ccf6f605c0cfe6138.jpg,a6e1eb2c0f37ad3def6e02a951d88c23
Data/emerg_dataset3/emerg_dataset3_534/emerg_dataset3_534.jpg,emerg_dataset3_534.jpg,emerg_dataset3,F81_jpg.rf.50f580f489cbf137b670abf052270294.jpg,5b1019dd54c89a7889e58b093dd2f71b
Data/emerg_dataset3/emerg_dataset3_535/emerg_dataset3_535.jpg,emerg_dataset3_535.jpg,emerg_dataset3,F82_jpg.rf.73b4f840b8ce14399ba0c3f51a0bd8bf.jpg,b9911c062d91d84c1e1798441b463b49
Data/emerg_dataset3/emerg_dataset3_536/emerg_dataset3_536.jpg,emerg_dataset3_536.jpg,emerg_dataset3,F83_jpg.rf.f9f281020a5f2e171fcd861e49c4036b.jpg,a2b73fc7746a889e269765497475b8c7
Data/emerg_dataset3/emerg_dataset3_537/emerg_dataset3_537.jpg,emerg_dataset3_537.jpg,emerg_dataset3,F84_jpg.rf.ca2e5b12b1b17273437fd663380e5cd6.jpg,994d4768a2a5763a4c9a0c18cb9938cd
Data/emerg_dataset3/emerg_dataset3_538/emerg_dataset3_538.jpg,emerg_dataset3_538.jpg,emerg_dataset3,F85_jpg.rf.32a05b50dbd14a53dae4e91154b869e8.jpg,db97720f977537e5e7354f847675c6b7
Data/emerg_dataset3/emerg_dataset3_539/emerg_dataset3_539.jpg,emerg_dataset3_539.jpg,emerg_dataset3,F86_jpg.rf.a63a16d3fb8f78e423e8bf313a9e84ab.jpg,c9a8c05cf8c3476f0e896e47439bdb1b
Data/emerg_dataset3/emerg_dataset3_54/emerg_dataset3_54.jpg,emerg_dataset3_54.jpg,emerg_dataset3,F19_jpg.rf.1d39fc05110445ba64d8c27ba6b6e34c.jpg,9078141b632be66949d22af764913d11
Data/emerg_dataset3/emerg_dataset3_540/emerg_dataset3_540.jpg,emerg_dataset3_540.jpg,emerg_dataset3,F89_jpg.rf.f6220a45ece7ada87e6aa0fa9e2a954c.jpg,4b5cf7e3f861ec10fbff53ff61525422
Data/emerg_dataset3/emerg_dataset3_541/emerg_dataset3_541.jpg,emerg_dataset3_541.jpg,emerg_dataset3,F90_jpg.rf.de70db8fed1c16454bb6b9d4ceba8265.jpg,424363152129be0c3e0ab7d840146eae
Data/emerg_dataset3/emerg_dataset3_542/emerg_dataset3_542.jpg,emerg_dataset3_542.jpg,emerg_dataset3,F91_jpg.rf.2c31d66eeb4d7b3f262a692a29341fb2.jpg,f36ed41c53bf40a312959d71bf54a0d7
Data/emerg_dataset3/emerg_dataset3_543/emerg_dataset3_543.jpg,emerg_dataset3_543.jpg,emerg_dataset3,F93_jpg.rf.7ffc2182a7de48c9ebe4eccacaf9687c.jpg,74b347cc749b7594a6349cfb9269fed8
Data/emerg_dataset3/emerg_dataset3_544/emerg_dataset3_544.jpg,emerg_dataset3_544.jpg,emerg_dataset3,F95_jpg.rf.46e1d261d408278b4a54d989011b92b9.jpg,64cce999051104d7667dc5f83a0a971a
Data/emerg_dataset3/emerg_dataset3_545/emerg_dataset3_545.jpg,emerg_dataset3_545.jpg,emerg_dataset3,F97_jpeg.rf.e75ff4b8c10203fb3d40830d5ff2ad89.jpg,41233757e97c82c7bea41fa0d0a37635
Data/emerg_dataset3/emerg_dataset3_546/emerg_dataset3_546.jpg,emerg_dataset3_546.jpg,emerg_dataset3,F98_jpeg.rf.3e6e0d5eeae38b4fbc578c1c02db3d05.jpg,2c1e3bbf99a92bcf24986dd33f0102e0
Data/emerg_dataset3/emerg_dataset3_547/emerg_dataset3_547.jpg,emerg_dataset3_547.jpg,emerg_dataset3,F99_jpeg.rf.464f51f57a6446be7d3f831aa2dcd892.jpg,ff21352617e19c63619196f454d430fc
Data/emerg_dataset3/emerg_dataset3_549/emerg_dataset3_549.jpg,emerg_dataset3_549.jpg,emerg_dataset3,youtube-0_jpg.rf.e507cca1c2883544298fc08decdeeb33.jpg,45f5ba2e4cc2df8273e3c8df9d111e6b
Data/emerg_dataset3/emerg_dataset3_55/emerg_dataset3_55.jpg,emerg_dataset3_55.jpg,emerg_dataset3,F20_jpg.rf.14125ee476c71289d8df900a3346bd6a.jpg,4ce7b28cbf8b65efe0ca833326a97099
Data/emerg_dataset3/emerg_dataset3_551/emerg_dataset3_551.jpg,emerg_dataset3_551.jpg,emerg_dataset3,youtube-10_jpg.rf.6e3817bdcf2c5145ee472f9e96e161e5.jpg,f5f07eb8cceb874be0790cbf4b3f2629
Data/emerg_dataset3/emerg_dataset3_552/emerg_dataset3_552.jpg,emerg_dataset3_552.jpg,emerg_dataset3,youtube-10_jpg.rf.76b0f3a85485dfb4aad047f2f03c0a1a.jpg,9f82a31e616f522fd9bba2360848c569
Data/emerg_dataset3/emerg_dataset3_553/emerg_dataset3_553.jpg,emerg_dataset3_553.jpg,emerg_dataset3,youtube-10_jpg.rf.d844a0edfb39ab63347a9985e4aba883.jpg,7695fe61b21a21fa4ac9a1927389999e
Data/emerg_dataset3/emerg_dataset3_555/emerg_dataset3_555.jpg,emerg_dataset3_555.jpg,emerg_dataset3,youtube-11_jpg.rf.42417acbaed9bfa34e50b6cf71c24aec.jpg,31ab2cf6794fd83030e1da62d3fcfd7d
Data/emerg_dataset3/emerg_dataset3_557/emerg_dataset3_557.jpg,emerg_dataset3_557.jpg,emerg_dataset3,youtube-13_jpg.rf.40a4d6f1c49877734d51a61d4f23c09c.jpg,65f98cc268407be6921739a40596bbb5
Data/emerg_dataset3/emerg_dataset3_559/emerg_dataset3_559.jpg,emerg_dataset3_559.jpg,emerg_dataset3,youtube-14_jpg.rf.257549d083e8014de561fb1520a31ced.jpg,5c2dd35996b54ab270740730b1c29659
Data/emerg_dataset3/emerg_dataset3_56/emerg_dataset3_56.jpg,emerg_dataset3_56.jpg,emerg_dataset3,f211_jpg.rf.eac86afdbbc7e06f36978d91dc3bbe37.jpg,d243b152578b217b5a262e468425c7bc
Data/emerg_dataset3/emerg_dataset3_562/emerg_dataset3_562.jpg,emerg_dataset3_562.jpg,emerg_dataset3,youtube-15_jpg.rf.939cda81416ce8161fdd8b63e061e381.jpg,2f39a632fe020b68e585212624faba9b
Data/emerg_dataset3/emerg_dataset3_564/emerg_dataset3_564.jpg,emerg_dataset3_564.jpg,emerg_dataset3,youtube-16_jpg.rf.f0f503f30121ce72d008913d88f136f4.jpg,587ba6ab69e746387dae16c5e0bf0f43
Data/emerg_dataset3/emerg_dataset3_567/emerg_dataset3_567.jpg,emerg_dataset3_567.jpg,emerg_dataset3,youtube-1_jpg.rf.354ce20f08fb0134797cb49bed7bb506.jpg,317f4903c16b77357342d8b286f9d113
Data/emerg_dataset3/emerg_dataset3_57/emerg_dataset3_57.jpg,emerg_dataset3_57.jpg,emerg_dataset3,F23_jpg.rf.4e89ff4ffa22f1c03dfd318e7436d5a8.jpg,b9ff3b3eb3f881c44ccfca5130a1f41f
Data/emerg_dataset3/emerg_dataset3_571/emerg_dataset3_571.jpg,emerg_dataset3_571.jpg,emerg_dataset3,youtube-22_jpg.rf.5a7f3f673911166d7b94022bdeb9ba4a.jpg,28fdb54d8be503007b3e3dd42a3f0632
Data/emerg_dataset3/emerg_dataset3_58/emerg_dataset3_58.jpg,emerg_dataset3_58.jpg,emerg_dataset3,f326_jpeg.rf.1dd353354822018e05614a585894b55d.jpg,b372250942441bb9dc18ef28626669db
Data/emerg_dataset3/emerg_dataset3_582/emerg_dataset3_582.jpg,emerg_dataset3_582.jpg,emerg_dataset3,youtube-34_jpg.rf.3ee848a3100b1777b8b944f159cc2317.jpg,5e89ddcb64ec10073d209f3662b77daa
Data/emerg_dataset3/emerg_dataset3_583/emerg_dataset3_583.jpg,emerg_dataset3_583.jpg,emerg_dataset3,youtube-35_jpg.rf.142a03d281da775d1865245582b85942.jpg,c00d8d033f176f4bdf6bc0f6b0c51291
Data/emerg_dataset3/emerg_dataset3_584/emerg_dataset3_584.jpg,emerg_dataset3_584.jpg,emerg_dataset3,youtube-37_jpg.rf.a546052762c64ec0a7a2e2523613dddf.jpg,7b2d0112eb52f7279250999f26e27bb0
Data/emerg_dataset3/emerg_dataset3_585/emerg_dataset3_585.jpg,emerg_dataset3_585.jpg,emerg_dataset3,youtube-3_jpg.rf.cf1fba6cbc7a32b8779ad914e772a6c1.jpg,693c1eee0a4b21b1c7d14f55829aadbb
Data/emerg_dataset3/emerg_dataset3_589/emerg_dataset3_589.jpg,emerg_dataset3_589.jpg,emerg_dataset3,youtube-46_jpg.rf.f01ac3f7b5ec9761460c393034a50f10.jpg,740dd0e4b4ebb3e506bcd689f29c1acf
Data/emerg_dataset3/emerg_dataset3_59/emerg_dataset3_59.jpg,emerg_dataset3_59.jpg,emerg_dataset3,f338_jpeg.rf.e68cafbed0b153502364c383ea095cd4.jpg,da5b60bebbe6d33462fda3d3d0e93e72
Data/emerg_dataset3/emerg_dataset3_590/emerg_dataset3_590.jpg,emerg_dataset3_590.jpg,emerg_dataset3,youtube-47_jpg.rf.891985e5b7a5a8698e7360d443af9367.jpg,abd209ce3acc91303ed7bdc9b2fbf3cf
Data/emerg_dataset3/emerg_dataset3_594/emerg_dataset3_594.jpg,emerg_dataset3_594.jpg,emerg_dataset3,youtube-54_jpg.rf.18fd0b188f84b91ade03a7e61592b02d.jpg,3f2b2bc3f37b7841485fcc6ff767fa3b
Data/emerg_dataset3/emerg_dataset3_595/emerg_dataset3_595.jpg,emerg_dataset3_595.jpg,emerg_dataset3,youtube-56_jpg.rf.b521d0c312a53949aca5a5f5fedea2ba.jpg,9e3fbec399de55ec16177cb3afeb15cb
Data/emerg_dataset3/emerg_dataset3_596/emerg_dataset3_596.jpg,emerg_dataset3_596.jpg,emerg_dataset3,youtube-57_jpg.rf.9ba44728cd9f7c52e389a96d782c1a16.jpg,65e8ad307ef0b804a706ac0bb7d78c9b
Data/emerg_dataset3/emerg_dataset3_598/emerg_dataset3_598.jpg,emerg_dataset3_598.jpg,emerg_dataset3,youtube-59_jpg.rf.430b2ea3edbe29cf6851e2b3e909ce60.jpg,cd3e63a26e29fca384a4db9413ad80b9
Data/emerg_dataset3/emerg_dataset3_6/emerg_dataset3_6.jpg,emerg_dataset3_6.jpg,emerg_dataset3,a156_jpeg.rf.e21c76e6c3aa97f3aa3eceba230d54b9.jpg,1e0aacedebd95990028917c650573410
Data/emerg_dataset3/emerg_dataset3_60/emerg_dataset3_60.jpg,emerg_dataset3_60.jpg,emerg_dataset3,F41_jpg.rf.4e9c8f511b531f3ce3f5a124a79f4912.jpg,a074752719822e550e50f7c4b8983009
Data/emerg_dataset3/emerg_dataset3_601/emerg_dataset3_601.jpg,emerg_dataset3_601.jpg,emerg_dataset3,youtube-5_jpg.rf.e42b88084a1aa6265370cf97a240180f.jpg,c1ccbfb501480a0e7b2560f9ae766a10
Data/emerg_dataset3/emerg_dataset3_602/emerg_dataset3_602.jpg,emerg_dataset3_602.jpg,emerg_dataset3,youtube-60_jpg.rf.8c1109fcfe1bc0f9c204f1160d6e5617.jpg,185e9272f83d9e253f850635a9cdae97
Data/emerg_dataset3/emerg_dataset3_607/emerg_dataset3_607.jpg,emerg_dataset3_607.jpg,emerg_dataset3,youtube-68_jpg.rf.bf9f96029f646f3c2ae849d398a9dbe6.jpg,bc181ee49b72b8f1d22f098565e93c08
Data/emerg_dataset3/emerg_dataset3_608/emerg_dataset3_608.jpg,emerg_dataset3_608.jpg,emerg_dataset3,youtube-6_jpg.rf.31d80f99e03c2c934f61d32b9a4d8aa6.jpg,6e8b584958343331d27172fd73207e8e
Data/emerg_dataset3/emerg_dataset3_609/emerg_dataset3_609.jpg,emerg_dataset3_609.jpg,emerg_dataset3,youtube-6_jpg.rf.cc9e9a9d748057348a11764e8ea25f1b.jpg,e41bfd5f1cbf301c4470b1df94dfeb86
Data/emerg_dataset3/emerg_dataset3_61/emerg_dataset3_61.jpg,emerg_dataset3_61.jpg,emerg_dataset3,f444_jpeg.rf.ed4a56e57179a6218ee6be28f58d438b.jpg,6494f5e32d41e071b68ca9ab1014152c
Data/emerg_dataset3/emerg_dataset3_611/emerg_dataset3_611.jpg,emerg_dataset3_611.jpg,emerg_dataset3,youtube-70_jpg.rf.927e736c2424fdfded729dbeaf14a8c5.jpg,1192d5fe47b7c9a58d3fbe47389a644d
Data/emerg_dataset3/emerg_dataset3_613/emerg_dataset3_613.jpg,emerg_dataset3_613.jpg,emerg_dataset3,youtube-73_jpg.rf.3a72921789f461a254889c8407d15c00.jpg,683addb95348c800b9c5b82aa28863de
Data/emerg_dataset3/emerg_dataset3_614/emerg_dataset3_614.jpg,emerg_dataset3_614.jpg,emerg_dataset3,youtube-76_jpg.rf.f14175e4ff8a7ecdac20209980901fac.jpg,75f9e601b7e351622c2505467ea2cc76
Data/emerg_dataset3/emerg_dataset3_617/emerg_dataset3_617.jpg,emerg_dataset3_617.jpg,emerg_dataset3,youtube-79_jpg.rf.e9f7bbc6f2ffc368f9d80bae171d80ef.jpg,dcb9f1bb4839c72b6f952e0c3cfffbb4
Data/emerg_dataset3/emerg_dataset3_618/emerg_dataset3_618.jpg,emerg_dataset3_618.jpg,emerg_dataset3,youtube-7_jpg.rf.63eb1d1f817ef1435e06ce86c2aae48b.jpg,2f9b3bb3f24b7c41a2207868d370cf91
Data/emerg_dataset3/emerg_dataset3_619/emerg_dataset3_619.jpg,emerg_dataset3_619.jpg,emerg_dataset3,youtube-7_jpg.rf.800e2717ac8c2d284aa6f3122ab4212d.jpg,a66d9dae8588007630b199ee4c872480
Data/emerg_dataset3/emerg_dataset3_62/emerg_dataset3_62.jpg,emerg_dataset3_62.jpg,emerg_dataset3,f484_jpg.rf.8fae99664450b294bc53fe092d71ddd1.jpg,d1c3b6f2a50102609aa921254361ba97
Data/emerg_dataset3/emerg_dataset3_621/emerg_dataset3_621.jpg,emerg_dataset3_621.jpg,emerg_dataset3,youtube-80_jpg.rf.5e3f416bd5e5d89c709ab9dc00f3724a.jpg,f78e6fb4c37b309f6939f3e9b00b90c2
Data/emerg_dataset3/emerg_dataset3_622/emerg_dataset3_622.jpg,emerg_dataset3_622.jpg,emerg_dataset3,youtube-81_jpg.rf.10b7849c1d1bbe48034e8c7af7e65e43.jpg,b345a589a01f268cd4c84d24bcff7c8f
Data/emerg_dataset3/emerg_dataset3_623/emerg_dataset3_623.jpg,emerg_dataset3_623.jpg,emerg_dataset3,youtube-82_jpg.rf.3fff7d161f02e2a0aa0ce86a3854ecd9.jpg,583e80bd8de3f0973ea4c3167c550d9d
Data/emerg_dataset3/emerg_dataset3_624/emerg_dataset3_624.jpg,emerg_dataset3_624.jpg,emerg_dataset3,youtube-83_jpg.rf.99bc9b095cf8b8858dafc132e2d460a4.jpg,ad08e4550151d7704313f9409f595866
Data/emerg_dataset3/emerg_dataset3_625/emerg_dataset3_625.jpg,emerg_dataset3_625.jpg,emerg_dataset3,youtube-84_jpg.rf.4b4edce87790838c93ea4ae3d3c41bcf.jpg,aa0b884434a6db5f1e28b6e417a4bf41
Data/emerg_dataset3/emerg_dataset3_627/emerg_dataset3_627.jpg,emerg_dataset3_627.jpg,emerg_dataset3,youtube-86_jpg.rf.e12f16d8ec889156508d9ac50c528162.jpg,944f4bda559ff39adc040717326647cc
Data/emerg_dataset3/emerg_dataset3_628/emerg_dataset3_628.jpg,emerg_dataset3_628.jpg,emerg_dataset3,youtube-88_jpg.rf.d6beaf2621fc08ffecb2cd81378cf61d.jpg,b9ff8c827aed48c37bae2596aae26a69
Data/emerg_dataset3/emerg_dataset3_629/emerg_dataset3_629.jpg,emerg_dataset3_629.jpg,emerg_dataset3,youtube-89_jpg.rf.ead6a822b5eb4bf0d94e4b1c5fd0cdf6.jpg,ba2e1064f6423d06f92f58a6c2b28b88
Data/emerg_dataset3/emerg_dataset3_63/emerg_dataset3_63.jpg,emerg_dataset3_63.jpg,emerg_dataset3,F48_jpg.rf.8b1e823ccccd044f75195c951c979c62.jpg,0b26fa69af0bb537a856511a45d35a6b
Data/emerg_dataset3/emerg_dataset3_630/emerg_dataset3_630.jpg,emerg_dataset3_630.jpg,emerg_dataset3,youtube-8_jpg.rf.c0248a788a05f04b737c8670bc09acdb.jpg,0a04c28a5c320b34836d0bdad00d1d63
Data/emerg_dataset3/emerg_dataset3_631/emerg_dataset3_631.jpg,emerg_dataset3_631.jpg,emerg_dataset3,youtube-91_jpg.rf.a0b198b90ac8994f3f396c853d3c2a2c.jpg,c234c811dce08993cfd33bd86e19e4e1
Data/emerg_dataset3/emerg_dataset3_632/emerg_dataset3_632.jpg,emerg_dataset3_632.jpg,emerg_dataset3,youtube-94_jpg.rf.62aab9ce7d6f9130956ade220ef4f63e.jpg,e4e33aa981d1bffabb00c2ee025b8e28
Data/emerg_dataset3/emerg_dataset3_633/emerg_dataset3_633.jpg,emerg_dataset3_633.jpg,emerg_dataset3,youtube-95_jpg.rf.da73c7f9af38cd4602d5fd3d86237b05.jpg,940937419c5eb927113abdd02d6e58cf
Data/emerg_dataset3/emerg_dataset3_634/emerg_dataset3_634.jpg,emerg_dataset3_634.jpg,emerg_dataset3,youtube-96_jpg.rf.baf8730659accf5c8e0fd625b6f02e1e.jpg,6d535ffad03802d739509b1d72a61985
Data/emerg_dataset3/emerg_dataset3_635/emerg_dataset3_635.jpg,emerg_dataset3_635.jpg,emerg_dataset3,youtube-97_jpg.rf.52320594adc12dbe41ad912cb8352528.jpg,784557940ba86c33a291130a469b0674
Data/emerg_dataset3/emerg_dataset3_636/emerg_dataset3_636.jpg,emerg_dataset3_636.jpg,emerg_dataset3,youtube-99_jpg.rf.535f71429800382aee7ffa9c3a27dea7.jpg,b4ae6ecff7801c1980d79c607f6a2e71
Data/emerg_dataset3/emerg_dataset3_638/emerg_dataset3_638.jpg,emerg_dataset3_638.jpg,emerg_dataset3,youtube-9_jpg.rf.9288812e17d1c9cc2f074cc008cd8e93.jpg,408159407083a453eb62b3cbefcbbfd4
Data/emerg_dataset3/emerg_dataset3_64/emerg_dataset3_64.jpg,emerg_dataset3_64.jpg,emerg_dataset3,F50_png.rf.4a6d4da8df2848039111aef822411c4b.jpg,544f222dc2216e76eb666b6ba0cee2be
Data/emerg_dataset3/emerg_dataset3_640/emerg_dataset3_640.jpg,emerg_dataset3_640.jpg,emerg_dataset3,a100_jpg.rf.c9ff735667b4099ec0cdef2a9ce7d90c.jpg,ed300b779ab818a7f07bb36e5bb64379
Data/emerg_dataset3/emerg_dataset3_641/emerg_dataset3_641.jpg,emerg_dataset3_641.jpg,emerg_dataset3,a107_jpeg.rf.e3d1aed76fa6e5106a1b5e7b75fdc560.jpg,4f41b2a669a3d4ff9384090f32d521f8
Data/emerg_dataset3/emerg_dataset3_642/emerg_dataset3_642.jpg,emerg_dataset3_642.jpg,emerg_dataset3,a108_jpeg.rf.235ff759a21fa9ffc381a771d08b27cd.jpg,d07091cd0b7c903bbfcbbad15038bc05
Data/emerg_dataset3/emerg_dataset3_643/emerg_dataset3_643.jpg,emerg_dataset3_643.jpg,emerg_dataset3,a110_jpeg.rf.ea9819e40e24d38660d0d5c805fefc9d.jpg,9935f62c82d2076fbde3cd07fab6fe58
Data/emerg_dataset3/emerg_dataset3_644/emerg_dataset3_644.jpg,emerg_dataset3_644.jpg,emerg_dataset3,a119_png.rf.63beeac5003216b2f838a76b5d1dc36c.jpg,d869bfc744fdc52c8db3f4ba0c1f7a4c
Data/emerg_dataset3/emerg_dataset3_646/emerg_dataset3_646.jpg,emerg_dataset3_646.jpg,emerg_dataset3,a123_jpg.rf.a335a5aa00f1a5f1da00e8ac23fcba59.jpg,32e72fcb4ab3a9b47b7c8cb08e6b9d50
Data/emerg_dataset3/emerg_dataset3_647/emerg_dataset3_647.jpg,emerg_dataset3_647.jpg,emerg_dataset3,a124_jpg.rf.6833a4ccae472019763b155c4d0df52c.jpg,4002031fac5ccb00544e67908406316e
Data/emerg_dataset3/emerg_dataset3_648/emerg_dataset3_648.jpg,emerg_dataset3_648.jpg,emerg_dataset3,a125_jpg.rf.4f43885658b036b6b1041a16cdb4dae8.jpg,4e44947f8ed3e28afc61f0e6db347152
Data/emerg_dataset3/emerg_dataset3_649/emerg_dataset3_649.jpg,emerg_dataset3_649.jpg,emerg_dataset3,a132_jpg.rf.bee34a7e0217012ac5cfe42fe01928af.jpg,ec4368dcfdc8d4364c4a8c29db25f592
Data/emerg_dataset3/emerg_dataset3_65/emerg_dataset3_65.jpg,emerg_dataset3_65.jpg,emerg_dataset3,F61_jpg.rf.48979be723cf0e40b6db4a0fdb8c2820.jpg,6db8ee6900fa0fcb2b2c9fb7b1614165
Data/emerg_dataset3/emerg_dataset3_650/emerg_dataset3_650.jpg,emerg_dataset3_650.jpg,emerg_dataset3,a139_jpg.rf.90e55b2ad10b5a8624db79083c38ddf4.jpg,251fca3e31fb60665616805b1a2b4a77
Data/emerg_dataset3/emerg_dataset3_651/emerg_dataset3_651.jpg,emerg_dataset3_651.jpg,emerg_dataset3,a141_jpg.rf.d0fd179527ad83889d270ff7d6797a7f.jpg,d8fb523fa369b5672a1e976d82bd2763
Data/emerg_dataset3/emerg_dataset3_652/emerg_dataset3_652.jpg,emerg_dataset3_652.jpg,emerg_dataset3,a166_jpeg.rf.e55e0c5c68fffd5ae848a663aee4bf33.jpg,b994028b8bd79f5840663b4d4f369009
Data/emerg_dataset3/emerg_dataset3_653/emerg_dataset3_653.jpg,emerg_dataset3_653.jpg,emerg_dataset3,a169_jpg.rf.e9b2ad5b53f520f10ba6ee6836a37e73.jpg,42772c93435986c2450a38e1b4789f1d
Data/emerg_dataset3/emerg_dataset3_654/emerg_dataset3_654.jpg,emerg_dataset3_654.jpg,emerg_dataset3,a171_jpeg.rf.b0ad33e487734c8b7c9c218c8edce4b4.jpg,f1accb2ea3efb1bbeb288a329c8e35fb
Data/emerg_dataset3/emerg_dataset3_655/emerg_dataset3_655.jpg,emerg_dataset3_655.jpg,emerg_dataset3,a178_jpeg.rf.dacdee33c274cd710552ebd810d9fc4b.jpg,9505d13f1b06a4ee88fac531d6fef4fb
Data/emerg_dataset3/emerg_dataset3_656/emerg_dataset3_656.jpg,emerg_dataset3_656.jpg,emerg_dataset3,a181_jpeg.rf.4f1df0202087ebe39cf18f876fffc177.jpg,bc64dc215d4d3ebe66a71d551a35cbce
Data/emerg_dataset3/emerg_dataset3_657/emerg_dataset3_657.jpg,emerg_dataset3_657.jpg,emerg_dataset3,a18_jpg.rf.0cfad67a61840dc619fdc87be63ea4bd.jpg,c3c53f10d1b2395074410484905a40f9
Data/emerg_dataset3/emerg_dataset3_658/emerg_dataset3_658.jpg,emerg_dataset3_658.jpg,emerg_dataset3,a225_jpg.rf.367b94a7ff77f14a3f5102c5ac3658be.jpg,e6fe17bd1e675553764cf8b8006fd5ad
Data/emerg_dataset3/emerg_dataset3_659/emerg_dataset3_659.jpg,emerg_dataset3_659.jpg,emerg_dataset3,a227_jpg.rf.48564ca7f0ee7d4568b96ed49ab0dbe1.jpg,0c1d83a6ceee295366db8ef0a11743f1
Data/emerg_dataset3/emerg_dataset3_66/emerg_dataset3_66.jpg,emerg_dataset3_66.jpg,emerg_dataset3,F69_jpg.rf.36affdc5af262928f8ed0b3c14e74090.jpg,2d4351a1eaf78079ef8bebceb81039f4
Data/emerg_dataset3/emerg_dataset3_660/emerg_dataset3_660.jpg,emerg_dataset3_660.jpg,emerg_dataset3,a238_jpg.rf.bf8a395532da1f489a7237621f3a1b51.jpg,9b127808f571c10fc95ff6f1912a759a
Data/emerg_dataset3/emerg_dataset3_661/emerg_dataset3_661.jpg,emerg_dataset3_661.jpg,emerg_dataset3,a243_jpg.rf.73838a5e442c2f770ccd5d2ce3e332f6.jpg,c02ca4e596a2ecfb0dde59a7f20768af
Data/emerg_dataset3/emerg_dataset3_662/emerg_dataset3_662.jpg,emerg_dataset3_662.jpg,emerg_dataset3,a247_jpg.rf.60a7dc2de45ee50d327a34fa5e36ff3a.jpg,a6f77edca6c054b92521f9f7bda73063
Data/emerg_dataset3/emerg_dataset3_663/emerg_dataset3_663.jpg,emerg_dataset3_663.jpg,emerg_dataset3,a24_jpg.rf.c52a872a8f357039d84f2cd3951a4794.jpg,654810b3310bc4ce16d8b111c40e7873
Data/emerg_dataset3/emerg_dataset3_664/emerg_dataset3_664.jpg,emerg_dataset3_664.jpg,emerg_dataset3,a257_jpg.rf.3bb161e1bef85c5bdcea851bf3a4da65.jpg,962c50b830fe9cb7eca6d77e41597a37
Data/emerg_dataset3/emerg_dataset3_665/emerg_dataset3_665.jpg,emerg_dataset3_665.jpg,emerg_dataset3,a265_jpg.rf.4931eda78b1faf1e8802a7f12b99a9ba.jpg,ec699fd27b30a2156ba3bd05bf9f2bc4
Data/emerg_dataset3/emerg_dataset3_666/emerg_dataset3_666.jpg,emerg_dataset3_666.jpg,emerg_dataset3,a267_jpg.rf.2969e59186ae6fb40d0084dccd29dd0d.jpg,931add7f9810f9bf94717ae897585b79
Data/emerg_dataset3/emerg_dataset3_667/emerg_dataset3_667.jpg,emerg_dataset3_667.jpg,emerg_dataset3,a273_jpg.rf.ce79edcdc48cfa18ae03768d2fce9167.jpg,10e5be8b6e57f61e0b7d76a84d509e70
Data/emerg_dataset3/emerg_dataset3_668/emerg_dataset3_668.jpg,emerg_dataset3_668.jpg,emerg_dataset3,a279_jpg.rf.412814346c6151dd0bdb0b6c4a8ed7e6.jpg,315c33524951d050c51560a22d2b9437
Data/emerg_dataset3/emerg_dataset3_669/emerg_dataset3_669.jpg,emerg_dataset3_669.jpg,emerg_dataset3,a283_jpg.rf.f8b28dcc87bd42e70b2d14bcfc35b80d.jpg,f1f8b19381172d5001a9782cd6b54599
Data/emerg_dataset3/emerg_dataset3_67/emerg_dataset3_67.jpg,emerg_dataset3_67.jpg,emerg_dataset3,F71_jpg.rf.0459bddd4ff768f3cb6174015cb0f8eb.jpg,350453dad28e916df3556e35025f0162
Data/emerg_dataset3/emerg_dataset3_670/emerg_dataset3_670.jpg,emerg_dataset3_670.jpg,emerg_dataset3,a292_jpg.rf.36ea73980f7904e69ef90c7c6755f174.jpg,e74572857d705e65c290fbc18faac4b9
Data/emerg_dataset3/emerg_dataset3_671/emerg_dataset3_671.jpg,emerg_dataset3_671.jpg,emerg_dataset3,a303_jpg.rf.9ce92aee8d1cf4975d9f5f825375c3df.jpg,948c7fd5de57b54d5694da32f4966bf5
Data/emerg_dataset3/emerg_dataset3_672/emerg_dataset3_672.jpg,emerg_dataset3_672.jpg,emerg_dataset3,a30_jpg.rf.10f17ce66be3aefa42e16dcbb925501f.jpg,fcb2960fba5af172464ff47c076a0d79
Data/emerg_dataset3/emerg_dataset3_673/emerg_dataset3_673.jpg,emerg_dataset3_673.jpg,emerg_dataset3,a313_jpeg.rf.694e8b421401dc249878f3918001d0f9.jpg,37ca6e9ab2904b4e2ff72bd0b7a1c436
Data/emerg_dataset3/emerg_dataset3_674/emerg_dataset3_674.jpg,emerg_dataset3_674.jpg,emerg_dataset3,a328_jpeg.rf.ac06e2314139a3ebd4e4148a2a013d6d.jpg,b449fb9c7ab03eac8845d7b5d4beef9e
Data/emerg_dataset3/emerg_dataset3_675/emerg_dataset3_675.jpg,emerg_dataset3_675.jpg,emerg_dataset3,a333_jpeg.rf.e70d57c62f6ca4bdf91a7d7fc45c1ec0.jpg,78bca90a52e54cfb202a3ecf151b3322
Data/emerg_dataset3/emerg_dataset3_676/emerg_dataset3_676.jpg,emerg_dataset3_676.jpg,emerg_dataset3,a33_jpg.rf.bea8a18096ad1e8acec384177bf41340.jpg,11a00c1acabe064f432db50ce18e404c
Data/emerg_dataset3/emerg_dataset3_677/emerg_dataset3_677.jpg,emerg_dataset3_677.jpg,emerg_dataset3,a452_jpeg.rf.91e97d7a665199a048eb368927e1bbe2.jpg,75612f3deb9055bf87ebb5480506141d
Data/emerg_dataset3/emerg_dataset3_678/emerg_dataset3_678.jpg,emerg_dataset3_678.jpg,emerg_dataset3,a465_jpeg.rf.e921408d157b753e9bf5c7487e883f9b.jpg,ef5b43af71344d326957d4301b954cec
Data/emerg_dataset3/emerg_dataset3_679/emerg_dataset3_679.jpg,emerg_dataset3_679.jpg,emerg_dataset3,a478_jpg.rf.b7d9d49f3601861706380e493ae3bc59.jpg,ecf960a22662ac677a0c66dfd5d709b2
Data/emerg_dataset3/emerg_dataset3_68/emerg_dataset3_68.jpg,emerg_dataset3_68.jpg,emerg_dataset3,F88_jpg.rf.cb651997197d12bf542b548f5a418420.jpg,3a6481e604954a080cc9410120ea5eae
Data/emerg_dataset3/emerg_dataset3_680/emerg_dataset3_680.jpg,emerg_dataset3_680.jpg,emerg_dataset3,a488_jpeg.rf.ad2e2353730be608e1bdf8903342462b.jpg,6dc88d6c6f8c735dec2e7686a62fe8a7
Data/emerg_dataset3/emerg_dataset3_681/emerg_dataset3_681.jpg,emerg_dataset3_681.jpg,emerg_dataset3,a494_png.rf.9edc11d88fed3191f863419e55f8870c.jpg,7de57cb525b4e5a0439cf884941f19da
Data/emerg_dataset3/emerg_dataset3_682/emerg_dataset3_682.jpg,emerg_dataset3_682.jpg,emerg_dataset3,a499_png.rf.807d7b6d8e3f3cc6d74b6db6fb43bee1.jpg,cb7032eeba3e22672738aa4f26277a5d
Data/emerg_dataset3/emerg_dataset3_683/emerg_dataset3_683.jpg,emerg_dataset3_683.jpg,emerg_dataset3,a500_png.rf.f8141f3c552d3617d905513114e40845.jpg,772737434113fabd7fb7ab091224c971
Data/emerg_dataset3/emerg_dataset3_684/emerg_dataset3_684.jpg,emerg_dataset3_684.jpg,emerg_dataset3,a501_png.rf.9993da1cb2c37be0b25bdd70ff6f43e1.jpg,765271960912bf7d566281e4cf0663bd
Data/emerg_dataset3/emerg_dataset3_685/emerg_dataset3_685.jpg,emerg_dataset3_685.jpg,emerg_dataset3,a50_jpeg.rf.baf69edaa96962e2082663063f43ffa3.jpg,b9b611e9a398fc805985375c0c916553
Data/emerg_dataset3/emerg_dataset3_686/emerg_dataset3_686.jpg,emerg_dataset3_686.jpg,emerg_dataset3,a510_png.rf.fdfd46b11477d2d0dd316d4fae1b2664.jpg,8a163a80d4f0718d3c1a8fc78f192925
Data/emerg_dataset3/emerg_dataset3_687/emerg_dataset3_687.jpg,emerg_dataset3_687.jpg,emerg_dataset3,a53_jpeg.rf.037aea0b2d8ab3d89507fc212da611fc.jpg,6b38eaaf9d02cfdb03210517c5998784
Data/emerg_dataset3/emerg_dataset3_688/emerg_dataset3_688.jpg,emerg_dataset3_688.jpg,emerg_dataset3,a55_jpeg.rf.789ad4028ce093817da10446e71ccf66.jpg,fee15515a110dfe2ae5b28bcd0ca365b
Data/emerg_dataset3/emerg_dataset3_689/emerg_dataset3_689.jpg,emerg_dataset3_689.jpg,emerg_dataset3,a56_jpg.rf.b8b2dae52d5bab9a9be6ed337e9dc257.jpg,5291ae63edf5eb2a04d78553dbce3790
Data/emerg_dataset3/emerg_dataset3_69/emerg_dataset3_69.jpg,emerg_dataset3_69.jpg,emerg_dataset3,youtube-0_jpg.rf.b185dfd1774675879c108240713648d7.jpg,a0ad07cab21bebe43b8ca4da5ffc5cef
Data/emerg_dataset3/emerg_dataset3_690/emerg_dataset3_690.jpg,emerg_dataset3_690.jpg,emerg_dataset3,a59_jpeg.rf.a66c2c8e62e8bee4f3c0de50a872c420.jpg,1119b3012b640d10dc9a3890faca56a4
Data/emerg_dataset3/emerg_dataset3_691/emerg_dataset3_691.jpg,emerg_dataset3_691.jpg,emerg_dataset3,a61_jpg.rf.a8aa9022c620666f55723897bf288a69.jpg,78cb07e6177c48c036885ca8d8f25478
Data/emerg_dataset3/emerg_dataset3_692/emerg_dataset3_692.jpg,emerg_dataset3_692.jpg,emerg_dataset3,a66_jpg.rf.25f6a564732c59d6b6995d12b561c2ed.jpg,cfd2f4bc60a68cd12dfb27129496e28a
Data/emerg_dataset3/emerg_dataset3_693/emerg_dataset3_693.jpg,emerg_dataset3_693.jpg,emerg_dataset3,a68_jpg.rf.b8261b034fa9243e6dfc7d671fd9ad7f.jpg,792080c17bc9eb3ef567d146ff0651e3
Data/emerg_dataset3/emerg_dataset3_694/emerg_dataset3_694.jpg,emerg_dataset3_694.jpg,emerg_dataset3,a73_jpg.rf.1ffd55ac160cfc430a51e715f93c81fc.jpg,ca5ff8db20ee25a74ec2ced3d2d82a71
Data/emerg_dataset3/emerg_dataset3_695/emerg_dataset3_695.jpg,emerg_dataset3_695.jpg,emerg_dataset3,a7_jpg.rf.ac813588d4ef2b741916b50904149d5c.jpg,f9b184eb6656430a1b1b5ed9fab5a752
Data/emerg_dataset3/emerg_dataset3_696/emerg_dataset3_696.jpg,emerg_dataset3_696.jpg,emerg_dataset3,a83_jpg.rf.cd227f5da06f17a99ea9c222b075691b.jpg,7d25e62350489fd739c0ecabb109be9c
Data/emerg_dataset3/emerg_dataset3_697/emerg_dataset3_697.jpg,emerg_dataset3_697.jpg,emerg_dataset3,a85_jpg.rf.e811f407c5fbebe34c18740a08399645.jpg,004d6e0eec349752fd30ba91c90a2312
Data/emerg_dataset3/emerg_dataset3_698/emerg_dataset3_698.jpg,emerg_dataset3_698.jpg,emerg_dataset3,a8_jpg.rf.5dc641f97a65a8bc47ad4fbd9d66a0db.jpg,702a62a393166e9878ac50eb0aebf0ce
Data/emerg_dataset3/emerg_dataset3_699/emerg_dataset3_699.jpg,emerg_dataset3_699.jpg,emerg_dataset3,a97_jpg.rf.4495bc78497ccf40068a4ed2d10d747f.jpg,f5f70169d9fe5abbafec75fcddb229e3
Data/emerg_dataset3/emerg_dataset3_7/emerg_dataset3_7.jpg,emerg_dataset3_7.jpg,emerg_dataset3,a164_jpeg.rf.f343e1b043203a335e5ef93173d3f88a.jpg,9619d28ed0966884a35d8575ad4101cf
Data/emerg_dataset3/emerg_dataset3_701/emerg_dataset3_701.jpg,emerg_dataset3_701.jpg,emerg_dataset3,af309_jpeg.rf.81d109fc54e7a6df8eb97ea57b69999b.jpg,6c8df206a31e43c5e7b5fa18c9fd267a
Data/emerg_dataset3/emerg_dataset3_702/emerg_dataset3_702.jpg,emerg_dataset3_702.jpg,emerg_dataset3,af317_jpeg.rf.c8fabbc6dafd227f47d6a5e92cc9c785.jpg,af8965ba78be367159187293b896cbd8
Data/emerg_dataset3/emerg_dataset3_703/emerg_dataset3_703.jpg,emerg_dataset3_703.jpg,emerg_dataset3,af321_jpeg.rf.fec135e4eaa179a512c59ad9e9a58a70.jpg,726d36e5d42cab61642b5913493cc768
Data/emerg_dataset3/emerg_dataset3_704/emerg_dataset3_704.jpg,emerg_dataset3_704.jpg,emerg_dataset3,af341_jpeg.rf.a2e5d46feeebb0623f89396f2fdf7264.jpg,9ef85e1ca67d4410b437e400f2f43ab9
Data/emerg_dataset3/emerg_dataset3_705/emerg_dataset3_705.jpg,emerg_dataset3_705.jpg,emerg_dataset3,af343_jpeg.rf.f5bca085b44b78a714367d73d1df24a5.jpg,0346ad54daf9f7b06c50ec5baf257126
Data/emerg_dataset3/emerg_dataset3_707/emerg_dataset3_707.jpg,emerg_dataset3_707.jpg,emerg_dataset3,af359_jpeg.rf.f5ee56ea76b8ab880e5b3e7d2460e16d.jpg,91ff8e814b744f48d08f8041ad397d36
Data/emerg_dataset3/emerg_dataset3_708/emerg_dataset3_708.jpg,emerg_dataset3_708.jpg,emerg_dataset3,af361_jpeg.rf.11f734212c77702dadc9232bae1f077c.jpg,8a63ee39ca1596c20a9c630b73ebf418
Data/emerg_dataset3/emerg_dataset3_709/emerg_dataset3_709.jpg,emerg_dataset3_709.jpg,emerg_dataset3,af364_jpeg.rf.48e7ef23ed6d156a1b39d49f56f83441.jpg,790b4f108f4dac2be863efd450d0362d
Data/emerg_dataset3/emerg_dataset3_71/emerg_dataset3_71.jpg,emerg_dataset3_71.jpg,emerg_dataset3,youtube-17_jpg.rf.5f55cf022143b1b882bc04ad4a2a199c.jpg,44cc5987e9bc246b9282ec21dd8273ee
Data/emerg_dataset3/emerg_dataset3_710/emerg_dataset3_710.jpg,emerg_dataset3_710.jpg,emerg_dataset3,af374_jpeg.rf.5956fa8a1891c253ad0bdc625fac5070.jpg,c6d5bf91259dc9a699264dc9b5960c73
Data/emerg_dataset3/emerg_dataset3_713/emerg_dataset3_713.jpg,emerg_dataset3_713.jpg,emerg_dataset3,af379_jpeg.rf.6a699c3ee0fe85261952278aec836473.jpg,551d175ee708f9c697a842f8e62640f1
Data/emerg_dataset3/emerg_dataset3_715/emerg_dataset3_715.jpg,emerg_dataset3_715.jpg,emerg_dataset3,af389_jpeg.rf.8fa0391f02ad2db401fe451d7c2bc931.jpg,5f4fd7ef1721013ac41de63a7a8831f5
Data/emerg_dataset3/emerg_dataset3_716/emerg_dataset3_716.jpg,emerg_dataset3_716.jpg,emerg_dataset3,af395_jpeg.rf.f4b71842cbb1c12ef254c1430e5010f9.jpg,eaab11c1a4e3e6fd80c40f9af5cfda61
Data/emerg_dataset3/emerg_dataset3_717/emerg_dataset3_717.jpg,emerg_dataset3_717.jpg,emerg_dataset3,af399_jpeg.rf.ff95a0ca1d5ed9a2ae596c450e1b3caf.jpg,04a4cfb5d67fd64e634d621612570e00
Data/emerg_dataset3/emerg_dataset3_718/emerg_dataset3_718.jpg,emerg_dataset3_718.jpg,emerg_dataset3,af401_jpeg.rf.cc5bacdb3ab0af2c9ef8373080bf72cf.jpg,95dd9a4c19cfa9d67f54654517a0655c
Data/emerg_dataset3/emerg_dataset3_719/emerg_dataset3_719.jpg,emerg_dataset3_719.jpg,emerg_dataset3,af407_jpeg.rf.9958ce7949d545f52734e37576d0379c.jpg,0c71b635aa284d57e260344b6b9f3145
Data/emerg_dataset3/emerg_dataset3_72/emerg_dataset3_72.jpg,emerg_dataset3_72.jpg,emerg_dataset3,youtube-19_jpg.rf.69be2f42f88d62a8f8aae041d9df1eb2.jpg,5bc512b592627884335be05fdb21ef90
Data/emerg_dataset3/emerg_dataset3_720/emerg_dataset3_720.jpg,emerg_dataset3_720.jpg,emerg_dataset3,af417_jpeg.rf.861f84f4ce9b751c3e58b1323bd150cc.jpg,09b1b6ac971ff956b98836fa0dcf9926
Data/emerg_dataset3/emerg_dataset3_721/emerg_dataset3_721.jpg,emerg_dataset3_721.jpg,emerg_dataset3,af419_jpeg.rf.86416995c6d8de22159f409b8db82cf9.jpg,8be5fed210e00d9a9e8021e3166f33e6
Data/emerg_dataset3/emerg_dataset3_722/emerg_dataset3_722.jpg,emerg_dataset3_722.jpg,emerg_dataset3,af473_jpeg.rf.15f80c67dc1231729ade088f4af0072e.jpg,329c6165daf5937c9bbb918344e9a6df
Data/emerg_dataset3/emerg_dataset3_723/emerg_dataset3_723.jpg,emerg_dataset3_723.jpg,emerg_dataset3,af4_jpeg.rf.168af17161c48c95e5da29d00d1c5b16.jpg,738b2a5e79fa46f1c56ece6b9d2be1c3
Data/emerg_dataset3/emerg_dataset3_724/emerg_dataset3_724.jpg,emerg_dataset3_724.jpg,emerg_dataset3,af9_jpeg.rf.e155b186d0d22b98d3a92734e6c67dc6.jpg,14b4fbea08ea83543d34438529ac6b02
Data/emerg_dataset3/emerg_dataset3_725/emerg_dataset3_725.jpg,emerg_dataset3_725.jpg,emerg_dataset3,F106_jpeg.rf.43a322ac73b73e64ce7e3dfe7b8cc668.jpg,96d781d50fc8a0c11e9ba2cc802f8736
Data/emerg_dataset3/emerg_dataset3_726/emerg_dataset3_726.jpg,emerg_dataset3_726.jpg,emerg_dataset3,F10_jpg.rf.6c10d1ebc5f0900e042c39cf5e70de92.jpg,e2cbb50ff7541bec786d0ba702f9d425
Data/emerg_dataset3/emerg_dataset3_727/emerg_dataset3_727.jpg,emerg_dataset3_727.jpg,emerg_dataset3,F116_jpg.rf.537b24824e05635fd6678ad76e0c5321.jpg,89077f62295d8ffce5d203a9a47f5468
Data/emerg_dataset3/emerg_dataset3_728/emerg_dataset3_728.jpg,emerg_dataset3_728.jpg,emerg_dataset3,F117_jpg.rf.95f30c86eebdfb914ff4266a39cf8016.jpg,59a6b4f098500012f56d3140eae2dace
Data/emerg_dataset3/emerg_dataset3_729/emerg_dataset3_729.jpg,emerg_dataset3_729.jpg,emerg_dataset3,F121_jpeg.rf.6aec86f7be4ef708bf270aad35a9e2eb.jpg,79def3a8965434836b05d171a8e26506
Data/emerg_dataset3/emerg_dataset3_730/emerg_dataset3_730.jpg,emerg_dataset3_730.jpg,emerg_dataset3,F124_jpeg.rf.cc2694c20400a5cd2efec83a8d1d778c.jpg,56a02c6f122df04e23f8c0d0657a4eed
Data/emerg_dataset3/emerg_dataset3_731/emerg_dataset3_731.jpg,emerg_dataset3_731.jpg,emerg_dataset3,F131_jpeg.rf.1fb9a188617f4b6aca4c8b2f25b905b7.jpg,90c4e871e487e81d2a07c5bc018202eb
Data/emerg_dataset3/emerg_dataset3_732/emerg_dataset3_732.jpg,emerg_dataset3_732.jpg,emerg_dataset3,F136_jpeg.rf.d2e63bac7665071e38b33fa0261e371e.jpg,b65ccb9d9264b839f96701fa07da431d
Data/emerg_dataset3/emerg_dataset3_733/emerg_dataset3_733.jpg,emerg_dataset3_733.jpg,emerg_dataset3,F137_jpeg.rf.e9ef9302354c6fea62678f13b5cc9334.jpg,dab297b80ff58202e900fe15d88ba0f5
Data/emerg_dataset3/emerg_dataset3_734/emerg_dataset3_734.jpg,emerg_dataset3_734.jpg,emerg_dataset3,f146_jpeg.rf.dcf01f0c1a29c7abb55fcdacdaebaedc.jpg,9c5aec2bc9d56f9c4793de6e20bf29d9
Data/emerg_dataset3/emerg_dataset3_736/emerg_dataset3_736.jpg,emerg_dataset3_736.jpg,emerg_dataset3,f149_jpeg.rf.8799237569a00d35583fd548248bdfd5.jpg,cfb625f2aca90dfd46aa86b5216d015a
Data/emerg_dataset3/emerg_dataset3_737/emerg_dataset3_737.jpg,emerg_dataset3_737.jpg,emerg_dataset3,f151_jpg.rf.0b6687b9b706277731aac7a59ed30def.jpg,b90ae9be2e6843aa31b84a972219f044
Data/emerg_dataset3/emerg_dataset3_738/emerg_dataset3_738.jpg,emerg_dataset3_738.jpg,emerg_dataset3,f154_jpg.rf.cef5ede001289f49fbdbc8d86f33f633.jpg,51544dcf5c2497a00ce1fde3780db006
Data/emerg_dataset3/emerg_dataset3_739/emerg_dataset3_739.jpg,emerg_dataset3_739.jpg,emerg_dataset3,f158_png.rf.b4df3f7366962c7eeb4b246755ac9554.jpg,3afd7a6530802d0906a4d32fb35c5eb2
Data/emerg_dataset3/emerg_dataset3_740/emerg_dataset3_740.jpg,emerg_dataset3_740.jpg,emerg_dataset3,f159_png.rf.1d82d4be5b757b45ccf86463749c0cf9.jpg,e7216cda4767a1063cc6f9c4af21e79d
Data/emerg_dataset3/emerg_dataset3_741/emerg_dataset3_741.jpg,emerg_dataset3_741.jpg,emerg_dataset3,f164_png.rf.73dbe5181adb5d86c3b0f2cc207cf7e0.jpg,41948d091010f8b79370932a21e500b9
Data/emerg_dataset3/emerg_dataset3_742/emerg_dataset3_742.jpg,emerg_dataset3_742.jpg,emerg_dataset3,f165_png.rf.c969e107b71d0e22a005b62593e184e9.jpg,fd34f83b1406b08a42c25a6acbaba662
Data/emerg_dataset3/emerg_dataset3_743/emerg_dataset3_743.jpg,emerg_dataset3_743.jpg,emerg_dataset3,f168_png.rf.65439ed6b8be3c736ca4d81baba6dc83.jpg,05db0c5a3fc6ad766c0dcfc22c5e6a64
Data/emerg_dataset3/emerg_dataset3_744/emerg_dataset3_744.jpg,emerg_dataset3_744.jpg,emerg_dataset3,f171_png.rf.c18b5a5e6f1dbc7e4e174654de019d24.jpg,ce029e684cb89fd604f1918aa26f144d
Data/emerg_dataset3/emerg_dataset3_745/emerg_dataset3_745.jpg,emerg_dataset3_745.jpg,emerg_dataset3,f174_png.rf.6e5e5eedd50028b4ab61464253109e9a.jpg,993b25f1fd292299f294335c87e22c24
Data/emerg_dataset3/emerg_dataset3_746/emerg_dataset3_746.jpg,emerg_dataset3_746.jpg,emerg_dataset3,f179_png.rf.9db0c410fc084dbd753e0017eb30cc08.jpg,4de6547fe1e59a0f6b6e1f515e6d7784
Data/emerg_dataset3/emerg_dataset3_747/emerg_dataset3_747.jpg,emerg_dataset3_747.jpg,emerg_dataset3,f183_jpg.rf.57e32be2f744feb43888e998e3244c00.jpg,e5d3a832943081b6555dbf2e110b6048
Data/emerg_dataset3/emerg_dataset3_748/emerg_dataset3_748.jpg,emerg_dataset3_748.jpg,emerg_dataset3,F1_jpg.rf.d16edace80b8f3ee5a02232400df275a.jpg,3fb6f270f78efd0cfa4f3ab5b20b9bdb
Data/emerg_dataset3/emerg_dataset3_749/emerg_dataset3_749.jpg,emerg_dataset3_749.jpg,emerg_dataset3,f218_jpg.rf.3502f93d81c8222173baffef53477775.jpg,e531643f4adcdcd298991985d2ee396c
Data/emerg_dataset3/emerg_dataset3_750/emerg_dataset3_750.jpg,emerg_dataset3_750.jpg,emerg_dataset3,F22_jpg.rf.82ebf1af6a3477d780186f8810ae2736.jpg,ffa6c6eeeea7ac0a4303e3202c322063
Data/emerg_dataset3/emerg_dataset3_751/emerg_dataset3_751.jpg,emerg_dataset3_751.jpg,emerg_dataset3,F24_jpeg.rf.77be5a2e0d6e30185f6000f20ffbe263.jpg,47e8859adb5483dafe7c099c8e5e5a12
Data/emerg_dataset3/emerg_dataset3_752/emerg_dataset3_752.jpg,emerg_dataset3_752.jpg,emerg_dataset3,F25_jpeg.rf.d19983b8e8882fbc9c23da8461f3c4c7.jpg,d200d92fd115c481cecb4628c0b69d3b
Data/emerg_dataset3/emerg_dataset3_753/emerg_dataset3_753.jpg,emerg_dataset3_753.jpg,emerg_dataset3,F27_jpeg.rf.09b9bf29ad395caf814ffed2ebc2be9f.jpg,4189346610b248ad94c7698754f1e708
Data/emerg_dataset3/emerg_dataset3_754/emerg_dataset3_754.jpg,emerg_dataset3_754.jpg,emerg_dataset3,f314_jpeg.rf.f698bb6801fcc3c7f961a282d8eaaae7.jpg,dc70e8d56ffaaec908d3dbdea56a2caf
Data/emerg_dataset3/emerg_dataset3_757/emerg_dataset3_757.jpg,emerg_dataset3_757.jpg,emerg_dataset3,f339_jpeg.rf.5f8d79fab61fe3766ba2c571da2a0a99.jpg,887bdafa7c91a2dc6ec959b2f313d2a1
Data/emerg_dataset3/emerg_dataset3_758/emerg_dataset3_758.jpg,emerg_dataset3_758.jpg,emerg_dataset3,F36_jpg.rf.45c8069fbdc5485965d1e9eb25ca998e.jpg,2104ae230dcd3277e3d829963be24824
Data/emerg_dataset3/emerg_dataset3_76/emerg_dataset3_76.jpg,emerg_dataset3_76.jpg,emerg_dataset3,youtube-49_jpg.rf.8928ecac019b098fa6172a3d11ce9538.jpg,92aaaa013eacebe9fb10480be5a61ae2
Data/emerg_dataset3/emerg_dataset3_760/emerg_dataset3_760.jpg,emerg_dataset3_760.jpg,emerg_dataset3,F40_jpg.rf.d5da770d08c458f542826bcdd36c522e.jpg,efa026d561934c604fad755ee830ff14
Data/emerg_dataset3/emerg_dataset3_761/emerg_dataset3_761.jpg,emerg_dataset3_761.jpg,emerg_dataset3,f442_jpeg.rf.e7f09d4725b93ee1a5d019cb56c5db37.jpg,82fc93daa75c5011374f7eeefa607695
Data/emerg_dataset3/emerg_dataset3_762/emerg_dataset3_762.jpg,emerg_dataset3_762.jpg,emerg_dataset3,f449_jpeg.rf.02e58d20afd07e3c1482c774e4ec23a3.jpg,f8ae6b24d843583e0b552ec295d093e2
Data/emerg_dataset3/emerg_dataset3_763/emerg_dataset3_763.jpg,emerg_dataset3_763.jpg,emerg_dataset3,F55_jpg.rf.b2cfcea9d33f5f280615cddf35554685.jpg,7bff020d1d0e036ff1911e57469d7ce8
Data/emerg_dataset3/emerg_dataset3_764/emerg_dataset3_764.jpg,emerg_dataset3_764.jpg,emerg_dataset3,F66_jpg.rf.932882a7fe1170abc1e756c9a7ade3b9.jpg,d8c90c362915ef593aba1087ae464633
Data/emerg_dataset3/emerg_dataset3_765/emerg_dataset3_765.jpg,emerg_dataset3_765.jpg,emerg_dataset3,F73_png.rf.d2b1596e9445278c7d338efa20f6983d.jpg,0eed38c5c02ad15b3f522db13d1b45d3
Data/emerg_dataset3/emerg_dataset3_766/emerg_dataset3_766.jpg,emerg_dataset3_766.jpg,emerg_dataset3,F75_jpeg.rf.e2517e409be11a178a8f7bcca125150a.jpg,40cbd203be0c12317b165eba64e14965
Data/emerg_dataset3/emerg_dataset3_767/emerg_dataset3_767.jpg,emerg_dataset3_767.jpg,emerg_dataset3,F78_png.rf.05ffc54f6b164bb1ad9bcd8525cad460.jpg,35fcd7f52290b3fddb57cc4197a235f7
Data/emerg_dataset3/emerg_dataset3_768/emerg_dataset3_768.jpg,emerg_dataset3_768.jpg,emerg_dataset3,F92_jpg.rf.aa3127d9cae3f185b3398936d5ef8374.jpg,8fd7efcdb879cccb92ac78d86c57c888
Data/emerg_dataset3/emerg_dataset3_769/emerg_dataset3_769.jpg,emerg_dataset3_769.jpg,emerg_dataset3,F94_jpg.rf.25540f873f8b0d2102ff04f48aa5cc4b.jpg,d8da77cb8e00c8daded22787e183a040
Data/emerg_dataset3/emerg_dataset3_770/emerg_dataset3_770.jpg,emerg_dataset3_770.jpg,emerg_dataset3,F96_jpeg.rf.ab82977af1c3f9d220fae07acfa801cd.jpg,9adc3705d3f6d5ae88109bc67a00aacf
Data/emerg_dataset3/emerg_dataset3_771/emerg_dataset3_771.jpg,emerg_dataset3_771.jpg,emerg_dataset3,F9_jpeg.rf.9aeaa56fb456717ea966c717642ac078.jpg,a5f0548614d6296e146502cff734db8e
Data/emerg_dataset3/emerg_dataset3_772/emerg_dataset3_772.jpg,emerg_dataset3_772.jpg,emerg_dataset3,youtube-100_jpg.rf.4664b110e075fdcfacbbf8ca93b80059.jpg,66097c5863ab6ec45d3f980b04fdfb95
Data/emerg_dataset3/emerg_dataset3_773/emerg_dataset3_773.jpg,emerg_dataset3_773.jpg,emerg_dataset3,youtube-12_jpg.rf.6333663ea5f31d64ee39ffe61bc052d6.jpg,ab6a9b9a78c337f0103c642391393381
Data/emerg_dataset3/emerg_dataset3_775/emerg_dataset3_775.jpg,emerg_dataset3_775.jpg,emerg_dataset3,youtube-2_jpg.rf.c358d3b2106338ae2649e093e47e1e0c.jpg,a8a78081889ee37f3228d861fe34e16a
Data/emerg_dataset3/emerg_dataset3_776/emerg_dataset3_776.jpg,emerg_dataset3_776.jpg,emerg_dataset3,youtube-2_jpg.rf.ee09dcfa0a312fb8149ff207b441d4c4.jpg,ced10d0282c23c58004cc9fb447056a4
Data/emerg_dataset3/emerg_dataset3_778/emerg_dataset3_778.jpg,emerg_dataset3_778.jpg,emerg_dataset3,youtube-36_jpg.rf.37bb04424a66f84c8de62524ff2da262.jpg,e8f68191d54ac6cf8a2e27da772044b5
Data/emerg_dataset3/emerg_dataset3_783/emerg_dataset3_783.jpg,emerg_dataset3_783.jpg,emerg_dataset3,youtube-45_jpg.rf.4bc4f281e6b8cb139cf59a5bfa4d156e.jpg,ed42c4115219650fc7453d73aea83cb4
Data/emerg_dataset3/emerg_dataset3_785/emerg_dataset3_785.jpg,emerg_dataset3_785.jpg,emerg_dataset3,youtube-4_jpg.rf.e1d790b1f2989b9dfb63c6e6a4134926.jpg,1578ae24b3f71cf83bf5e6a24a4532e8
Data/emerg_dataset3/emerg_dataset3_786/emerg_dataset3_786.jpg,emerg_dataset3_786.jpg,emerg_dataset3,youtube-53_jpg.rf.c1be5e371d097aefc9929376d5e8b22b.jpg,08c77085aa2f741a43e81981b13ca831
Data/emerg_dataset3/emerg_dataset3_787/emerg_dataset3_787.jpg,emerg_dataset3_787.jpg,emerg_dataset3,youtube-55_jpg.rf.a94bbbaf8c2a83be44da9f6dc0482339.jpg,cfe67e46b10caf8b9f8838870f2ebdee
Data/emerg_dataset3/emerg_dataset3_789/emerg_dataset3_789.jpg,emerg_dataset3_789.jpg,emerg_dataset3,youtube-66_jpg.rf.177f6a3d7a395d37ec981de1e2063586.jpg,479cc709de10330f41193206e13e27e5
Data/emerg_dataset3/emerg_dataset3_790/emerg_dataset3_790.jpg,emerg_dataset3_790.jpg,emerg_dataset3,youtube-67_jpg.rf.e05d2fd6ce4d79ad43eaa00547ca97fb.jpg,dcbd2ccaad08bb340b30d07f239c8614
Data/emerg_dataset3/emerg_dataset3_791/emerg_dataset3_791.jpg,emerg_dataset3_791.jpg,emerg_dataset3,youtube-69_jpg.rf.9da104c6c8c8969545daac8e14d6920f.jpg,70669496a4465977250706952c0561be
Data/emerg_dataset3/emerg_dataset3_792/emerg_dataset3_792.jpg,emerg_dataset3_792.jpg,emerg_dataset3,youtube-75_jpg.rf.53edc350ceb11b54c33dd03b9a9220e4.jpg,6fe767ce3f981a5c63b92b4fa6891bcc
Data/emerg_dataset3/emerg_dataset3_793/emerg_dataset3_793.jpg,emerg_dataset3_793.jpg,emerg_dataset3,youtube-87_jpg.rf.5367ad067dc14fa45b9c2de1a7bde86c.jpg,382ebf92668b51485fca134934f3e4ee
Data/emerg_dataset3/emerg_dataset3_796/emerg_dataset3_796.jpg,emerg_dataset3_796.jpg,emerg_dataset3,youtube-90_jpg.rf.1579785d750e21038312ed138cbfe74b.jpg,fe97f151d39c68b82a7a2535c781bf1c
Data/emerg_dataset3/emerg_dataset3_797/emerg_dataset3_797.jpg,emerg_dataset3_797.jpg,emerg_dataset3,youtube-93_jpg.rf.7cee5673138db91c0290082195648312.jpg,dce158c9b224cd3a6e2373d97d1c8eb5
Data/emerg_dataset3/emerg_dataset3_798/emerg_dataset3_798.jpg,emerg_dataset3_798.jpg,emerg_dataset3,youtube-98_jpg.rf.bb8ac495eb9bb57bccbb7288ad276c83.jpg,27f23a11acbf0619e28e9e1c3a094869
Data/emerg_dataset3/emerg_dataset3_8/emerg_dataset3_8.jpg,emerg_dataset3_8.jpg,emerg_dataset3,a20_jpg.rf.2938ca0abbee9138b66244314de27848.jpg,b55d4411ffeaa91609906f9eaaf2fa59
Data/emerg_dataset3/emerg_dataset3_81/emerg_dataset3_81.jpg,emerg_dataset3_81.jpg,emerg_dataset3,youtube-92_jpg.rf.1df5e9b5c2243330ad9ab6b6181fdaee.jpg,7b802b47aee01bb33ee479353853b292
Data/emerg_dataset3/emerg_dataset3_82/emerg_dataset3_82.jpg,emerg_dataset3_82.jpg,emerg_dataset3,316_jpeg.rf.966ab869632f66467658584dd7701c40.jpg,fe75d5de07c9edc70ae4d88919de8049
Data/emerg_dataset3/emerg_dataset3_83/emerg_dataset3_83.jpg,emerg_dataset3_83.jpg,emerg_dataset3,a101_jpeg.rf.b7ff3a8327f010284368b6bb46c776a5.jpg,5c2e195267a8a5135d837e205f7c1279
Data/emerg_dataset3/emerg_dataset3_84/emerg_dataset3_84.jpg,emerg_dataset3_84.jpg,emerg_dataset3,a102_jpeg.rf.0d68c458d991b5e2cd161371a21b4d14.jpg,f7fb6c73741f56e729d23afa5419bbfc
Data/emerg_dataset3/emerg_dataset3_85/emerg_dataset3_85.jpg,emerg_dataset3_85.jpg,emerg_dataset3,a103_jpeg.rf.36ff819c07edb31e080e7cc4fd70aad9.jpg,65321d06365236933064c6a1b44340e1
Data/emerg_dataset3/emerg_dataset3_86/emerg_dataset3_86.jpg,emerg_dataset3_86.jpg,emerg_dataset3,a104_jpeg.rf.33657cf54ef6808ed6c174caf984c0c4.jpg,38609a4edaabdcd77afea71baac7ccd4
Data/emerg_dataset3/emerg_dataset3_87/emerg_dataset3_87.jpg,emerg_dataset3_87.jpg,emerg_dataset3,a105_jpeg.rf.d7ec5d6362dbbe694ee2244cf80af879.jpg,8c85ce8facec6703eb5beb4d7f1f0dba
Data/emerg_dataset3/emerg_dataset3_88/emerg_dataset3_88.jpg,emerg_dataset3_88.jpg,emerg_dataset3,a106_jpeg.rf.c701e09fc1c7893146ff9525a3bc9b12.jpg,153ca94f50240e654f38b95b53682df3
Data/emerg_dataset3/emerg_dataset3_89/emerg_dataset3_89.jpg,emerg_dataset3_89.jpg,emerg_dataset3,a109_jpeg.rf.95d7fc93430284a4a0d50f831bb40c70.jpg,156f388d4a90c894e54db730141efc2c
Data/emerg_dataset3/emerg_dataset3_9/emerg_dataset3_9.jpg,emerg_dataset3_9.jpg,emerg_dataset3,a239_jpg.rf.5caf226cd9697ebc47c04e4375ec543b.jpg,c3b97af75d51895716634b597550724c
Data/emerg_dataset3/emerg_dataset3_90/emerg_dataset3_90.jpg,emerg_dataset3_90.jpg,emerg_dataset3,a10_jpg.rf.d5dbbf4eda1102c4eb93631ab74a9868.jpg,040d742174fff59bf4a8b18a261becc0
Data/emerg_dataset3/emerg_dataset3_91/emerg_dataset3_91.jpg,emerg_dataset3_91.jpg,emerg_dataset3,a111_jpeg.rf.e5c7b329b483cbd6282d4610cd529647.jpg,600b927386ccf49bb5de0bfcae7fa72c
Data/emerg_dataset3/emerg_dataset3_92/emerg_dataset3_92.jpg,emerg_dataset3_92.jpg,emerg_dataset3,a112_png.rf.2935e3b8c8b2c70d67c28314790e6f6b.jpg,6bd5869815f2326af8db5499e7a50eae
Data/emerg_dataset3/emerg_dataset3_93/emerg_dataset3_93.jpg,emerg_dataset3_93.jpg,emerg_dataset3,a113_jpg.rf.6343ddaff8250d1710a22cf006b14064.jpg,6cf06687320cc543e87bbe4d764d5d8d
Data/emerg_dataset3/emerg_dataset3_94/emerg_dataset3_94.jpg,emerg_dataset3_94.jpg,emerg_dataset3,a114_jpg.rf.fad99f85b585f64c126a2dfca965699f.jpg,63b191d66b2af7fd8850ada0ee523dd7
Data/emerg_dataset3/emerg_dataset3_95/emerg_dataset3_95.jpg,emerg_dataset3_95.jpg,emerg_dataset3,a115_jpeg.rf.06fdba452d982a93c6c0b490c5e0c848.jpg,37797de603fcdb6002ee5be386536549
Data/emerg_dataset3/emerg_dataset3_96/emerg_dataset3_96.jpg,emerg_dataset3_96.jpg,emerg_dataset3,a116_jpg.rf.4c2e982430af72706e37a944e27227c1.jpg,329eba444b8972e66265e48953ced3d1
Data/emerg_dataset3/emerg_dataset3_97/emerg_dataset3_97.jpg,emerg_dataset3_97.jpg,emerg_dataset3,a117_jpeg.rf.dc260ef7232d2cf3dd4a9d1b4e8ce12c.jpg,5faf3788832a004669920b5661272378
Data/emerg_dataset3/emerg_dataset3_98/emerg_dataset3_98.jpg,emerg_dataset3_98.jpg,emerg_dataset3,a118_jpg.rf.b9ec34420f49e8657d7b4d7c218cc265.jpg,5bba0bcdf4d281857c76cb766f1d522f
Data/emerg_dataset3/emerg_dataset3_99/emerg_dataset3_99.jpg,emerg_dataset3_99.jpg,emerg_dataset3,a11_jpg.rf.96706bd07b7703822016df5263750134.jpg,602f88575a3c00d6ad83cfeb7e879336
Data/emerg_dataset4/emerg_dataset4_1/emerg_dataset4_1.jpg,emerg_dataset4_1.jpg,emerg_dataset4,10_jpeg_jpg.rf.5b3b57953e2dcab0944e4659eec9b7eb.jpg,36fb53837df3cefde20f6243f7ff6b50
Data/emerg_dataset4/emerg_dataset4_10/emerg_dataset4_10.jpg,emerg_dataset4_10.jpg,emerg_dataset4,183_jpeg_jpg.rf.7f8aab838a792471344af52264b6b246.jpg,e36d1b5ca64f77354290b771caca317a
Data/emerg_dataset4/emerg_dataset4_100/emerg_dataset4_100.jpg,emerg_dataset4_100.jpg,emerg_dataset4,163_jpeg_jpg.rf.ed3cb827346306fc79791be6e38c141d.jpg,d5ca1015966f17aef0ad2b0a63c2f4d5
Data/emerg_dataset4/emerg_dataset4_101/emerg_dataset4_101.jpg,emerg_dataset4_101.jpg,emerg_dataset4,164_jpeg_jpg.rf.0500b9c103256fee5e14afcaf3fa3dd8.jpg,d13b2a2a3c1d12a8a8f50b6c1fb64d21
Data/emerg_dataset4/emerg_dataset4_102/emerg_dataset4_102.jpg,emerg_dataset4_102.jpg,emerg_dataset4,164_jpeg_jpg.rf.4197e11eec157795bac0c940836ebb34.jpg,106ea49fba0bcbfc68b25dfb352b5fe4
Data/emerg_dataset4/emerg_dataset4_103/emerg_dataset4_103.jpg,emerg_dataset4_103.jpg,emerg_dataset4,165_jpeg_jpg.rf.7f03ab23bfbfbde2f1784fb6fa6799ed.jpg,072742a318a49d2f550bac554a4f3f67
Data/emerg_dataset4/emerg_dataset4_104/emerg_dataset4_104.jpg,emerg_dataset4_104.jpg,emerg_dataset4,165_jpeg_jpg.rf.f4bc94e79ed57975bcc9d3e502ba0aef.jpg,19104a4103d65ea6e72ec4fc08b741e8
Data/emerg_dataset4/emerg_dataset4_105/emerg_dataset4_105.jpg,emerg_dataset4_105.jpg,emerg_dataset4,168_jpeg_jpg.rf.e16681391dc857211b097b9a416ede05.jpg,f0d70275947407c9d95748f4bb7571bb
Data/emerg_dataset4/emerg_dataset4_106/emerg_dataset4_106.jpg,emerg_dataset4_106.jpg,emerg_dataset4,168_jpeg_jpg.rf.e271ae81b2c53c3b66ac4e07e2f866ac.jpg,41e55f0b7d37c3943bc22454b2909200
Data/emerg_dataset4/emerg_dataset4_107/emerg_dataset4_107.jpg,emerg_dataset4_107.jpg,emerg_dataset4,169_jpeg_jpg.rf.6f237c591fa4a2be4ac9eb6af778a505.jpg,3f83ed9fb50dff611e67148e2f7eaa6b
Data/emerg_dataset4/emerg_dataset4_108/emerg_dataset4_108.jpg,emerg_dataset4_108.jpg,emerg_dataset4,169_jpeg_jpg.rf.dbf28532d54d602fb14918356984c0bd.jpg,98ff5d3a185c5d4e4dbd721f73465b98
Data/emerg_dataset4/emerg_dataset4_109/emerg_dataset4_109.jpg,emerg_dataset4_109.jpg,emerg_dataset4,16_jpeg_jpg.rf.3efafee4bcc86389b1c9e71c2dff94b0.jpg,f43f9bb6c31cd15115ec983e996beb56
Data/emerg_dataset4/emerg_dataset4_11/emerg_dataset4_11.jpg,emerg_dataset4_11.jpg,emerg_dataset4,190_jpeg_jpg.rf.aee4d722481be26940598032b9643470.jpg,1f63b008b2e06e63b295b7b4bd479ffc
Data/emerg_dataset4/emerg_dataset4_110/emerg_dataset4_110.jpg,emerg_dataset4_110.jpg,emerg_dataset4,16_jpeg_jpg.rf.9b7a7b4063a115ccf164942564f83eaf.jpg,08de6a3ae3b9741e14d003c572e744a1
Data/emerg_dataset4/emerg_dataset4_111/emerg_dataset4_111.jpg,emerg_dataset4_111.jpg,emerg_dataset4,170_jpeg_jpg.rf.216af9152dade0b26426044256692681.jpg,1ecf79bb8a4376fa3fb5ae81c439d676
Data/emerg_dataset4/emerg_dataset4_112/emerg_dataset4_112.jpg,emerg_dataset4_112.jpg,emerg_dataset4,170_jpeg_jpg.rf.9b6c6d7f6bc5aeb00cc8558995e3c3c2.jpg,6e6622d3fb60d444a5842da5295cc1bf
Data/emerg_dataset4/emerg_dataset4_113/emerg_dataset4_113.jpg,emerg_dataset4_113.jpg,emerg_dataset4,174_jpeg_jpg.rf.6001531e64273bdacc808f78cb2f0ea8.jpg,1a90425e7141dae50c964a5b017b1605
Data/emerg_dataset4/emerg_dataset4_114/emerg_dataset4_114.jpg,emerg_dataset4_114.jpg,emerg_dataset4,174_jpeg_jpg.rf.ea02d2f3816c97a70d730cfa7d7df1f0.jpg,f9296b5205815cf6274a14fb4bdc0a30
Data/emerg_dataset4/emerg_dataset4_115/emerg_dataset4_115.jpg,emerg_dataset4_115.jpg,emerg_dataset4,175_jpeg_jpg.rf.1da147e94ccd62ed08f4d7f6fdc15e89.jpg,0c2f9b32e436cabd0896ef34a95553cd
Data/emerg_dataset4/emerg_dataset4_116/emerg_dataset4_116.jpg,emerg_dataset4_116.jpg,emerg_dataset4,175_jpeg_jpg.rf.6e1e4bc7bb7382dfb9bf348157b8ed57.jpg,686e4485f844f7b19f8e8299e3fc3f9c
Data/emerg_dataset4/emerg_dataset4_117/emerg_dataset4_117.jpg,emerg_dataset4_117.jpg,emerg_dataset4,176_jpeg_jpg.rf.17617a3b85f476c99828c9c14194cba6.jpg,e30b8cdfbc3066d39bd96fe7ce13b277
Data/emerg_dataset4/emerg_dataset4_118/emerg_dataset4_118.jpg,emerg_dataset4_118.jpg,emerg_dataset4,177_jpeg_jpg.rf.046738b719989e3d4af662ab7181ec94.jpg,53ca7886877dac8109c7137db6d706ed
Data/emerg_dataset4/emerg_dataset4_119/emerg_dataset4_119.jpg,emerg_dataset4_119.jpg,emerg_dataset4,178_jpeg_jpg.rf.acd68598200298bc46f49bbf13e134a3.jpg,6c50c7b28a5e70aa18739303b811673c
Data/emerg_dataset4/emerg_dataset4_12/emerg_dataset4_12.jpg,emerg_dataset4_12.jpg,emerg_dataset4,198_jpeg_jpg.rf.4da5ddb8ec94684926beddfe9f46982c.jpg,874ab9f4562d35882faf2343a12352b6
Data/emerg_dataset4/emerg_dataset4_120/emerg_dataset4_120.jpg,emerg_dataset4_120.jpg,emerg_dataset4,178_jpeg_jpg.rf.f31880be82ab657171f7cbef79fce36e.jpg,fc3f58fa3acc6fe2b3b99316f3c87b0e
Data/emerg_dataset4/emerg_dataset4_121/emerg_dataset4_121.jpg,emerg_dataset4_121.jpg,emerg_dataset4,179_jpeg_jpg.rf.d35335095e5834a92a5785d0f116c9e3.jpg,dcf4cd28422929e6127f54084f772c68
Data/emerg_dataset4/emerg_dataset4_122/emerg_dataset4_122.jpg,emerg_dataset4_122.jpg,emerg_dataset4,179_jpeg_jpg.rf.e40faaeb995d393d0f293816eb87f6f7.jpg,3138352d4b9325b75923d267e307fc6e
Data/emerg_dataset4/emerg_dataset4_123/emerg_dataset4_123.jpg,emerg_dataset4_123.jpg,emerg_dataset4,180_jpeg_jpg.rf.3f8d2ec194b4da7f20ff4cf957f0b352.jpg,cc6926a491a63e8487424c73c6deace2
Data/emerg_dataset4/emerg_dataset4_124/emerg_dataset4_124.jpg,emerg_dataset4_124.jpg,emerg_dataset4,181_jpeg_jpg.rf.bca69ccafa1913afbb18003b5ad5d546.jpg,29e15c1397d3154f85cb95d3caf947d6
Data/emerg_dataset4/emerg_dataset4_125/emerg_dataset4_125.jpg,emerg_dataset4_125.jpg,emerg_dataset4,181_jpeg_jpg.rf.f9701d9ffa6b751896f63d6127bce48c.jpg,9d41b09119cdf0dd36c8b56dc633390e
Data/emerg_dataset4/emerg_dataset4_126/emerg_dataset4_126.jpg,emerg_dataset4_126.jpg,emerg_dataset4,182_jpeg_jpg.rf.37ad61f72613e5b564750c15e9eac27d.jpg,9600dbd650f2c701f60d10b5751de439
Data/emerg_dataset4/emerg_dataset4_127/emerg_dataset4_127.jpg,emerg_dataset4_127.jpg,emerg_dataset4,182_jpeg_jpg.rf.835e897d7e221d505e12a1e04f2152cc.jpg,9519c3d623836d450b4e065c3190979a
Data/emerg_dataset4/emerg_dataset4_128/emerg_dataset4_128.jpg,emerg_dataset4_128.jpg,emerg_dataset4,184_jpeg_jpg.rf.5605277503e514882c4cd5fe4859c287.jpg,9be7ec0e43f6d64330279dc6e95bf5b5
Data/emerg_dataset4/emerg_dataset4_129/emerg_dataset4_129.jpg,emerg_dataset4_129.jpg,emerg_dataset4,184_jpeg_jpg.rf.60879df340bd99dee5b86a713bd1ede3.jpg,e7987a4d005df16c30a8ef2d18f2c6b4
Data/emerg_dataset4/emerg_dataset4_13/emerg_dataset4_13.jpg,emerg_dataset4_13.jpg,emerg_dataset4,208_jpeg_jpg.rf.a406256fdef0b035b3956c1e21fb120a.jpg,de6180b193b69f1a49b26ea28f6df537
Data/emerg_dataset4/emerg_dataset4_130/emerg_dataset4_130.jpg,emerg_dataset4_130.jpg,emerg_dataset4,185_jpeg_jpg.rf.420a4cd989acac58f4fe1a5a95b69af1.jpg,b34b94fff2c1ba01a857c3c73fb58274
Data/emerg_dataset4/emerg_dataset4_131/emerg_dataset4_131.jpg,emerg_dataset4_131.jpg,emerg_dataset4,185_jpeg_jpg.rf.4f9873d21d039e079e2ee1f9bb5c5806.jpg,502f73ce2bcceb72c40b94c4cca04fec
Data/emerg_dataset4/emerg_dataset4_132/emerg_dataset4_132.jpg,emerg_dataset4_132.jpg,emerg_dataset4,187_jpeg_jpg.rf.1658c5128fe8f442cbf28c9dd58c7cc1.jpg,1880352854567793af9a21fc02ee11a2
Data/emerg_dataset4/emerg_dataset4_133/emerg_dataset4_133.jpg,emerg_dataset4_133.jpg,emerg_dataset4,187_jpeg_jpg.rf.34bc61ff566c32ad645c295421a4bd2f.jpg,d091f93605a844e32e2f10e8dea510f4
Data/emerg_dataset4/emerg_dataset4_134/emerg_dataset4_134.jpg,emerg_dataset4_134.jpg,emerg_dataset4,188_jpeg_jpg.rf.4533cf317d9287b30ecdd4e15a82e8a6.jpg,8fc1f753bfdb3a139de4bd0da25e811b
Data/emerg_dataset4/emerg_dataset4_135/emerg_dataset4_135.jpg,emerg_dataset4_135.jpg,emerg_dataset4,189_jpeg_jpg.rf.8fe2fbc33cbe35af5ee1ac5dd88083a2.jpg,63be33b5454117b25f2556079304cf64
Data/emerg_dataset4/emerg_dataset4_136/emerg_dataset4_136.jpg,emerg_dataset4_136.jpg,emerg_dataset4,189_jpeg_jpg.rf.ee4fea846a28c000fde0eed9c1a3bea3.jpg,a74402b02280438758c6b505349df488
Data/emerg_dataset4/emerg_dataset4_137/emerg_dataset4_137.jpg,emerg_dataset4_137.jpg,emerg_dataset4,18_jpeg_jpg.rf.af81ef9acc9e88e9d91884bf6204ca37.jpg,b20c808aabb13f475471bb56cb406645
Data/emerg_dataset4/emerg_dataset4_138/emerg_dataset4_138.jpg,emerg_dataset4_138.jpg,emerg_dataset4,18_jpeg_jpg.rf.d6a2ab87f78c1315082888c91d26b2c3.jpg,a119da6a058b4288fd38049f428c5eef
Data/emerg_dataset4/emerg_dataset4_139/emerg_dataset4_139.jpg,emerg_dataset4_139.jpg,emerg_dataset4,191_jpeg_jpg.rf.f0f311348b234d1ce4e9fe49fdbd1278.jpg,052caa59f1528ca7c543e7c0eee04bb2
Data/emerg_dataset4/emerg_dataset4_14/emerg_dataset4_14.jpg,emerg_dataset4_14.jpg,emerg_dataset4,213_jpeg_jpg.rf.b1f31b744beb3a85c201521f051ad011.jpg,7dac5fe8ba325f8cfc4895bba30cb0a5
Data/emerg_dataset4/emerg_dataset4_140/emerg_dataset4_140.jpg,emerg_dataset4_140.jpg,emerg_dataset4,192_jpeg_jpg.rf.0b1f823f52cf0da83094cac1a66ff05a.jpg,eef027784ab9f8a7554db860add3e5b4
Data/emerg_dataset4/emerg_dataset4_141/emerg_dataset4_141.jpg,emerg_dataset4_141.jpg,emerg_dataset4,192_jpeg_jpg.rf.a0b5fced56641bd951deefe04a32efaa.jpg,ef3d58dcf95bcaa8147e2cc5c5bd25c0
Data/emerg_dataset4/emerg_dataset4_142/emerg_dataset4_142.jpg,emerg_dataset4_142.jpg,emerg_dataset4,193_jpeg_jpg.rf.3137bfe200fbe097560cc0f81f6a0c6b.jpg,6edf720ed1f5c53e3324755e664a4892
Data/emerg_dataset4/emerg_dataset4_143/emerg_dataset4_143.jpg,emerg_dataset4_143.jpg,emerg_dataset4,194_jpeg_jpg.rf.12b5263119d9b886cb3e75465de1502c.jpg,8af29c81402034ad29cdcd0751156b4b
Data/emerg_dataset4/emerg_dataset4_144/emerg_dataset4_144.jpg,emerg_dataset4_144.jpg,emerg_dataset4,194_jpeg_jpg.rf.af51f703caa89e9a36b2bd375e3a965f.jpg,a3b17c6dbbeb043a85c33393f40fd78c
Data/emerg_dataset4/emerg_dataset4_145/emerg_dataset4_145.jpg,emerg_dataset4_145.jpg,emerg_dataset4,196_jpeg_jpg.rf.14889ee393a4837a0a16a47450850f82.jpg,9527ece53150520bc3cee17ad26b3032
Data/emerg_dataset4/emerg_dataset4_146/emerg_dataset4_146.jpg,emerg_dataset4_146.jpg,emerg_dataset4,196_jpeg_jpg.rf.6252b39f66e10beac5edec4be77d9543.jpg,943c85f0277b41b430d651cd537bc991
Data/emerg_dataset4/emerg_dataset4_147/emerg_dataset4_147.jpg,emerg_dataset4_147.jpg,emerg_dataset4,1_png_jpg.rf.0fa9b7ab874e25103cbeb6f502d33b35.jpg,919b776bf6556c6ce1d53257572555ac
Data/emerg_dataset4/emerg_dataset4_148/emerg_dataset4_148.jpg,emerg_dataset4_148.jpg,emerg_dataset4,201_jpeg_jpg.rf.8967b2bee04c6db5a59d382baf2ac7f3.jpg,be3db76d5eb012e1065437b21af89faf
Data/emerg_dataset4/emerg_dataset4_149/emerg_dataset4_149.jpg,emerg_dataset4_149.jpg,emerg_dataset4,203_jpeg_jpg.rf.7ed228d5b3d58ff6bfab57bfe37fd1d0.jpg,02354558518164c1464328728907c068
Data/emerg_dataset4/emerg_dataset4_15/emerg_dataset4_15.jpg,emerg_dataset4_15.jpg,emerg_dataset4,214_jpeg_jpg.rf.c180a0d5c4cbbba65ce227b6a66b1c5b.jpg,94f6affcda76e89b1d37b68b5ae21760
Data/emerg_dataset4/emerg_dataset4_150/emerg_dataset4_150.jpg,emerg_dataset4_150.jpg,emerg_dataset4,203_jpeg_jpg.rf.a5ca613bfac9a05d24d14aebd4a5b7c8.jpg,b50a821276c761f810e36deb9612ed4b
Data/emerg_dataset4/emerg_dataset4_151/emerg_dataset4_151.jpg,emerg_dataset4_151.jpg,emerg_dataset4,205_jpeg_jpg.rf.3cbe4703c0f0884bb0b59cabfe93ecaf.jpg,828ace43bfc77a4c1f50358b1204f052
Data/emerg_dataset4/emerg_dataset4_152/emerg_dataset4_152.jpg,emerg_dataset4_152.jpg,emerg_dataset4,205_jpeg_jpg.rf.c9b73303992e9e87529ebc87c8575222.jpg,8fb33d90bd5c68eda757ecb1fd0ba245
Data/emerg_dataset4/emerg_dataset4_153/emerg_dataset4_153.jpg,emerg_dataset4_153.jpg,emerg_dataset4,207_jpeg_jpg.rf.2a42eb9b53c99537bc091c22e04c9faa.jpg,4933360df70f93ac511824cfa3e9c04c
Data/emerg_dataset4/emerg_dataset4_154/emerg_dataset4_154.jpg,emerg_dataset4_154.jpg,emerg_dataset4,207_jpeg_jpg.rf.afb64d08d7a4278f1ff236b87b999ab2.jpg,76f3267f94bcb22c213464a036b93f7c
Data/emerg_dataset4/emerg_dataset4_155/emerg_dataset4_155.jpg,emerg_dataset4_155.jpg,emerg_dataset4,209_jpeg_jpg.rf.85822c36d8cf0e52eb2817487f7c3024.jpg,6cac2e166596a6ad343fe94af0b74494
Data/emerg_dataset4/emerg_dataset4_156/emerg_dataset4_156.jpg,emerg_dataset4_156.jpg,emerg_dataset4,209_jpeg_jpg.rf.b7b623b9814acadf84dbba0864f8b383.jpg,3dc15ec9840ea9504c65c9c77530afb0
Data/emerg_dataset4/emerg_dataset4_157/emerg_dataset4_157.jpg,emerg_dataset4_157.jpg,emerg_dataset4,210_jpeg_jpg.rf.d9cab015262f924685f8726325e353a3.jpg,5d588343479ae9181cc172ad7f3e0d59
Data/emerg_dataset4/emerg_dataset4_158/emerg_dataset4_158.jpg,emerg_dataset4_158.jpg,emerg_dataset4,210_jpeg_jpg.rf.f898731e11c20365224824472e284f7a.jpg,992eeed85164d37a52c563cd3bb3d3d1
Data/emerg_dataset4/emerg_dataset4_159/emerg_dataset4_159.jpg,emerg_dataset4_159.jpg,emerg_dataset4,212_jpeg_jpg.rf.28df03230be2600eecdd946464f8a1e8.jpg,92228acb3bb72686446ee7e0c64fbb0c
Data/emerg_dataset4/emerg_dataset4_16/emerg_dataset4_16.jpg,emerg_dataset4_16.jpg,emerg_dataset4,217_jpeg_jpg.rf.c745e65accb2558bdb691b759bcd54a6.jpg,1f65979ea434687740ebef5a3503c924
Data/emerg_dataset4/emerg_dataset4_160/emerg_dataset4_160.jpg,emerg_dataset4_160.jpg,emerg_dataset4,212_jpeg_jpg.rf.a9878b789930b9e213003fc7012fb533.jpg,e3e49b032f34d727290ef4fea332e8da
Data/emerg_dataset4/emerg_dataset4_161/emerg_dataset4_161.jpg,emerg_dataset4_161.jpg,emerg_dataset4,215_jpeg_jpg.rf.589d8e0bd6e030a0fb2cf63c158d1fae.jpg,47d7ac36b27cf7437891ca25508bef9c
Data/emerg_dataset4/emerg_dataset4_162/emerg_dataset4_162.jpg,emerg_dataset4_162.jpg,emerg_dataset4,215_jpeg_jpg.rf.a45b97116c52cce0ca2881aec7fb294c.jpg,c0479818d4a8e359ae458181fef85866
Data/emerg_dataset4/emerg_dataset4_163/emerg_dataset4_163.jpg,emerg_dataset4_163.jpg,emerg_dataset4,218_jpeg_jpg.rf.696ea16ccfe1c3434f4fa108ff5cbd1e.jpg,7b01f49015211a29bedf29736e2111dc
Data/emerg_dataset4/emerg_dataset4_164/emerg_dataset4_164.jpg,emerg_dataset4_164.jpg,emerg_dataset4,218_jpeg_jpg.rf.b69a8566dfb54b3f8de48ebea2915aa0.jpg,efd530c7b024e9083384baa5de7cac36
Data/emerg_dataset4/emerg_dataset4_165/emerg_dataset4_165.jpg,emerg_dataset4_165.jpg,emerg_dataset4,220_jpeg_jpg.rf.399c2bdc45d045237f1497f8b6133380.jpg,09a583ce7426f5f2fda5ad2281e54e81
Data/emerg_dataset4/emerg_dataset4_166/emerg_dataset4_166.jpg,emerg_dataset4_166.jpg,emerg_dataset4,220_jpeg_jpg.rf.e5da32c6a2f3d66f3d833620ea34c3cb.jpg,696caf3ae107e9a577b3af9955b9f95d
Data/emerg_dataset4/emerg_dataset4_167/emerg_dataset4_167.jpg,emerg_dataset4_167.jpg,emerg_dataset4,221_jpeg_jpg.rf.0f5febd8d8b2ab20d372e9d7e0b2b833.jpg,69b67a968b01ac17320b38f840fd9633
Data/emerg_dataset4/emerg_dataset4_168/emerg_dataset4_168.jpg,emerg_dataset4_168.jpg,emerg_dataset4,221_jpeg_jpg.rf.f99eb60f14da2d42ac9ed6669d7c5f42.jpg,0d31955c6af420d127460b4f3a46830e
Data/emerg_dataset4/emerg_dataset4_169/emerg_dataset4_169.jpg,emerg_dataset4_169.jpg,emerg_dataset4,222_jpeg_jpg.rf.3f7902a92ecf1fceb0530239f2b96f94.jpg,b0fd34c14ec29070c8e945b62cee0a85
Data/emerg_dataset4/emerg_dataset4_17/emerg_dataset4_17.jpg,emerg_dataset4_17.jpg,emerg_dataset4,21_jpeg_jpg.rf.1eff43aa8048bb500553fa9d9c8d606e.jpg,078e1196fc683aa6bb40e744bdc3f562
Data/emerg_dataset4/emerg_dataset4_170/emerg_dataset4_170.jpg,emerg_dataset4_170.jpg,emerg_dataset4,223_jpeg_jpg.rf.52d5875454d94c426defb92b0ff9314d.jpg,ebe82a32fc97279c8ad9574fc2928df4
Data/emerg_dataset4/emerg_dataset4_171/emerg_dataset4_171.jpg,emerg_dataset4_171.jpg,emerg_dataset4,225_jpeg_jpg.rf.1ca0914ed4dd25b25d3439eb78546750.jpg,79eae002e76d2b3b1a4d86a6ccf11b5b
Data/emerg_dataset4/emerg_dataset4_172/emerg_dataset4_172.jpg,emerg_dataset4_172.jpg,emerg_dataset4,225_jpeg_jpg.rf.bca84f53bf0464dbf081d69ccae56fff.jpg,0127df0798e357e0df2ee800d5f5c467
Data/emerg_dataset4/emerg_dataset4_173/emerg_dataset4_173.jpg,emerg_dataset4_173.jpg,emerg_dataset4,226_jpeg_jpg.rf.5a6fd55ec91e74e5a09ba92d7a81a5ac.jpg,31117505a1cfc207a519ad4a47e1c72e
Data/emerg_dataset4/emerg_dataset4_174/emerg_dataset4_174.jpg,emerg_dataset4_174.jpg,emerg_dataset4,228_jpeg_jpg.rf.4697bdd30259b4a42e398388a62fa410.jpg,2477392e339f82b2f8e8414f7b31a8b6
Data/emerg_dataset4/emerg_dataset4_175/emerg_dataset4_175.jpg,emerg_dataset4_175.jpg,emerg_dataset4,228_jpeg_jpg.rf.9403f1b839e93e9e7328170766381019.jpg,72234a4087a632040245b1b039ddfbbd
Data/emerg_dataset4/emerg_dataset4_176/emerg_dataset4_176.jpg,emerg_dataset4_176.jpg,emerg_dataset4,229_jpeg_jpg.rf.377af09a036b93727b0c1244104c04de.jpg,9356873642d310f662dfb9556d504a7d
Data/emerg_dataset4/emerg_dataset4_177/emerg_dataset4_177.jpg,emerg_dataset4_177.jpg,emerg_dataset4,22_jpeg_jpg.rf.4f85e31a58c7c72232f869f73adeceb0.jpg,8033b607d67df7f8d2ec9ce1d0c11631
Data/emerg_dataset4/emerg_dataset4_178/emerg_dataset4_178.jpg,emerg_dataset4_178.jpg,emerg_dataset4,22_jpeg_jpg.rf.93f2637ec8c6639c39d1c7df1ea2789e.jpg,17621b3fceb958c3196f67b53e0ca96d
Data/emerg_dataset4/emerg_dataset4_179/emerg_dataset4_179.jpg,emerg_dataset4_179.jpg,emerg_dataset4,230_jpeg_jpg.rf.a79e2b1eb1bf25a4a55920dfcfd3134c.jpg,04c91cc23b9bb99962ff54f8c568ee36
Data/emerg_dataset4/emerg_dataset4_18/emerg_dataset4_18.jpg,emerg_dataset4_18.jpg,emerg_dataset4,224_jpeg_jpg.rf.18d1527a5861e6453a4613a99724f477.jpg,ff0a692fecd342c0c398ba7f494ca596
Data/emerg_dataset4/emerg_dataset4_180/emerg_dataset4_180.jpg,emerg_dataset4_180.jpg,emerg_dataset4,230_jpeg_jpg.rf.bca32309916eeb8c7f52da7d54005aab.jpg,9a0551672a59f5f18b31fc8d05b32c36
Data/emerg_dataset4/emerg_dataset4_181/emerg_dataset4_181.jpg,emerg_dataset4_181.jpg,emerg_dataset4,231_jpeg_jpg.rf.89adb06cf0e565b26ab6515adfbe1ffa.jpg,c870b9b96eb7de9b723044ae4a65d20f
Data/emerg_dataset4/emerg_dataset4_182/emerg_dataset4_182.jpg,emerg_dataset4_182.jpg,emerg_dataset4,231_jpeg_jpg.rf.a264c7b0fd12bfde23d52c59ef6dfee9.jpg,db79c105a10f96237a7ea34751c5fe00
Data/emerg_dataset4/emerg_dataset4_183/emerg_dataset4_183.jpg,emerg_dataset4_183.jpg,emerg_dataset4,233_jpeg_jpg.rf.6294528bef9fa23b46fc56d21624c96d.jpg,b9a3cc198318dd93dcafa7077fe80f24
Data/emerg_dataset4/emerg_dataset4_184/emerg_dataset4_184.jpg,emerg_dataset4_184.jpg,emerg_dataset4,234_jpeg_jpg.rf.216e804918839bfd2d63ef69ef08cb87.jpg,0b2d8fc160f1656227ce94480c9b784d
Data/emerg_dataset4/emerg_dataset4_185/emerg_dataset4_185.jpg,emerg_dataset4_185.jpg,emerg_dataset4,234_jpeg_jpg.rf.e80ffdb366144c17f7eacaf7304efe75.jpg,ae7f83d090c26603dc8502f69eb762dc
Data/emerg_dataset4/emerg_dataset4_188/emerg_dataset4_188.jpg,emerg_dataset4_188.jpg,emerg_dataset4,236_jpeg_jpg.rf.bb2faecce14c41ce58a28a85f505f00b.jpg,88f183fff4bf5ebe8085e8bbe1948c93
Data/emerg_dataset4/emerg_dataset4_189/emerg_dataset4_189.jpg,emerg_dataset4_189.jpg,emerg_dataset4,237_jpeg_jpg.rf.5e3d6d7d6b79a14e5d666b5e240d03b3.jpg,89253a1376565ab7cc0f7f7447c2a659
Data/emerg_dataset4/emerg_dataset4_19/emerg_dataset4_19.jpg,emerg_dataset4_19.jpg,emerg_dataset4,232_jpeg_jpg.rf.8e933f0f8d89f0e29b4fa8ba85aa1005.jpg,5b430383f1ecd11b93cf90937acddfc9
Data/emerg_dataset4/emerg_dataset4_190/emerg_dataset4_190.jpg,emerg_dataset4_190.jpg,emerg_dataset4,23_jpeg_jpg.rf.635a4edf268f769671e47c29135c2af0.jpg,4cf4a772c6d8362bfe5b7a38be553b52
Data/emerg_dataset4/emerg_dataset4_191/emerg_dataset4_191.jpg,emerg_dataset4_191.jpg,emerg_dataset4,245_jpeg_jpg.rf.9cfdb4108531d042806af3698b6f54db.jpg,d8e23c065be6747bcd479590cb44075f
Data/emerg_dataset4/emerg_dataset4_192/emerg_dataset4_192.jpg,emerg_dataset4_192.jpg,emerg_dataset4,245_jpeg_jpg.rf.b12e4afa289f9af3a5cb5d3d76fedbd0.jpg,06c597433b43123afed8b2f28a5aa423
Data/emerg_dataset4/emerg_dataset4_193/emerg_dataset4_193.jpg,emerg_dataset4_193.jpg,emerg_dataset4,24_jpeg_jpg.rf.84c3d6a790e0cf8b6950e8c6d725f74f.jpg,a4248dbdf4e669a515ec1ef522938689
Data/emerg_dataset4/emerg_dataset4_194/emerg_dataset4_194.jpg,emerg_dataset4_194.jpg,emerg_dataset4,258_jpeg_jpg.rf.80776a90202575ffda26301f42ec94ca.jpg,e02de0ad0d77bc1348a0f34d0e1808ca
Data/emerg_dataset4/emerg_dataset4_195/emerg_dataset4_195.jpg,emerg_dataset4_195.jpg,emerg_dataset4,263_jpeg_jpg.rf.476b2e490d706975c044a5a4e35365cd.jpg,87b4fd3bace577a967d6ba8d163789aa
Data/emerg_dataset4/emerg_dataset4_196/emerg_dataset4_196.jpg,emerg_dataset4_196.jpg,emerg_dataset4,263_jpeg_jpg.rf.dccdaef68e1db8341d0788c5b494c9c0.jpg,0359b4a959e4b639073f6a44c1d488e1
Data/emerg_dataset4/emerg_dataset4_197/emerg_dataset4_197.jpg,emerg_dataset4_197.jpg,emerg_dataset4,267_jpeg_jpg.rf.9d26104bec86dd1e0034ffa108c303b2.jpg,816a7b72ae282ba025dfe06f65847db2
Data/emerg_dataset4/emerg_dataset4_198/emerg_dataset4_198.jpg,emerg_dataset4_198.jpg,emerg_dataset4,26_jpeg_jpg.rf.491f4a26ec359fb72c1c37e3299b055b.jpg,79715bb38f628a2f2caf30317fe414a7
Data/emerg_dataset4/emerg_dataset4_199/emerg_dataset4_199.jpg,emerg_dataset4_199.jpg,emerg_dataset4,27_jpeg_jpg.rf.3f6f46ccf20be1ae356b7ed03818666a.jpg,90e1a864c17acbfb3c84fb3c85cf4be4
Data/emerg_dataset4/emerg_dataset4_2/emerg_dataset4_2.jpg,emerg_dataset4_2.jpg,emerg_dataset4,123_jpeg_jpg.rf.cebed813599da65b13bee806697344c2.jpg,3d2eb1c79f786ee482194a869cf9c5d3
Data/emerg_dataset4/emerg_dataset4_20/emerg_dataset4_20.jpg,emerg_dataset4_20.jpg,emerg_dataset4,264_jpeg_jpg.rf.3496a2dfe3d3941f09f59ee438481450.jpg,38a32f186d9a989bcefeb34e73b47ffc
Data/emerg_dataset4/emerg_dataset4_200/emerg_dataset4_200.jpg,emerg_dataset4_200.jpg,emerg_dataset4,28_jpeg_jpg.rf.42c293e7ae999b261c2558236490acba.jpg,a5ba5017138067058da42c4f1202ae81
Data/emerg_dataset4/emerg_dataset4_201/emerg_dataset4_201.jpg,emerg_dataset4_201.jpg,emerg_dataset4,28_jpeg_jpg.rf.585b58a1d4c84f94853e0656cbfb5660.jpg,4f1807009b15de1703ce9b3ec7bcb050
Data/emerg_dataset4/emerg_dataset4_202/emerg_dataset4_202.jpg,emerg_dataset4_202.jpg,emerg_dataset4,29_jpeg_jpg.rf.4937748e959a7d1e0291bd05754ef52f.jpg,1da76321dc20931da0ca6831fc875f4b
Data/emerg_dataset4/emerg_dataset4_203/emerg_dataset4_203.jpg,emerg_dataset4_203.jpg,emerg_dataset4,29_jpeg_jpg.rf.4adba76316129cd61d33a82024de7af5.jpg,704c721381c3750938dd25971231b90d
Data/emerg_dataset4/emerg_dataset4_204/emerg_dataset4_204.jpg,emerg_dataset4_204.jpg,emerg_dataset4,2_jpeg_jpg.rf.ca99ec11f6066fddb117989cdd2eb153.jpg,383957d69f8fe22dae6629f3fc5466f7
Data/emerg_dataset4/emerg_dataset4_205/emerg_dataset4_205.jpg,emerg_dataset4_205.jpg,emerg_dataset4,30_jpeg_jpg.rf.5d905cb8300fc7c98e46be2475a365fd.jpg,0d9c9c228799c850e5d6afd108cac889
Data/emerg_dataset4/emerg_dataset4_206/emerg_dataset4_206.jpg,emerg_dataset4_206.jpg,emerg_dataset4,30_jpeg_jpg.rf.b0f3cc5ffdbe99f6ad5c0c5e0dcbf581.jpg,5ecfe89360e2fa8f931200b734ba8226
Data/emerg_dataset4/emerg_dataset4_207/emerg_dataset4_207.jpg,emerg_dataset4_207.jpg,emerg_dataset4,31_jpeg_jpg.rf.fe4d6781a381ae7b9401818e74dc1594.jpg,52682686f808ee733613e47ee456367c
Data/emerg_dataset4/emerg_dataset4_208/emerg_dataset4_208.jpg,emerg_dataset4_208.jpg,emerg_dataset4,34_jpeg_jpg.rf.74124642e188243a1ab7517c6ce0de82.jpg,fdf6e1e88ad1e658d8fd778f97ebd5b7
Data/emerg_dataset4/emerg_dataset4_209/emerg_dataset4_209.jpg,emerg_dataset4_209.jpg,emerg_dataset4,34_jpeg_jpg.rf.cf1a92ca825d69a88d20a677d1182b85.jpg,39c27caa2d2fb4db3adf01eae077fff2
Data/emerg_dataset4/emerg_dataset4_21/emerg_dataset4_21.jpg,emerg_dataset4_21.jpg,emerg_dataset4,32_jpeg_jpg.rf.266806552d40c48381b2988a1b29ca26.jpg,f114468a4c6b4198fa850d041e81c6ec
Data/emerg_dataset4/emerg_dataset4_210/emerg_dataset4_210.jpg,emerg_dataset4_210.jpg,emerg_dataset4,35_jpeg_jpg.rf.170403f1c5a6e043abb8c04b02ead8e0.jpg,a10499eea8dddc27289e428c2c153e25
Data/emerg_dataset4/emerg_dataset4_211/emerg_dataset4_211.jpg,emerg_dataset4_211.jpg,emerg_dataset4,35_jpeg_jpg.rf.f19707e1e83da2fc2ccaccb13ea7fca3.jpg,7b4974ab8a3151ec637a2f6c142e1952
Data/emerg_dataset4/emerg_dataset4_212/emerg_dataset4_212.jpg,emerg_dataset4_212.jpg,emerg_dataset4,36_jpeg_jpg.rf.836b024276213e2d403288d08b4c9b09.jpg,8f9201ea725e43ee6b285af74af3ee97
Data/emerg_dataset4/emerg_dataset4_213/emerg_dataset4_213.jpg,emerg_dataset4_213.jpg,emerg_dataset4,36_jpeg_jpg.rf.fd13cedbd8e98e7891ae3676b59a5c89.jpg,4d6d4e1ee008963f9219732384d68e9b
Data/emerg_dataset4/emerg_dataset4_214/emerg_dataset4_214.jpg,emerg_dataset4_214.jpg,emerg_dataset4,37_jpeg_jpg.rf.2dc8d7835ed89d54bae11fc26f39e900.jpg,b6fe7be853b2819fb236836e8432aa78
Data/emerg_dataset4/emerg_dataset4_216/emerg_dataset4_216.jpg,emerg_dataset4_216.jpg,emerg_dataset4,39_jpeg_jpg.rf.4e6e9a959f1eb4a7738f32c55e9bf873.jpg,16b5b8fb3442472ca883272d912f2383
Data/emerg_dataset4/emerg_dataset4_217/emerg_dataset4_217.jpg,emerg_dataset4_217.jpg,emerg_dataset4,3_jpeg_jpg.rf.7fcf05422fda64d6f5bf18f9dcf8c232.jpg,95ae7e7706ff8b3ea8554c0603f9c482
Data/emerg_dataset4/emerg_dataset4_218/emerg_dataset4_218.jpg,emerg_dataset4_218.jpg,emerg_dataset4,3_jpeg_jpg.rf.c0d0f2ad02c136772c5939b107559189.jpg,4c3820af0bcae4c563d56f81e7eccf7d
Data/emerg_dataset4/emerg_dataset4_219/emerg_dataset4_219.jpg,emerg_dataset4_219.jpg,emerg_dataset4,42_jpeg_jpg.rf.585e28835eb8e3a6389c7a40cbf7f6ab.jpg,ff7cef08caca6633b830c05fb18aad80
Data/emerg_dataset4/emerg_dataset4_22/emerg_dataset4_22.jpg,emerg_dataset4_22.jpg,emerg_dataset4,40_jpeg_jpg.rf.503304a39f666a3f3e3d231e6f221926.jpg,f67be64e4d499b963b245a7204191dec
Data/emerg_dataset4/emerg_dataset4_220/emerg_dataset4_220.jpg,emerg_dataset4_220.jpg,emerg_dataset4,42_jpeg_jpg.rf.b7fb571977e06f9ca3010b2909df2788.jpg,5faaefa9a9f1cfe1356afed04d9650d4
Data/emerg_dataset4/emerg_dataset4_221/emerg_dataset4_221.jpg,emerg_dataset4_221.jpg,emerg_dataset4,43_jpeg_jpg.rf.242459363426cd4dde3891a2aa8a9429.jpg,a07b8e699c166e518335cc981d5ff810
Data/emerg_dataset4/emerg_dataset4_222/emerg_dataset4_222.jpg,emerg_dataset4_222.jpg,emerg_dataset4,43_jpeg_jpg.rf.6c63554467b1fd5e2c2a28cdd391a95d.jpg,d704114346c3245d2ff785bdcf7d2b62
Data/emerg_dataset4/emerg_dataset4_223/emerg_dataset4_223.jpg,emerg_dataset4_223.jpg,emerg_dataset4,51_jpeg_jpg.rf.3bafc234ad1650c2e88264716288062e.jpg,d53af2b00b542aa26dcd8a2ae2b00b68
Data/emerg_dataset4/emerg_dataset4_224/emerg_dataset4_224.jpg,emerg_dataset4_224.jpg,emerg_dataset4,52_jpeg_jpg.rf.55cb9d1ab9f9db71793c17551a864e86.jpg,0350321e36d37a80afcbcd8309cd47bb
Data/emerg_dataset4/emerg_dataset4_225/emerg_dataset4_225.jpg,emerg_dataset4_225.jpg,emerg_dataset4,52_jpeg_jpg.rf.94ffde6e3aa45f7f7487a4cfffee20cb.jpg,abdbf83eeed358035b275b90bfc4dedd
Data/emerg_dataset4/emerg_dataset4_226/emerg_dataset4_226.jpg,emerg_dataset4_226.jpg,emerg_dataset4,54_png_jpg.rf.b33872502c6590b59c34e52f39c03a78.jpg,10e0bf7ed845581e7c08989fa37064b3
Data/emerg_dataset4/emerg_dataset4_227/emerg_dataset4_227.jpg,emerg_dataset4_227.jpg,emerg_dataset4,55_jpeg_jpg.rf.15da9fe40abb1f591543e64b78cd5a6a.jpg,1c41b7b2ea4757d399153220e1d14a86
Data/emerg_dataset4/emerg_dataset4_228/emerg_dataset4_228.jpg,emerg_dataset4_228.jpg,emerg_dataset4,55_jpeg_jpg.rf.523ef0bd0e4abfd579963e44e8db8454.jpg,cc10636c211cd1357db2b2ca218408e8
Data/emerg_dataset4/emerg_dataset4_229/emerg_dataset4_229.jpg,emerg_dataset4_229.jpg,emerg_dataset4,56_jpeg_jpg.rf.185ec3c923fee6c0c3b5bae6158eec3a.jpg,76fa958311ef8004db3251f98beebe01
Data/emerg_dataset4/emerg_dataset4_23/emerg_dataset4_23.jpg,emerg_dataset4_23.jpg,emerg_dataset4,41_jpeg_jpg.rf.2c8b5aae4f9dc435f8da3d255eb96d8b.jpg,22ad2ea0a129fb6c10f0ea8410ee4b6c
Data/emerg_dataset4/emerg_dataset4_230/emerg_dataset4_230.jpg,emerg_dataset4_230.jpg,emerg_dataset4,56_jpeg_jpg.rf.bbf69367cde00351684b9a9bf2e1408c.jpg,67bacf7770846f16d78ac3c3bad382e7
Data/emerg_dataset4/emerg_dataset4_231/emerg_dataset4_231.jpg,emerg_dataset4_231.jpg,emerg_dataset4,58_jpeg_jpg.rf.245c134be6be158e0f55d08052607e49.jpg,16796847f3ea6610cd382a3cc64dc427
Data/emerg_dataset4/emerg_dataset4_233/emerg_dataset4_233.jpg,emerg_dataset4_233.jpg,emerg_dataset4,5_jpeg_jpg.rf.c11ccb0ce013d4ff3ed759866f7967ac.jpg,df00636cc2ff7d38e39c9fd4e54012cf
Data/emerg_dataset4/emerg_dataset4_234/emerg_dataset4_234.jpg,emerg_dataset4_234.jpg,emerg_dataset4,60_jpeg_jpg.rf.150de526f34e2c8d1434815e0c135096.jpg,4b0dcc0bd6394242765ac6822e748215
Data/emerg_dataset4/emerg_dataset4_235/emerg_dataset4_235.jpg,emerg_dataset4_235.jpg,emerg_dataset4,60_jpeg_jpg.rf.b9535b38714bedc0949809427904bd42.jpg,b4897735ac4f3e3453e7483816af0f99
Data/emerg_dataset4/emerg_dataset4_236/emerg_dataset4_236.jpg,emerg_dataset4_236.jpg,emerg_dataset4,62_jpeg_jpg.rf.7c880bd76734c3b7fce2bb6d42b0075c.jpg,84902634cec47515c7890e1f6af31786
Data/emerg_dataset4/emerg_dataset4_237/emerg_dataset4_237.jpg,emerg_dataset4_237.jpg,emerg_dataset4,62_jpeg_jpg.rf.ddb9d5495826a3217a5c532be896156c.jpg,9197c2fb98cc593bdbe6e981a9867815
Data/emerg_dataset4/emerg_dataset4_238/emerg_dataset4_238.jpg,emerg_dataset4_238.jpg,emerg_dataset4,63_jpeg_jpg.rf.a95e1a944a901d2ae0b10d41b17b15c1.jpg,0df616f323e4bdb8ded7c4c761bec290
Data/emerg_dataset4/emerg_dataset4_239/emerg_dataset4_239.jpg,emerg_dataset4_239.jpg,emerg_dataset4,63_jpeg_jpg.rf.eaa1e505e32d359bcfe954e998f6343e.jpg,4de60f9ac09c103b7d9fd0bc2e271fdf
Data/emerg_dataset4/emerg_dataset4_24/emerg_dataset4_24.jpg,emerg_dataset4_24.jpg,emerg_dataset4,70_jpeg_jpg.rf.15b9bb71128d3c1535a2f3bd9de8e89a.jpg,78535d9f2553c4eb866c710321247ae4
Data/emerg_dataset4/emerg_dataset4_240/emerg_dataset4_240.jpg,emerg_dataset4_240.jpg,emerg_dataset4,66_jpeg_jpg.rf.39ddeefaaa942a039208956a171b1575.jpg,d4f28a0bb06f6a18276ed2520012bb95
Data/emerg_dataset4/emerg_dataset4_241/emerg_dataset4_241.jpg,emerg_dataset4_241.jpg,emerg_dataset4,66_jpeg_jpg.rf.9a3b8b8ddafd84497d340fa579f8b3bb.jpg,28d9479ee48e1c79a5b1c564f67e1490
Data/emerg_dataset4/emerg_dataset4_242/emerg_dataset4_242.jpg,emerg_dataset4_242.jpg,emerg_dataset4,67_jpeg_jpg.rf.f25c635f4629341e870feda3ec4bdc56.jpg,13709702964251dbc6e714bb82b8a53e
Data/emerg_dataset4/emerg_dataset4_243/emerg_dataset4_243.jpg,emerg_dataset4_243.jpg,emerg_dataset4,67_jpeg_jpg.rf.f50afcba1486f7c579a08aae8164fbcb.jpg,eed17f75b427ef83f8b713cf22d79ad3
Data/emerg_dataset4/emerg_dataset4_244/emerg_dataset4_244.jpg,emerg_dataset4_244.jpg,emerg_dataset4,69_jpeg_jpg.rf.a4cf6cb1b972d9c796ec4c5ac3542454.jpg,dc4b4db6de826bcb6db5f6a7cf21b1db
Data/emerg_dataset4/emerg_dataset4_245/emerg_dataset4_245.jpg,emerg_dataset4_245.jpg,emerg_dataset4,69_jpeg_jpg.rf.f684e2ccae28693f43155cd8f4cb20b7.jpg,f86251437d380bb8972bf257f03a5b5a
Data/emerg_dataset4/emerg_dataset4_246/emerg_dataset4_246.jpg,emerg_dataset4_246.jpg,emerg_dataset4,6_jpeg_jpg.rf.1d23f380ff188118a5eca2522e256ddd.jpg,edd7d9dd94d78a1adeaac963ebcb9a6d
Data/emerg_dataset4/emerg_dataset4_247/emerg_dataset4_247.jpg,emerg_dataset4_247.jpg,emerg_dataset4,6_jpeg_jpg.rf.b6672df42e10f82a5dda5de06b10568e.jpg,07dcf88aea96fabf8d4603598368238a
Data/emerg_dataset4/emerg_dataset4_248/emerg_dataset4_248.jpg,emerg_dataset4_248.jpg,emerg_dataset4,74_jpeg_jpg.rf.49407e705578f703f82195d9241d7969.jpg,5a85ff5ea085320a21ebaaad82cc3df6
Data/emerg_dataset4/emerg_dataset4_249/emerg_dataset4_249.jpg,emerg_dataset4_249.jpg,emerg_dataset4,74_jpeg_jpg.rf.cf69d1437ba7cf32020306e8b2426487.jpg,f541e09458a301f591c8591e77574c4f
Data/emerg_dataset4/emerg_dataset4_25/emerg_dataset4_25.jpg,emerg_dataset4_25.jpg,emerg_dataset4,7_jpeg_jpg.rf.a167901f17b8d78a1dc41010dcd84fb9.jpg,cf739865ba5fed1d53434a26670b3328
Data/emerg_dataset4/emerg_dataset4_250/emerg_dataset4_250.jpg,emerg_dataset4_250.jpg,emerg_dataset4,75_jpeg_jpg.rf.201fa02b67797a0b30b7056eff9182cf.jpg,22ec2395c45ba0ef4759647d590b380b
Data/emerg_dataset4/emerg_dataset4_251/emerg_dataset4_251.jpg,emerg_dataset4_251.jpg,emerg_dataset4,75_jpeg_jpg.rf.28e0e7cb049263b7d90553685c184815.jpg,82d824ed4b709544e09d28609498a72d
Data/emerg_dataset4/emerg_dataset4_252/emerg_dataset4_252.jpg,emerg_dataset4_252.jpg,emerg_dataset4,76_jpeg_jpg.rf.3dfc1b461d4ace10a9a0efee479d216c.jpg,502f0c4ec894cca9ef67d1529c9aa10d
Data/emerg_dataset4/emerg_dataset4_253/emerg_dataset4_253.jpg,emerg_dataset4_253.jpg,emerg_dataset4,76_jpeg_jpg.rf.dc0bd749fb03786d60f250500ebb44bd.jpg,169c96fe70458932b579a1c0b83b68b3
Data/emerg_dataset4/emerg_dataset4_254/emerg_dataset4_254.jpg,emerg_dataset4_254.jpg,emerg_dataset4,77_jpeg_jpg.rf.8166f79a27ed26e89960d00defa63532.jpg,195d5adbb57e36201fd77d14c7ad770f
Data/emerg_dataset4/emerg_dataset4_255/emerg_dataset4_255.jpg,emerg_dataset4_255.jpg,emerg_dataset4,78_jpeg_jpg.rf.357d0f2eced5865987cee74cfca63139.jpg,756b1191d0bdf31a8c15fbb26274a254
Data/emerg_dataset4/emerg_dataset4_256/emerg_dataset4_256.jpg,emerg_dataset4_256.jpg,emerg_dataset4,78_jpeg_jpg.rf.b6a40c65dac80d6851cb94f5bf9ea76e.jpg,77c6552594b18157082e0d551fb1af30
Data/emerg_dataset4/emerg_dataset4_257/emerg_dataset4_257.jpg,emerg_dataset4_257.jpg,emerg_dataset4,79_png_jpg.rf.5ba25b05bca5a4dd3983e447ab18d48d.jpg,6f135be258623738e27b4a688911f419
Data/emerg_dataset4/emerg_dataset4_258/emerg_dataset4_258.jpg,emerg_dataset4_258.jpg,emerg_dataset4,79_png_jpg.rf.a29d7aaf36e33ba34d034d84883f9003.jpg,85d8d1dd4361c756401a08d1539cded3
Data/emerg_dataset4/emerg_dataset4_259/emerg_dataset4_259.jpg,emerg_dataset4_259.jpg,emerg_dataset4,80_jpeg_jpg.rf.a69d3776f0cfcec2ef947748f182837f.jpg,46120809705d97e2a400e168f248802a
Data/emerg_dataset4/emerg_dataset4_26/emerg_dataset4_26.jpg,emerg_dataset4_26.jpg,emerg_dataset4,97_jpeg_jpg.rf.29369172cccc9b04a020ad4edd745b6b.jpg,c7221d18fe16c73e88505b57b459bdd9
Data/emerg_dataset4/emerg_dataset4_260/emerg_dataset4_260.jpg,emerg_dataset4_260.jpg,emerg_dataset4,80_jpeg_jpg.rf.ff6748020228cb2c1ee5c94b89a64aa3.jpg,c4166f2eabcf59f8212555e03c7b3010
Data/emerg_dataset4/emerg_dataset4_261/emerg_dataset4_261.jpg,emerg_dataset4_261.jpg,emerg_dataset4,81_jpeg_jpg.rf.90bac9a8d01f581a488116067977e331.jpg,007f004a14ae3c6535d3144449feb046
Data/emerg_dataset4/emerg_dataset4_262/emerg_dataset4_262.jpg,emerg_dataset4_262.jpg,emerg_dataset4,82_jpeg_jpg.rf.9cd971c3d01e184793b5ba73de86ad32.jpg,3b82e62d33284d84a9729dbe65e0b8eb
Data/emerg_dataset4/emerg_dataset4_263/emerg_dataset4_263.jpg,emerg_dataset4_263.jpg,emerg_dataset4,83_jpeg_jpg.rf.0ff20eb045bfaa6c5cbdf69e4495cf95.jpg,64b2c494ce39a647abb63755c5d1e8f8
Data/emerg_dataset4/emerg_dataset4_264/emerg_dataset4_264.jpg,emerg_dataset4_264.jpg,emerg_dataset4,83_jpeg_jpg.rf.a8f6205f1eda158b7bbd4fa9fe751b98.jpg,4a74c1b98a0c9a77b9d55b2c0def26c9
Data/emerg_dataset4/emerg_dataset4_265/emerg_dataset4_265.jpg,emerg_dataset4_265.jpg,emerg_dataset4,84_jpeg_jpg.rf.2041f096871915e1dc17410846af0e0d.jpg,ec59aa7cd6e81cc16c04ebe675072372
Data/emerg_dataset4/emerg_dataset4_266/emerg_dataset4_266.jpg,emerg_dataset4_266.jpg,emerg_dataset4,84_jpeg_jpg.rf.5e415f0a5ddbd2fc93f232b1d2b2b0e7.jpg,4faddfc7696193726d5e95c5408181ad
Data/emerg_dataset4/emerg_dataset4_267/emerg_dataset4_267.jpg,emerg_dataset4_267.jpg,emerg_dataset4,88_jpeg_jpg.rf.651dffb89b2bac709ed92fcb0e68ea76.jpg,916b17c187963db588163e1df4529bf6
Data/emerg_dataset4/emerg_dataset4_268/emerg_dataset4_268.jpg,emerg_dataset4_268.jpg,emerg_dataset4,89_jpeg_jpg.rf.01a804b46528fbee203c3dc7434b7487.jpg,17c5a813580f23567857033cfd1edbe8
Data/emerg_dataset4/emerg_dataset4_269/emerg_dataset4_269.jpg,emerg_dataset4_269.jpg,emerg_dataset4,8_jpeg_jpg.rf.eadec9d30fe167eeba71d50baec0289e.jpg,2ced2e07d4d2b01ed3bab33d1048eae6
Data/emerg_dataset4/emerg_dataset4_27/emerg_dataset4_27.jpg,emerg_dataset4_27.jpg,emerg_dataset4,100_jpeg_jpg.rf.62ab402fced45d0e7609a155ca6b69b6.jpg,61d950cf5567c64d15d50b3401798a45
Data/emerg_dataset4/emerg_dataset4_270/emerg_dataset4_270.jpg,emerg_dataset4_270.jpg,emerg_dataset4,8_jpeg_jpg.rf.f410880b04285ee0945ff41f580ebfac.jpg,e5bbeb57f6e11cbe4106ac0df310eba6
Data/emerg_dataset4/emerg_dataset4_271/emerg_dataset4_271.jpg,emerg_dataset4_271.jpg,emerg_dataset4,91_jpeg_jpg.rf.234c37b1d9f6f4d96417990ac8668fdb.jpg,6b5aa89155ab9c5d25e3212f09748f42
Data/emerg_dataset4/emerg_dataset4_272/emerg_dataset4_272.jpg,emerg_dataset4_272.jpg,emerg_dataset4,91_jpeg_jpg.rf.a79a3d7647584cdb0e1d20bedc04176a.jpg,e0d304706510a77ccfce3e702294df01
Data/emerg_dataset4/emerg_dataset4_273/emerg_dataset4_273.jpg,emerg_dataset4_273.jpg,emerg_dataset4,92_jpeg_jpg.rf.3e17fad16ea203abd28e6886b4e75c93.jpg,ff6122a2c7026b7ab0f1ec767169b2e6
Data/emerg_dataset4/emerg_dataset4_274/emerg_dataset4_274.jpg,emerg_dataset4_274.jpg,emerg_dataset4,92_jpeg_jpg.rf.97df4f275979a5470a2f14085931aabf.jpg,c3bd5cb00e9bae867aed2e81538ba9be
Data/emerg_dataset4/emerg_dataset4_275/emerg_dataset4_275.jpg,emerg_dataset4_275.jpg,emerg_dataset4,94_jpeg_jpg.rf.b2766986745c324d5f4de248e83f7e2b.jpg,77ebf9d79cdb590dc1dd2108818d612c
Data/emerg_dataset4/emerg_dataset4_278/emerg_dataset4_278.jpg,emerg_dataset4_278.jpg,emerg_dataset4,95_jpeg_jpg.rf.2cc47ef137dc6ee4eaa04e9f8e58847f.jpg,59b461806f19502fe29e9f996063b139
Data/emerg_dataset4/emerg_dataset4_279/emerg_dataset4_279.jpg,emerg_dataset4_279.jpg,emerg_dataset4,98_jpeg_jpg.rf.8f78bdc611a2e8929ff01982d761da31.jpg,def5dcd889b9d4861082a974c5d2d4b3
Data/emerg_dataset4/emerg_dataset4_28/emerg_dataset4_28.jpg,emerg_dataset4_28.jpg,emerg_dataset4,101_jpeg_jpg.rf.3dd6a34c8295a4f6394f26e25f9f37fd.jpg,5e99968d03f098c05b71fb2ace21f297
Data/emerg_dataset4/emerg_dataset4_280/emerg_dataset4_280.jpg,emerg_dataset4_280.jpg,emerg_dataset4,99_jpeg_jpg.rf.c2396e0afdf3c6243e23874583e361bf.jpg,bb743a6758a32e32108a2a474a96db93
Data/emerg_dataset4/emerg_dataset4_281/emerg_dataset4_281.jpg,emerg_dataset4_281.jpg,emerg_dataset4,103_jpeg_jpg.rf.360229e723f61ff6ac5b37b26cc87c8e.jpg,785ed9c072b5a65bea69bf5c48454b91
Data/emerg_dataset4/emerg_dataset4_282/emerg_dataset4_282.jpg,emerg_dataset4_282.jpg,emerg_dataset4,108_jpeg_jpg.rf.a220c814dfcf9feaf2003bfc8dff5a4c.jpg,ea71d647b9dfee6b0505601fbe6d3357
Data/emerg_dataset4/emerg_dataset4_283/emerg_dataset4_283.jpg,emerg_dataset4_283.jpg,emerg_dataset4,109_jpeg_jpg.rf.0d615f2bf4e281963fbd0518419c83cd.jpg,660adb5800c3e3748df6dc7c64850bc8
Data/emerg_dataset4/emerg_dataset4_284/emerg_dataset4_284.jpg,emerg_dataset4_284.jpg,emerg_dataset4,110_jpeg_jpg.rf.239ab5e545243659fd4afa193e4ef733.jpg,95f6ceae1f29ddca65d70e0c524942b8
Data/emerg_dataset4/emerg_dataset4_285/emerg_dataset4_285.jpg,emerg_dataset4_285.jpg,emerg_dataset4,114_jpeg_jpg.rf.465b94035eba59cc7d1d215cbaef0e47.jpg,6aa16b473595333168cc8eb897874587
Data/emerg_dataset4/emerg_dataset4_286/emerg_dataset4_286.jpg,emerg_dataset4_286.jpg,emerg_dataset4,127_jpeg_jpg.rf.03080e47deefbd59a1c1b534eed12519.jpg,db7002028e7086f5ba3fbf40a6f43f40
Data/emerg_dataset4/emerg_dataset4_287/emerg_dataset4_287.jpg,emerg_dataset4_287.jpg,emerg_dataset4,131_jpeg_jpg.rf.ef370097737c8e165cbb693f8d92ec69.jpg,0ffbe8855fc1764d4a151917e8eef0ea
Data/emerg_dataset4/emerg_dataset4_288/emerg_dataset4_288.jpg,emerg_dataset4_288.jpg,emerg_dataset4,133_jpeg_jpg.rf.baf11b78989d5bd357584ff60f553d76.jpg,18fc6a4d5cbc3882b95d4c097f930b79
Data/emerg_dataset4/emerg_dataset4_289/emerg_dataset4_289.jpg,emerg_dataset4_289.jpg,emerg_dataset4,138_jpeg_jpg.rf.6fbec14e6a20369489b7a3843a417ea7.jpg,d2c8d368feae8e48d05116b9fc83c01b
Data/emerg_dataset4/emerg_dataset4_29/emerg_dataset4_29.jpg,emerg_dataset4_29.jpg,emerg_dataset4,101_jpeg_jpg.rf.dfee882e3d23dce5b4c01d479588f4d5.jpg,c37fd7dac4ab20fe7e3b47f4428699ac
Data/emerg_dataset4/emerg_dataset4_290/emerg_dataset4_290.jpg,emerg_dataset4_290.jpg,emerg_dataset4,139_jpeg_jpg.rf.7fd4699fccb647fe56d77b7bfd6c1fea.jpg,42ae106dbe98f32260f9f8e953431d3d
Data/emerg_dataset4/emerg_dataset4_291/emerg_dataset4_291.jpg,emerg_dataset4_291.jpg,emerg_dataset4,142_jpeg_jpg.rf.4f9dcfd8103578656e6e6be2c85a16d5.jpg,d9f6b8cbda9bc3d4d315d16f50cca079
Data/emerg_dataset4/emerg_dataset4_292/emerg_dataset4_292.jpg,emerg_dataset4_292.jpg,emerg_dataset4,149_jpeg_jpg.rf.edc9f0338333bf4ea5feccf8a5e4670a.jpg,f898acbeb9379fcc63c9bd0961976da3
Data/emerg_dataset4/emerg_dataset4_293/emerg_dataset4_293.jpg,emerg_dataset4_293.jpg,emerg_dataset4,151_jpeg_jpg.rf.9d2885fc3ea8add44c83ee0519a68bdf.jpg,1784222d8723da6244ba300d6e082ba1
Data/emerg_dataset4/emerg_dataset4_294/emerg_dataset4_294.jpg,emerg_dataset4_294.jpg,emerg_dataset4,152_jpeg_jpg.rf.a60d29526d9efa266565f705b957feec.jpg,18bdb264afaa08aa6f72e32c4b1a41ae
Data/emerg_dataset4/emerg_dataset4_295/emerg_dataset4_295.jpg,emerg_dataset4_295.jpg,emerg_dataset4,157_jpeg_jpg.rf.28352e393c9af466c9e908798cccae56.jpg,a8c26c308a31710a47bb42aac44ce7f2
Data/emerg_dataset4/emerg_dataset4_296/emerg_dataset4_296.jpg,emerg_dataset4_296.jpg,emerg_dataset4,159_jpeg_jpg.rf.af2a70aa856da1231c91e8e7ad5487b9.jpg,4a18f38b5b971d58a8f895f7f8513b32
Data/emerg_dataset4/emerg_dataset4_297/emerg_dataset4_297.jpg,emerg_dataset4_297.jpg,emerg_dataset4,15_jpeg_jpg.rf.2631f816cc5f6300fed28524a6937658.jpg,47de2cd44c539a5bcbff50045d451cec
Data/emerg_dataset4/emerg_dataset4_298/emerg_dataset4_298.jpg,emerg_dataset4_298.jpg,emerg_dataset4,160_jpeg_jpg.rf.c6198f74431f5bb23a9a7df2f0884a91.jpg,5813477fcde00650af6597d6275c6b48
Data/emerg_dataset4/emerg_dataset4_299/emerg_dataset4_299.jpg,emerg_dataset4_299.jpg,emerg_dataset4,167_jpeg_jpg.rf.4b478ec71c060c9f408fa8d80b41e418.jpg,d145ae24d20476d8da2b5b8f3a392e24
Data/emerg_dataset4/emerg_dataset4_3/emerg_dataset4_3.jpg,emerg_dataset4_3.jpg,emerg_dataset4,128_jpeg_jpg.rf.a3369b7b0b28684f625722896cb4c70e.jpg,ee7b0b8b38b25ce74b597b57bd58d620
Data/emerg_dataset4/emerg_dataset4_30/emerg_dataset4_30.jpg,emerg_dataset4_30.jpg,emerg_dataset4,102_jpeg_jpg.rf.37723d46332512cf91ad901b18a30e35.jpg,19a3fd2dc2ec0fd79990fde3af3f0c69
Data/emerg_dataset4/emerg_dataset4_300/emerg_dataset4_300.jpg,emerg_dataset4_300.jpg,emerg_dataset4,17_jpeg_jpg.rf.910fdb54f3850b1a0b4df850238e2b03.jpg,8975dc314df7f8a008d16dcf67a12488
Data/emerg_dataset4/emerg_dataset4_301/emerg_dataset4_301.jpg,emerg_dataset4_301.jpg,emerg_dataset4,186_jpeg_jpg.rf.186447fcf88586428cb55f4e60c6331d.jpg,65c6b6a0fafcc2778f970546e12388c8
Data/emerg_dataset4/emerg_dataset4_302/emerg_dataset4_302.jpg,emerg_dataset4_302.jpg,emerg_dataset4,195_jpeg_jpg.rf.a77f3319c5976cbc6b9549a68977234f.jpg,afcd5b97e17481ce8bf7d81353f91045
Data/emerg_dataset4/emerg_dataset4_303/emerg_dataset4_303.jpg,emerg_dataset4_303.jpg,emerg_dataset4,197_jpeg_jpg.rf.43f75bae133d5cfd356da894033215b9.jpg,bb6802062f25949aa21f638d0a101009
Data/emerg_dataset4/emerg_dataset4_304/emerg_dataset4_304.jpg,emerg_dataset4_304.jpg,emerg_dataset4,199_jpeg_jpg.rf.78a60ba75469dc4d8b3b9d8f47b0de16.jpg,5d041668a18def95604f98b5ddcd4f08
Data/emerg_dataset4/emerg_dataset4_305/emerg_dataset4_305.jpg,emerg_dataset4_305.jpg,emerg_dataset4,19_jpeg_jpg.rf.012501b59b80277be70d5df7a7c544c7.jpg,ab75476d2e0a93a852cf1dffa433335a
Data/emerg_dataset4/emerg_dataset4_306/emerg_dataset4_306.jpg,emerg_dataset4_306.jpg,emerg_dataset4,200_jpeg_jpg.rf.2547fafd264ba1b9eb99292f1cdbb1f5.jpg,a506007f42b383b8f8bce78215fb2b11
Data/emerg_dataset4/emerg_dataset4_307/emerg_dataset4_307.jpg,emerg_dataset4_307.jpg,emerg_dataset4,202_jpeg_jpg.rf.3a0f7c881f3f7b470c8f136d376389d3.jpg,b3493dfee0be802d8bb4c101d0967721
Data/emerg_dataset4/emerg_dataset4_308/emerg_dataset4_308.jpg,emerg_dataset4_308.jpg,emerg_dataset4,204_jpeg_jpg.rf.32dc244892bf3f44de16fc4ed70e863a.jpg,066cee58a5f338bdc1ef0b42b8f8466d
Data/emerg_dataset4/emerg_dataset4_309/emerg_dataset4_309.jpg,emerg_dataset4_309.jpg,emerg_dataset4,206_jpeg_jpg.rf.7f0120b70ff480bcde88089144ede42a.jpg,aa798622df3af08614f8ba938a044d12
Data/emerg_dataset4/emerg_dataset4_310/emerg_dataset4_310.jpg,emerg_dataset4_310.jpg,emerg_dataset4,20_jpeg_jpg.rf.f672af0ab2216c55c86495593895fb0f.jpg,1df0a836ac64a7c7509267e3b1fb1705
Data/emerg_dataset4/emerg_dataset4_311/emerg_dataset4_311.jpg,emerg_dataset4_311.jpg,emerg_dataset4,211_jpeg_jpg.rf.ffdf870613a6c6d993067817c347a7fb.jpg,1fa9c76a584d917cd12842001dcc1b6c
Data/emerg_dataset4/emerg_dataset4_312/emerg_dataset4_312.jpg,emerg_dataset4_312.jpg,emerg_dataset4,216_jpeg_jpg.rf.8c572845575eecb2f2d90e568e71f7a8.jpg,e81757fa3f553d2757cc92fdb9736352
Data/emerg_dataset4/emerg_dataset4_313/emerg_dataset4_313.jpg,emerg_dataset4_313.jpg,emerg_dataset4,219_jpeg_jpg.rf.7cae0424d2d962abdd83aff64de3ee56.jpg,89a64f847571c31ead50b6d608c1280b
Data/emerg_dataset4/emerg_dataset4_314/emerg_dataset4_314.jpg,emerg_dataset4_314.jpg,emerg_dataset4,227_jpeg_jpg.rf.6d4abc17224c3a28a8944a3d784e9e96.jpg,94814b4eb878aaf1be34b5f41b441773
Data/emerg_dataset4/emerg_dataset4_315/emerg_dataset4_315.jpg,emerg_dataset4_315.jpg,emerg_dataset4,25_jpeg_jpg.rf.d523434b7ccd7390495442f628c7332c.jpg,0995174e34f211772b5a1de80cccaa91
Data/emerg_dataset4/emerg_dataset4_316/emerg_dataset4_316.jpg,emerg_dataset4_316.jpg,emerg_dataset4,44_jpeg_jpg.rf.fe3ab9e3cf3c8db1d80bd33946c7dfc7.jpg,449ab9eec69e49265c43f65b23e795eb
Data/emerg_dataset4/emerg_dataset4_317/emerg_dataset4_317.jpg,emerg_dataset4_317.jpg,emerg_dataset4,4_jpeg_jpg.rf.e5b574d32c11829f75f0c0ea47223235.jpg,acd5feffb4aaea7cfc8c89fbff294311
Data/emerg_dataset4/emerg_dataset4_318/emerg_dataset4_318.jpg,emerg_dataset4_318.jpg,emerg_dataset4,57_jpeg_jpg.rf.bf44cbd54c0214537f3910c74700db7f.jpg,59d2338f4610b372c750bc68124e042a
Data/emerg_dataset4/emerg_dataset4_319/emerg_dataset4_319.jpg,emerg_dataset4_319.jpg,emerg_dataset4,61_jpeg_jpg.rf.fdaa70d2d4a1e5177bb4fd67e02e1baa.jpg,4b47f5af68cf64856d47e687f4fb209d
Data/emerg_dataset4/emerg_dataset4_32/emerg_dataset4_32.jpg,emerg_dataset4_32.jpg,emerg_dataset4,104_jpeg_jpg.rf.b74fb68409aff8dbb686327226f62562.jpg,31d3b2f8a3ec4d98f035f1cf91d9bf57
Data/emerg_dataset4/emerg_dataset4_320/emerg_dataset4_320.jpg,emerg_dataset4_320.jpg,emerg_dataset4,68_jpeg_jpg.rf.6fae2c859d47a91a8fb68f61e15e559c.jpg,2259062beae4b281bd2f51d478772c65
Data/emerg_dataset4/emerg_dataset4_321/emerg_dataset4_321.jpg,emerg_dataset4_321.jpg,emerg_dataset4,85_jpeg_jpg.rf.8cbc5f56729c6c16cc8390bbf0642683.jpg,16110a68c6ef062a0b95b87c6da1034e
Data/emerg_dataset4/emerg_dataset4_322/emerg_dataset4_322.jpg,emerg_dataset4_322.jpg,emerg_dataset4,86_jpeg_jpg.rf.1825273f8b92beabdff0797e9642fcc8.jpg,d6f8e8e883aaf14d5c35a38588d0912e
Data/emerg_dataset4/emerg_dataset4_323/emerg_dataset4_323.jpg,emerg_dataset4_323.jpg,emerg_dataset4,87_jpeg_jpg.rf.1c91cc3df3e3fb92234645553f422acd.jpg,aaf353aa2dae67a319858291f08b987e
Data/emerg_dataset4/emerg_dataset4_324/emerg_dataset4_324.jpg,emerg_dataset4_324.jpg,emerg_dataset4,90_jpeg_jpg.rf.47870fd6cb858a49063e18319964fe99.jpg,b6f93e6c232b8139cb40eeb77bff6181
Data/emerg_dataset4/emerg_dataset4_325/emerg_dataset4_325.jpg,emerg_dataset4_325.jpg,emerg_dataset4,96_jpeg_jpg.rf.204beca5ca89dfaeaea19c1349667566.jpg,cd92f51a4d5221267afedd57f0338062
Data/emerg_dataset4/emerg_dataset4_326/emerg_dataset4_326.jpg,emerg_dataset4_326.jpg,emerg_dataset4,9_png_jpg.rf.77438ed7656805865ce14f2598f54f13.jpg,093c3cae5ac5614f3db5f1b0cd2f586e
Data/emerg_dataset4/emerg_dataset4_33/emerg_dataset4_33.jpg,emerg_dataset4_33.jpg,emerg_dataset4,104_jpeg_jpg.rf.ffbe4a54e38fb5ad892affe2ac6d7613.jpg,0d727061f50fa497e04c6a5d7ce01e81
Data/emerg_dataset4/emerg_dataset4_34/emerg_dataset4_34.jpg,emerg_dataset4_34.jpg,emerg_dataset4,105_jpeg_jpg.rf.96709629ecc58a4ec5050ca80d5137fe.jpg,a911e0324321ba93e1caec7f6598f0ad
Data/emerg_dataset4/emerg_dataset4_35/emerg_dataset4_35.jpg,emerg_dataset4_35.jpg,emerg_dataset4,106_jpeg_jpg.rf.977bc989423a097e752d77a4b38cbe6b.jpg,c76b75397e6b56d39c5462c7a430035e
Data/emerg_dataset4/emerg_dataset4_36/emerg_dataset4_36.jpg,emerg_dataset4_36.jpg,emerg_dataset4,106_jpeg_jpg.rf.a8f77282455e1fc182ddf4676949182d.jpg,c7adc5416ab60f27f136025f5bdfaa00
Data/emerg_dataset4/emerg_dataset4_37/emerg_dataset4_37.jpg,emerg_dataset4_37.jpg,emerg_dataset4,107_jpeg_jpg.rf.0abdd7afd323f952bea6729311dcfc43.jpg,48f2742d5b0151fc3347e9add7a09962
Data/emerg_dataset4/emerg_dataset4_38/emerg_dataset4_38.jpg,emerg_dataset4_38.jpg,emerg_dataset4,107_jpeg_jpg.rf.9a13e1bd268c8eac5dbcc41976d93ae4.jpg,b715eeb8e0f4f39896fcd8364777e375
Data/emerg_dataset4/emerg_dataset4_39/emerg_dataset4_39.jpg,emerg_dataset4_39.jpg,emerg_dataset4,111_jpeg_jpg.rf.60ab60d313e3f58fb1fdea6bc95d4554.jpg,4986d078cc69f970b4c308d3e24f22b6
Data/emerg_dataset4/emerg_dataset4_4/emerg_dataset4_4.jpg,emerg_dataset4_4.jpg,emerg_dataset4,129_jpeg_jpg.rf.797686bfe9c8ed11fac2ddc5f27f52ae.jpg,a9978c9a021bfa54d79f12c9377a3f75
Data/emerg_dataset4/emerg_dataset4_40/emerg_dataset4_40.jpg,emerg_dataset4_40.jpg,emerg_dataset4,111_jpeg_jpg.rf.e2830888953b9ba69005126e0f3718bf.jpg,f5df0688b9e0b803c35c2fb182e1f1e2
Data/emerg_dataset4/emerg_dataset4_41/emerg_dataset4_41.jpg,emerg_dataset4_41.jpg,emerg_dataset4,112_jpeg_jpg.rf.2e300090f8c9d9aa092b4f238b932c4c.jpg,4296133ef7b66a8598df8c1b4ea10806
Data/emerg_dataset4/emerg_dataset4_42/emerg_dataset4_42.jpg,emerg_dataset4_42.jpg,emerg_dataset4,112_jpeg_jpg.rf.b29cd610b4b897bdd7725f4a20a78394.jpg,7344597d0d043e3f6427909aaf44acd1
Data/emerg_dataset4/emerg_dataset4_43/emerg_dataset4_43.jpg,emerg_dataset4_43.jpg,emerg_dataset4,113_jpeg_jpg.rf.2daa0106c0c8cb0ed80b1b2964536668.jpg,7e6b50a2873e00a3eafc6f27bcf684d3
Data/emerg_dataset4/emerg_dataset4_44/emerg_dataset4_44.jpg,emerg_dataset4_44.jpg,emerg_dataset4,113_jpeg_jpg.rf.3b720b884d4217f04a24a54c792a7cde.jpg,bbc282266f4883502ce5ca8f47b03a64
Data/emerg_dataset4/emerg_dataset4_45/emerg_dataset4_45.jpg,emerg_dataset4_45.jpg,emerg_dataset4,115_png_jpg.rf.ff8f937b68b1a9e4d43e9b841140c6f0.jpg,f1c3f6f71e2adccc3864c0e5e10ac905
Data/emerg_dataset4/emerg_dataset4_46/emerg_dataset4_46.jpg,emerg_dataset4_46.jpg,emerg_dataset4,116_jpeg_jpg.rf.1655542cbf663cd88eeeba1b4c1db615.jpg,2f9db91b998bdcf8f56000c8d047ab9e
Data/emerg_dataset4/emerg_dataset4_47/emerg_dataset4_47.jpg,emerg_dataset4_47.jpg,emerg_dataset4,116_jpeg_jpg.rf.ae956b38a1aaf68e5934f50cfe784e59.jpg,c36afbe711e730e190c3dd985a305e99
Data/emerg_dataset4/emerg_dataset4_48/emerg_dataset4_48.jpg,emerg_dataset4_48.jpg,emerg_dataset4,117_jpeg_jpg.rf.72df0855de3270c7980903e11c833715.jpg,aed3e5ebdde2e168b48d4ff5ad93236e
Data/emerg_dataset4/emerg_dataset4_49/emerg_dataset4_49.jpg,emerg_dataset4_49.jpg,emerg_dataset4,118_jpeg_jpg.rf.5e6846e3522ca4bdaed1bd5e20e50e32.jpg,afd95e320025b47d5d2f43b4bb5fe17a
Data/emerg_dataset4/emerg_dataset4_5/emerg_dataset4_5.jpg,emerg_dataset4_5.jpg,emerg_dataset4,132_jpeg_jpg.rf.29eb1ecf921d542a446d57685871e394.jpg,f3fd257441777cb86f50060cf4312f4e
Data/emerg_dataset4/emerg_dataset4_50/emerg_dataset4_50.jpg,emerg_dataset4_50.jpg,emerg_dataset4,119_jpeg_jpg.rf.c5b387bfdd2945eec04b2aed4f723836.jpg,b7bfa8199c30326b36372049108fc86f
Data/emerg_dataset4/emerg_dataset4_51/emerg_dataset4_51.jpg,emerg_dataset4_51.jpg,emerg_dataset4,119_jpeg_jpg.rf.cc48a4732e1f06591fe840ef1faefcd2.jpg,5867d8ba9f4236e55ab96c2e1cd73a10
Data/emerg_dataset4/emerg_dataset4_52/emerg_dataset4_52.jpg,emerg_dataset4_52.jpg,emerg_dataset4,11_jpeg_jpg.rf.0f321ad1826b2ccb001c62df50387a8f.jpg,5c2c4590f7a687e7634cdb29ce130910
Data/emerg_dataset4/emerg_dataset4_53/emerg_dataset4_53.jpg,emerg_dataset4_53.jpg,emerg_dataset4,11_jpeg_jpg.rf.e6af7bbe427d9a6f2e8ececa282599d4.jpg,d864d734295091205dfd97baa43bd153
Data/emerg_dataset4/emerg_dataset4_54/emerg_dataset4_54.jpg,emerg_dataset4_54.jpg,emerg_dataset4,121_jpeg_jpg.rf.110e12a1fc87d973729e3aa167390b39.jpg,19e1e0b123060e13ec5ca82490050f2e
Data/emerg_dataset4/emerg_dataset4_55/emerg_dataset4_55.jpg,emerg_dataset4_55.jpg,emerg_dataset4,121_jpeg_jpg.rf.87256b0ac46d75e832a68a777a085e39.jpg,67d93f27fdd38f50abfa7b9706e3f6a7
Data/emerg_dataset4/emerg_dataset4_56/emerg_dataset4_56.jpg,emerg_dataset4_56.jpg,emerg_dataset4,122_jpeg_jpg.rf.1f42eb62ee0fe3e43e85fa750058d939.jpg,6309d6b0393a065a353aa9c1cac940f7
Data/emerg_dataset4/emerg_dataset4_58/emerg_dataset4_58.jpg,emerg_dataset4_58.jpg,emerg_dataset4,124_jpeg_jpg.rf.0dd5a8e147a478f0b0cec5ed2edca23c.jpg,3201ab4139af44385aaf26a7dba52b38
Data/emerg_dataset4/emerg_dataset4_59/emerg_dataset4_59.jpg,emerg_dataset4_59.jpg,emerg_dataset4,124_jpeg_jpg.rf.488cfde49ac4aab8e9c2adf493a8426f.jpg,f562af968d1ef7b34134d4015c411d72
Data/emerg_dataset4/emerg_dataset4_6/emerg_dataset4_6.jpg,emerg_dataset4_6.jpg,emerg_dataset4,166_jpeg_jpg.rf.359e90f190281d6a1b0066b9234bc5f2.jpg,560d970f561cff8608636569c0a369b5
Data/emerg_dataset4/emerg_dataset4_60/emerg_dataset4_60.jpg,emerg_dataset4_60.jpg,emerg_dataset4,125_jpeg_jpg.rf.49f2094a445011f36d781e32240bc5ba.jpg,28fc75efffad6106a66e096b8681906a
Data/emerg_dataset4/emerg_dataset4_61/emerg_dataset4_61.jpg,emerg_dataset4_61.jpg,emerg_dataset4,125_jpeg_jpg.rf.89ded6a4b1f1a444c494293041430316.jpg,1662560ea9f147e6a636501b32be2992
Data/emerg_dataset4/emerg_dataset4_62/emerg_dataset4_62.jpg,emerg_dataset4_62.jpg,emerg_dataset4,126_jpeg_jpg.rf.fba0fa9dd1957ce154a845637b57dd6f.jpg,67d768487eb3bcbfba3232c7c64ff291
Data/emerg_dataset4/emerg_dataset4_63/emerg_dataset4_63.jpg,emerg_dataset4_63.jpg,emerg_dataset4,12_png_jpg.rf.fa5d6e21e857279b47dd0f804f50fec9.jpg,5798c77423d4270e07274360a635b03d
Data/emerg_dataset4/emerg_dataset4_64/emerg_dataset4_64.jpg,emerg_dataset4_64.jpg,emerg_dataset4,130_jpeg_jpg.rf.215da0957bf21cee34c409fea47c8815.jpg,4b0035ffc4d7618cf870a002932fc35b
Data/emerg_dataset4/emerg_dataset4_65/emerg_dataset4_65.jpg,emerg_dataset4_65.jpg,emerg_dataset4,130_jpeg_jpg.rf.52d6b93fa3ace8e1b4250120429030cb.jpg,4ccf1c15f451014fecdc0a287c4afe3d
Data/emerg_dataset4/emerg_dataset4_66/emerg_dataset4_66.jpg,emerg_dataset4_66.jpg,emerg_dataset4,134_jpeg_jpg.rf.a4e1534f1d11971e83a1e0634dc8503c.jpg,770486e0da7f31f6488fe70a70e4c3cf
Data/emerg_dataset4/emerg_dataset4_67/emerg_dataset4_67.jpg,emerg_dataset4_67.jpg,emerg_dataset4,135_jpeg_jpg.rf.0c8886fb028bb0f5ccbc5cac3be21e82.jpg,9ca36e72bab4bd68dca96d8929fb5ef6
Data/emerg_dataset4/emerg_dataset4_68/emerg_dataset4_68.jpg,emerg_dataset4_68.jpg,emerg_dataset4,135_jpeg_jpg.rf.d6f8e823896c9e310eb6464435e92f63.jpg,5f8b18ad4357c2b4103f11b4eca0a7b2
Data/emerg_dataset4/emerg_dataset4_69/emerg_dataset4_69.jpg,emerg_dataset4_69.jpg,emerg_dataset4,136_jpeg_jpg.rf.e60710a9d4461d0cbedc13bc77388aae.jpg,6786aa200362941e5394e6d7964c01b1
Data/emerg_dataset4/emerg_dataset4_7/emerg_dataset4_7.jpg,emerg_dataset4_7.jpg,emerg_dataset4,171_jpeg_jpg.rf.16f29f4519cf9626bdfbc72c8e255ec9.jpg,2cf6b51cb0e2a88537fe5648b9d5e4bd
Data/emerg_dataset4/emerg_dataset4_70/emerg_dataset4_70.jpg,emerg_dataset4_70.jpg,emerg_dataset4,137_jpeg_jpg.rf.fb3ce331449189516eb883e06735b6a4.jpg,e5913480f0999a4b0fc55c224bc7cc17
Data/emerg_dataset4/emerg_dataset4_71/emerg_dataset4_71.jpg,emerg_dataset4_71.jpg,emerg_dataset4,13_jpeg_jpg.rf.47ec0c7c17565622e92e5bdc0245b738.jpg,2db263e88aa3e2d9d7667a02e5f65366
Data/emerg_dataset4/emerg_dataset4_72/emerg_dataset4_72.jpg,emerg_dataset4_72.jpg,emerg_dataset4,13_jpeg_jpg.rf.7636deda71b22513567ac3b6331a2bf0.jpg,73124cbe76b233cddcdee38ae7c97a26
Data/emerg_dataset4/emerg_dataset4_73/emerg_dataset4_73.jpg,emerg_dataset4_73.jpg,emerg_dataset4,140_jpeg_jpg.rf.2769ba13978f6d714ca0e5cc9d7fe1dd.jpg,c3116bfd36ae1577a22ff842f6142f09
Data/emerg_dataset4/emerg_dataset4_74/emerg_dataset4_74.jpg,emerg_dataset4_74.jpg,emerg_dataset4,141_jpeg_jpg.rf.a8e971a4ee28e9971314722afb45e67f.jpg,de71f1ec3306311d0e94a4c45195b401
Data/emerg_dataset4/emerg_dataset4_75/emerg_dataset4_75.jpg,emerg_dataset4_75.jpg,emerg_dataset4,141_jpeg_jpg.rf.cb4f2eb5173cc877909bdcb855cb4163.jpg,076b83530931f41bacad81d62e85943a
Data/emerg_dataset4/emerg_dataset4_76/emerg_dataset4_76.jpg,emerg_dataset4_76.jpg,emerg_dataset4,143_jpeg_jpg.rf.6c531a3a6ac567e0aceba1b8e79636ed.jpg,6184d3ae82e4c053e481143850e66f4f
Data/emerg_dataset4/emerg_dataset4_77/emerg_dataset4_77.jpg,emerg_dataset4_77.jpg,emerg_dataset4,144_jpeg_jpg.rf.42ea665b2cd0ba07dd7c0a93509dc234.jpg,106c0b8d8666c503998a4484da552834
Data/emerg_dataset4/emerg_dataset4_78/emerg_dataset4_78.jpg,emerg_dataset4_78.jpg,emerg_dataset4,144_jpeg_jpg.rf.d6a87296c6f33b86bc92dbec3afd41b3.jpg,c587e1363b198b21fcb26c9a08d374e2
Data/emerg_dataset4/emerg_dataset4_79/emerg_dataset4_79.jpg,emerg_dataset4_79.jpg,emerg_dataset4,145_jpeg_jpg.rf.a8f5bf536f5eef8ec2b735056616fd48.jpg,1660149eaf34052e2e31ddc928fa1e6f
Data/emerg_dataset4/emerg_dataset4_8/emerg_dataset4_8.jpg,emerg_dataset4_8.jpg,emerg_dataset4,172_jpeg_jpg.rf.20b8d24717867f2cbfc27fbea695a963.jpg,08d0ca0ab0ab9dccb94969e2a142163c
Data/emerg_dataset4/emerg_dataset4_80/emerg_dataset4_80.jpg,emerg_dataset4_80.jpg,emerg_dataset4,146_jpeg_jpg.rf.e33bfe42214455d78437fb7fa5a06a68.jpg,52028f6ef431a9b37e78d70656438dbb
Data/emerg_dataset4/emerg_dataset4_81/emerg_dataset4_81.jpg,emerg_dataset4_81.jpg,emerg_dataset4,147_jpeg_jpg.rf.34993d805d356a73756931d962a6d72e.jpg,32ccb33c387aaa8ac5cf3c505533b6c4
Data/emerg_dataset4/emerg_dataset4_82/emerg_dataset4_82.jpg,emerg_dataset4_82.jpg,emerg_dataset4,148_jpeg_jpg.rf.9a9e665807c00e289c0050fa8c1189f7.jpg,7a594261b5e6d902ccd308d2f9d3f507
Data/emerg_dataset4/emerg_dataset4_83/emerg_dataset4_83.jpg,emerg_dataset4_83.jpg,emerg_dataset4,148_jpeg_jpg.rf.dcc326df0d0452a0f6aee0a27c8199eb.jpg,1c14a6500a66722296c9be1930555bdf
Data/emerg_dataset4/emerg_dataset4_84/emerg_dataset4_84.jpg,emerg_dataset4_84.jpg,emerg_dataset4,14_jpeg_jpg.rf.3127197669a70f4733f705ff98752c45.jpg,15cfd3320845dcfee551daf84827f13c
Data/emerg_dataset4/emerg_dataset4_85/emerg_dataset4_85.jpg,emerg_dataset4_85.jpg,emerg_dataset4,14_jpeg_jpg.rf.dcb9bd4c48f78b3dce0755a1491a3bf6.jpg,55efd08807de2d644ad229fbc4cedeed
Data/emerg_dataset4/emerg_dataset4_86/emerg_dataset4_86.jpg,emerg_dataset4_86.jpg,emerg_dataset4,150_jpeg_jpg.rf.26dc5f06833cb4c1edb0a83d8f73b319.jpg,847b2dac3b7c25155666fcd82275019a
Data/emerg_dataset4/emerg_dataset4_87/emerg_dataset4_87.jpg,emerg_dataset4_87.jpg,emerg_dataset4,150_jpeg_jpg.rf.a7c9303221c0d32a672a174819fbed12.jpg,9377e9f9f8d9d7b7f9c55277b4b07b0f
Data/emerg_dataset4/emerg_dataset4_88/emerg_dataset4_88.jpg,emerg_dataset4_88.jpg,emerg_dataset4,153_jpeg_jpg.rf.3d5f628391c546226f63d5acd21aae67.jpg,b4877032be419245e38f8813ace418af
Data/emerg_dataset4/emerg_dataset4_89/emerg_dataset4_89.jpg,emerg_dataset4_89.jpg,emerg_dataset4,153_jpeg_jpg.rf.6ad79a3f5216ce48826c263da6b2d0cd.jpg,2a3c4827b90f6175878fc98a3f9f84b1
Data/emerg_dataset4/emerg_dataset4_9/emerg_dataset4_9.jpg,emerg_dataset4_9.jpg,emerg_dataset4,173_jpeg_jpg.rf.7118141c00454604bd470762338316cf.jpg,f266bd26405a4a3fa16835c4d3954a1b
Data/emerg_dataset4/emerg_dataset4_91/emerg_dataset4_91.jpg,emerg_dataset4_91.jpg,emerg_dataset4,155_jpeg_jpg.rf.4a9438e01d9037b30e4051d3b8c31f92.jpg,a09658695f59c0cd9f73a72af8143efc
Data/emerg_dataset4/emerg_dataset4_92/emerg_dataset4_92.jpg,emerg_dataset4_92.jpg,emerg_dataset4,156_jpg.rf.02874e2462b7fe400348ade1e1ac4e8a.jpg,2636851ce7bf45d7c2554039b55f0838
Data/emerg_dataset4/emerg_dataset4_93/emerg_dataset4_93.jpg,emerg_dataset4_93.jpg,emerg_dataset4,156_jpg.rf.4055c238f490f8a0ce4f69be75b75dfa.jpg,3a0661cde290f7451cf272e301cabbc6
Data/emerg_dataset4/emerg_dataset4_94/emerg_dataset4_94.jpg,emerg_dataset4_94.jpg,emerg_dataset4,158_jpeg_jpg.rf.3843f470dd5ebdafb4e11f1fd937f777.jpg,f056819ae96702e0c497e9b47c116863
Data/emerg_dataset4/emerg_dataset4_95/emerg_dataset4_95.jpg,emerg_dataset4_95.jpg,emerg_dataset4,161_jpeg_jpg.rf.8378eba4c5178ba3c68940b4ef1bbdfd.jpg,f9ea777b7c61c859506e7ed60bdff55a
Data/emerg_dataset4/emerg_dataset4_96/emerg_dataset4_96.jpg,emerg_dataset4_96.jpg,emerg_dataset4,161_jpeg_jpg.rf.e50e43c2a177bd18ed3d4153ec7c2bea.jpg,ca2be9d35d0b12eb6a36b7181c15bdf3
Data/emerg_dataset4/emerg_dataset4_97/emerg_dataset4_97.jpg,emerg_dataset4_97.jpg,emerg_dataset4,162_jpeg_jpg.rf.1a1246b1e30b3098692ef306e5cf06c6.jpg,ebb5cb4f0ac1d05b3793445d16044b07
Data/emerg_dataset4/emerg_dataset4_98/emerg_dataset4_98.jpg,emerg_dataset4_98.jpg,emerg_dataset4,162_jpeg_jpg.rf.f6b51f397796af46c144715467325da0.jpg,3860e9056d9b1f2aadb96da0df1243ec
Data/emerg_dataset4/emerg_dataset4_99/emerg_dataset4_99.jpg,emerg_dataset4_99.jpg,emerg_dataset4,163_jpeg_jpg.rf.adc8d6f1dd738b3a65807041acf2bc9f.jpg,bbdc2696917ebe8f23805d27db77280e
Data/emerg_dataset5/emerg_dataset5_1/emerg_dataset5_1.jpg,emerg_dataset5_1.jpg,emerg_dataset5,20230912_200726_1_mp4-0_jpg.rf.a3a8b32870d872a22697e6ece1b7881d.jpg,ae69e3f22b3d1d7ee872d665e103aed6
Data/emerg_dataset5/emerg_dataset5_10/emerg_dataset5_10.jpg,emerg_dataset5_10.jpg,emerg_dataset5,20230912_211956_mp4-6_jpg.rf.78179618ee4fb478b34b2cbef0e0b9d0.jpg,c5870c5b5310a906c4fb468a59703f6c
Data/emerg_dataset5/emerg_dataset5_100/emerg_dataset5_100.jpg,emerg_dataset5_100.jpg,emerg_dataset5,20230912_200726_1_mp4-4_jpg.rf.4644fdf9b061d08906b008341398fd97.jpg,bc9a821545ec5f77c81740114bf35837
Data/emerg_dataset5/emerg_dataset5_101/emerg_dataset5_101.jpg,emerg_dataset5_101.jpg,emerg_dataset5,20230912_200726_1_mp4-4_jpg.rf.72c4321b46737eda7a7da362b1c9b6af.jpg,beaf4de3a990b9c7f27c893b50e2ff41
Data/emerg_dataset5/emerg_dataset5_103/emerg_dataset5_103.jpg,emerg_dataset5_103.jpg,emerg_dataset5,20230912_210158_mp4-1_jpg.rf.0a885e74251476a9227787484a05e451.jpg,2b1a1b417e35f7a054544098902302a9
Data/emerg_dataset5/emerg_dataset5_104/emerg_dataset5_104.jpg,emerg_dataset5_104.jpg,emerg_dataset5,20230912_210158_mp4-1_jpg.rf.b55883d75303165cc6db8ae2714d2226.jpg,43bec9a479942f900b7b68f4119387f2
Data/emerg_dataset5/emerg_dataset5_105/emerg_dataset5_105.jpg,emerg_dataset5_105.jpg,emerg_dataset5,20230912_210158_mp4-1_jpg.rf.d6233a5bec139c4be2af0b6b1ca7dda4.jpg,3f118135e54c7f9c04968bb018cd8b87
Data/emerg_dataset5/emerg_dataset5_106/emerg_dataset5_106.jpg,emerg_dataset5_106.jpg,emerg_dataset5,20230912_210158_mp4-2_jpg.rf.071cd25d587db781701c95ec2e5a60dc.jpg,8738d1c0b3db19fce3f8e0526f877ac0
Data/emerg_dataset5/emerg_dataset5_107/emerg_dataset5_107.jpg,emerg_dataset5_107.jpg,emerg_dataset5,20230912_210158_mp4-2_jpg.rf.09037a4e5a98d1a808543e2790cf5fb7.jpg,8403268b97cc187821a6564d6b78a6ea
Data/emerg_dataset5/emerg_dataset5_108/emerg_dataset5_108.jpg,emerg_dataset5_108.jpg,emerg_dataset5,20230912_210158_mp4-2_jpg.rf.8575e349f183ea4a82bd1e9cf2c2e1be.jpg,f35f0f307bb3ff447976788d8ec1768b
Data/emerg_dataset5/emerg_dataset5_109/emerg_dataset5_109.jpg,emerg_dataset5_109.jpg,emerg_dataset5,20230912_210724_mp4-14_jpg.rf.0d839fa6a986fe2c421d9075ff371641.jpg,a7d5f044cefd77b9d38206b94e51d2b7
Data/emerg_dataset5/emerg_dataset5_11/emerg_dataset5_11.jpg,emerg_dataset5_11.jpg,emerg_dataset5,20230912_232948_mp4-29_jpg.rf.a8931da90266a7ec0a8e6861fc8164df.jpg,76bd947ddbbf0d72884ae3c1b64f8724
Data/emerg_dataset5/emerg_dataset5_110/emerg_dataset5_110.jpg,emerg_dataset5_110.jpg,emerg_dataset5,20230912_210724_mp4-14_jpg.rf.a65fb26b5f217313c661eb7833212c29.jpg,44cd6e83a1dcf0087ae3a6b1278dca46
Data/emerg_dataset5/emerg_dataset5_111/emerg_dataset5_111.jpg,emerg_dataset5_111.jpg,emerg_dataset5,20230912_210724_mp4-14_jpg.rf.b4a6025cc9df9c64e037f4bfd825c526.jpg,cfbca99236072508ebbf0efc865e0ea5
Data/emerg_dataset5/emerg_dataset5_113/emerg_dataset5_113.jpg,emerg_dataset5_113.jpg,emerg_dataset5,20230912_210724_mp4-18_jpg.rf.aaca2e28d02e8142e66d6c1c7571cb41.jpg,8a623c47b3ef0614a85accf47383f17c
Data/emerg_dataset5/emerg_dataset5_115/emerg_dataset5_115.jpg,emerg_dataset5_115.jpg,emerg_dataset5,20230912_210724_mp4-19_jpg.rf.84868d05e5df0b22ae81ba66d97168f6.jpg,ecd936e2b67e02f5dd580c797acb565f
Data/emerg_dataset5/emerg_dataset5_117/emerg_dataset5_117.jpg,emerg_dataset5_117.jpg,emerg_dataset5,20230912_210724_mp4-19_jpg.rf.e1e703a897f166ae560e736668f406e7.jpg,3658ffa6ad55c8fc480cd8786cbfe700
Data/emerg_dataset5/emerg_dataset5_119/emerg_dataset5_119.jpg,emerg_dataset5_119.jpg,emerg_dataset5,20230912_210724_mp4-20_jpg.rf.346849011de141d8bd30164ff15f644d.jpg,cd683140f72246fc8032e9c9f5612b11
Data/emerg_dataset5/emerg_dataset5_12/emerg_dataset5_12.jpg,emerg_dataset5_12.jpg,emerg_dataset5,20230915_192239_mp4-4_jpg.rf.bbfc3f4e11468e2f5b92372f7cc35cda.jpg,29825569e050c1bdc787bc23ed420725
Data/emerg_dataset5/emerg_dataset5_120/emerg_dataset5_120.jpg,emerg_dataset5_120.jpg,emerg_dataset5,20230912_210724_mp4-20_jpg.rf.f0922672cb965d4f5986bb7390814414.jpg,bd8e09d9f88431bdb6859037d04ea7fb
Data/emerg_dataset5/emerg_dataset5_121/emerg_dataset5_121.jpg,emerg_dataset5_121.jpg,emerg_dataset5,20230912_210724_mp4-23_jpg.rf.35d9d036c73a2484aa2fd640e3ce9a36.jpg,2dcc07cf704f27e219efcf94104cc648
Data/emerg_dataset5/emerg_dataset5_122/emerg_dataset5_122.jpg,emerg_dataset5_122.jpg,emerg_dataset5,20230912_210724_mp4-23_jpg.rf.6d26c46d23cc1d47859f0e4ed98d0de1.jpg,eb3e8a6982b0b2172b82e851905f4a48
Data/emerg_dataset5/emerg_dataset5_124/emerg_dataset5_124.jpg,emerg_dataset5_124.jpg,emerg_dataset5,20230912_210724_mp4-24_jpg.rf.997f92868e8221f9149fdc549f52faed.jpg,204ad5c84bf51e33cfb6e2f2b419d597
Data/emerg_dataset5/emerg_dataset5_125/emerg_dataset5_125.jpg,emerg_dataset5_125.jpg,emerg_dataset5,20230912_210724_mp4-24_jpg.rf.a10d0a7576f5e1b0413484ee89f56637.jpg,723ecd492123f3a44452bf2a4bf05ef8
Data/emerg_dataset5/emerg_dataset5_126/emerg_dataset5_126.jpg,emerg_dataset5_126.jpg,emerg_dataset5,20230912_210724_mp4-24_jpg.rf.a41285fe0efc26de37f685282ac6fa43.jpg,7b4133cba6ef72eac926c5f56e651c8f
Data/emerg_dataset5/emerg_dataset5_127/emerg_dataset5_127.jpg,emerg_dataset5_127.jpg,emerg_dataset5,20230912_210724_mp4-28_jpg.rf.49bd9aac4ca592e1a79d43f07111a124.jpg,d94ea073ee0d82373ab1c815ab80faf8
Data/emerg_dataset5/emerg_dataset5_128/emerg_dataset5_128.jpg,emerg_dataset5_128.jpg,emerg_dataset5,20230912_210724_mp4-28_jpg.rf.7bdc7b0c800079b2d122a699bc50872a.jpg,5335b3d1dbce60736e6f3844eed05a1b
Data/emerg_dataset5/emerg_dataset5_129/emerg_dataset5_129.jpg,emerg_dataset5_129.jpg,emerg_dataset5,20230912_210724_mp4-28_jpg.rf.82353d922e5e6dba3b805ec1fe882ffd.jpg,a41d641ed2dace2a8199e4c93f21a710
Data/emerg_dataset5/emerg_dataset5_13/emerg_dataset5_13.jpg,emerg_dataset5_13.jpg,emerg_dataset5,20230915_192239_mp4-5_jpg.rf.aca9c5feb0cfd57c367fc7054aa285ec.jpg,fb27d3794f671ee67721fa25edb3b938
Data/emerg_dataset5/emerg_dataset5_130/emerg_dataset5_130.jpg,emerg_dataset5_130.jpg,emerg_dataset5,20230912_210850_jpg.rf.851c79d14b5b93a50e3f3a496753e1a4.jpg,62a3f4c45b5028b7e9f6ea30603b84c9
Data/emerg_dataset5/emerg_dataset5_131/emerg_dataset5_131.jpg,emerg_dataset5_131.jpg,emerg_dataset5,20230912_210850_jpg.rf.d8d08652f538887ab5e007616855a089.jpg,bb3c6fa9c4330f492f0f54af70724223
Data/emerg_dataset5/emerg_dataset5_132/emerg_dataset5_132.jpg,emerg_dataset5_132.jpg,emerg_dataset5,20230912_210850_jpg.rf.ee0570634306b9a60db2d28c299c89d6.jpg,46e511d58598b2f386a64bc4b3547eaf
Data/emerg_dataset5/emerg_dataset5_133/emerg_dataset5_133.jpg,emerg_dataset5_133.jpg,emerg_dataset5,20230912_210852_jpg.rf.9090dd81e6f9a524de4328fb83dc1956.jpg,c7966830213c67a8d849f4dc405ae734
Data/emerg_dataset5/emerg_dataset5_134/emerg_dataset5_134.jpg,emerg_dataset5_134.jpg,emerg_dataset5,20230912_210852_jpg.rf.95d566f4a1150ecb38afef24181293ab.jpg,0574d9c99f7b4842930760e0d3eba781
Data/emerg_dataset5/emerg_dataset5_135/emerg_dataset5_135.jpg,emerg_dataset5_135.jpg,emerg_dataset5,20230912_210852_jpg.rf.f2fd08a6e2959085d48fb222e7aa9a50.jpg,706056d98097daba79bf02f978a7290e
Data/emerg_dataset5/emerg_dataset5_136/emerg_dataset5_136.jpg,emerg_dataset5_136.jpg,emerg_dataset5,20230912_211156_mp4-3_jpg.rf.1bd30468a9dcfc3c5753088b5ea10284.jpg,af4936df684c1a62211f6bdc5eeaddef
Data/emerg_dataset5/emerg_dataset5_137/emerg_dataset5_137.jpg,emerg_dataset5_137.jpg,emerg_dataset5,20230912_211156_mp4-3_jpg.rf.73e5bf9037f80b7dd390a00d8a4ad66f.jpg,2cb82a603c793852db69592c2d439d89
Data/emerg_dataset5/emerg_dataset5_139/emerg_dataset5_139.jpg,emerg_dataset5_139.jpg,emerg_dataset5,20230912_211956_mp4-0_jpg.rf.333d137c3198c2de3b852c353115858c.jpg,c443a33db557565498d64d46765d4a37
Data/emerg_dataset5/emerg_dataset5_14/emerg_dataset5_14.jpg,emerg_dataset5_14.jpg,emerg_dataset5,20230915_192424_jpg.rf.7df73b21a533c61d95495a41791398be.jpg,95fd6518127c93eae0fdd268ef7685f2
Data/emerg_dataset5/emerg_dataset5_140/emerg_dataset5_140.jpg,emerg_dataset5_140.jpg,emerg_dataset5,20230912_211956_mp4-0_jpg.rf.a14e1122a35bc486bc2b282781a8aa30.jpg,f91afa3833f2cfadc50e72535186da84
Data/emerg_dataset5/emerg_dataset5_141/emerg_dataset5_141.jpg,emerg_dataset5_141.jpg,emerg_dataset5,20230912_211956_mp4-0_jpg.rf.b84ce98802ed47634bb586c2507d46c4.jpg,88b654e0cef00081024975ea6307fe25
Data/emerg_dataset5/emerg_dataset5_142/emerg_dataset5_142.jpg,emerg_dataset5_142.jpg,emerg_dataset5,20230912_211956_mp4-11_jpg.rf.02ac19a887e3213d231a05bb57f4929f.jpg,cc15f66afd33705c4c82c38646fe459c
Data/emerg_dataset5/emerg_dataset5_143/emerg_dataset5_143.jpg,emerg_dataset5_143.jpg,emerg_dataset5,20230912_211956_mp4-11_jpg.rf.1e51233c8f40f29f800a13b9024c7cbd.jpg,2492824ac5b3a4e8e16bb22b239b39ec
Data/emerg_dataset5/emerg_dataset5_144/emerg_dataset5_144.jpg,emerg_dataset5_144.jpg,emerg_dataset5,20230912_211956_mp4-11_jpg.rf.fc2f9c776ac3e2679786c92b23195301.jpg,f6bc2d1ee50a1c500076839dcad6bba5
Data/emerg_dataset5/emerg_dataset5_145/emerg_dataset5_145.jpg,emerg_dataset5_145.jpg,emerg_dataset5,20230912_211956_mp4-13_jpg.rf.31baeb701dfa6b117acb6f0b595b6da2.jpg,d5ba1527d4f3a7ff25a9733ce6d4d5af
Data/emerg_dataset5/emerg_dataset5_147/emerg_dataset5_147.jpg,emerg_dataset5_147.jpg,emerg_dataset5,20230912_211956_mp4-13_jpg.rf.c2df31139ef4cab7e62a74e838f6e43d.jpg,0f0d349d37b6d1c9ba90d43cd9861b41
Data/emerg_dataset5/emerg_dataset5_148/emerg_dataset5_148.jpg,emerg_dataset5_148.jpg,emerg_dataset5,20230912_211956_mp4-14_jpg.rf.948960b46e4c8b2be2587e57eb507083.jpg,66848a69dd3c9f91284ac7ffca7980c6
Data/emerg_dataset5/emerg_dataset5_149/emerg_dataset5_149.jpg,emerg_dataset5_149.jpg,emerg_dataset5,20230912_211956_mp4-14_jpg.rf.be1b01de179cd361dffcc1fbbc9dfbc3.jpg,0f0c9e6695b7b5a77d1fe0127691ac69
Data/emerg_dataset5/emerg_dataset5_15/emerg_dataset5_15.jpg,emerg_dataset5_15.jpg,emerg_dataset5,20230927_173920_mp4-10_jpg.rf.5ce4ec55ddb05342c5ea53ebff5c37ec.jpg,d51a97495a69090bb01a83c0d787f884
Data/emerg_dataset5/emerg_dataset5_150/emerg_dataset5_150.jpg,emerg_dataset5_150.jpg,emerg_dataset5,20230912_211956_mp4-14_jpg.rf.d31ed53d209202ea7c0e610bcaea383a.jpg,926f16be382660cbfa84590352a877b9
Data/emerg_dataset5/emerg_dataset5_151/emerg_dataset5_151.jpg,emerg_dataset5_151.jpg,emerg_dataset5,20230912_211956_mp4-15_jpg.rf.51a3f41a1b6c9954591375c4d83d818e.jpg,f9cfba1a3a3ca0bd725753682fff8176
Data/emerg_dataset5/emerg_dataset5_153/emerg_dataset5_153.jpg,emerg_dataset5_153.jpg,emerg_dataset5,20230912_211956_mp4-15_jpg.rf.90e68f5877e04bd93ca0ce9f89d90eb0.jpg,cd11b3280412b45a0c75653396bd0ecd
Data/emerg_dataset5/emerg_dataset5_154/emerg_dataset5_154.jpg,emerg_dataset5_154.jpg,emerg_dataset5,20230912_211956_mp4-16_jpg.rf.4b247d30ee455d229449b6d0991f5490.jpg,ac20b13ff0a4138590d271c118de8ad1
Data/emerg_dataset5/emerg_dataset5_155/emerg_dataset5_155.jpg,emerg_dataset5_155.jpg,emerg_dataset5,20230912_211956_mp4-16_jpg.rf.a6a97ee08808a48fc77ef4c120acfb1a.jpg,e28cf0cfc24af4aca9ba652f15c62013
Data/emerg_dataset5/emerg_dataset5_156/emerg_dataset5_156.jpg,emerg_dataset5_156.jpg,emerg_dataset5,20230912_211956_mp4-16_jpg.rf.ec3359544efdc6e694a99fd4958bfc6a.jpg,ced425c63dd21c349c6560ee1f76536e
Data/emerg_dataset5/emerg_dataset5_157/emerg_dataset5_157.jpg,emerg_dataset5_157.jpg,emerg_dataset5,20230912_211956_mp4-18_jpg.rf.67d091af067fc26b0134ec959a19f28f.jpg,5feff1e0ce24aaf97c21b0aa460d60af
Data/emerg_dataset5/emerg_dataset5_158/emerg_dataset5_158.jpg,emerg_dataset5_158.jpg,emerg_dataset5,20230912_211956_mp4-18_jpg.rf.f587b32223a3ad0eab11cd39a2c370c5.jpg,b7f4d4ef4e1c81f140fc7fceb9a28de4
Data/emerg_dataset5/emerg_dataset5_159/emerg_dataset5_159.jpg,emerg_dataset5_159.jpg,emerg_dataset5,20230912_211956_mp4-18_jpg.rf.f7339efc11e7264b8141b8b007512d1e.jpg,7877679d0ca9cc9cfb731452a9dacc4c
Data/emerg_dataset5/emerg_dataset5_16/emerg_dataset5_16.jpg,emerg_dataset5_16.jpg,emerg_dataset5,20230927_173920_mp4-13_jpg.rf.602d99570e00e3673cbb95277671e1f5.jpg,fe8464f5761e905abc6536780e53e99c
Data/emerg_dataset5/emerg_dataset5_160/emerg_dataset5_160.jpg,emerg_dataset5_160.jpg,emerg_dataset5,20230912_211956_mp4-1_jpg.rf.2142eb49a04bb4f9ab3914fffd6ad2a4.jpg,f817abb8bece3c084df76acfb28e83c5
Data/emerg_dataset5/emerg_dataset5_161/emerg_dataset5_161.jpg,emerg_dataset5_161.jpg,emerg_dataset5,20230912_211956_mp4-1_jpg.rf.2f0d6be82e3d614f772ecc64393168fb.jpg,f062c1701d8e8f6db203291602d6b13f
Data/emerg_dataset5/emerg_dataset5_162/emerg_dataset5_162.jpg,emerg_dataset5_162.jpg,emerg_dataset5,20230912_211956_mp4-1_jpg.rf.5cd568311b6b95e99587c9e6c508fe48.jpg,142e9827815a023f15de25a283ef22a5
Data/emerg_dataset5/emerg_dataset5_163/emerg_dataset5_163.jpg,emerg_dataset5_163.jpg,emerg_dataset5,20230912_211956_mp4-22_jpg.rf.7cc75e67c019a5cccb5999ccd167588c.jpg,87fe31b7b46cae58d6718e2bc8db25ee
Data/emerg_dataset5/emerg_dataset5_164/emerg_dataset5_164.jpg,emerg_dataset5_164.jpg,emerg_dataset5,20230912_211956_mp4-22_jpg.rf.96af0747aaaa990d9962052e0bf6cfd4.jpg,e4f403b9b418ce5cd6b98c3f0caaf289
Data/emerg_dataset5/emerg_dataset5_165/emerg_dataset5_165.jpg,emerg_dataset5_165.jpg,emerg_dataset5,20230912_211956_mp4-22_jpg.rf.e6a3368fa7290fb67308ef4e2acdb39f.jpg,bd7cb43d6063d9dc38c3c4ebfe12f311
Data/emerg_dataset5/emerg_dataset5_166/emerg_dataset5_166.jpg,emerg_dataset5_166.jpg,emerg_dataset5,20230912_211956_mp4-23_jpg.rf.4bc52e0a1861cf04d51d84f48193e0b3.jpg,d4fdaa3dbdaa1ef0e0aa44f7ae5ae56d
Data/emerg_dataset5/emerg_dataset5_167/emerg_dataset5_167.jpg,emerg_dataset5_167.jpg,emerg_dataset5,20230912_211956_mp4-23_jpg.rf.629656feae7e385db813b452935a7206.jpg,7754396e1132807827495d2f970f307f
Data/emerg_dataset5/emerg_dataset5_168/emerg_dataset5_168.jpg,emerg_dataset5_168.jpg,emerg_dataset5,20230912_211956_mp4-23_jpg.rf.d0a51d608565acc233f916c9d7ed2fd5.jpg,73f63f16006d6619266537d4d330ebe1
Data/emerg_dataset5/emerg_dataset5_169/emerg_dataset5_169.jpg,emerg_dataset5_169.jpg,emerg_dataset5,20230912_211956_mp4-27_jpg.rf.23e388e72105143f2e572691bfe10e08.jpg,75f1dd0d9f3ba621925bb9ca0f162f59
Data/emerg_dataset5/emerg_dataset5_17/emerg_dataset5_17.jpg,emerg_dataset5_17.jpg,emerg_dataset5,20230927_173920_mp4-20_jpg.rf.d05c1ce8a25790f04590e2208adc6ba5.jpg,bf6eb996eecf0c5fceb744f254fde6c0
Data/emerg_dataset5/emerg_dataset5_170/emerg_dataset5_170.jpg,emerg_dataset5_170.jpg,emerg_dataset5,20230912_211956_mp4-27_jpg.rf.52bb7e9e35f5a9070c89ddc5316b345c.jpg,3edb1b320f1c6bddc0758ed4170d7e5b
Data/emerg_dataset5/emerg_dataset5_171/emerg_dataset5_171.jpg,emerg_dataset5_171.jpg,emerg_dataset5,20230912_211956_mp4-27_jpg.rf.e72c115f27d13bb411b05d9479fa464c.jpg,7dcc5f33bdfea79a9855d16f9c25a32b
Data/emerg_dataset5/emerg_dataset5_172/emerg_dataset5_172.jpg,emerg_dataset5_172.jpg,emerg_dataset5,20230912_211956_mp4-28_jpg.rf.5a8c3655838f0ae4a7fc15fd02929db9.jpg,dba31bfce444a5a28171bfaef1c4991f
Data/emerg_dataset5/emerg_dataset5_173/emerg_dataset5_173.jpg,emerg_dataset5_173.jpg,emerg_dataset5,20230912_211956_mp4-28_jpg.rf.984bce975435d6c5f08eb6fb34463ad4.jpg,d4c3d84bee68be53b8c3421e6641d7c6
Data/emerg_dataset5/emerg_dataset5_175/emerg_dataset5_175.jpg,emerg_dataset5_175.jpg,emerg_dataset5,20230912_211956_mp4-30_jpg.rf.3cd5c6261b1b8f27fc8a264cf587c77c.jpg,633920f43c30a29f1088b454707f070d
Data/emerg_dataset5/emerg_dataset5_176/emerg_dataset5_176.jpg,emerg_dataset5_176.jpg,emerg_dataset5,20230912_211956_mp4-30_jpg.rf.3f228643b8850f454f825326bcffec57.jpg,060d02af933fa64bdb5573967012e2d9
Data/emerg_dataset5/emerg_dataset5_178/emerg_dataset5_178.jpg,emerg_dataset5_178.jpg,emerg_dataset5,20230912_211956_mp4-31_jpg.rf.0d1dfb127d962c13e8cfed3f1a1fb782.jpg,a163c95546a6ae49e07b1deaa4e3e40b
Data/emerg_dataset5/emerg_dataset5_179/emerg_dataset5_179.jpg,emerg_dataset5_179.jpg,emerg_dataset5,20230912_211956_mp4-31_jpg.rf.4caba781f7cba24e93ed84ecc21a5209.jpg,255d35b9e5767da3e40cc879677c4515
Data/emerg_dataset5/emerg_dataset5_18/emerg_dataset5_18.jpg,emerg_dataset5_18.jpg,emerg_dataset5,20230927_173920_mp4-38_jpg.rf.89a0d1883b3b2247ef06686e259c08e5.jpg,080447de11f2bfb0e34e6e21ad6f1582
Data/emerg_dataset5/emerg_dataset5_181/emerg_dataset5_181.jpg,emerg_dataset5_181.jpg,emerg_dataset5,20230912_211956_mp4-32_jpg.rf.4e7e467a57067a1707cb1049bb5a2964.jpg,144ea95a600af36f063445d3ea16e993
Data/emerg_dataset5/emerg_dataset5_182/emerg_dataset5_182.jpg,emerg_dataset5_182.jpg,emerg_dataset5,20230912_211956_mp4-32_jpg.rf.5e3a6a30b0ac7f7401aa3435a8080200.jpg,0761d5b1b59f1f33c44144bea8e50052
Data/emerg_dataset5/emerg_dataset5_184/emerg_dataset5_184.jpg,emerg_dataset5_184.jpg,emerg_dataset5,20230912_211956_mp4-33_jpg.rf.0aa1976c829f328815103e4bbd6616d7.jpg,e3655ed4aa0825d230cd474e1f1efd45
Data/emerg_dataset5/emerg_dataset5_185/emerg_dataset5_185.jpg,emerg_dataset5_185.jpg,emerg_dataset5,20230912_211956_mp4-33_jpg.rf.231a732aa09fdd944f9e1e6b9253245b.jpg,3a9d42d19f76f78e211e0e2ef8668e0f
Data/emerg_dataset5/emerg_dataset5_187/emerg_dataset5_187.jpg,emerg_dataset5_187.jpg,emerg_dataset5,20230912_211956_mp4-37_jpg.rf.6cf0010a624c32ea6363757d3d9b964f.jpg,303d555febe7690a057c300b20c48174
Data/emerg_dataset5/emerg_dataset5_188/emerg_dataset5_188.jpg,emerg_dataset5_188.jpg,emerg_dataset5,20230912_211956_mp4-37_jpg.rf.7a3dc8a4adc1ba29a432fed41c491bdf.jpg,d94de4b2ab5dc15908c8d3fdcb626565
Data/emerg_dataset5/emerg_dataset5_189/emerg_dataset5_189.jpg,emerg_dataset5_189.jpg,emerg_dataset5,20230912_211956_mp4-37_jpg.rf.d6f0fe5152346dd8f77618b69e2dee16.jpg,2013b572992933d85476ace3e02b0227
Data/emerg_dataset5/emerg_dataset5_19/emerg_dataset5_19.jpg,emerg_dataset5_19.jpg,emerg_dataset5,20230927_173920_mp4-40_jpg.rf.feebf87182e2df395cfdeeb362c3bf95.jpg,6497332a95354c0b57b3a152120beee1
Data/emerg_dataset5/emerg_dataset5_190/emerg_dataset5_190.jpg,emerg_dataset5_190.jpg,emerg_dataset5,20230912_211956_mp4-38_jpg.rf.0ec24755f76634765b8d109d7208b9f6.jpg,6de2274aa9b0c1560c1216dc1ef26b6c
Data/emerg_dataset5/emerg_dataset5_191/emerg_dataset5_191.jpg,emerg_dataset5_191.jpg,emerg_dataset5,20230912_211956_mp4-38_jpg.rf.e0e2aa892e3dc1d1b73dbe0eee34f0a1.jpg,e406273602b342f388c6e67045c0028c
Data/emerg_dataset5/emerg_dataset5_192/emerg_dataset5_192.jpg,emerg_dataset5_192.jpg,emerg_dataset5,20230912_211956_mp4-38_jpg.rf.e1fbc6f74f50f0a934809e443377a18b.jpg,10dc72bcef4177eec33e48054a301f56
Data/emerg_dataset5/emerg_dataset5_193/emerg_dataset5_193.jpg,emerg_dataset5_193.jpg,emerg_dataset5,20230912_211956_mp4-39_jpg.rf.2a7c8bfbbfb2c94165e210f35359a19b.jpg,a7fa489aa560ceb51032262feca53967
Data/emerg_dataset5/emerg_dataset5_195/emerg_dataset5_195.jpg,emerg_dataset5_195.jpg,emerg_dataset5,20230912_211956_mp4-39_jpg.rf.d789ffde968595912c152352dffc2531.jpg,08fefaf7339b734bd28dc75116f36869
Data/emerg_dataset5/emerg_dataset5_196/emerg_dataset5_196.jpg,emerg_dataset5_196.jpg,emerg_dataset5,20230912_211956_mp4-3_jpg.rf.173901840c2126a111c2f08ed66ddcf8.jpg,b89391be58538b7d96dc197126f085f0
Data/emerg_dataset5/emerg_dataset5_198/emerg_dataset5_198.jpg,emerg_dataset5_198.jpg,emerg_dataset5,20230912_211956_mp4-3_jpg.rf.e5039667b0ca242d0294fe9eeed6f9d0.jpg,cea40f880aa60285160d2220ea64e4b4
Data/emerg_dataset5/emerg_dataset5_199/emerg_dataset5_199.jpg,emerg_dataset5_199.jpg,emerg_dataset5,20230912_211956_mp4-40_jpg.rf.94c152bb01a11ed7576c87fdaf3bea84.jpg,eacf28c6184c4e5022abf29750b9ad5a
Data/emerg_dataset5/emerg_dataset5_2/emerg_dataset5_2.jpg,emerg_dataset5_2.jpg,emerg_dataset5,20230912_210724_mp4-17_jpg.rf.d322e5603d32a66c9db180c263d984fd.jpg,03b169609d6656445c7b27c97c46562c
Data/emerg_dataset5/emerg_dataset5_20/emerg_dataset5_20.jpg,emerg_dataset5_20.jpg,emerg_dataset5,image-2023-08-22-26478070-0-masina-politie_jpg.rf.07def0a44f14884bb4f67e6e179fa058.jpg,d716ed0946423ac84c81c923a28f43ff
Data/emerg_dataset5/emerg_dataset5_200/emerg_dataset5_200.jpg,emerg_dataset5_200.jpg,emerg_dataset5,20230912_211956_mp4-40_jpg.rf.bb37384a7378b49c3c89e12aa4d1c945.jpg,d08fbc5dd5062dfd618c0d6726ec80c8
Data/emerg_dataset5/emerg_dataset5_201/emerg_dataset5_201.jpg,emerg_dataset5_201.jpg,emerg_dataset5,20230912_211956_mp4-40_jpg.rf.f5612329bc7a1ffdf2aef676c445bdf8.jpg,d597f5f4f963bb5636c6a77c6fac049f
Data/emerg_dataset5/emerg_dataset5_204/emerg_dataset5_204.jpg,emerg_dataset5_204.jpg,emerg_dataset5,20230912_211956_mp4-42_jpg.rf.9bf9a64da1cd915ef9cbb95ba23e4b8d.jpg,62ed3539475320465915c1ebcff29f34
Data/emerg_dataset5/emerg_dataset5_205/emerg_dataset5_205.jpg,emerg_dataset5_205.jpg,emerg_dataset5,20230912_211956_mp4-43_jpg.rf.1ce594f26345f942cd51ab1e4321d939.jpg,9248df0b31c9f7ce56b10d532a18693f
Data/emerg_dataset5/emerg_dataset5_206/emerg_dataset5_206.jpg,emerg_dataset5_206.jpg,emerg_dataset5,20230912_211956_mp4-43_jpg.rf.22af612d93acd88e62c973b475d09ed4.jpg,f3f0ca52c0068129319a9b49a97883a0
Data/emerg_dataset5/emerg_dataset5_207/emerg_dataset5_207.jpg,emerg_dataset5_207.jpg,emerg_dataset5,20230912_211956_mp4-43_jpg.rf.d072d85137e5b1ad16235f0d177b3703.jpg,d5624813c10d533fe9f93af3121d3320
Data/emerg_dataset5/emerg_dataset5_208/emerg_dataset5_208.jpg,emerg_dataset5_208.jpg,emerg_dataset5,20230912_211956_mp4-45_jpg.rf.5c006b8de9c5b505fa8a0cc1cefa219f.jpg,de6cb863b26927f3743a4ea31c11d288
Data/emerg_dataset5/emerg_dataset5_209/emerg_dataset5_209.jpg,emerg_dataset5_209.jpg,emerg_dataset5,20230912_211956_mp4-45_jpg.rf.85384b9ad127aaa3ed09fb11d2ebf0d3.jpg,86371b4d91481718e18e3248c4be3b37
Data/emerg_dataset5/emerg_dataset5_21/emerg_dataset5_21.jpg,emerg_dataset5_21.jpg,emerg_dataset5,IMG-20230915-WA0009_jpg.rf.0fd0702759ccb17576df0a8f36a7173b.jpg,ce9fe2e8562cd41a3510393dbb8612be
Data/emerg_dataset5/emerg_dataset5_210/emerg_dataset5_210.jpg,emerg_dataset5_210.jpg,emerg_dataset5,20230912_211956_mp4-45_jpg.rf.e48d8ce0eaf7b595b30a2affd726b6d5.jpg,8d5641fa3982e924d0748e00742c2d36
Data/emerg_dataset5/emerg_dataset5_211/emerg_dataset5_211.jpg,emerg_dataset5_211.jpg,emerg_dataset5,20230912_211956_mp4-46_jpg.rf.1dfae288fa64866ec8efe1731cdd7df2.jpg,d47e7359e3204fcd3a07eb8c0f0a808b
Data/emerg_dataset5/emerg_dataset5_212/emerg_dataset5_212.jpg,emerg_dataset5_212.jpg,emerg_dataset5,20230912_211956_mp4-46_jpg.rf.20e0211e21afe8d5380c2625d96a040a.jpg,d6c35a5898cb8e51e13e1ea292c4d995
Data/emerg_dataset5/emerg_dataset5_213/emerg_dataset5_213.jpg,emerg_dataset5_213.jpg,emerg_dataset5,20230912_211956_mp4-46_jpg.rf.8e765f0138e9c7efdb340c3cfc3b1fa3.jpg,f0d0c6e79f18026d7eb4d9c78c1c956c
Data/emerg_dataset5/emerg_dataset5_214/emerg_dataset5_214.jpg,emerg_dataset5_214.jpg,emerg_dataset5,20230912_211956_mp4-47_jpg.rf.7e4ec9ce3271fcf3641b55a0c2a25da3.jpg,c28ed586dd92913a70bb97283db1cadb
Data/emerg_dataset5/emerg_dataset5_215/emerg_dataset5_215.jpg,emerg_dataset5_215.jpg,emerg_dataset5,20230912_211956_mp4-47_jpg.rf.8110e3b2310ea9bf68f57b4301333dd9.jpg,1276655123448f392a848c14404e4abc
Data/emerg_dataset5/emerg_dataset5_216/emerg_dataset5_216.jpg,emerg_dataset5_216.jpg,emerg_dataset5,20230912_211956_mp4-47_jpg.rf.f117b841952bfd9d2d88359c5cce72ef.jpg,e1841fd4b968820baf7da1379a3b04f1
Data/emerg_dataset5/emerg_dataset5_218/emerg_dataset5_218.jpg,emerg_dataset5_218.jpg,emerg_dataset5,20230912_211956_mp4-49_jpg.rf.30185a775e57f2e4f326b7719783d86d.jpg,c71dc9e0b2904ee53f769b39797ca75e
Data/emerg_dataset5/emerg_dataset5_219/emerg_dataset5_219.jpg,emerg_dataset5_219.jpg,emerg_dataset5,20230912_211956_mp4-49_jpg.rf.c8176086c7da4e681c54898fe73cb9b1.jpg,d0cd2a7555447bb5083892bfc9d0434f
Data/emerg_dataset5/emerg_dataset5_22/emerg_dataset5_22.jpg,emerg_dataset5_22.jpg,emerg_dataset5,IMG_6677_jpg.rf.c2f726c848e44f7011483c2c9bc0d632.jpg,b762b0df2e7a220b2dc4a2696b486007
Data/emerg_dataset5/emerg_dataset5_220/emerg_dataset5_220.jpg,emerg_dataset5_220.jpg,emerg_dataset5,20230912_211956_mp4-50_jpg.rf.0178e691c3dcf80b6b80e32762e1f0fe.jpg,ab285b4c836faa877f500afbb8c6c908
Data/emerg_dataset5/emerg_dataset5_221/emerg_dataset5_221.jpg,emerg_dataset5_221.jpg,emerg_dataset5,20230912_211956_mp4-50_jpg.rf.a56927ae1ed0c30fbfdecbd2d62d8146.jpg,23191b87e19b0983d3fd9fc59fc1e269
Data/emerg_dataset5/emerg_dataset5_222/emerg_dataset5_222.jpg,emerg_dataset5_222.jpg,emerg_dataset5,20230912_211956_mp4-50_jpg.rf.b3738a2607b9cc64426c28e4e757065c.jpg,5086c482dc5528d4dd363451d87cde4e
Data/emerg_dataset5/emerg_dataset5_223/emerg_dataset5_223.jpg,emerg_dataset5_223.jpg,emerg_dataset5,20230912_211956_mp4-51_jpg.rf.353522837a4022e81bf7ff6122e77360.jpg,6b3ea4c87e8e19edc5a4a8dfdbd2b194
Data/emerg_dataset5/emerg_dataset5_224/emerg_dataset5_224.jpg,emerg_dataset5_224.jpg,emerg_dataset5,20230912_211956_mp4-51_jpg.rf.a8161f142edb56281db2cd514551a47c.jpg,26bbd5812645ddc2234251b4fada57ba
Data/emerg_dataset5/emerg_dataset5_225/emerg_dataset5_225.jpg,emerg_dataset5_225.jpg,emerg_dataset5,20230912_211956_mp4-51_jpg.rf.b39c021c8b8b314626c192957a8f4321.jpg,4b3a684a19a0a9f9b7e8b952fb50e5df
Data/emerg_dataset5/emerg_dataset5_226/emerg_dataset5_226.jpg,emerg_dataset5_226.jpg,emerg_dataset5,20230912_211956_mp4-53_jpg.rf.75822c35b61f58f752666c1aaba3755b.jpg,cab3ae4d71c441bc501ac1390f8950ce
Data/emerg_dataset5/emerg_dataset5_227/emerg_dataset5_227.jpg,emerg_dataset5_227.jpg,emerg_dataset5,20230912_211956_mp4-53_jpg.rf.a6c0f84501373311306c6cecf101899a.jpg,25f96793e3e23d83d625b3b3ebad1991
Data/emerg_dataset5/emerg_dataset5_229/emerg_dataset5_229.jpg,emerg_dataset5_229.jpg,emerg_dataset5,20230912_211956_mp4-54_jpg.rf.8215393c7e4f8c251b2840ce85a618ca.jpg,c46f05c2ba7b360abb436426741e1d2a
Data/emerg_dataset5/emerg_dataset5_23/emerg_dataset5_23.jpg,emerg_dataset5_23.jpg,emerg_dataset5,IMG_6690_jpg.rf.fba668d131184bca7594322406129dde.jpg,743d75fea5125508704340f2590b8589
Data/emerg_dataset5/emerg_dataset5_230/emerg_dataset5_230.jpg,emerg_dataset5_230.jpg,emerg_dataset5,20230912_211956_mp4-54_jpg.rf.b25605968021d4f910e5c91cf0555a1b.jpg,e785076d57b8bd1c6afce892fb91380c
Data/emerg_dataset5/emerg_dataset5_231/emerg_dataset5_231.jpg,emerg_dataset5_231.jpg,emerg_dataset5,20230912_211956_mp4-54_jpg.rf.e256e060a8aae23d11be14d54e58568f.jpg,87caf9fce18118d56146bb395666197d
Data/emerg_dataset5/emerg_dataset5_232/emerg_dataset5_232.jpg,emerg_dataset5_232.jpg,emerg_dataset5,20230912_211956_mp4-55_jpg.rf.8ba1e2eac50b41b26ddec362456bc108.jpg,ffcd0e31ead82f47217bec4692375da2
Data/emerg_dataset5/emerg_dataset5_233/emerg_dataset5_233.jpg,emerg_dataset5_233.jpg,emerg_dataset5,20230912_211956_mp4-55_jpg.rf.aeee7594c3aaaee2f45fa9d66d5abe4e.jpg,e34ac955d3a37e81b6b31cb81c2d69c7
Data/emerg_dataset5/emerg_dataset5_234/emerg_dataset5_234.jpg,emerg_dataset5_234.jpg,emerg_dataset5,20230912_211956_mp4-55_jpg.rf.b3472326e48a38f16cede557c0464990.jpg,04afef460a0fc84a6291fa142d118c38
Data/emerg_dataset5/emerg_dataset5_235/emerg_dataset5_235.jpg,emerg_dataset5_235.jpg,emerg_dataset5,20230912_211956_mp4-58_jpg.rf.0c34c8d6a0060e2bf3a2854f3d932a5a.jpg,8a7929cd142acab22557267b1b2554b4
Data/emerg_dataset5/emerg_dataset5_236/emerg_dataset5_236.jpg,emerg_dataset5_236.jpg,emerg_dataset5,20230912_211956_mp4-58_jpg.rf.2510d99d97bc6dfb2f3a7da9d84f7963.jpg,562b4bf2459e3223fb89351d11ebd7f4
Data/emerg_dataset5/emerg_dataset5_237/emerg_dataset5_237.jpg,emerg_dataset5_237.jpg,emerg_dataset5,20230912_211956_mp4-58_jpg.rf.c179e8c8c4f0ffb1ec618bd99100d1df.jpg,38bb172f909905deb53dcd127659f7e4
Data/emerg_dataset5/emerg_dataset5_238/emerg_dataset5_238.jpg,emerg_dataset5_238.jpg,emerg_dataset5,20230912_211956_mp4-59_jpg.rf.0eedfa549badbe31e434c1199d38507f.jpg,0069cf568783b079a4aa5c7907bb4212
Data/emerg_dataset5/emerg_dataset5_24/emerg_dataset5_24.jpg,emerg_dataset5_24.jpg,emerg_dataset5,IMG_6711_jpg.rf.98472ff8b8aa6d181126d600075eed7d.jpg,455288b626b329bc8bde38580f4528d1
Data/emerg_dataset5/emerg_dataset5_240/emerg_dataset5_240.jpg,emerg_dataset5_240.jpg,emerg_dataset5,20230912_211956_mp4-59_jpg.rf.d475bdfb22bf2ca47dae642b7613ab8f.jpg,8f42678d58f89bed0c20f861afcdf65c
Data/emerg_dataset5/emerg_dataset5_241/emerg_dataset5_241.jpg,emerg_dataset5_241.jpg,emerg_dataset5,20230912_211956_mp4-60_jpg.rf.18d1eb02df44dcab96d1d0502113072d.jpg,77b9263f0b6a427ad29594216fd9d608
Data/emerg_dataset5/emerg_dataset5_242/emerg_dataset5_242.jpg,emerg_dataset5_242.jpg,emerg_dataset5,20230912_211956_mp4-60_jpg.rf.8504c030eb2e7892395a0fa8d3e389c6.jpg,7c472a411406ca597b457bc24285fd5e
Data/emerg_dataset5/emerg_dataset5_243/emerg_dataset5_243.jpg,emerg_dataset5_243.jpg,emerg_dataset5,20230912_211956_mp4-60_jpg.rf.ae6e6948f22b866d2c19142db7bf9290.jpg,353bd23558558b3512818d7a6e613295
Data/emerg_dataset5/emerg_dataset5_244/emerg_dataset5_244.jpg,emerg_dataset5_244.jpg,emerg_dataset5,20230912_211956_mp4-61_jpg.rf.94474fe98f1e05d7f442223bb1af2b6a.jpg,c87916a66459b3afa4f0358f4040ad98
Data/emerg_dataset5/emerg_dataset5_246/emerg_dataset5_246.jpg,emerg_dataset5_246.jpg,emerg_dataset5,20230912_211956_mp4-61_jpg.rf.ea42aae9f38cd256bc4b90561235a054.jpg,53cf556c2a932a285c68cd3ed526c2c2
Data/emerg_dataset5/emerg_dataset5_247/emerg_dataset5_247.jpg,emerg_dataset5_247.jpg,emerg_dataset5,20230912_211956_mp4-62_jpg.rf.25af053608429004dcbc7ede8af96767.jpg,9ed079af0e07af97f0a32faeecac0579
Data/emerg_dataset5/emerg_dataset5_248/emerg_dataset5_248.jpg,emerg_dataset5_248.jpg,emerg_dataset5,20230912_211956_mp4-62_jpg.rf.962f07363b0cad7479f58860cdd4f8c1.jpg,4ef4d71f4febc96ca987e83a17fb9597
Data/emerg_dataset5/emerg_dataset5_249/emerg_dataset5_249.jpg,emerg_dataset5_249.jpg,emerg_dataset5,20230912_211956_mp4-62_jpg.rf.a115c631c72dff1f3c245485e2960166.jpg,0a67269725bc0ed84fe02206d692f8b7
Data/emerg_dataset5/emerg_dataset5_25/emerg_dataset5_25.jpg,emerg_dataset5_25.jpg,emerg_dataset5,IMG_7376_jpg.rf.5919c66c925cd06e21aae2db68866349.jpg,ab2b05a180b095cfeaf4c9e5e0ea7615
Data/emerg_dataset5/emerg_dataset5_251/emerg_dataset5_251.jpg,emerg_dataset5_251.jpg,emerg_dataset5,20230912_211956_mp4-64_jpg.rf.bfff6d1a3c39db916636cfc5f41bb6e7.jpg,6e2266910cf61ba76c6fe50206f5fa9e
Data/emerg_dataset5/emerg_dataset5_252/emerg_dataset5_252.jpg,emerg_dataset5_252.jpg,emerg_dataset5,20230912_211956_mp4-64_jpg.rf.e56a0c82bbf084302c404fa49791150d.jpg,099805bbcf26c928bfbd58b76a7e0cdf
Data/emerg_dataset5/emerg_dataset5_253/emerg_dataset5_253.jpg,emerg_dataset5_253.jpg,emerg_dataset5,20230912_211956_mp4-7_jpg.rf.03dfbc0617c86dca6aae43fad710fa7f.jpg,22e8cfe1af3a79607ddb480f05238dda
Data/emerg_dataset5/emerg_dataset5_254/emerg_dataset5_254.jpg,emerg_dataset5_254.jpg,emerg_dataset5,20230912_211956_mp4-7_jpg.rf.81ef7035948970540a92001f0eb29a86.jpg,b6d319eb6853907a83f9f53234ffb32c
Data/emerg_dataset5/emerg_dataset5_255/emerg_dataset5_255.jpg,emerg_dataset5_255.jpg,emerg_dataset5,20230912_211956_mp4-7_jpg.rf.c4cfb28ebfeaadd2288e4f735f98bd1d.jpg,0d65c431c7a75fe784e2825c8edbdd8c
Data/emerg_dataset5/emerg_dataset5_256/emerg_dataset5_256.jpg,emerg_dataset5_256.jpg,emerg_dataset5,20230912_211956_mp4-8_jpg.rf.1b6db75e6dc109921852c8371a449291.jpg,11b05ea619646f588b1c89c4896c4859
Data/emerg_dataset5/emerg_dataset5_257/emerg_dataset5_257.jpg,emerg_dataset5_257.jpg,emerg_dataset5,20230912_211956_mp4-8_jpg.rf.ac62f13569423b4cf408ad533b64423d.jpg,9faaa266a48d12ba4dbcdb003e6e6dbc
Data/emerg_dataset5/emerg_dataset5_258/emerg_dataset5_258.jpg,emerg_dataset5_258.jpg,emerg_dataset5,20230912_211956_mp4-8_jpg.rf.dbbf862507c628569052b72e0d11a701.jpg,9f624d9094379895794a3c040f531a4c
Data/emerg_dataset5/emerg_dataset5_259/emerg_dataset5_259.jpg,emerg_dataset5_259.jpg,emerg_dataset5,20230912_211956_mp4-9_jpg.rf.0b070124cde3542fa0644063e772e852.jpg,9246dfca8b76f49bbb2297946d9dccd3
Data/emerg_dataset5/emerg_dataset5_26/emerg_dataset5_26.jpg,emerg_dataset5_26.jpg,emerg_dataset5,IMG_7421_jpg.rf.4605afb0a1c86ab2d8adeeebd7b47517.jpg,12862a75d37313be78200f9b8dba9baa
Data/emerg_dataset5/emerg_dataset5_260/emerg_dataset5_260.jpg,emerg_dataset5_260.jpg,emerg_dataset5,20230912_211956_mp4-9_jpg.rf.4cda40a25387ba99b228f9022b35e467.jpg,120d0b84ec4939435638ad51818c5892
Data/emerg_dataset5/emerg_dataset5_261/emerg_dataset5_261.jpg,emerg_dataset5_261.jpg,emerg_dataset5,20230912_211956_mp4-9_jpg.rf.d097c5765029e619a642cb756c5a9ee2.jpg,eca658516da4e36a33632f5370ffbc8a
Data/emerg_dataset5/emerg_dataset5_262/emerg_dataset5_262.jpg,emerg_dataset5_262.jpg,emerg_dataset5,20230912_232948_mp4-0_jpg.rf.39bafa1b9957e505470063fb6a813d2b.jpg,c2d2e6d3fd23fd7cdca3440fcd69116d
Data/emerg_dataset5/emerg_dataset5_263/emerg_dataset5_263.jpg,emerg_dataset5_263.jpg,emerg_dataset5,20230912_232948_mp4-0_jpg.rf.4cf54f1812e6f9095f7e49dd93d732ba.jpg,3767808baece80d96ce1cfcac67d0b63
Data/emerg_dataset5/emerg_dataset5_265/emerg_dataset5_265.jpg,emerg_dataset5_265.jpg,emerg_dataset5,20230912_232948_mp4-17_jpg.rf.325966eb33bdebe56de13a7aae8adc4d.jpg,f182929c4f0f8caf7d3ba1fdbe7e0f07
Data/emerg_dataset5/emerg_dataset5_266/emerg_dataset5_266.jpg,emerg_dataset5_266.jpg,emerg_dataset5,20230912_232948_mp4-17_jpg.rf.4bf0eb1d112888237e8ff57aa7f73ef5.jpg,b144197f8291b7cde66bdbb1e3333675
Data/emerg_dataset5/emerg_dataset5_27/emerg_dataset5_27.jpg,emerg_dataset5_27.jpg,emerg_dataset5,IMG_7424_jpg.rf.fdbf196d65e2261094f5fd5ac3bc1b7f.jpg,d16cdeff01b3c10f04f3d7844d57432b
Data/emerg_dataset5/emerg_dataset5_270/emerg_dataset5_270.jpg,emerg_dataset5_270.jpg,emerg_dataset5,20230912_232948_mp4-18_jpg.rf.ceb7e4098ece1a10de7584f7f7d2d1d0.jpg,5468b0494d78a3d5a4ff72e5c1f82a6e
Data/emerg_dataset5/emerg_dataset5_274/emerg_dataset5_274.jpg,emerg_dataset5_274.jpg,emerg_dataset5,20230912_232948_mp4-26_jpg.rf.1eef3b9557141765c960f317dbb2875c.jpg,2b3eb5178cd9f07c195e7925785312fd
Data/emerg_dataset5/emerg_dataset5_276/emerg_dataset5_276.jpg,emerg_dataset5_276.jpg,emerg_dataset5,20230912_232948_mp4-26_jpg.rf.d4aad0a7197f6975c2ec1e9c8460d6bd.jpg,b79394f2634050394b61507ca26379bf
Data/emerg_dataset5/emerg_dataset5_277/emerg_dataset5_277.jpg,emerg_dataset5_277.jpg,emerg_dataset5,20230912_232948_mp4-2_jpg.rf.192e5cdceb7f05eb93fe33fe2010347a.jpg,9a6b55fd6210d1ac9d77b8a2c9034e33
Data/emerg_dataset5/emerg_dataset5_28/emerg_dataset5_28.jpg,emerg_dataset5_28.jpg,emerg_dataset5,IMG_7434_jpg.rf.0e6ccd0162b7abbd3139649d31acd5f7.jpg,2a59ce0b395b1921fa3ac7ecd6a844d8
Data/emerg_dataset5/emerg_dataset5_281/emerg_dataset5_281.jpg,emerg_dataset5_281.jpg,emerg_dataset5,20230912_232948_mp4-30_jpg.rf.325c82f09b40af1620ad7fdf27860503.jpg,3a549c189a25c074ce0c33512be19431
Data/emerg_dataset5/emerg_dataset5_282/emerg_dataset5_282.jpg,emerg_dataset5_282.jpg,emerg_dataset5,20230912_232948_mp4-30_jpg.rf.8ee96d647a27829b19daab7ae29ff261.jpg,ecaadeb34b0d37f635b699e6fd047203
Data/emerg_dataset5/emerg_dataset5_283/emerg_dataset5_283.jpg,emerg_dataset5_283.jpg,emerg_dataset5,20230912_232948_mp4-3_jpg.rf.3cd0d9a6fb3ff92cf4dc52263bb83537.jpg,d231a0bcf2895f68c3ef52fad4afb71f
Data/emerg_dataset5/emerg_dataset5_285/emerg_dataset5_285.jpg,emerg_dataset5_285.jpg,emerg_dataset5,20230912_232948_mp4-3_jpg.rf.d61c8f408a19681c58f091112dabdd91.jpg,15430d1b3ec413daec187b5773b14840
Data/emerg_dataset5/emerg_dataset5_288/emerg_dataset5_288.jpg,emerg_dataset5_288.jpg,emerg_dataset5,20230912_232948_mp4-4_jpg.rf.ff6d9f63a6810dc7d3638328d22f283a.jpg,64f062cdd0bc285574f2b32083a7aaed
Data/emerg_dataset5/emerg_dataset5_289/emerg_dataset5_289.jpg,emerg_dataset5_289.jpg,emerg_dataset5,20230912_232948_mp4-5_jpg.rf.1aa659c4b9f8e102762aeae0091474f3.jpg,8953cc64a749603a45d54db7a4752101
Data/emerg_dataset5/emerg_dataset5_29/emerg_dataset5_29.jpg,emerg_dataset5_29.jpg,emerg_dataset5,IMG_7454_jpg.rf.9287089d44f795cfd60d6663890b1c3f.jpg,3de5a583e97082aeb39c591e05e61d01
Data/emerg_dataset5/emerg_dataset5_292/emerg_dataset5_292.jpg,emerg_dataset5_292.jpg,emerg_dataset5,20230912_232948_mp4-6_jpg.rf.06c46ae9f63a44c951e6ee49f4a25d12.jpg,7838a83fcc899562e1a85eab1eb6d9cf
Data/emerg_dataset5/emerg_dataset5_293/emerg_dataset5_293.jpg,emerg_dataset5_293.jpg,emerg_dataset5,20230912_232948_mp4-6_jpg.rf.448d75f71f55db587d6349ee2c251ac8.jpg,e6b5a5295aba4853bfbf5cc61fa91e58
Data/emerg_dataset5/emerg_dataset5_294/emerg_dataset5_294.jpg,emerg_dataset5_294.jpg,emerg_dataset5,20230912_232948_mp4-6_jpg.rf.af2c8a779f20c63f5ed10692d2cd4eea.jpg,670d4fe58656f4a6f2e6fe438d3a36b3
Data/emerg_dataset5/emerg_dataset5_295/emerg_dataset5_295.jpg,emerg_dataset5_295.jpg,emerg_dataset5,20230912_232948_mp4-7_jpg.rf.6428837e6467597e6adf68ec9cfc1e69.jpg,8d34a9c6aa14833eae7304ac62f9defc
Data/emerg_dataset5/emerg_dataset5_296/emerg_dataset5_296.jpg,emerg_dataset5_296.jpg,emerg_dataset5,20230912_232948_mp4-7_jpg.rf.a18fd25e4dfcba03640d3a54a9007d3b.jpg,935b3f777a9fd0b60d83afa81131a67f
Data/emerg_dataset5/emerg_dataset5_298/emerg_dataset5_298.jpg,emerg_dataset5_298.jpg,emerg_dataset5,20230912_232948_mp4-9_jpg.rf.1b056f6c6d319f5667bef8e8b47beb23.jpg,8cadfe448a6881c1d9b3bb414c086a7f
Data/emerg_dataset5/emerg_dataset5_299/emerg_dataset5_299.jpg,emerg_dataset5_299.jpg,emerg_dataset5,20230912_232948_mp4-9_jpg.rf.680c3fc948ad15abc753687e19905c20.jpg,b3e027827a42722b53378485b97f6dc3
Data/emerg_dataset5/emerg_dataset5_3/emerg_dataset5_3.jpg,emerg_dataset5_3.jpg,emerg_dataset5,20230912_210724_mp4-22_jpg.rf.4fcd347d192fe0322f712f30758fe91c.jpg,2ae5a8ae58cf3b5e3bb40844bdcac250
Data/emerg_dataset5/emerg_dataset5_30/emerg_dataset5_30.jpg,emerg_dataset5_30.jpg,emerg_dataset5,IMG_7474_jpg.rf.d47d0be4ee3f2483ddd2c7f3d83dbb29.jpg,19287604b425726e264829f135140b6b
Data/emerg_dataset5/emerg_dataset5_301/emerg_dataset5_301.jpg,emerg_dataset5_301.jpg,emerg_dataset5,20230913_214354_mp4-1_jpg.rf.3833c70333dee1a4779f31cb6ae8427c.jpg,9a973274cd478f4e75f48c36449d135a
Data/emerg_dataset5/emerg_dataset5_302/emerg_dataset5_302.jpg,emerg_dataset5_302.jpg,emerg_dataset5,20230913_214354_mp4-1_jpg.rf.b9d97478d0a49524abb9c2e3294f8221.jpg,6533e529eea0d66df03f990facdb3451
Data/emerg_dataset5/emerg_dataset5_303/emerg_dataset5_303.jpg,emerg_dataset5_303.jpg,emerg_dataset5,20230913_214354_mp4-1_jpg.rf.db98ea0048288d1a2c585442591b5ef5.jpg,02c91f3cc82574fc2c27dde39eb1d620
Data/emerg_dataset5/emerg_dataset5_304/emerg_dataset5_304.jpg,emerg_dataset5_304.jpg,emerg_dataset5,20230915_192054_jpg.rf.04d919fe97f01fb5cf52a264e1b1ff10.jpg,00ce3da6d15ba828b775f3628bcda63c
Data/emerg_dataset5/emerg_dataset5_305/emerg_dataset5_305.jpg,emerg_dataset5_305.jpg,emerg_dataset5,20230915_192054_jpg.rf.0ab19daab52bfa8d0f46729e310f9689.jpg,19dacd06de023d7385359fe95b3a4251
Data/emerg_dataset5/emerg_dataset5_306/emerg_dataset5_306.jpg,emerg_dataset5_306.jpg,emerg_dataset5,20230915_192054_jpg.rf.4221486b26470090dccd249658e18bb5.jpg,62930354bd23aa96764af28ddcc47721
Data/emerg_dataset5/emerg_dataset5_308/emerg_dataset5_308.jpg,emerg_dataset5_308.jpg,emerg_dataset5,20230915_192101_jpg.rf.77996b92854e782536186d709cb49f8b.jpg,97ea05b3fe0f11bc4b04ab55148b6b2c
Data/emerg_dataset5/emerg_dataset5_309/emerg_dataset5_309.jpg,emerg_dataset5_309.jpg,emerg_dataset5,20230915_192101_jpg.rf.ed3ec6c48b4ce410f0efd7f448c76968.jpg,6d3ee1482fac4201d1e1a96023b06533
Data/emerg_dataset5/emerg_dataset5_310/emerg_dataset5_310.jpg,emerg_dataset5_310.jpg,emerg_dataset5,20230915_192102_jpg.rf.16e3ddbb60d0e330417316eb1a66418b.jpg,89145b8a7fa0026d39a6b5570d57aefd
Data/emerg_dataset5/emerg_dataset5_311/emerg_dataset5_311.jpg,emerg_dataset5_311.jpg,emerg_dataset5,20230915_192102_jpg.rf.98fa22c5961fe6336e8655907bf92ce5.jpg,13498f0d11cabbb33011e05fc45f34cf
Data/emerg_dataset5/emerg_dataset5_312/emerg_dataset5_312.jpg,emerg_dataset5_312.jpg,emerg_dataset5,20230915_192102_jpg.rf.be022c24fa7d43d8031e1ce52dd46c11.jpg,b819632713e33d459e6979396766c15d
Data/emerg_dataset5/emerg_dataset5_313/emerg_dataset5_313.jpg,emerg_dataset5_313.jpg,emerg_dataset5,20230915_192110_jpg.rf.24f5e199b3ed8ca0d84573bb71b5bb34.jpg,6aa1a527a08570b5b6c00185f17719af
Data/emerg_dataset5/emerg_dataset5_314/emerg_dataset5_314.jpg,emerg_dataset5_314.jpg,emerg_dataset5,20230915_192110_jpg.rf.6d4b0132fa9e053675e0a2a3bd0b4f2f.jpg,4a26586b5b1c3b2c39293e10c1ea9481
Data/emerg_dataset5/emerg_dataset5_315/emerg_dataset5_315.jpg,emerg_dataset5_315.jpg,emerg_dataset5,20230915_192110_jpg.rf.bd9e9aad17c3bd1d60846e137724de3e.jpg,a3d3b86d2e62817a432dc8bd069457fe
Data/emerg_dataset5/emerg_dataset5_316/emerg_dataset5_316.jpg,emerg_dataset5_316.jpg,emerg_dataset5,20230915_192125_jpg.rf.004aa9123be716ee7a9040df8cbad208.jpg,53cc010bca742ecf7d7fb971bcaa91d0
Data/emerg_dataset5/emerg_dataset5_318/emerg_dataset5_318.jpg,emerg_dataset5_318.jpg,emerg_dataset5,20230915_192125_jpg.rf.a4dd991fb3901ef3951e1008f5fd56de.jpg,1734b6b7df5889dff19510b48cc20427
Data/emerg_dataset5/emerg_dataset5_319/emerg_dataset5_319.jpg,emerg_dataset5_319.jpg,emerg_dataset5,20230915_192239_mp4-1_jpg.rf.7c1744d91108a67007301f129c705fbf.jpg,57961ea05412dd4f67ddff1a80a031b8
Data/emerg_dataset5/emerg_dataset5_32/emerg_dataset5_32.jpg,emerg_dataset5_32.jpg,emerg_dataset5,IMG_7484_jpg.rf.0ba99ce66cad8a4d4337660c31dbab50.jpg,d2434fff070554d71c2ac1be0f806903
Data/emerg_dataset5/emerg_dataset5_320/emerg_dataset5_320.jpg,emerg_dataset5_320.jpg,emerg_dataset5,20230915_192239_mp4-1_jpg.rf.b09da4bce766c0bcac5ef7a52aa72bb8.jpg,b078c4703929b112352747d349c077ae
Data/emerg_dataset5/emerg_dataset5_321/emerg_dataset5_321.jpg,emerg_dataset5_321.jpg,emerg_dataset5,20230915_192239_mp4-1_jpg.rf.f5a4be71b8bf8aae5f64372fa026015f.jpg,c7887aa448f4c2d167dc123763be9f3f
Data/emerg_dataset5/emerg_dataset5_322/emerg_dataset5_322.jpg,emerg_dataset5_322.jpg,emerg_dataset5,20230915_192239_mp4-2_jpg.rf.0807c1699af393c63bb34d690a0868ea.jpg,20057601d3584e096d8d44ece8c6b015
Data/emerg_dataset5/emerg_dataset5_323/emerg_dataset5_323.jpg,emerg_dataset5_323.jpg,emerg_dataset5,20230915_192239_mp4-2_jpg.rf.986eb1d32c56a4f098c90e2d15439718.jpg,160006720d677e60760f6ac42c14daa8
Data/emerg_dataset5/emerg_dataset5_324/emerg_dataset5_324.jpg,emerg_dataset5_324.jpg,emerg_dataset5,20230915_192239_mp4-2_jpg.rf.de83b6cd049d30c65eb1265d8a9064ae.jpg,ccc6aab2a78a5c4bca4ddcf703989413
Data/emerg_dataset5/emerg_dataset5_325/emerg_dataset5_325.jpg,emerg_dataset5_325.jpg,emerg_dataset5,20230915_192239_mp4-7_jpg.rf.5a959575ab15a28af7df042ba9bd28d0.jpg,3094cd197c3b48fe5a91c1ec69e7044d
Data/emerg_dataset5/emerg_dataset5_326/emerg_dataset5_326.jpg,emerg_dataset5_326.jpg,emerg_dataset5,20230915_192239_mp4-7_jpg.rf.a53952c61e1b7e56e819be81571775e1.jpg,83ea15887790ccc091807c7eff74b9c2
Data/emerg_dataset5/emerg_dataset5_327/emerg_dataset5_327.jpg,emerg_dataset5_327.jpg,emerg_dataset5,20230915_192239_mp4-7_jpg.rf.c0831123db00727acf27ca6d832076f3.jpg,fafdfd41ad9595c82c3c5caca2f7cc07
Data/emerg_dataset5/emerg_dataset5_328/emerg_dataset5_328.jpg,emerg_dataset5_328.jpg,emerg_dataset5,20230915_192239_mp4-8_jpg.rf.11fb8eb24b06013b57996ec6e25a2d17.jpg,035226f8b2b0d24a9eeacd440078fa70
Data/emerg_dataset5/emerg_dataset5_329/emerg_dataset5_329.jpg,emerg_dataset5_329.jpg,emerg_dataset5,20230915_192239_mp4-8_jpg.rf.55bab6214787dbcdb2adcdff7d99beb5.jpg,74df1637a5c596fe82280b07e5a5eeee
Data/emerg_dataset5/emerg_dataset5_33/emerg_dataset5_33.jpg,emerg_dataset5_33.jpg,emerg_dataset5,IMG_7489_jpg.rf.8da9335883eef3f33d77a63aef98a71d.jpg,eeda0df75fe47b89fcc6586c2350b884
Data/emerg_dataset5/emerg_dataset5_330/emerg_dataset5_330.jpg,emerg_dataset5_330.jpg,emerg_dataset5,20230915_192239_mp4-8_jpg.rf.9c2ec31b8499432134657cba2d298ed5.jpg,b731bf552ac648d792506eb1ebd39b48
Data/emerg_dataset5/emerg_dataset5_331/emerg_dataset5_331.jpg,emerg_dataset5_331.jpg,emerg_dataset5,20230915_192302_jpg.rf.21240bd419be1051d859f6a44b3f34c4.jpg,c58d26129eb23e2ff04175c95cd70c8e
Data/emerg_dataset5/emerg_dataset5_332/emerg_dataset5_332.jpg,emerg_dataset5_332.jpg,emerg_dataset5,20230915_192302_jpg.rf.4eea1c894b80d8d62933aeb3f2db53a8.jpg,dd6f735435b37c835d25987a7e64f001
Data/emerg_dataset5/emerg_dataset5_333/emerg_dataset5_333.jpg,emerg_dataset5_333.jpg,emerg_dataset5,20230915_192302_jpg.rf.b93a634870c3261333730f8c2d3234b2.jpg,4656497fa9340ad10bbb05789e5d880e
Data/emerg_dataset5/emerg_dataset5_334/emerg_dataset5_334.jpg,emerg_dataset5_334.jpg,emerg_dataset5,20230915_192316_jpg.rf.bfa822c2e9a5b2e5759944a0580a82c2.jpg,8fe5bd4f3b1fa4ab8791162375de2175
Data/emerg_dataset5/emerg_dataset5_335/emerg_dataset5_335.jpg,emerg_dataset5_335.jpg,emerg_dataset5,20230915_192316_jpg.rf.f7b2ff76fe3c4f16aff96e212c40d2fb.jpg,ba2e4ec7f4a5de96a322634fc6a5e045
Data/emerg_dataset5/emerg_dataset5_336/emerg_dataset5_336.jpg,emerg_dataset5_336.jpg,emerg_dataset5,20230915_192316_jpg.rf.fec77c5354c3115f6a842eaba3fb525a.jpg,757eda3e85eda71fbc74eb0714d14a8a
Data/emerg_dataset5/emerg_dataset5_338/emerg_dataset5_338.jpg,emerg_dataset5_338.jpg,emerg_dataset5,20230915_192345_jpg.rf.5162ac950d9cd8890ea0f13963b36037.jpg,6cc16246a8f0e9ab49420b587fe52b57
Data/emerg_dataset5/emerg_dataset5_339/emerg_dataset5_339.jpg,emerg_dataset5_339.jpg,emerg_dataset5,20230915_192345_jpg.rf.92c50fe6aa5284c4fa8201d34a044500.jpg,106955bbd4b3a9cc17eb851f12d1341a
Data/emerg_dataset5/emerg_dataset5_34/emerg_dataset5_34.jpg,emerg_dataset5_34.jpg,emerg_dataset5,IMG_7551_jpg.rf.87eb9dc27c6abd0f4e07fa214b86d954.jpg,849516d3ce8dc301d574fb812de6b6fd
Data/emerg_dataset5/emerg_dataset5_340/emerg_dataset5_340.jpg,emerg_dataset5_340.jpg,emerg_dataset5,20230915_192347_jpg.rf.3670b024a774382844175e7ce5254a3c.jpg,31b97751b4de616bfc343989fd24fa6d
Data/emerg_dataset5/emerg_dataset5_341/emerg_dataset5_341.jpg,emerg_dataset5_341.jpg,emerg_dataset5,20230915_192347_jpg.rf.5c6f27fe95e6b72db87a45d796e71c4b.jpg,81e0003a874893dd998f92352a786838
Data/emerg_dataset5/emerg_dataset5_342/emerg_dataset5_342.jpg,emerg_dataset5_342.jpg,emerg_dataset5,20230915_192347_jpg.rf.c1deb1a4226035ef19c9ed4888105163.jpg,8f790a37daff2bc76a217c433a90ba16
Data/emerg_dataset5/emerg_dataset5_343/emerg_dataset5_343.jpg,emerg_dataset5_343.jpg,emerg_dataset5,20230915_192500_jpg.rf.6f9d814a7d01ef510e1c42a638e8ae81.jpg,4f30faac17c2e75fc57d47b59de7e7b9
Data/emerg_dataset5/emerg_dataset5_344/emerg_dataset5_344.jpg,emerg_dataset5_344.jpg,emerg_dataset5,20230915_192500_jpg.rf.d038f52c053a49460b15101fc1ce2051.jpg,028a284a03a57dbeecf1ddfe55838ab6
Data/emerg_dataset5/emerg_dataset5_345/emerg_dataset5_345.jpg,emerg_dataset5_345.jpg,emerg_dataset5,20230915_192500_jpg.rf.e21aeeb9786231ac71a6056519597c7f.jpg,48ebf9d5ef39c379d015ebfb0f2deaee
Data/emerg_dataset5/emerg_dataset5_346/emerg_dataset5_346.jpg,emerg_dataset5_346.jpg,emerg_dataset5,20230927_173920_mp4-12_jpg.rf.126d6a61ef1dd6de5ab7399ffdddeef2.jpg,6e7c51a351b60032be77fff32773eb91
Data/emerg_dataset5/emerg_dataset5_347/emerg_dataset5_347.jpg,emerg_dataset5_347.jpg,emerg_dataset5,20230927_173920_mp4-12_jpg.rf.95a9819ceb47383700272236f1115596.jpg,6ed0b80873972b96e9d8fc36c85defea
Data/emerg_dataset5/emerg_dataset5_348/emerg_dataset5_348.jpg,emerg_dataset5_348.jpg,emerg_dataset5,20230927_173920_mp4-12_jpg.rf.b8533c0dbe3f461592ff72af148fa5bb.jpg,ee0a9cc902ba21071e21011c0c30df10
Data/emerg_dataset5/emerg_dataset5_35/emerg_dataset5_35.jpg,emerg_dataset5_35.jpg,emerg_dataset5,IMG_7560_jpg.rf.f5b8054b9cbd8fafd5025cc821a53199.jpg,a5607e82dcfa9564a137a5b50edc8057
Data/emerg_dataset5/emerg_dataset5_350/emerg_dataset5_350.jpg,emerg_dataset5_350.jpg,emerg_dataset5,20230927_173920_mp4-14_jpg.rf.c7781755f937b2a7779767949b79b4b0.jpg,0878f79586aab400c5eaa3730b914f64
Data/emerg_dataset5/emerg_dataset5_351/emerg_dataset5_351.jpg,emerg_dataset5_351.jpg,emerg_dataset5,20230927_173920_mp4-14_jpg.rf.ce90f347503bc18e7d51b83a82dde8ae.jpg,517f0ac89de18ccf3be98e79bd180260
Data/emerg_dataset5/emerg_dataset5_352/emerg_dataset5_352.jpg,emerg_dataset5_352.jpg,emerg_dataset5,20230927_173920_mp4-15_jpg.rf.01f511160143c8817a80ef8aa6af5e41.jpg,d5a8697d2c3976871151b0531845eff9
Data/emerg_dataset5/emerg_dataset5_353/emerg_dataset5_353.jpg,emerg_dataset5_353.jpg,emerg_dataset5,20230927_173920_mp4-15_jpg.rf.7fa7100d5023be92bd29604aa4eb4289.jpg,8a4559acbff17621538add6b0bd58873
Data/emerg_dataset5/emerg_dataset5_354/emerg_dataset5_354.jpg,emerg_dataset5_354.jpg,emerg_dataset5,20230927_173920_mp4-15_jpg.rf.c50a6c5538bac4087d62b01b9635e160.jpg,ea9b21b5a9e2ddaa3c261849c1f71984
Data/emerg_dataset5/emerg_dataset5_355/emerg_dataset5_355.jpg,emerg_dataset5_355.jpg,emerg_dataset5,20230927_173920_mp4-16_jpg.rf.47774dc8d30580db092dce4dabb10b6b.jpg,0bb0ce26dc464034c163c68e7e85f55e
Data/emerg_dataset5/emerg_dataset5_356/emerg_dataset5_356.jpg,emerg_dataset5_356.jpg,emerg_dataset5,20230927_173920_mp4-16_jpg.rf.66d9c0835d2e705ea4b9cebd4f3c0aba.jpg,a2a20eb172cfdf6d0a438e51add9c3c2
Data/emerg_dataset5/emerg_dataset5_357/emerg_dataset5_357.jpg,emerg_dataset5_357.jpg,emerg_dataset5,20230927_173920_mp4-16_jpg.rf.bb262229d26e177d9210821c96e8269d.jpg,3f87d5564dbc78f0e4caa4c9bf5a745c
Data/emerg_dataset5/emerg_dataset5_358/emerg_dataset5_358.jpg,emerg_dataset5_358.jpg,emerg_dataset5,20230927_173920_mp4-17_jpg.rf.242b6fc21cb15cf923dd76f2e5807a53.jpg,0eb76b08c1858848c612106f1fe85fb1
Data/emerg_dataset5/emerg_dataset5_359/emerg_dataset5_359.jpg,emerg_dataset5_359.jpg,emerg_dataset5,20230927_173920_mp4-17_jpg.rf.b0cf30750a7cbe55d4f6f55d500958b3.jpg,7a2db6164a3ae4041eb11b8b424743eb
Data/emerg_dataset5/emerg_dataset5_36/emerg_dataset5_36.jpg,emerg_dataset5_36.jpg,emerg_dataset5,IMG_7570_jpg.rf.b1eab1721b331f4be71057d8741c1103.jpg,9e73f6887a9b42da9e08bc2ac376da1b
Data/emerg_dataset5/emerg_dataset5_360/emerg_dataset5_360.jpg,emerg_dataset5_360.jpg,emerg_dataset5,20230927_173920_mp4-17_jpg.rf.c0563f11ae4793be072d73e90b6d99bf.jpg,b5fb524d914225d8dbdb65834bc5ffcb
Data/emerg_dataset5/emerg_dataset5_361/emerg_dataset5_361.jpg,emerg_dataset5_361.jpg,emerg_dataset5,20230927_173920_mp4-18_jpg.rf.b64104f658dfda8a20287b1ee976bc39.jpg,a7185baed9bc22b9a99f78d04b5171b8
Data/emerg_dataset5/emerg_dataset5_362/emerg_dataset5_362.jpg,emerg_dataset5_362.jpg,emerg_dataset5,20230927_173920_mp4-18_jpg.rf.c01a121b7edbbbcae75e2d68d82c417c.jpg,08c4d6f4a668e562f854b47d3ed0f715
Data/emerg_dataset5/emerg_dataset5_363/emerg_dataset5_363.jpg,emerg_dataset5_363.jpg,emerg_dataset5,20230927_173920_mp4-18_jpg.rf.f46b295bd94282c0a92d51ad66ca0020.jpg,d723f3b1d4655ad9a4c334641ce74ad9
Data/emerg_dataset5/emerg_dataset5_364/emerg_dataset5_364.jpg,emerg_dataset5_364.jpg,emerg_dataset5,20230927_173920_mp4-21_jpg.rf.32429406b59c11eeaa85a187f7e454ea.jpg,20f702da66e56e968ea5fff75ed48c47
Data/emerg_dataset5/emerg_dataset5_365/emerg_dataset5_365.jpg,emerg_dataset5_365.jpg,emerg_dataset5,20230927_173920_mp4-21_jpg.rf.56e18b100332945c326d520fc499f378.jpg,58be5d1d9c0b2b035e1c0b280d46a7d4
Data/emerg_dataset5/emerg_dataset5_366/emerg_dataset5_366.jpg,emerg_dataset5_366.jpg,emerg_dataset5,20230927_173920_mp4-21_jpg.rf.e89a1d39e682200a1695db808cd933d8.jpg,d358123e921d16a2b600253ffce90dd4
Data/emerg_dataset5/emerg_dataset5_367/emerg_dataset5_367.jpg,emerg_dataset5_367.jpg,emerg_dataset5,20230927_173920_mp4-23_jpg.rf.892ee4a355e190fa3f04069558d87ece.jpg,06983d2856310f416a17f523aeaff440
Data/emerg_dataset5/emerg_dataset5_368/emerg_dataset5_368.jpg,emerg_dataset5_368.jpg,emerg_dataset5,20230927_173920_mp4-23_jpg.rf.a35f3ce00e67b4b94c3e0c7723edf28c.jpg,ee56f52ef746cfcd653f700dca81e4d1
Data/emerg_dataset5/emerg_dataset5_369/emerg_dataset5_369.jpg,emerg_dataset5_369.jpg,emerg_dataset5,20230927_173920_mp4-23_jpg.rf.eeadbb2e1b415175104d68e2ac990fbf.jpg,c155c55ac6a73399787254edeb067d04
Data/emerg_dataset5/emerg_dataset5_37/emerg_dataset5_37.jpg,emerg_dataset5_37.jpg,emerg_dataset5,IMG_7577_jpg.rf.93b70fccc904183e1d131da001609304.jpg,19ec5063359a24c3f47a846782f0784f
Data/emerg_dataset5/emerg_dataset5_370/emerg_dataset5_370.jpg,emerg_dataset5_370.jpg,emerg_dataset5,20230927_173920_mp4-26_jpg.rf.5b4465a5740a868abfe98f49d25864d2.jpg,97ae5e2598865307ed1f893bc744c7c6
Data/emerg_dataset5/emerg_dataset5_371/emerg_dataset5_371.jpg,emerg_dataset5_371.jpg,emerg_dataset5,20230927_173920_mp4-26_jpg.rf.d4e6de1d5b454e89963c092a2be8c3a0.jpg,b55827610610d8d96b682c44d918e68a
Data/emerg_dataset5/emerg_dataset5_372/emerg_dataset5_372.jpg,emerg_dataset5_372.jpg,emerg_dataset5,20230927_173920_mp4-26_jpg.rf.e524ab9b1d00e8822a77d88e1f3d9d5c.jpg,a81cd94afc5fa64e077daa7cb8a42c21
Data/emerg_dataset5/emerg_dataset5_373/emerg_dataset5_373.jpg,emerg_dataset5_373.jpg,emerg_dataset5,20230927_173920_mp4-27_jpg.rf.12d4941c0de12198150526e56229512b.jpg,b3a06229d811d3798846bbc60d9b96f6
Data/emerg_dataset5/emerg_dataset5_374/emerg_dataset5_374.jpg,emerg_dataset5_374.jpg,emerg_dataset5,20230927_173920_mp4-27_jpg.rf.84096e10ba833a6c16e0dc53bf2f9c8f.jpg,c740161dcb0aadb1f6af99f4a54b564e
Data/emerg_dataset5/emerg_dataset5_375/emerg_dataset5_375.jpg,emerg_dataset5_375.jpg,emerg_dataset5,20230927_173920_mp4-27_jpg.rf.95676f1ef79dde252213e18f53b87c42.jpg,84acf72938120dee61a3f28ed89ed941
Data/emerg_dataset5/emerg_dataset5_376/emerg_dataset5_376.jpg,emerg_dataset5_376.jpg,emerg_dataset5,20230927_173920_mp4-28_jpg.rf.278d4f25f4aecaa5918f27af48f75119.jpg,54a53a2ec006badec0699d27957c3c57
Data/emerg_dataset5/emerg_dataset5_377/emerg_dataset5_377.jpg,emerg_dataset5_377.jpg,emerg_dataset5,20230927_173920_mp4-28_jpg.rf.4a1c96a6dc9b11b7fb8e61eacffe19ce.jpg,ce3309994ef474b53d9879e09edd0e08
Data/emerg_dataset5/emerg_dataset5_378/emerg_dataset5_378.jpg,emerg_dataset5_378.jpg,emerg_dataset5,20230927_173920_mp4-28_jpg.rf.719edc3e1d2039f148adf6bf48c00387.jpg,66b3fb35bffa3b23a022edb044e94aea
Data/emerg_dataset5/emerg_dataset5_379/emerg_dataset5_379.jpg,emerg_dataset5_379.jpg,emerg_dataset5,20230927_173920_mp4-29_jpg.rf.3245430713991a1003878bdebef3938e.jpg,111daef3258533511baa5232494ed0d1
Data/emerg_dataset5/emerg_dataset5_38/emerg_dataset5_38.jpg,emerg_dataset5_38.jpg,emerg_dataset5,IMG_7589_jpg.rf.2f8a1f93b73e553784c84e96043ce454.jpg,8ed7b97049118bfe775bd4279a25bd11
Data/emerg_dataset5/emerg_dataset5_380/emerg_dataset5_380.jpg,emerg_dataset5_380.jpg,emerg_dataset5,20230927_173920_mp4-29_jpg.rf.48bb8a80e087d260dcf24619642b470f.jpg,e80f778bedc4aafe42daed29c0844c53
Data/emerg_dataset5/emerg_dataset5_381/emerg_dataset5_381.jpg,emerg_dataset5_381.jpg,emerg_dataset5,20230927_173920_mp4-29_jpg.rf.70cfeffe254a52cebd8fef2d3b3d0572.jpg,3095064212d6dddc9e0ada46a0632c3a
Data/emerg_dataset5/emerg_dataset5_382/emerg_dataset5_382.jpg,emerg_dataset5_382.jpg,emerg_dataset5,20230927_173920_mp4-2_jpg.rf.20ffdf02c046c2a18d59f0ad8629428f.jpg,3cdef851d7b2b38b035cf544850dfbf6
Data/emerg_dataset5/emerg_dataset5_383/emerg_dataset5_383.jpg,emerg_dataset5_383.jpg,emerg_dataset5,20230927_173920_mp4-2_jpg.rf.6187c4eef859de112dbe6b2824f2562b.jpg,eb622e8c89a9e33d0453dba33c312e38
Data/emerg_dataset5/emerg_dataset5_384/emerg_dataset5_384.jpg,emerg_dataset5_384.jpg,emerg_dataset5,20230927_173920_mp4-2_jpg.rf.6e798de50988532a8be01e000281255f.jpg,84df424019aea8959f52118f7196fb7a
Data/emerg_dataset5/emerg_dataset5_385/emerg_dataset5_385.jpg,emerg_dataset5_385.jpg,emerg_dataset5,20230927_173920_mp4-30_jpg.rf.1d008d33133c55417574f5d5a122d944.jpg,0e497a142f9fc28df2aedad76668fbfb
Data/emerg_dataset5/emerg_dataset5_386/emerg_dataset5_386.jpg,emerg_dataset5_386.jpg,emerg_dataset5,20230927_173920_mp4-30_jpg.rf.34b199f9567761c7f740cb9e4887fedb.jpg,c3dc5d8f3f760cbcd78851fe179c35b1
Data/emerg_dataset5/emerg_dataset5_387/emerg_dataset5_387.jpg,emerg_dataset5_387.jpg,emerg_dataset5,20230927_173920_mp4-30_jpg.rf.6523199e882e9dce38fabc98da0f50bb.jpg,31d97478c545702aabb7d4b6867e897b
Data/emerg_dataset5/emerg_dataset5_388/emerg_dataset5_388.jpg,emerg_dataset5_388.jpg,emerg_dataset5,20230927_173920_mp4-31_jpg.rf.0046c31166c46019e40b9ef81d9c766e.jpg,0a434462a984f50c2b22f0d9a993df4e
Data/emerg_dataset5/emerg_dataset5_39/emerg_dataset5_39.jpg,emerg_dataset5_39.jpg,emerg_dataset5,Masina-de-politie_jpg.rf.6f8013f986c37c6d310ecb6fdbe56741.jpg,efc9bef21f61602a302447789f858539
Data/emerg_dataset5/emerg_dataset5_391/emerg_dataset5_391.jpg,emerg_dataset5_391.jpg,emerg_dataset5,20230927_173920_mp4-32_jpg.rf.254f0532723474780c03a4450060fc61.jpg,6bfd83d3776fcd2c79f0536cb7135d7b
Data/emerg_dataset5/emerg_dataset5_392/emerg_dataset5_392.jpg,emerg_dataset5_392.jpg,emerg_dataset5,20230927_173920_mp4-32_jpg.rf.2bb995dd2ab6e847ffaa4be3fe92c611.jpg,137d0b51d928a72549087761c05d1c4e
Data/emerg_dataset5/emerg_dataset5_393/emerg_dataset5_393.jpg,emerg_dataset5_393.jpg,emerg_dataset5,20230927_173920_mp4-32_jpg.rf.52bebca153048c94782998bb578946d0.jpg,07825067c45672264eff9a9668070eb7
Data/emerg_dataset5/emerg_dataset5_396/emerg_dataset5_396.jpg,emerg_dataset5_396.jpg,emerg_dataset5,20230927_173920_mp4-35_jpg.rf.2fe32eed6fc11524118d90640eb03dbc.jpg,bf3fd3701b3fb1f65247a277abfba57f
Data/emerg_dataset5/emerg_dataset5_397/emerg_dataset5_397.jpg,emerg_dataset5_397.jpg,emerg_dataset5,20230927_173920_mp4-36_jpg.rf.19ba72b9bdd4628ef975710e85fc4112.jpg,559d9256259353ad9a93943c32377e92
Data/emerg_dataset5/emerg_dataset5_398/emerg_dataset5_398.jpg,emerg_dataset5_398.jpg,emerg_dataset5,20230927_173920_mp4-36_jpg.rf.3cc5542f5f16a5539721247f14a8c16b.jpg,2680c31a6f8111afb3efd15b440dcb90
Data/emerg_dataset5/emerg_dataset5_399/emerg_dataset5_399.jpg,emerg_dataset5_399.jpg,emerg_dataset5,20230927_173920_mp4-36_jpg.rf.55d79ac7f7bbd684d9105a35e9e1e9ac.jpg,7eb59269462aa767395457dacd3b1d76
Data/emerg_dataset5/emerg_dataset5_4/emerg_dataset5_4.jpg,emerg_dataset5_4.jpg,emerg_dataset5,20230912_211956_mp4-10_jpg.rf.7b6d9ff7cf31266f18a2d7ec1a7fe10f.jpg,e255e3ae6878ea885543e08d99a1a59d
Data/emerg_dataset5/emerg_dataset5_40/emerg_dataset5_40.jpg,emerg_dataset5_40.jpg,emerg_dataset5,Screenshot-2023-09-12-at-16-03-52_png.rf.46f5bb029f7e168544df27d634ea9d61.jpg,cc9031eda63a47592c9e074fb8422965
Data/emerg_dataset5/emerg_dataset5_400/emerg_dataset5_400.jpg,emerg_dataset5_400.jpg,emerg_dataset5,20230927_173920_mp4-37_jpg.rf.648042cbbe748a3f590c1549562035e4.jpg,db28ccbf06fae4cc2b0af7bcdbf7fb92
Data/emerg_dataset5/emerg_dataset5_401/emerg_dataset5_401.jpg,emerg_dataset5_401.jpg,emerg_dataset5,20230927_173920_mp4-37_jpg.rf.b36ae56acb68f8e60bbd2fc032b80401.jpg,893496d7f1abb7c912d10df09d3401ba
Data/emerg_dataset5/emerg_dataset5_402/emerg_dataset5_402.jpg,emerg_dataset5_402.jpg,emerg_dataset5,20230927_173920_mp4-37_jpg.rf.bc381e6f76d2f89d52291bb78e5c3b42.jpg,ae2d57c52845698b5c2abc9c59ab4a93
Data/emerg_dataset5/emerg_dataset5_404/emerg_dataset5_404.jpg,emerg_dataset5_404.jpg,emerg_dataset5,20230927_173920_mp4-39_jpg.rf.b2e41f8b4883356e06b9eadee43d721d.jpg,ae96a76059337f70fb52a60c194bf052
Data/emerg_dataset5/emerg_dataset5_405/emerg_dataset5_405.jpg,emerg_dataset5_405.jpg,emerg_dataset5,20230927_173920_mp4-39_jpg.rf.d1787edd29a21881f86c2fb6324a263c.jpg,90de390236f463551d842aea1fb5ec35
Data/emerg_dataset5/emerg_dataset5_407/emerg_dataset5_407.jpg,emerg_dataset5_407.jpg,emerg_dataset5,20230927_173920_mp4-3_jpg.rf.cf3f63e02a96605dd3c8eee4548de956.jpg,fcfdd7f77b9aae1dd799b81fb9355b7a
Data/emerg_dataset5/emerg_dataset5_408/emerg_dataset5_408.jpg,emerg_dataset5_408.jpg,emerg_dataset5,20230927_173920_mp4-3_jpg.rf.da148f2a0f7ff3d5079facd56c9ec6fb.jpg,e06c278ca84b43fe5e5c5026982b2be9
Data/emerg_dataset5/emerg_dataset5_409/emerg_dataset5_409.jpg,emerg_dataset5_409.jpg,emerg_dataset5,20230927_173920_mp4-41_jpg.rf.1810a9a8aa9ef8db6bbcf1107b561e5a.jpg,4700913c31af9b9a9b9bef6ff44799b4
Data/emerg_dataset5/emerg_dataset5_41/emerg_dataset5_41.jpg,emerg_dataset5_41.jpg,emerg_dataset5,WhatsApp-Image-2023-08-09-at-08-39-08_jpeg.rf.6cccc3c7f2f8dc153a23d6dc3c4253f3.jpg,0e81290cf9eef27ae332cfe131f881be
Data/emerg_dataset5/emerg_dataset5_411/emerg_dataset5_411.jpg,emerg_dataset5_411.jpg,emerg_dataset5,20230927_173920_mp4-41_jpg.rf.ff039aa78364c022de3e50a992dad15d.jpg,211d492362b06ce31e1c0aec1a187475
Data/emerg_dataset5/emerg_dataset5_412/emerg_dataset5_412.jpg,emerg_dataset5_412.jpg,emerg_dataset5,20230927_173920_mp4-42_jpg.rf.0b5d393ebe8badb835afe0ebd643b36d.jpg,c8d4207720dc20a1babe7d10120a5d0d
Data/emerg_dataset5/emerg_dataset5_414/emerg_dataset5_414.jpg,emerg_dataset5_414.jpg,emerg_dataset5,20230927_173920_mp4-42_jpg.rf.c4ddbdb130d4bdcb267c352640ab8a57.jpg,dab9286131a8e112a5cae79274c40492
Data/emerg_dataset5/emerg_dataset5_415/emerg_dataset5_415.jpg,emerg_dataset5_415.jpg,emerg_dataset5,20230927_173920_mp4-43_jpg.rf.4bfe01e68c9ce6cc6382bad97e9ae789.jpg,82fba29e724b601d73b8b2279e1bb02b
Data/emerg_dataset5/emerg_dataset5_416/emerg_dataset5_416.jpg,emerg_dataset5_416.jpg,emerg_dataset5,20230927_173920_mp4-43_jpg.rf.797ff1738d0927371539babfeb2a05a3.jpg,8095111fdaa86736568fc0718527a52f
Data/emerg_dataset5/emerg_dataset5_417/emerg_dataset5_417.jpg,emerg_dataset5_417.jpg,emerg_dataset5,20230927_173920_mp4-43_jpg.rf.79a10c59e568d5c3ccec545b27b7c415.jpg,cb50faf5ac4f229c7fd1d2961b778c22
Data/emerg_dataset5/emerg_dataset5_418/emerg_dataset5_418.jpg,emerg_dataset5_418.jpg,emerg_dataset5,20230927_173920_mp4-44_jpg.rf.28dab1455b25a83e1217b62589429a1c.jpg,a778023ffc82f9050e5d4ceb64c71f53
Data/emerg_dataset5/emerg_dataset5_419/emerg_dataset5_419.jpg,emerg_dataset5_419.jpg,emerg_dataset5,20230927_173920_mp4-44_jpg.rf.3bfa9a6efdc3a140448a6fb7e3b22676.jpg,779feee356c5c46b55ee46679bac2671
Data/emerg_dataset5/emerg_dataset5_42/emerg_dataset5_42.jpg,emerg_dataset5_42.jpg,emerg_dataset5,youtube-100_jpg.rf.b9bc21e267218a14b9c9c326583c6398.jpg,8105a5ba494be04fd0a6c5297acd3451
Data/emerg_dataset5/emerg_dataset5_420/emerg_dataset5_420.jpg,emerg_dataset5_420.jpg,emerg_dataset5,20230927_173920_mp4-44_jpg.rf.e8f120538b117be82b149b5f00aa72d8.jpg,e712c3e470a2b7be6bcaf47eb54f93d5
Data/emerg_dataset5/emerg_dataset5_421/emerg_dataset5_421.jpg,emerg_dataset5_421.jpg,emerg_dataset5,20230927_173920_mp4-45_jpg.rf.094d5fcb5177ab7c78543d14d94195e8.jpg,59c341a4a9351edf53e5cb84b66507c9
Data/emerg_dataset5/emerg_dataset5_422/emerg_dataset5_422.jpg,emerg_dataset5_422.jpg,emerg_dataset5,20230927_173920_mp4-45_jpg.rf.babb81fc510a79bca82dd8d95d3dfe33.jpg,4d3b4828318ba70dd30321b4b90fb13c
Data/emerg_dataset5/emerg_dataset5_423/emerg_dataset5_423.jpg,emerg_dataset5_423.jpg,emerg_dataset5,20230927_173920_mp4-45_jpg.rf.dc5f00efa243a91f560d51a94aac9b57.jpg,7aeb1a512d96316164c52e9ca2d86c92
Data/emerg_dataset5/emerg_dataset5_424/emerg_dataset5_424.jpg,emerg_dataset5_424.jpg,emerg_dataset5,20230927_173920_mp4-49_jpg.rf.30de1ed356b25b3e42ceda8613d53b1e.jpg,492e1449ff2741e2acb0eed273f0bc29
Data/emerg_dataset5/emerg_dataset5_425/emerg_dataset5_425.jpg,emerg_dataset5_425.jpg,emerg_dataset5,20230927_173920_mp4-49_jpg.rf.5124f1c83fae8e711c90afac83158e64.jpg,ea1f1c1e437f9cc8044cee43d603e49f
Data/emerg_dataset5/emerg_dataset5_426/emerg_dataset5_426.jpg,emerg_dataset5_426.jpg,emerg_dataset5,20230927_173920_mp4-49_jpg.rf.cda780a7dff6c9e906aadc4b68740987.jpg,b19e7471e7ad0e5916fb139f61ff2b1a
Data/emerg_dataset5/emerg_dataset5_427/emerg_dataset5_427.jpg,emerg_dataset5_427.jpg,emerg_dataset5,20230927_173920_mp4-4_jpg.rf.019dd780e16c798efac69905151d8812.jpg,31785121eca40a3ea7aa68d8056636b3
Data/emerg_dataset5/emerg_dataset5_428/emerg_dataset5_428.jpg,emerg_dataset5_428.jpg,emerg_dataset5,20230927_173920_mp4-4_jpg.rf.1995f12c8e9361cb38312e95679c87fb.jpg,8e88329b4c3523f2f77dd821bcd34111
Data/emerg_dataset5/emerg_dataset5_429/emerg_dataset5_429.jpg,emerg_dataset5_429.jpg,emerg_dataset5,20230927_173920_mp4-4_jpg.rf.d7048453cc4ace6dc0f55565936a1040.jpg,1c262a7feb1bc8cd74339601db55de7e
Data/emerg_dataset5/emerg_dataset5_43/emerg_dataset5_43.jpg,emerg_dataset5_43.jpg,emerg_dataset5,youtube-101_jpg.rf.dc5aa0d9f556e013f2b4792b0e4f5438.jpg,84fb16c9d21bf55d64c28ec872d6dd83
Data/emerg_dataset5/emerg_dataset5_430/emerg_dataset5_430.jpg,emerg_dataset5_430.jpg,emerg_dataset5,20230927_173920_mp4-50_jpg.rf.49f30578be90e8be88d6030f70b06332.jpg,d9fbebc91dd903bf70acdbd3437f4913
Data/emerg_dataset5/emerg_dataset5_431/emerg_dataset5_431.jpg,emerg_dataset5_431.jpg,emerg_dataset5,20230927_173920_mp4-50_jpg.rf.b8278e8d00d06b5bc392c5a893484928.jpg,b20515d58cb1df3aa6c0acfc8e89f76f
Data/emerg_dataset5/emerg_dataset5_432/emerg_dataset5_432.jpg,emerg_dataset5_432.jpg,emerg_dataset5,20230927_173920_mp4-50_jpg.rf.d0cf3404069c4bc85be38c042b5255ed.jpg,05234ebea73f463794b0300ef46a1e7a
Data/emerg_dataset5/emerg_dataset5_433/emerg_dataset5_433.jpg,emerg_dataset5_433.jpg,emerg_dataset5,20230927_173920_mp4-5_jpg.rf.02b4311adb75bdafe61c94087644063b.jpg,9ab338e5832d38a67d37d8963621b00c
Data/emerg_dataset5/emerg_dataset5_434/emerg_dataset5_434.jpg,emerg_dataset5_434.jpg,emerg_dataset5,20230927_173920_mp4-5_jpg.rf.5884685860318616e40cbef60646cc80.jpg,786ccf0676a68aa660ad2913c0a622dd
Data/emerg_dataset5/emerg_dataset5_435/emerg_dataset5_435.jpg,emerg_dataset5_435.jpg,emerg_dataset5,20230927_173920_mp4-5_jpg.rf.74f59adbb8dce60bd0a416d9ba12e82a.jpg,c644ccad3b18f902d62b46c22da97449
Data/emerg_dataset5/emerg_dataset5_436/emerg_dataset5_436.jpg,emerg_dataset5_436.jpg,emerg_dataset5,20230927_173920_mp4-6_jpg.rf.2439e23462e23afca709f0121eab8300.jpg,a9944b1e82aeb6828707147d68f57524
Data/emerg_dataset5/emerg_dataset5_437/emerg_dataset5_437.jpg,emerg_dataset5_437.jpg,emerg_dataset5,20230927_173920_mp4-6_jpg.rf.d00443f7e3986effe0d3745809d0c312.jpg,30cb7438a7851b0cd5a573024d69f551
Data/emerg_dataset5/emerg_dataset5_438/emerg_dataset5_438.jpg,emerg_dataset5_438.jpg,emerg_dataset5,20230927_173920_mp4-6_jpg.rf.fbcd46f84fdaf47dfedcbdef9806b3e0.jpg,a019f01063d62a6a799dfeb4b7b1be44
Data/emerg_dataset5/emerg_dataset5_439/emerg_dataset5_439.jpg,emerg_dataset5_439.jpg,emerg_dataset5,20230927_173920_mp4-7_jpg.rf.3c541cbeb9fe420ad99a9ce80ee4299b.jpg,5087e53d90750792860722e0cd6bf248
Data/emerg_dataset5/emerg_dataset5_44/emerg_dataset5_44.jpg,emerg_dataset5_44.jpg,emerg_dataset5,youtube-10_jpg.rf.68d55c830cc2de6e8d40070ae47ab7e8.jpg,5a60446c6a90feed9e0180dc2a1bd0dd
Data/emerg_dataset5/emerg_dataset5_440/emerg_dataset5_440.jpg,emerg_dataset5_440.jpg,emerg_dataset5,20230927_173920_mp4-7_jpg.rf.56647cf4559218cc759a9706fad375d2.jpg,d4935fb340d4e3d679db9b95913c8aa4
Data/emerg_dataset5/emerg_dataset5_441/emerg_dataset5_441.jpg,emerg_dataset5_441.jpg,emerg_dataset5,20230927_173920_mp4-7_jpg.rf.cf0608078fd16c3c3c8cfeb3c5f0051b.jpg,25657f73611f1047aaad06b41f3dc756
Data/emerg_dataset5/emerg_dataset5_442/emerg_dataset5_442.jpg,emerg_dataset5_442.jpg,emerg_dataset5,20230927_173920_mp4-8_jpg.rf.b254361308d8cd39a630cc985b605e9f.jpg,747f72917c4e02edbcadb6365a0d6fe6
Data/emerg_dataset5/emerg_dataset5_443/emerg_dataset5_443.jpg,emerg_dataset5_443.jpg,emerg_dataset5,20230927_173920_mp4-8_jpg.rf.e176eae00382c81941f4e0790ec0038b.jpg,9e335bee6bd3687aa2a3ff1c1f3abf7a
Data/emerg_dataset5/emerg_dataset5_444/emerg_dataset5_444.jpg,emerg_dataset5_444.jpg,emerg_dataset5,20230927_173920_mp4-8_jpg.rf.f4329951acfa26576968d873b65e95d0.jpg,a820800e40abeb4082f116bfb4d04a12
Data/emerg_dataset5/emerg_dataset5_445/emerg_dataset5_445.jpg,emerg_dataset5_445.jpg,emerg_dataset5,20230927_173920_mp4-9_jpg.rf.37b1d3893e6f06af04ba05aea668b98c.jpg,91d7a08783acb1076245b27b58bef2a2
Data/emerg_dataset5/emerg_dataset5_446/emerg_dataset5_446.jpg,emerg_dataset5_446.jpg,emerg_dataset5,20230927_173920_mp4-9_jpg.rf.738c65d12ae805aa182ca2a81996f50b.jpg,e6b250e5fa980ce1958932a3be169158
Data/emerg_dataset5/emerg_dataset5_447/emerg_dataset5_447.jpg,emerg_dataset5_447.jpg,emerg_dataset5,20230927_173920_mp4-9_jpg.rf.cbb08873ba0fc283442098c27fb65b6a.jpg,e163c9d31ce807679eb68b8ecf502483
Data/emerg_dataset5/emerg_dataset5_448/emerg_dataset5_448.jpg,emerg_dataset5_448.jpg,emerg_dataset5,IMAG1559_jpg.rf.428a004558c4fdaa5b0740492d377664.jpg,a52e6e89d92d90aafd10d5b814996ea4
Data/emerg_dataset5/emerg_dataset5_449/emerg_dataset5_449.jpg,emerg_dataset5_449.jpg,emerg_dataset5,IMAG1559_jpg.rf.7a59359e1402eafc90994aab892a28b8.jpg,020f54a3e086be14db0d42a3b095b02d
Data/emerg_dataset5/emerg_dataset5_45/emerg_dataset5_45.jpg,emerg_dataset5_45.jpg,emerg_dataset5,youtube-113_jpg.rf.c86ed58588cf5d0d2f3fcc643f47b931.jpg,7c98d229636fd40e32f7b0f4c1aa219a
Data/emerg_dataset5/emerg_dataset5_450/emerg_dataset5_450.jpg,emerg_dataset5_450.jpg,emerg_dataset5,IMAG1559_jpg.rf.d4f7cb6e4f053ae26f66a5c0e3bdc101.jpg,7219f173e70d05360fdd641aa05bde7f
Data/emerg_dataset5/emerg_dataset5_451/emerg_dataset5_451.jpg,emerg_dataset5_451.jpg,emerg_dataset5,image-2023-04-26-26228934-0-masina-politie_jpg.rf.3b817f9c469950e515c067c71893fe6e.jpg,2ba29dbad2c5256dd89ad874dd78a01b
Data/emerg_dataset5/emerg_dataset5_452/emerg_dataset5_452.jpg,emerg_dataset5_452.jpg,emerg_dataset5,image-2023-04-26-26228934-0-masina-politie_jpg.rf.53b0a00a403ec5a6e75e019ec768b5fc.jpg,59d052d13650cc9b5234930e51e128d3
Data/emerg_dataset5/emerg_dataset5_453/emerg_dataset5_453.jpg,emerg_dataset5_453.jpg,emerg_dataset5,image-2023-04-26-26228934-0-masina-politie_jpg.rf.c0fe8a273c27d7badaa70f39cff6ac2b.jpg,98eeee9dc0508342d53235d66854c4c8
Data/emerg_dataset5/emerg_dataset5_454/emerg_dataset5_454.jpg,emerg_dataset5_454.jpg,emerg_dataset5,image-2023-05-9-26255272-0-masina-politie_jpg.rf.bd879362f76f658de0026ab6a295ee13.jpg,490193257e4637c274ef3b6f022322c3
Data/emerg_dataset5/emerg_dataset5_455/emerg_dataset5_455.jpg,emerg_dataset5_455.jpg,emerg_dataset5,image-2023-05-9-26255272-0-masina-politie_jpg.rf.d04652a7d82a997a72a5ba1c5b4f77a1.jpg,15796db7452dd5821097694ba5b3fb90
Data/emerg_dataset5/emerg_dataset5_456/emerg_dataset5_456.jpg,emerg_dataset5_456.jpg,emerg_dataset5,image-2023-05-9-26255272-0-masina-politie_jpg.rf.db7531a17d60ba30410d32c3df576950.jpg,cb63efa22652c5fef749dd832728d5a0
Data/emerg_dataset5/emerg_dataset5_457/emerg_dataset5_457.jpg,emerg_dataset5_457.jpg,emerg_dataset5,image-2023-08-24-26483400-0-masina-politie_jpg.rf.2ca62f3942ec9f11ed1889bf8255ca87.jpg,7e378a93aeef0be986087d02056b1106
Data/emerg_dataset5/emerg_dataset5_458/emerg_dataset5_458.jpg,emerg_dataset5_458.jpg,emerg_dataset5,image-2023-08-24-26483400-0-masina-politie_jpg.rf.ce1ab35e13d095ad9848af521b06a782.jpg,c8c5b55979666f942f7be9285b094a3a
Data/emerg_dataset5/emerg_dataset5_459/emerg_dataset5_459.jpg,emerg_dataset5_459.jpg,emerg_dataset5,image-2023-08-24-26483400-0-masina-politie_jpg.rf.dc6544efe58dc4a36e04e69b6cdd3614.jpg,ff9dc462fc1d466900d106d542e5b03f
Data/emerg_dataset5/emerg_dataset5_46/emerg_dataset5_46.jpg,emerg_dataset5_46.jpg,emerg_dataset5,youtube-11_jpg.rf.0a4e9a765415621d8d8332fb8fcdd80a.jpg,92b368ca3b20a568e9c9d382f0d1d091
Data/emerg_dataset5/emerg_dataset5_460/emerg_dataset5_460.jpg,emerg_dataset5_460.jpg,emerg_dataset5,image-2023-08-8-26449008-0-masina-politie_jpg.rf.70481a90be032f0763a61963d34f6191.jpg,ddc3ba5b2ea6da9a8719370beab380f8
Data/emerg_dataset5/emerg_dataset5_461/emerg_dataset5_461.jpg,emerg_dataset5_461.jpg,emerg_dataset5,image-2023-08-8-26449008-0-masina-politie_jpg.rf.b4a70228630b88cad33140d52e967e9f.jpg,3c5f064e003120fd150585b56ff024a8
Data/emerg_dataset5/emerg_dataset5_462/emerg_dataset5_462.jpg,emerg_dataset5_462.jpg,emerg_dataset5,image-2023-08-8-26449008-0-masina-politie_jpg.rf.eccf94128c3e75a41900f76003748d3e.jpg,f36add114c0c7d90fb532309a35abe95
Data/emerg_dataset5/emerg_dataset5_463/emerg_dataset5_463.jpg,emerg_dataset5_463.jpg,emerg_dataset5,image-2023-09-6-26513683-0-masina-politie_jpg.rf.115e6bc0019dc53bf6010f75d422e3b6.jpg,cf60b474888105b3869411f437ee2699
Data/emerg_dataset5/emerg_dataset5_464/emerg_dataset5_464.jpg,emerg_dataset5_464.jpg,emerg_dataset5,image-2023-09-6-26513683-0-masina-politie_jpg.rf.12a0a5cf2ef41ad18998e257f8648948.jpg,94c2674ede75ab962d5b448a548bb6a0
Data/emerg_dataset5/emerg_dataset5_466/emerg_dataset5_466.jpg,emerg_dataset5_466.jpg,emerg_dataset5,IMG-20230913-WA0000_jpg.rf.48395a47ed6035901692291711472429.jpg,ab19186de203c0b4cc0d774c53eced1e
Data/emerg_dataset5/emerg_dataset5_467/emerg_dataset5_467.jpg,emerg_dataset5_467.jpg,emerg_dataset5,IMG-20230913-WA0000_jpg.rf.503719bab05cb037b92c1414e5492d7f.jpg,1d8099151fb9665142e59afc5af88cef
Data/emerg_dataset5/emerg_dataset5_469/emerg_dataset5_469.jpg,emerg_dataset5_469.jpg,emerg_dataset5,IMG-20230915-WA0001_jpg.rf.241939e70cf798ef81c6787f78733f16.jpg,5b4665dd8ffdf71a648a7040e8c74320
Data/emerg_dataset5/emerg_dataset5_47/emerg_dataset5_47.jpg,emerg_dataset5_47.jpg,emerg_dataset5,youtube-11_jpg.rf.c19151fb285c6cbbd34ebbf74dc544b2.jpg,11f06cc0acecac5763d4523b34110659
Data/emerg_dataset5/emerg_dataset5_470/emerg_dataset5_470.jpg,emerg_dataset5_470.jpg,emerg_dataset5,IMG-20230915-WA0001_jpg.rf.53d6917bf265753bc20bd5a0945fcc21.jpg,0f66d3e7dcbbf5a1a23e4eec9bda88f4
Data/emerg_dataset5/emerg_dataset5_471/emerg_dataset5_471.jpg,emerg_dataset5_471.jpg,emerg_dataset5,IMG-20230915-WA0001_jpg.rf.e8e9eccf5a605587c0782b12460fdc18.jpg,b303781065eeed469e574827a39b9a95
Data/emerg_dataset5/emerg_dataset5_473/emerg_dataset5_473.jpg,emerg_dataset5_473.jpg,emerg_dataset5,IMG-20230915-WA0002_jpg.rf.926077c4df150a9f39f36051615d32d4.jpg,c7b83c303e71c7cd2fd00eaf657969d5
Data/emerg_dataset5/emerg_dataset5_474/emerg_dataset5_474.jpg,emerg_dataset5_474.jpg,emerg_dataset5,IMG-20230915-WA0002_jpg.rf.9ff2f12996ef2cd35f5a8c5b4f55a68d.jpg,a5c4dc4dfcb3087e8993d2dc52ec72ac
Data/emerg_dataset5/emerg_dataset5_475/emerg_dataset5_475.jpg,emerg_dataset5_475.jpg,emerg_dataset5,IMG-20230915-WA0004_jpg.rf.466718404fbb481b76b55a28240ef4d5.jpg,d3b8e061c3276e7f1d7f63dd3875e184
Data/emerg_dataset5/emerg_dataset5_476/emerg_dataset5_476.jpg,emerg_dataset5_476.jpg,emerg_dataset5,IMG-20230915-WA0004_jpg.rf.58a156023b8179a6dbfb7b92a6254943.jpg,e7931733c2f15390eebb8cbda2dd945a
Data/emerg_dataset5/emerg_dataset5_477/emerg_dataset5_477.jpg,emerg_dataset5_477.jpg,emerg_dataset5,IMG-20230915-WA0004_jpg.rf.a065ae266deb2c30b01825a3a3570f6d.jpg,c3e53917625901f6ed7244052d0ef46d
Data/emerg_dataset5/emerg_dataset5_478/emerg_dataset5_478.jpg,emerg_dataset5_478.jpg,emerg_dataset5,IMG-20230915-WA0007_jpg.rf.2362e502945f8b83dc3eacf5ef800ea0.jpg,7ac9b7ee7b82878d7f9ba9268ff37fa2
Data/emerg_dataset5/emerg_dataset5_479/emerg_dataset5_479.jpg,emerg_dataset5_479.jpg,emerg_dataset5,IMG-20230915-WA0007_jpg.rf.678952e66c42e4e1115fe58e8560b896.jpg,3feea189186f73ada13b0046cfd49110
Data/emerg_dataset5/emerg_dataset5_48/emerg_dataset5_48.jpg,emerg_dataset5_48.jpg,emerg_dataset5,youtube-128_jpg.rf.635a9f76376f04840b21f050f4d29f8d.jpg,9f234a89588fc43674b94ca1f054ca5f
Data/emerg_dataset5/emerg_dataset5_480/emerg_dataset5_480.jpg,emerg_dataset5_480.jpg,emerg_dataset5,IMG-20230915-WA0007_jpg.rf.84e4f3ace9c4e36490c3a96326e0d4cf.jpg,3315eafec854be02c3cd4c3d64e351fc
Data/emerg_dataset5/emerg_dataset5_481/emerg_dataset5_481.jpg,emerg_dataset5_481.jpg,emerg_dataset5,IMG-20230915-WA0008_jpg.rf.1512fb6dd7604c7338441994cf2e7949.jpg,24a6e90dce6e7c186c5f00e22c27e343
Data/emerg_dataset5/emerg_dataset5_484/emerg_dataset5_484.jpg,emerg_dataset5_484.jpg,emerg_dataset5,IMG_20160426_124643_jpg.rf.1dd9e5bc189b2d66923899724607f7f6.jpg,fec4a78509e2b74f8ef985c8a3f01eef
Data/emerg_dataset5/emerg_dataset5_485/emerg_dataset5_485.jpg,emerg_dataset5_485.jpg,emerg_dataset5,IMG_20160426_124643_jpg.rf.5a0d1423df55d8cd8e3bb7e4c063f388.jpg,7b80357e77cb9a7dc0d77a5783ef4657
Data/emerg_dataset5/emerg_dataset5_486/emerg_dataset5_486.jpg,emerg_dataset5_486.jpg,emerg_dataset5,IMG_20160426_124643_jpg.rf.6e9035392cf25c1d2b90964addc8beb3.jpg,747d5886f5551b96985940162cecbca2
Data/emerg_dataset5/emerg_dataset5_487/emerg_dataset5_487.jpg,emerg_dataset5_487.jpg,emerg_dataset5,IMG_6675_jpg.rf.2c745c12251f12001a79fbb175811066.jpg,e73b2b6e453854f9c88a45e4b1c89283
Data/emerg_dataset5/emerg_dataset5_488/emerg_dataset5_488.jpg,emerg_dataset5_488.jpg,emerg_dataset5,IMG_6675_jpg.rf.45ccce096f591417c7bf2426887ab1b4.jpg,8bb92a7ea5f87251f80aa0f818099ffa
Data/emerg_dataset5/emerg_dataset5_489/emerg_dataset5_489.jpg,emerg_dataset5_489.jpg,emerg_dataset5,IMG_6675_jpg.rf.54b30bd3cb0bacb36aa73dea9475a901.jpg,586341721d0d4c794cc9eba20b4e0fa5
Data/emerg_dataset5/emerg_dataset5_491/emerg_dataset5_491.jpg,emerg_dataset5_491.jpg,emerg_dataset5,IMG_6676_jpg.rf.5bc0b79594bf9c7070962f1a4d3f738e.jpg,b3a7e7e63a8467a9d8241d6fdc0dc67e
Data/emerg_dataset5/emerg_dataset5_492/emerg_dataset5_492.jpg,emerg_dataset5_492.jpg,emerg_dataset5,IMG_6676_jpg.rf.80a07587fcbc926603765609894f7c37.jpg,2c349a91d69ad21174bea885ad501215
Data/emerg_dataset5/emerg_dataset5_493/emerg_dataset5_493.jpg,emerg_dataset5_493.jpg,emerg_dataset5,IMG_6679_jpg.rf.12930d667f43d06c979c1fd9f172bb5d.jpg,5ae0e03aa8d8868ba9fc38257d8162cb
Data/emerg_dataset5/emerg_dataset5_495/emerg_dataset5_495.jpg,emerg_dataset5_495.jpg,emerg_dataset5,IMG_6679_jpg.rf.c4fad69337d935f4e075ead059bb35f4.jpg,5e77be8b032b5587c6215a2809c3dee3
Data/emerg_dataset5/emerg_dataset5_496/emerg_dataset5_496.jpg,emerg_dataset5_496.jpg,emerg_dataset5,IMG_6683_jpg.rf.6855bb124b5002aef39f63bfc90de0ed.jpg,c63a9962e16ca2f2be41371d437ecb00
Data/emerg_dataset5/emerg_dataset5_497/emerg_dataset5_497.jpg,emerg_dataset5_497.jpg,emerg_dataset5,IMG_6683_jpg.rf.aed322cda638a2093132695cb320facf.jpg,d742c5a649bb713446ee266a6f020c15
Data/emerg_dataset5/emerg_dataset5_498/emerg_dataset5_498.jpg,emerg_dataset5_498.jpg,emerg_dataset5,IMG_6683_jpg.rf.b77d3c36f9552e22d9931ef863db6d24.jpg,f679b8a022b7deffe8a84a95409c7af8
Data/emerg_dataset5/emerg_dataset5_499/emerg_dataset5_499.jpg,emerg_dataset5_499.jpg,emerg_dataset5,IMG_6685_jpg.rf.2701ed812e2069831c7ea8b8002c40cd.jpg,1f8758a889360b0582e07d02de853462
Data/emerg_dataset5/emerg_dataset5_5/emerg_dataset5_5.jpg,emerg_dataset5_5.jpg,emerg_dataset5,20230912_211956_mp4-35_jpg.rf.29f3d0a99ccfc6a2651dc73c85e1e784.jpg,54a1e2355a22a0f05cda947c62729234
Data/emerg_dataset5/emerg_dataset5_50/emerg_dataset5_50.jpg,emerg_dataset5_50.jpg,emerg_dataset5,youtube-13_jpg.rf.7c0779431f6feb46e5dfb541c2e4de47.jpg,070fa5b4f974de47578b134a0a4cd026
Data/emerg_dataset5/emerg_dataset5_500/emerg_dataset5_500.jpg,emerg_dataset5_500.jpg,emerg_dataset5,IMG_6685_jpg.rf.6635c7b0a5e6a4994436f6f9a4e2f27a.jpg,fe996ea1e45d82a94c5445a04b651703
Data/emerg_dataset5/emerg_dataset5_51/emerg_dataset5_51.jpg,emerg_dataset5_51.jpg,emerg_dataset5,youtube-13_jpg.rf.f4e85308d81a8712326191066081d2d9.jpg,213faede8271ad02359b30ef25323344
Data/emerg_dataset5/emerg_dataset5_52/emerg_dataset5_52.jpg,emerg_dataset5_52.jpg,emerg_dataset5,youtube-158_jpg.rf.7770737f66086b13e747096fddca9bc5.jpg,44194b6f6f2626689a66a6d4f9020732
Data/emerg_dataset5/emerg_dataset5_53/emerg_dataset5_53.jpg,emerg_dataset5_53.jpg,emerg_dataset5,youtube-15_jpg.rf.22279146240a8a3f091779ab72be4f9e.jpg,7413885c5a9068b976322209ed54b812
Data/emerg_dataset5/emerg_dataset5_54/emerg_dataset5_54.jpg,emerg_dataset5_54.jpg,emerg_dataset5,youtube-162_jpg.rf.d2d44f81ca07bb9033b8a98383608473.jpg,dd642c19eec103b17decf5d7f7f7650a
Data/emerg_dataset5/emerg_dataset5_55/emerg_dataset5_55.jpg,emerg_dataset5_55.jpg,emerg_dataset5,youtube-168_jpg.rf.f771f2d566384b7c50ab0e59c8f90fbf.jpg,144c1f0dc8d88f6c90b6d4fa9782a0a9
Data/emerg_dataset5/emerg_dataset5_56/emerg_dataset5_56.jpg,emerg_dataset5_56.jpg,emerg_dataset5,youtube-183_jpg.rf.995100def776b09cc4984f6aea2296af.jpg,3a49407725befd6181ea1f2ef1c91f82
Data/emerg_dataset5/emerg_dataset5_57/emerg_dataset5_57.jpg,emerg_dataset5_57.jpg,emerg_dataset5,youtube-187_jpg.rf.7826d5c63dc26778ac42e8b75f8a61d8.jpg,c43258b5305342235c0bb3c02196aea5
Data/emerg_dataset5/emerg_dataset5_58/emerg_dataset5_58.jpg,emerg_dataset5_58.jpg,emerg_dataset5,youtube-193_jpg.rf.5966335d6cb44c0de9c33d0df3efb66f.jpg,407648f8d884b2e5e8d156ce8eafa67d
Data/emerg_dataset5/emerg_dataset5_59/emerg_dataset5_59.jpg,emerg_dataset5_59.jpg,emerg_dataset5,youtube-194_jpg.rf.74e4dddc7d7c872475582e60b817a295.jpg,e727b93acc58804b7c8699e3e7137cae
Data/emerg_dataset5/emerg_dataset5_6/emerg_dataset5_6.jpg,emerg_dataset5_6.jpg,emerg_dataset5,20230912_211956_mp4-48_jpg.rf.46862ec7c1c9b30ddc9f9c47e9b35caf.jpg,05cd18c93d94f310edf9883e37629e87
Data/emerg_dataset5/emerg_dataset5_60/emerg_dataset5_60.jpg,emerg_dataset5_60.jpg,emerg_dataset5,youtube-208_jpg.rf.e5e50a21648fc7ac83fb4209b3c5b2e2.jpg,5e0b1425a5e34b4b570328f9598ef30a
Data/emerg_dataset5/emerg_dataset5_61/emerg_dataset5_61.jpg,emerg_dataset5_61.jpg,emerg_dataset5,youtube-20_jpg.rf.9d13bfd42e804492944e0c0956991d18.jpg,f8176bc849fcb379d418bc07e26d17e6
Data/emerg_dataset5/emerg_dataset5_62/emerg_dataset5_62.jpg,emerg_dataset5_62.jpg,emerg_dataset5,youtube-210_jpg.rf.8754c04028d2345906b88e24b057b8cb.jpg,d0faef7e20179fbb82aea8be4837cf38
Data/emerg_dataset5/emerg_dataset5_63/emerg_dataset5_63.jpg,emerg_dataset5_63.jpg,emerg_dataset5,youtube-217_jpg.rf.e40dd793f35b7c1e2ca92bb1de7483e6.jpg,70ca33710e384fa3288dabf7feb9a31c
Data/emerg_dataset5/emerg_dataset5_64/emerg_dataset5_64.jpg,emerg_dataset5_64.jpg,emerg_dataset5,youtube-21_jpg.rf.3453dc2d6f1754803ff04f32a4a07776.jpg,ac3b6e9ef5237230ee94c9c886a8bad4
Data/emerg_dataset5/emerg_dataset5_65/emerg_dataset5_65.jpg,emerg_dataset5_65.jpg,emerg_dataset5,youtube-222_jpg.rf.2d12600d0edf3e183c8026811c0d5d3c.jpg,fb4af1264ac692b9a55026204363c2a4
Data/emerg_dataset5/emerg_dataset5_66/emerg_dataset5_66.jpg,emerg_dataset5_66.jpg,emerg_dataset5,youtube-225_jpg.rf.2b7904dbb2107daaef1dfc296b867516.jpg,db046ea523c9603cd3104255fb80c8eb
Data/emerg_dataset5/emerg_dataset5_67/emerg_dataset5_67.jpg,emerg_dataset5_67.jpg,emerg_dataset5,youtube-231_jpg.rf.80bfd6da2c81d5ba318ac6bc7f09ff98.jpg,1008da3cd5fc4c48026790c33a571cfd
Data/emerg_dataset5/emerg_dataset5_68/emerg_dataset5_68.jpg,emerg_dataset5_68.jpg,emerg_dataset5,youtube-252_jpg.rf.19f3d7240d08d137ce3eb05fec1091ac.jpg,1cc8da9a75200fd76f9af28502c91cb6
Data/emerg_dataset5/emerg_dataset5_69/emerg_dataset5_69.jpg,emerg_dataset5_69.jpg,emerg_dataset5,youtube-25_jpg.rf.7fa51f9f1a7ce64b4b5c705f441f9d3c.jpg,165a3cbd41295a729de07c7c878cbd4e
Data/emerg_dataset5/emerg_dataset5_7/emerg_dataset5_7.jpg,emerg_dataset5_7.jpg,emerg_dataset5,20230912_211956_mp4-4_jpg.rf.0094b7c3fbdadd6ff262e333c8a8b629.jpg,343d98a1524e43feb712c8d8a4249e86
Data/emerg_dataset5/emerg_dataset5_70/emerg_dataset5_70.jpg,emerg_dataset5_70.jpg,emerg_dataset5,youtube-27_jpg.rf.f94886b354fe456cee1d7baa56192c3e.jpg,842fe96344026b8efdbfde0b34856ed4
Data/emerg_dataset5/emerg_dataset5_72/emerg_dataset5_72.jpg,emerg_dataset5_72.jpg,emerg_dataset5,youtube-295_jpg.rf.33ad2570076a120eb603a8de724d978b.jpg,2a6b84d54d868addf55c1be9c3dcde4c
Data/emerg_dataset5/emerg_dataset5_73/emerg_dataset5_73.jpg,emerg_dataset5_73.jpg,emerg_dataset5,youtube-31_jpg.rf.6499854c6e69385bc29cb5eb590bbbe7.jpg,aad99febf1bfea126b1d36c0e34e27a3
Data/emerg_dataset5/emerg_dataset5_74/emerg_dataset5_74.jpg,emerg_dataset5_74.jpg,emerg_dataset5,youtube-3_jpg.rf.e2a0e7a8d7cc3f00b1fe5eb98485c295.jpg,ae6bb92769939cdf4e575715908202de
Data/emerg_dataset5/emerg_dataset5_75/emerg_dataset5_75.jpg,emerg_dataset5_75.jpg,emerg_dataset5,youtube-44_jpg.rf.fcc1ab208f4ad48879be242532be684f.jpg,d91f79e1c333fd5ae684f0f66898cd0a
Data/emerg_dataset5/emerg_dataset5_76/emerg_dataset5_76.jpg,emerg_dataset5_76.jpg,emerg_dataset5,youtube-58_jpg.rf.c26b2ffe4ae50858856926a3de10bb32.jpg,749355c5b0141f5c92e822e150dcf11c
Data/emerg_dataset5/emerg_dataset5_77/emerg_dataset5_77.jpg,emerg_dataset5_77.jpg,emerg_dataset5,youtube-5_jpg.rf.7c04f81745b9079e3b0350c06cca56a6.jpg,1d1e6796a941fcd6f8cb89aaf4ddbdac
Data/emerg_dataset5/emerg_dataset5_78/emerg_dataset5_78.jpg,emerg_dataset5_78.jpg,emerg_dataset5,youtube-5_jpg.rf.886f2fa7a67dd59039b07d253a4f3396.jpg,ea387232aa79fa3ee38057b44b3896ae
Data/emerg_dataset5/emerg_dataset5_79/emerg_dataset5_79.jpg,emerg_dataset5_79.jpg,emerg_dataset5,youtube-60_jpg.rf.a84da65499b1b27789630ac41aa0e909.jpg,7ab267e5736abea818a4dbf03b5dc65e
Data/emerg_dataset5/emerg_dataset5_8/emerg_dataset5_8.jpg,emerg_dataset5_8.jpg,emerg_dataset5,20230912_211956_mp4-65_jpg.rf.8d2792a98b97994e51e974a10056722e.jpg,31dc5dfcdaf90cf5c245574e92c1ccc3
Data/emerg_dataset5/emerg_dataset5_80/emerg_dataset5_80.jpg,emerg_dataset5_80.jpg,emerg_dataset5,youtube-64_jpg.rf.8778df4b45796c2553cb5527833f4f98.jpg,7ba933ff97843cf578bcba768ab1e59d
Data/emerg_dataset5/emerg_dataset5_81/emerg_dataset5_81.jpg,emerg_dataset5_81.jpg,emerg_dataset5,youtube-65_jpg.rf.d93c8c104344cf953e853527a6e85173.jpg,94503210a82e21375717f077436067cc
Data/emerg_dataset5/emerg_dataset5_82/emerg_dataset5_82.jpg,emerg_dataset5_82.jpg,emerg_dataset5,youtube-66_jpg.rf.ab9327eef2e533eb20ed005b5ba133b8.jpg,c381473a56d019c4abbff80bd9c02d14
Data/emerg_dataset5/emerg_dataset5_83/emerg_dataset5_83.jpg,emerg_dataset5_83.jpg,emerg_dataset5,youtube-68_jpg.rf.dc9225b7793586ec9c59f443391252d2.jpg,740375cedfc161020495480b552e4e2b
Data/emerg_dataset5/emerg_dataset5_84/emerg_dataset5_84.jpg,emerg_dataset5_84.jpg,emerg_dataset5,youtube-69_jpg.rf.666b5025b79fecc67e26f69b872929ce.jpg,1042e2d182063a681cc911498d1c9924
Data/emerg_dataset5/emerg_dataset5_85/emerg_dataset5_85.jpg,emerg_dataset5_85.jpg,emerg_dataset5,youtube-77_jpg.rf.2d7fda6c38d78f052b983cf24adca146.jpg,ab6478ac0dbe2ce90d8cf0b4bb37b44d
Data/emerg_dataset5/emerg_dataset5_86/emerg_dataset5_86.jpg,emerg_dataset5_86.jpg,emerg_dataset5,youtube-7_jpg.rf.87fbc30fcf582f8d2b7e8fada6501461.jpg,59758f4846454e6418a1e7fcb8bb8b66
Data/emerg_dataset5/emerg_dataset5_87/emerg_dataset5_87.jpg,emerg_dataset5_87.jpg,emerg_dataset5,youtube-90_jpg.rf.52b0f5d0b9a1dce73bf7830f0a63c832.jpg,7ff4114c79d9eee420ac47e3262f13a8
Data/emerg_dataset5/emerg_dataset5_88/emerg_dataset5_88.jpg,emerg_dataset5_88.jpg,emerg_dataset5,20230912_184338_jpg.rf.12f2662cd628667f94763ba88de7fcda.jpg,a4f0beb643782dce75c8ed5dbd5a3dd3
Data/emerg_dataset5/emerg_dataset5_89/emerg_dataset5_89.jpg,emerg_dataset5_89.jpg,emerg_dataset5,20230912_184338_jpg.rf.76178b7874ad29b39927b0ff6e6346dc.jpg,b42a82b76647362a0716d355237e1e85
Data/emerg_dataset5/emerg_dataset5_9/emerg_dataset5_9.jpg,emerg_dataset5_9.jpg,emerg_dataset5,20230912_211956_mp4-66_jpg.rf.a1880a4845176bbc26c2260758fb36f5.jpg,e0af3436b015f5fd72a33af5544d272e
Data/emerg_dataset5/emerg_dataset5_90/emerg_dataset5_90.jpg,emerg_dataset5_90.jpg,emerg_dataset5,20230912_184338_jpg.rf.a6f56a2edfe1e3661c08754652c6211c.jpg,cc6f1d3ffa4875e7e2ccb401fd30e4d9
Data/emerg_dataset5/emerg_dataset5_92/emerg_dataset5_92.jpg,emerg_dataset5_92.jpg,emerg_dataset5,20230912_184343_jpg.rf.82758d31e2e3d6ea3327256dfc49c30a.jpg,0f0d317ae713ac75b77acbeaa6825ad9
Data/emerg_dataset5/emerg_dataset5_93/emerg_dataset5_93.jpg,emerg_dataset5_93.jpg,emerg_dataset5,20230912_184343_jpg.rf.f7e9eedb32026c3a85e1d503a96d2bcc.jpg,4be668e6253999e7f9eea758991ab27e
Data/emerg_dataset5/emerg_dataset5_95/emerg_dataset5_95.jpg,emerg_dataset5_95.jpg,emerg_dataset5,20230912_200726_1_mp4-1_jpg.rf.918d96405772cefbca1f0593c8e23e0c.jpg,a5b04b541721aac5d5583a4196831a75
Data/emerg_dataset5/emerg_dataset5_97/emerg_dataset5_97.jpg,emerg_dataset5_97.jpg,emerg_dataset5,20230912_200726_1_mp4-2_jpg.rf.0d23a61f37935f1421a4962e272e36a5.jpg,6536a74904f5d7bfdd21aa18702c7685
Data/emerg_dataset6/emerg_dataset6_1/emerg_dataset6_1.jpg,emerg_dataset6_1.jpg,emerg_dataset6,ma--205-_png_jpg.rf.d5cb7bbfa7ac8edabd3e50ac927a1fc7.jpg,3918f997d8581adfbf0e15129d4e58ac
Data/emerg_dataset6/emerg_dataset6_10/emerg_dataset6_10.jpg,emerg_dataset6_10.jpg,emerg_dataset6,ma--396-_png_jpg.rf.c4cec190aa6e8029c29f2dc3b58d5c70.jpg,599abb581bb497791293939cc67e7e6c
Data/emerg_dataset6/emerg_dataset6_100/emerg_dataset6_100.jpg,emerg_dataset6_100.jpg,emerg_dataset6,mmm--116-_png_jpg.rf.68823fd0e0273856a201021978011524.jpg,0b150ffbc0d32158b88e6ddccaf5db22
Data/emerg_dataset6/emerg_dataset6_101/emerg_dataset6_101.jpg,emerg_dataset6_101.jpg,emerg_dataset6,mmm--116-_png_jpg.rf.838af8ae5469f5815e979a424192c5ff.jpg,d0c5263f2e9c1d73cc1ee25bb6c47857
Data/emerg_dataset6/emerg_dataset6_102/emerg_dataset6_102.jpg,emerg_dataset6_102.jpg,emerg_dataset6,mmm--119-_png_jpg.rf.264d3cd86b21c3cfb803b4d5ffb523b3.jpg,c88725ceda85a537e437ec1fbce1c57f
Data/emerg_dataset6/emerg_dataset6_103/emerg_dataset6_103.jpg,emerg_dataset6_103.jpg,emerg_dataset6,mmm--130-_png_jpg.rf.e6723d10be51fa75e39d2f289953fb34.jpg,411f1e3fd447837cb9e7e3c739f76393
Data/emerg_dataset6/emerg_dataset6_104/emerg_dataset6_104.jpg,emerg_dataset6_104.jpg,emerg_dataset6,mmm--131-_png_jpg.rf.c7c0d22e2f840a039846fe44aa1859bb.jpg,59f465a4380a6aa056eb625c0a75e12e
Data/emerg_dataset6/emerg_dataset6_105/emerg_dataset6_105.jpg,emerg_dataset6_105.jpg,emerg_dataset6,mmm--132-_png_jpg.rf.7ba7af9b963f0dba9f8d16ae574da641.jpg,3c5434bc3ac066528efe49ab5f0b3495
Data/emerg_dataset6/emerg_dataset6_106/emerg_dataset6_106.jpg,emerg_dataset6_106.jpg,emerg_dataset6,mmm--132-_png_jpg.rf.b4355e9204ba9bba66ede0ddb3178f1f.jpg,3c26174b4fee0e801cc0a696b9e84d4b
Data/emerg_dataset6/emerg_dataset6_107/emerg_dataset6_107.jpg,emerg_dataset6_107.jpg,emerg_dataset6,mmm--135-_png_jpg.rf.b40bae089521fec085ea133d4af34b64.jpg,1ba8cd87c862da086ead3b13c79e8a85
Data/emerg_dataset6/emerg_dataset6_108/emerg_dataset6_108.jpg,emerg_dataset6_108.jpg,emerg_dataset6,mmm--135-_png_jpg.rf.cf9ff5b49a91c7c85335d797fe2141ed.jpg,dba9a8611e72a68b5e89994d35bf5af8
Data/emerg_dataset6/emerg_dataset6_109/emerg_dataset6_109.jpg,emerg_dataset6_109.jpg,emerg_dataset6,mmm--140-_png_jpg.rf.768f4ad991c2d55b569701662a88a00f.jpg,0711b95c7d3a2369fd5efe48ad5f71c0
Data/emerg_dataset6/emerg_dataset6_11/emerg_dataset6_11.jpg,emerg_dataset6_11.jpg,emerg_dataset6,ma-mobile-pakistani-uniformed-police-anti-terrorist-unit-on-p_jpg.rf.8547f6898a6d65d129895d2f999515d2.jpg,be01b21131299aa964f33383746ee386
Data/emerg_dataset6/emerg_dataset6_110/emerg_dataset6_110.jpg,emerg_dataset6_110.jpg,emerg_dataset6,mmm--140-_png_jpg.rf.9ba66a57302fe48555de7ec0f67591f2.jpg,49fe0965051258703d280cbca8fc76a4
Data/emerg_dataset6/emerg_dataset6_111/emerg_dataset6_111.jpg,emerg_dataset6_111.jpg,emerg_dataset6,mmm--141-_png_jpg.rf.029ceb1890f54eb29c336dfd864327e6.jpg,af9a244c0bff62e59b9d127b26ca22af
Data/emerg_dataset6/emerg_dataset6_112/emerg_dataset6_112.jpg,emerg_dataset6_112.jpg,emerg_dataset6,mmm--143-_png_jpg.rf.2d1b0a53c65f0fa7862f94e553c57182.jpg,22e7dcebdbbe0f22c975255ffecb4e19
Data/emerg_dataset6/emerg_dataset6_113/emerg_dataset6_113.jpg,emerg_dataset6_113.jpg,emerg_dataset6,mmm--144-_png_jpg.rf.17ddf055de79ba65c63da3d03b91caa3.jpg,77f4839e2682c001873a16844ed1a6c5
Data/emerg_dataset6/emerg_dataset6_114/emerg_dataset6_114.jpg,emerg_dataset6_114.jpg,emerg_dataset6,mmm--146-_png_jpg.rf.e223b0c7fcc81f566fa8d80a16565d70.jpg,0b87c9c4e29ced303ac56fb405ea424f
Data/emerg_dataset6/emerg_dataset6_115/emerg_dataset6_115.jpg,emerg_dataset6_115.jpg,emerg_dataset6,mmm--147-_png_jpg.rf.a997188565f520536e814d538c021fe2.jpg,1de7775c4753ec079cf15b67c5219038
Data/emerg_dataset6/emerg_dataset6_116/emerg_dataset6_116.jpg,emerg_dataset6_116.jpg,emerg_dataset6,mmm--148-_png_jpg.rf.6617eb162307ba5dcf08f950f0683b2f.jpg,c27158d8484513f162f5b22a712097a9
Data/emerg_dataset6/emerg_dataset6_117/emerg_dataset6_117.jpg,emerg_dataset6_117.jpg,emerg_dataset6,mmm--151-_png_jpg.rf.ee309aeadc69886b2a387e90ee4f7919.jpg,7b8a1df0a7e60cf11877b75bea52a8d3
Data/emerg_dataset6/emerg_dataset6_118/emerg_dataset6_118.jpg,emerg_dataset6_118.jpg,emerg_dataset6,mmm--152-_png_jpg.rf.b655d279c5a6b967c8d6ea4ff9da55e3.jpg,dc7dd84527abec0986e00d42e2b4a9b5
Data/emerg_dataset6/emerg_dataset6_119/emerg_dataset6_119.jpg,emerg_dataset6_119.jpg,emerg_dataset6,mmm--153-_png_jpg.rf.4d7d9696811002a7ce5e04b27ee343c9.jpg,6df5b1c13fe46c3ac669055732999022
Data/emerg_dataset6/emerg_dataset6_12/emerg_dataset6_12.jpg,emerg_dataset6_12.jpg,emerg_dataset6,ma1799049cd25b329cb150aced5ffb3cf--police-vehicles-police-car_jpg.rf.8ac69c0d895e4fdf89a396c0afbc9718.jpg,0d78dea8b159aa3955ffc2f0a812d1ea
Data/emerg_dataset6/emerg_dataset6_120/emerg_dataset6_120.jpg,emerg_dataset6_120.jpg,emerg_dataset6,mmm--155-_png_jpg.rf.da5f908c4f70f88326689e3a34ebfcc8.jpg,208afd742c55b6220f1b90642f0f64ed
Data/emerg_dataset6/emerg_dataset6_121/emerg_dataset6_121.jpg,emerg_dataset6_121.jpg,emerg_dataset6,mmm--156-_png_jpg.rf.d1baf55a4f41b8e8973810bcda51274a.jpg,755d83604f9ce380ee4768b7ba72f020
Data/emerg_dataset6/emerg_dataset6_122/emerg_dataset6_122.jpg,emerg_dataset6_122.jpg,emerg_dataset6,mmm--157-_png_jpg.rf.cb2659b466c2af9029db67f15343f8e7.jpg,b63de60c8d604700b1a6314f8bf1d668
Data/emerg_dataset6/emerg_dataset6_123/emerg_dataset6_123.jpg,emerg_dataset6_123.jpg,emerg_dataset6,mmm--159-_png_jpg.rf.143896a334c880be5765b195dddc980b.jpg,4fbad5103d6ea69c5fe26a057eb5d847
Data/emerg_dataset6/emerg_dataset6_124/emerg_dataset6_124.jpg,emerg_dataset6_124.jpg,emerg_dataset6,mmm--159-_png_jpg.rf.9391784122b61ff1c9999075e984768a.jpg,4f3ec640f304174edd6149bfe6995785
Data/emerg_dataset6/emerg_dataset6_125/emerg_dataset6_125.jpg,emerg_dataset6_125.jpg,emerg_dataset6,mmm--161-_png_jpg.rf.61b70fd2aa3946851a4e128428f0181a.jpg,a9d23deeab8e35884c0b531da8abc2d4
Data/emerg_dataset6/emerg_dataset6_126/emerg_dataset6_126.jpg,emerg_dataset6_126.jpg,emerg_dataset6,mmm--162-_png_jpg.rf.dca3a317208ef12cb72597bd8b61ad00.jpg,f7578494f19e28211f457cade15951d1
Data/emerg_dataset6/emerg_dataset6_127/emerg_dataset6_127.jpg,emerg_dataset6_127.jpg,emerg_dataset6,mmm--166-_png_jpg.rf.9d1d1ca22632335916538c00da3e5d2c.jpg,c6cc7d5346937b22da616589c9191cc3
Data/emerg_dataset6/emerg_dataset6_128/emerg_dataset6_128.jpg,emerg_dataset6_128.jpg,emerg_dataset6,mmm--169-_png_jpg.rf.7bd774e657562770e85030f31fb0e894.jpg,d501dba1a67aae1797afdf91630142a7
Data/emerg_dataset6/emerg_dataset6_129/emerg_dataset6_129.jpg,emerg_dataset6_129.jpg,emerg_dataset6,mmm--170-_png_jpg.rf.3d25f2eff2a4b71559750f6c53370412.jpg,fc2ebca25ce37271921ce5b9696bccbc
Data/emerg_dataset6/emerg_dataset6_13/emerg_dataset6_13.jpg,emerg_dataset6_13.jpg,emerg_dataset6,maa4cfdd2efd5deeb86dcbb5bc693e3ba_jpg.rf.261754e2a894d808cc8a21706966e1e7.jpg,c15e45aefc89ad80ec82aea182b27b40
Data/emerg_dataset6/emerg_dataset6_130/emerg_dataset6_130.jpg,emerg_dataset6_130.jpg,emerg_dataset6,mmm--172-_png_jpg.rf.8d6615be86ee7ff6626f7cb36a7b279a.jpg,10e71c97858029df1a0892c761bfd1f8
Data/emerg_dataset6/emerg_dataset6_131/emerg_dataset6_131.jpg,emerg_dataset6_131.jpg,emerg_dataset6,mmm--176-_png_jpg.rf.6837beaa2653970c4457f3051e8cf067.jpg,bf786f5e7ec642934639dea883bdcd17
Data/emerg_dataset6/emerg_dataset6_132/emerg_dataset6_132.jpg,emerg_dataset6_132.jpg,emerg_dataset6,mmm--179-_png_jpg.rf.f5318176033913cbfd02f6e921c96270.jpg,8dd76c90087ff89aa9e9c6d2251b9c66
Data/emerg_dataset6/emerg_dataset6_133/emerg_dataset6_133.jpg,emerg_dataset6_133.jpg,emerg_dataset6,mmm--180-_png_jpg.rf.d60b797b816000c6d74b4facb3b540df.jpg,4ab8010893b18654afd285fe0fb26744
Data/emerg_dataset6/emerg_dataset6_134/emerg_dataset6_134.jpg,emerg_dataset6_134.jpg,emerg_dataset6,mmm--186-_png_jpg.rf.966a4fa4102c543ca6c8ad1b421cfca5.jpg,d0dc4eb0a411d8d473cfa7d376ebdf8c
Data/emerg_dataset6/emerg_dataset6_135/emerg_dataset6_135.jpg,emerg_dataset6_135.jpg,emerg_dataset6,mmm--190-_png_jpg.rf.58216505d660a53134bf6096f7a903d5.jpg,e8ab508d6b3c96b0ae587e2f05a63823
Data/emerg_dataset6/emerg_dataset6_136/emerg_dataset6_136.jpg,emerg_dataset6_136.jpg,emerg_dataset6,mmm--191-_png_jpg.rf.015e03d9de68212d3e014caebc698977.jpg,712990d76778f055b651a9a2faffa1ac
Data/emerg_dataset6/emerg_dataset6_137/emerg_dataset6_137.jpg,emerg_dataset6_137.jpg,emerg_dataset6,mmm--193-_png_jpg.rf.82ad5795e1d61567a8884e2a2d5ef3f8.jpg,71d2ba04e7b3d4305b2207cb9cb01999
Data/emerg_dataset6/emerg_dataset6_138/emerg_dataset6_138.jpg,emerg_dataset6_138.jpg,emerg_dataset6,mmm--194-_png_jpg.rf.218336c422d0eed0109ec62c4e523d23.jpg,7d02bdde870041fe6c9aff5ed77811d0
Data/emerg_dataset6/emerg_dataset6_139/emerg_dataset6_139.jpg,emerg_dataset6_139.jpg,emerg_dataset6,mmm--194-_png_jpg.rf.72a0bbc777eb0e3b7bfcc6b2750874e2.jpg,99ac78862d5b0591a7f4f9f8b620b5fa
Data/emerg_dataset6/emerg_dataset6_14/emerg_dataset6_14.jpg,emerg_dataset6_14.jpg,emerg_dataset6,mae034d43cbbc4cfc88631417b9f589f6--police-vehicles-police-car_jpg.rf.d3ad91db1ef80af4ac66f0037dd1ce8d.jpg,2679c3eb52097d845d15f43613e9fac3
Data/emerg_dataset6/emerg_dataset6_140/emerg_dataset6_140.jpg,emerg_dataset6_140.jpg,emerg_dataset6,mmm--197-_png_jpg.rf.8bebfe39ee91fbc2a1b3f07470e991da.jpg,655355f08cddf240fd2bbb03d3c7acfd
Data/emerg_dataset6/emerg_dataset6_141/emerg_dataset6_141.jpg,emerg_dataset6_141.jpg,emerg_dataset6,mmm--198-_png_jpg.rf.e929192aff6182c103167d51e3a97ec4.jpg,c2b73ddd4379c3720f3f089a3388fe33
Data/emerg_dataset6/emerg_dataset6_142/emerg_dataset6_142.jpg,emerg_dataset6_142.jpg,emerg_dataset6,mmm--209-_png_jpg.rf.7cf32bcae430628d2150120d0d86b4dd.jpg,ad16361b6f8f83db87ade9a22c48dd3b
Data/emerg_dataset6/emerg_dataset6_143/emerg_dataset6_143.jpg,emerg_dataset6_143.jpg,emerg_dataset6,mmm--210-_png_jpg.rf.8327d17cba6121e74cddceb38f2c24c9.jpg,09c8f326e0ecc5cc1befdbccae994890
Data/emerg_dataset6/emerg_dataset6_144/emerg_dataset6_144.jpg,emerg_dataset6_144.jpg,emerg_dataset6,mmm--210-_png_jpg.rf.8daa853024315a8a27bcf462ec63e8d4.jpg,5db831d2581eb68f22b1ab06ee4a8508
Data/emerg_dataset6/emerg_dataset6_145/emerg_dataset6_145.jpg,emerg_dataset6_145.jpg,emerg_dataset6,mmm--214-_png_jpg.rf.02865833ccbdbecdc755aed68009a906.jpg,713a4604eae9de99ae0f29843ee3c501
Data/emerg_dataset6/emerg_dataset6_146/emerg_dataset6_146.jpg,emerg_dataset6_146.jpg,emerg_dataset6,mmm--214-_png_jpg.rf.99b307b3e3e655bd66735a8eb318a41a.jpg,cc45528eada9bcd969e047483b60163e
Data/emerg_dataset6/emerg_dataset6_148/emerg_dataset6_148.jpg,emerg_dataset6_148.jpg,emerg_dataset6,mmm--218-_png_jpg.rf.6242ddbfef78dcdb5103366100f3af31.jpg,38bcdadd265fb9870bd0f8617e142b7a
Data/emerg_dataset6/emerg_dataset6_149/emerg_dataset6_149.jpg,emerg_dataset6_149.jpg,emerg_dataset6,mmm--219-_png_jpg.rf.860fb23f5b7f3122c603b546154a238a.jpg,d117f9276d15d973ffadc474ce2dd9ca
Data/emerg_dataset6/emerg_dataset6_15/emerg_dataset6_15.jpg,emerg_dataset6_15.jpg,emerg_dataset6,mainimage-motorwaypolicesops_2fcn_jpg.rf.aed3481c787d52ec5693090935d2b399.jpg,3cd509bd8f68468a5f4736c3d55028d8
Data/emerg_dataset6/emerg_dataset6_150/emerg_dataset6_150.jpg,emerg_dataset6_150.jpg,emerg_dataset6,mmm--219-_png_jpg.rf.aca5ce26d68b5f7e9917015bedd8da21.jpg,7cad60c82ff939830d0ee766a0c240d3
Data/emerg_dataset6/emerg_dataset6_151/emerg_dataset6_151.jpg,emerg_dataset6_151.jpg,emerg_dataset6,mmm--220-_png_jpg.rf.3d38d41001f2c9aeb68c0aa8e3d793b9.jpg,fa90314d7ab2f9187f400ea7c89beeab
Data/emerg_dataset6/emerg_dataset6_152/emerg_dataset6_152.jpg,emerg_dataset6_152.jpg,emerg_dataset6,mmm--221-_png_jpg.rf.06e749e19b0dfb0d6be25163d89b1db1.jpg,68daa3b55e686a27e4c7b2a6f87670aa
Data/emerg_dataset6/emerg_dataset6_153/emerg_dataset6_153.jpg,emerg_dataset6_153.jpg,emerg_dataset6,mmm--221-_png_jpg.rf.3a34c56222d277cea97844a6459458cb.jpg,7dc70814e081e46b782cf5f1484379b1
Data/emerg_dataset6/emerg_dataset6_154/emerg_dataset6_154.jpg,emerg_dataset6_154.jpg,emerg_dataset6,mmm--228-_png_jpg.rf.b57173fe39df2a9c3ea92034e076a16c.jpg,c4e34bcf24e8ebc1e2b1cf2aea42f268
Data/emerg_dataset6/emerg_dataset6_155/emerg_dataset6_155.jpg,emerg_dataset6_155.jpg,emerg_dataset6,mmm--229-_png_jpg.rf.b710148cb9ec88d302d1d978acc61e4c.jpg,e78aaa493bca94624c4512a0f5c97e86
Data/emerg_dataset6/emerg_dataset6_156/emerg_dataset6_156.jpg,emerg_dataset6_156.jpg,emerg_dataset6,mmm--231-_png_jpg.rf.9090d43de9644e2709db3921159862a1.jpg,e45b0d96917c889eba1bdb12b12bec71
Data/emerg_dataset6/emerg_dataset6_157/emerg_dataset6_157.jpg,emerg_dataset6_157.jpg,emerg_dataset6,mmm--233-_png_jpg.rf.99cfa35e4a62e9a1bc65838159da69a0.jpg,3dac4944ca8d70a43f117dc69910f7e0
Data/emerg_dataset6/emerg_dataset6_158/emerg_dataset6_158.jpg,emerg_dataset6_158.jpg,emerg_dataset6,mmm--235-_png_jpg.rf.1f42c0b654175ffc2b1eadd1e87bcccc.jpg,5ee360cc3e763524f07ec07a62d1327c
Data/emerg_dataset6/emerg_dataset6_159/emerg_dataset6_159.jpg,emerg_dataset6_159.jpg,emerg_dataset6,mmm--236-_png_jpg.rf.d5c39680cec7dd2b3d2aceca27d9b5c2.jpg,607e8e27146805b67a0df73e006307c0
Data/emerg_dataset6/emerg_dataset6_16/emerg_dataset6_16.jpg,emerg_dataset6_16.jpg,emerg_dataset6,maxresdefault--1-_jpg.rf.9d11126ddb12142cba4430e9ca486613.jpg,e5a23e5f173c92a9c5379af05c672a2c
Data/emerg_dataset6/emerg_dataset6_160/emerg_dataset6_160.jpg,emerg_dataset6_160.jpg,emerg_dataset6,mmm--237-_png_jpg.rf.c0cee1eda77f61d59e0b1ad8aa638225.jpg,a79b3309d589c33d9b10a8c7482b5c3f
Data/emerg_dataset6/emerg_dataset6_161/emerg_dataset6_161.jpg,emerg_dataset6_161.jpg,emerg_dataset6,mmm--240-_png_jpg.rf.13292c4a4845f33f1dbbc74af16a2483.jpg,1e7ed7b6426bc1e36ca3fa6e3b23affa
Data/emerg_dataset6/emerg_dataset6_162/emerg_dataset6_162.jpg,emerg_dataset6_162.jpg,emerg_dataset6,mmm--243-_png_jpg.rf.18c49f77118d0252f247e8851be49f19.jpg,2b3836ecf63f2d888618d5b093f944e7
Data/emerg_dataset6/emerg_dataset6_163/emerg_dataset6_163.jpg,emerg_dataset6_163.jpg,emerg_dataset6,mmm--243-_png_jpg.rf.447e47c302cd0d86ad3424cd18683201.jpg,e034e4f5088bdf7640b05d9600d017bc
Data/emerg_dataset6/emerg_dataset6_164/emerg_dataset6_164.jpg,emerg_dataset6_164.jpg,emerg_dataset6,mmm--244-_png_jpg.rf.80eb37d964f0b8e45387541f8abb93df.jpg,33e3a408939dd08ad465609840580eab
Data/emerg_dataset6/emerg_dataset6_165/emerg_dataset6_165.jpg,emerg_dataset6_165.jpg,emerg_dataset6,mmm--245-_png_jpg.rf.06eb66cbb85a232298c4f91aa6f37cc8.jpg,bfd637a9e4e8a5bf8daa29158efe311d
Data/emerg_dataset6/emerg_dataset6_166/emerg_dataset6_166.jpg,emerg_dataset6_166.jpg,emerg_dataset6,mmm--245-_png_jpg.rf.48eb07cadd9ed47d75ec6bc9899e8e31.jpg,458babad682582dce5d7015485fda41c
Data/emerg_dataset6/emerg_dataset6_167/emerg_dataset6_167.jpg,emerg_dataset6_167.jpg,emerg_dataset6,mmm--247-_png_jpg.rf.6917c93d4e5a542306050e0bc4086391.jpg,59918a417c91fa4ae958a6221cd0559f
Data/emerg_dataset6/emerg_dataset6_168/emerg_dataset6_168.jpg,emerg_dataset6_168.jpg,emerg_dataset6,mmm--249-_png_jpg.rf.946bfb9ecefdf3ab57c9464493207447.jpg,9719e1bd9b3c8d08317ed64975cb4bdc
Data/emerg_dataset6/emerg_dataset6_169/emerg_dataset6_169.jpg,emerg_dataset6_169.jpg,emerg_dataset6,mmm--256-_png_jpg.rf.5d88f2a1675f8bb5a89e01ea5d6ff68d.jpg,ba3bdf93617563a20433676e1808796c
Data/emerg_dataset6/emerg_dataset6_17/emerg_dataset6_17.jpg,emerg_dataset6_17.jpg,emerg_dataset6,maxresdefault--4-_jpg.rf.66072801b27641ed9ca57d4d9c0ae50c.jpg,949462b151da7702c08bb893ca27747b
Data/emerg_dataset6/emerg_dataset6_170/emerg_dataset6_170.jpg,emerg_dataset6_170.jpg,emerg_dataset6,mmm--257-_png_jpg.rf.25a8c9160b828d2117644000ca4ef01a.jpg,04176ded5fe7e4708dbfd6f86831753c
Data/emerg_dataset6/emerg_dataset6_171/emerg_dataset6_171.jpg,emerg_dataset6_171.jpg,emerg_dataset6,mmm--257-_png_jpg.rf.28cc1ec48f38d67668122d2ac91e01f2.jpg,def11c5dc23df4eb909631fdda1cab2e
Data/emerg_dataset6/emerg_dataset6_172/emerg_dataset6_172.jpg,emerg_dataset6_172.jpg,emerg_dataset6,mmm--258-_png_jpg.rf.dd747150359347fe28db0c6ecbdfccde.jpg,d58f3672103f7649ef49732e0849c564
Data/emerg_dataset6/emerg_dataset6_173/emerg_dataset6_173.jpg,emerg_dataset6_173.jpg,emerg_dataset6,mmm--259-_png_jpg.rf.269c2c6cbd0cbc466da9d66b56235339.jpg,7689c87374f7616f63973fc7fde4fac8
Data/emerg_dataset6/emerg_dataset6_174/emerg_dataset6_174.jpg,emerg_dataset6_174.jpg,emerg_dataset6,mmm--26-_png_jpg.rf.7e8406ab410401154971e8709f998aaa.jpg,aadf723595a0ee87c3c2fd2482da3105
Data/emerg_dataset6/emerg_dataset6_175/emerg_dataset6_175.jpg,emerg_dataset6_175.jpg,emerg_dataset6,mmm--262-_png_jpg.rf.595eb7434ff5b8756f66057355c32635.jpg,971c4d8bfc4744c8ec1598bdd5ddacf2
Data/emerg_dataset6/emerg_dataset6_176/emerg_dataset6_176.jpg,emerg_dataset6_176.jpg,emerg_dataset6,mmm--266-_png_jpg.rf.d515e66a323bd96254d9365290f6e7c9.jpg,95f12d7bb9106a8b3d12be08fbc3e909
Data/emerg_dataset6/emerg_dataset6_177/emerg_dataset6_177.jpg,emerg_dataset6_177.jpg,emerg_dataset6,mmm--267-_png_jpg.rf.3773adce4fc13d25beb3d6a8d112abdd.jpg,2348db8b20abbb199d4b585241cb8d00
Data/emerg_dataset6/emerg_dataset6_178/emerg_dataset6_178.jpg,emerg_dataset6_178.jpg,emerg_dataset6,mmm--267-_png_jpg.rf.72315866e09b603715274998500aa68d.jpg,4e70ed7eede09cdd9a3d0b60b95ee918
Data/emerg_dataset6/emerg_dataset6_179/emerg_dataset6_179.jpg,emerg_dataset6_179.jpg,emerg_dataset6,mmm--27-_png_jpg.rf.7dceb517207748242a73659dc31e6322.jpg,e9aa8f314e706ec0e3eb44e260fd6c48
Data/emerg_dataset6/emerg_dataset6_18/emerg_dataset6_18.jpg,emerg_dataset6_18.jpg,emerg_dataset6,mbangkok-thailand-october-5-2015-260nw-324130112_jpg.rf.e662374bc4a7e2983dd94139c9ff34f6.jpg,395eb18bebfc454a721fde9f11d71f45
Data/emerg_dataset6/emerg_dataset6_180/emerg_dataset6_180.jpg,emerg_dataset6_180.jpg,emerg_dataset6,mmm--27-_png_jpg.rf.9bb3236572db47547e178dc913b37d99.jpg,d4098ef1a00e68af03e6c6f05541dda6
Data/emerg_dataset6/emerg_dataset6_181/emerg_dataset6_181.jpg,emerg_dataset6_181.jpg,emerg_dataset6,mmm--270-_png_jpg.rf.53244fd26b15ef8c784bddca2b6e6626.jpg,4b7c4961a24256043c6fd4d03faeacf1
Data/emerg_dataset6/emerg_dataset6_182/emerg_dataset6_182.jpg,emerg_dataset6_182.jpg,emerg_dataset6,mmm--272-_png_jpg.rf.ab34385b8dc5aae18cbb1171aebdf088.jpg,4b6db9940c768e1de0ab3b26aedae22e
Data/emerg_dataset6/emerg_dataset6_183/emerg_dataset6_183.jpg,emerg_dataset6_183.jpg,emerg_dataset6,mmm--277-_png_jpg.rf.c7747e638a747d8aedffd63b7e26f396.jpg,2fad1445572f8c0a371359c6f2abac6d
Data/emerg_dataset6/emerg_dataset6_184/emerg_dataset6_184.jpg,emerg_dataset6_184.jpg,emerg_dataset6,mmm--279-_png_jpg.rf.f388910faecb67d1ac4b49a1c42cddff.jpg,fcc8fad0658cba9b54e99d0283f4a666
Data/emerg_dataset6/emerg_dataset6_185/emerg_dataset6_185.jpg,emerg_dataset6_185.jpg,emerg_dataset6,mmm--283-_png_jpg.rf.24b3ad89d6b3182113678a922ef86579.jpg,36b3c49f6915e433307255da30c3325c
Data/emerg_dataset6/emerg_dataset6_186/emerg_dataset6_186.jpg,emerg_dataset6_186.jpg,emerg_dataset6,mmm--285-_png_jpg.rf.6255a446e9f2125b01854257db7aab68.jpg,6c9536eb5210f9c1ea328f2a80c6141f
Data/emerg_dataset6/emerg_dataset6_187/emerg_dataset6_187.jpg,emerg_dataset6_187.jpg,emerg_dataset6,mmm--286-_png_jpg.rf.ee0e613ff53f0665b0da9a3f027cab04.jpg,b54d51687ddeff00a5f6899f5e5acd7e
Data/emerg_dataset6/emerg_dataset6_188/emerg_dataset6_188.jpg,emerg_dataset6_188.jpg,emerg_dataset6,mmm--287-_png_jpg.rf.df0257badcda2a5cf448d7001a6451ab.jpg,7b8e85ea606efbc9ae8fc812092d81f0
Data/emerg_dataset6/emerg_dataset6_189/emerg_dataset6_189.jpg,emerg_dataset6_189.jpg,emerg_dataset6,mmm--289-_png_jpg.rf.d8acddb6f06eb9113da98b889751e0e4.jpg,b9baddca7ab99209391ce036a1f9eb9b
Data/emerg_dataset6/emerg_dataset6_19/emerg_dataset6_19.jpg,emerg_dataset6_19.jpg,emerg_dataset6,mbrno-czech-republic-july-20-2014-municipal-police-car-skoda-_jpg.rf.21c416e5968905b08e167697940836fe.jpg,b55d6ba8a95663353444c90191c29b68
Data/emerg_dataset6/emerg_dataset6_190/emerg_dataset6_190.jpg,emerg_dataset6_190.jpg,emerg_dataset6,mmm--294-_png_jpg.rf.f5a65980e784ec9d919506b7674dbd5e.jpg,97fa20744452688d38b3e2a11508e25f
Data/emerg_dataset6/emerg_dataset6_191/emerg_dataset6_191.jpg,emerg_dataset6_191.jpg,emerg_dataset6,mmm--297-_png_jpg.rf.15cc67b6729e1f6d4881b1b9f38b6802.jpg,a8aeafc35bb815f76179b0a2932dd6e5
Data/emerg_dataset6/emerg_dataset6_192/emerg_dataset6_192.jpg,emerg_dataset6_192.jpg,emerg_dataset6,mmm--298-_png_jpg.rf.d3d003ffcf6509a8061cc110cf8b1ff8.jpg,33dfe0b07bd08df229af80c55faf2ff5
Data/emerg_dataset6/emerg_dataset6_193/emerg_dataset6_193.jpg,emerg_dataset6_193.jpg,emerg_dataset6,mmm--299-_png_jpg.rf.77cc502194479b21b1925180a04b1827.jpg,d0329328a9ea1d31fd44615321d451ff
Data/emerg_dataset6/emerg_dataset6_194/emerg_dataset6_194.jpg,emerg_dataset6_194.jpg,emerg_dataset6,mmm--301-_png_jpg.rf.4b68f656241d0456d2451a91507c4e7d.jpg,8eb4b9a059213a1feb158c5f98f324c2
Data/emerg_dataset6/emerg_dataset6_195/emerg_dataset6_195.jpg,emerg_dataset6_195.jpg,emerg_dataset6,mmm--303-_png_jpg.rf.3b7c768081eab85ea791859897434c8d.jpg,1d0dbc8b6bf47f65353166e774f1330a
Data/emerg_dataset6/emerg_dataset6_197/emerg_dataset6_197.jpg,emerg_dataset6_197.jpg,emerg_dataset6,mmm--315-_png_jpg.rf.1be343b0418cd00d1462d9fa5525da30.jpg,fb0eecb6bbd31283a8e4a457a64b8262
Data/emerg_dataset6/emerg_dataset6_198/emerg_dataset6_198.jpg,emerg_dataset6_198.jpg,emerg_dataset6,mmm--32-_png_jpg.rf.04f97902c16f18009136f0580f38f357.jpg,7dc15402ecbb5faa374fb64a3f789664
Data/emerg_dataset6/emerg_dataset6_199/emerg_dataset6_199.jpg,emerg_dataset6_199.jpg,emerg_dataset6,mmm--32-_png_jpg.rf.39d4b63ce1faa2bdf99c8696a74936b5.jpg,18231b3e46a752277110e44351173dd1
Data/emerg_dataset6/emerg_dataset6_2/emerg_dataset6_2.jpg,emerg_dataset6_2.jpg,emerg_dataset6,ma--208-_png_jpg.rf.642f812f9bfe53c675dbeb26de0e3fc2.jpg,37c380a1664a6cc758a09a43c5bd77b7
Data/emerg_dataset6/emerg_dataset6_20/emerg_dataset6_20.jpg,emerg_dataset6_20.jpg,emerg_dataset6,mchinese-journalist-of-daily-pakistan-sexually-harassed-by-pu_jpg.rf.f7bef54c22245e1c46281edb75018546.jpg,c8d9762a141f6d98754ea97f81b55a51
Data/emerg_dataset6/emerg_dataset6_200/emerg_dataset6_200.jpg,emerg_dataset6_200.jpg,emerg_dataset6,mmm--322-_png_jpg.rf.e96a542c9694cddce4b245832aaf1d84.jpg,9c463b6216f545a217a5f24a10d5b6aa
Data/emerg_dataset6/emerg_dataset6_201/emerg_dataset6_201.jpg,emerg_dataset6_201.jpg,emerg_dataset6,mmm--323-_png_jpg.rf.29821ea61e15fb535c79665afe07e089.jpg,c52e0e6898be0d91ebb265d562141e69
Data/emerg_dataset6/emerg_dataset6_202/emerg_dataset6_202.jpg,emerg_dataset6_202.jpg,emerg_dataset6,mmm--326-_png_jpg.rf.248c79da0d9a0fccafbf8672a77f74bd.jpg,0bd6d44c1c9445ac80befdd8223a80bb
Data/emerg_dataset6/emerg_dataset6_203/emerg_dataset6_203.jpg,emerg_dataset6_203.jpg,emerg_dataset6,mmm--326-_png_jpg.rf.99188d2c35a551c8ea48eebe1d892529.jpg,06661d6d262834ddb4119fe6157517cb
Data/emerg_dataset6/emerg_dataset6_204/emerg_dataset6_204.jpg,emerg_dataset6_204.jpg,emerg_dataset6,mmm--330-_png_jpg.rf.deedfea5775812d8949417f30ec23712.jpg,426467995f6c3112a38e6366d2f6a63f
Data/emerg_dataset6/emerg_dataset6_205/emerg_dataset6_205.jpg,emerg_dataset6_205.jpg,emerg_dataset6,mmm--332-_png_jpg.rf.1e108cc56e61085d730a7fcad8276e14.jpg,db757de989159bfd98da6116709c24ad
Data/emerg_dataset6/emerg_dataset6_206/emerg_dataset6_206.jpg,emerg_dataset6_206.jpg,emerg_dataset6,mmm--332-_png_jpg.rf.a0e89fabb7a3ec38fa6387040e273cda.jpg,f95eec10241cbbca34b98d5929a225f7
Data/emerg_dataset6/emerg_dataset6_207/emerg_dataset6_207.jpg,emerg_dataset6_207.jpg,emerg_dataset6,mmm--333-_png_jpg.rf.41669741861b5b38943cdc36d2a7ffa5.jpg,36050f91fd079a8f5a5e9833f714b5ae
Data/emerg_dataset6/emerg_dataset6_208/emerg_dataset6_208.jpg,emerg_dataset6_208.jpg,emerg_dataset6,mmm--340-_png_jpg.rf.279aab48ac18f649f7fbf763df02f9d7.jpg,85978b7ee2278e17d020f5c12d264ad2
Data/emerg_dataset6/emerg_dataset6_209/emerg_dataset6_209.jpg,emerg_dataset6_209.jpg,emerg_dataset6,mmm--344-_png_jpg.rf.584f91317214cfc0116dc7636ea5ca41.jpg,6945d58b635e3ad7b94cbffeedd7a82f
Data/emerg_dataset6/emerg_dataset6_21/emerg_dataset6_21.jpg,emerg_dataset6_21.jpg,emerg_dataset6,mCXyltxpWcAAMbzI-600x3601_jpg.rf.c56c2cadcae4f69cf39894c5ff465ace.jpg,522effe995eba9d3cf1c26d13e38245b
Data/emerg_dataset6/emerg_dataset6_210/emerg_dataset6_210.jpg,emerg_dataset6_210.jpg,emerg_dataset6,mmm--345-_png_jpg.rf.289b428f67a49e797b42a30a807a85f1.jpg,a6a3084bb8629891305b55f4c7b178f4
Data/emerg_dataset6/emerg_dataset6_211/emerg_dataset6_211.jpg,emerg_dataset6_211.jpg,emerg_dataset6,mmm--346-_png_jpg.rf.4ad05dc4661de8bc2a8daa044c397c11.jpg,dc8b58e5858248061855849abfe44e2e
Data/emerg_dataset6/emerg_dataset6_212/emerg_dataset6_212.jpg,emerg_dataset6_212.jpg,emerg_dataset6,mmm--347-_png_jpg.rf.5152cb069a68584cbd51013bcd1b380f.jpg,e0564f2b9380ebe82cb67e14c77f0610
Data/emerg_dataset6/emerg_dataset6_213/emerg_dataset6_213.jpg,emerg_dataset6_213.jpg,emerg_dataset6,mmm--35-_png_jpg.rf.ff1270f389f2aecdad3fc2ac324bc66a.jpg,de83ab767df2a3152cb73ad011ece893
Data/emerg_dataset6/emerg_dataset6_214/emerg_dataset6_214.jpg,emerg_dataset6_214.jpg,emerg_dataset6,mmm--359-_png_jpg.rf.e1a1179beeb636e006815c3418ad72aa.jpg,14ce2583c115232e643bfb8cd93c2fa9
Data/emerg_dataset6/emerg_dataset6_215/emerg_dataset6_215.jpg,emerg_dataset6_215.jpg,emerg_dataset6,mmm--36-_png_jpg.rf.3347c3a79217a55704eecb034f26f372.jpg,940584862b88c25537527346d3e98932
Data/emerg_dataset6/emerg_dataset6_216/emerg_dataset6_216.jpg,emerg_dataset6_216.jpg,emerg_dataset6,mmm--36-_png_jpg.rf.a1051e8351182ce0196efc0495de2678.jpg,d9babad2fc9ddf49c0da64f6f608ff18
Data/emerg_dataset6/emerg_dataset6_217/emerg_dataset6_217.jpg,emerg_dataset6_217.jpg,emerg_dataset6,mmm--360-_png_jpg.rf.58f82c9dbb4846ca00c99d40408de99e.jpg,d9df3fc2a41f66edd0c9fb281d02e7de
Data/emerg_dataset6/emerg_dataset6_218/emerg_dataset6_218.jpg,emerg_dataset6_218.jpg,emerg_dataset6,mmm--360-_png_jpg.rf.690c7a1f57502f913a96048a3ec4a4a7.jpg,6d320f43bb9b0cc2ad87d8d3aa006c0c
Data/emerg_dataset6/emerg_dataset6_219/emerg_dataset6_219.jpg,emerg_dataset6_219.jpg,emerg_dataset6,mmm--363-_png_jpg.rf.44aa9b3e43278c00864ae9641392302d.jpg,0aefd369cf450d074bddc3d0c03ff051
Data/emerg_dataset6/emerg_dataset6_22/emerg_dataset6_22.jpg,emerg_dataset6_22.jpg,emerg_dataset6,mdc4a2e965e7e14ad66ac8d5a6d8d68c9_jpg.rf.b1925647692dba8af78c2a7c1f789179.jpg,e12e6957070d25d4b5a9cd505cde6fd2
Data/emerg_dataset6/emerg_dataset6_220/emerg_dataset6_220.jpg,emerg_dataset6_220.jpg,emerg_dataset6,mmm--363-_png_jpg.rf.82356d56189658eea771374f06d78bb6.jpg,e152bc865b654b514415a84fb11fe692
Data/emerg_dataset6/emerg_dataset6_221/emerg_dataset6_221.jpg,emerg_dataset6_221.jpg,emerg_dataset6,mmm--367-_png_jpg.rf.ebd8eb2f69b279d0b06178b65ed4220d.jpg,0449f6c2d2dbaf0850bcec7121027979
Data/emerg_dataset6/emerg_dataset6_222/emerg_dataset6_222.jpg,emerg_dataset6_222.jpg,emerg_dataset6,mmm--368-_png_jpg.rf.3056db385dd72ed4a9648cea50d3ee0f.jpg,155d419213dc9b19c51129eeccf830bc
Data/emerg_dataset6/emerg_dataset6_223/emerg_dataset6_223.jpg,emerg_dataset6_223.jpg,emerg_dataset6,mmm--368-_png_jpg.rf.40ff0f4e5f6ef368f648e1730ae20c13.jpg,b3fb0c0d9e76be2d86da2b310eeede9d
Data/emerg_dataset6/emerg_dataset6_224/emerg_dataset6_224.jpg,emerg_dataset6_224.jpg,emerg_dataset6,mmm--40-_png_jpg.rf.338467da9cd7bad7dbb6593f658ee0a1.jpg,b28708c88f46d84e5d4753a8acc8dd7d
Data/emerg_dataset6/emerg_dataset6_225/emerg_dataset6_225.jpg,emerg_dataset6_225.jpg,emerg_dataset6,mmm--40-_png_jpg.rf.b79d2d05727272bd6d72eefa907e9a4e.jpg,48f29e147d84a293a62f6dc427cc9265
Data/emerg_dataset6/emerg_dataset6_226/emerg_dataset6_226.jpg,emerg_dataset6_226.jpg,emerg_dataset6,mmm--44-_png_jpg.rf.859b02dc735c0289f4539ee454b2f773.jpg,19f9148b9d4f31598eb19e4ab59b392e
Data/emerg_dataset6/emerg_dataset6_227/emerg_dataset6_227.jpg,emerg_dataset6_227.jpg,emerg_dataset6,mmm--44-_png_jpg.rf.a238b6b869ac8fda0835eba63ebfb385.jpg,73e998240a12b292e2a6aaf95a96fff8
Data/emerg_dataset6/emerg_dataset6_228/emerg_dataset6_228.jpg,emerg_dataset6_228.jpg,emerg_dataset6,mmm--47-_png_jpg.rf.7cac42da26daabe11604fa0c52ac725f.jpg,2b527ab2e64f5166fe41c5f598582ddd
Data/emerg_dataset6/emerg_dataset6_229/emerg_dataset6_229.jpg,emerg_dataset6_229.jpg,emerg_dataset6,mmm--47-_png_jpg.rf.b9b8c20646a6bf4eb1ed8989d3f530ba.jpg,b75ac2495acb405715512e4577253a86
Data/emerg_dataset6/emerg_dataset6_230/emerg_dataset6_230.jpg,emerg_dataset6_230.jpg,emerg_dataset6,mmm--5-_png_jpg.rf.f8233919dec28b09fbfc5bdf56070bab.jpg,9d7b274be724092cca709539b7807690
Data/emerg_dataset6/emerg_dataset6_231/emerg_dataset6_231.jpg,emerg_dataset6_231.jpg,emerg_dataset6,mmm--57-_png_jpg.rf.b15a0871ffb1882e453da4a43caca5ae.jpg,d5cc53d06d2d4334d12809f10510e9a6
Data/emerg_dataset6/emerg_dataset6_232/emerg_dataset6_232.jpg,emerg_dataset6_232.jpg,emerg_dataset6,mmm--59-_png_jpg.rf.d5f5f063fa20db8a5c4c25f905040a4d.jpg,69a968e002502fd45656343f8b427f25
Data/emerg_dataset6/emerg_dataset6_233/emerg_dataset6_233.jpg,emerg_dataset6_233.jpg,emerg_dataset6,mmm--6-_png_jpg.rf.ff3b3c64fe5edf78e68e6f8704f5e985.jpg,fbacbcf054320997203a348ee8310aad
Data/emerg_dataset6/emerg_dataset6_234/emerg_dataset6_234.jpg,emerg_dataset6_234.jpg,emerg_dataset6,mmm--63-_png_jpg.rf.ff211034e068bbe14c85b6d45cc1b173.jpg,93bbae49e7d01fa83a63bf2eb22158d4
Data/emerg_dataset6/emerg_dataset6_235/emerg_dataset6_235.jpg,emerg_dataset6_235.jpg,emerg_dataset6,mmm--7-_png_jpg.rf.6dbcd531208ae35236aefab5a96a2180.jpg,a322fc762993d63115dccc0fb8323875
Data/emerg_dataset6/emerg_dataset6_236/emerg_dataset6_236.jpg,emerg_dataset6_236.jpg,emerg_dataset6,mmm--77-_png_jpg.rf.175c293eb28631e16a2e92971cddadc7.jpg,c54ee40117d8cbc5629ac43f2ec3fdf5
Data/emerg_dataset6/emerg_dataset6_237/emerg_dataset6_237.jpg,emerg_dataset6_237.jpg,emerg_dataset6,mmm--82-_png_jpg.rf.8c7e34658466c3be6502f1d1025ed868.jpg,ccf0c85604ea7b6bc816e20f32c345e7
Data/emerg_dataset6/emerg_dataset6_238/emerg_dataset6_238.jpg,emerg_dataset6_238.jpg,emerg_dataset6,mmm--83-_png_jpg.rf.e0cd39dddca0f9d7320b6b8a6ff6cf8d.jpg,19384843bb82df69919dae93abc2132b
Data/emerg_dataset6/emerg_dataset6_239/emerg_dataset6_239.jpg,emerg_dataset6_239.jpg,emerg_dataset6,mmm--87-_png_jpg.rf.7963aed92f1a1b3f6a6e824b4d33d5dc.jpg,ccb09b6b5e495083a59b4f9e8dce023a
Data/emerg_dataset6/emerg_dataset6_240/emerg_dataset6_240.jpg,emerg_dataset6_240.jpg,emerg_dataset6,mmm--87-_png_jpg.rf.e015a75d52c865c8618e4598b92f76bd.jpg,c7e79d912da73c5a9c1cb6fdc8d74ebc
Data/emerg_dataset6/emerg_dataset6_241/emerg_dataset6_241.jpg,emerg_dataset6_241.jpg,emerg_dataset6,mMotorway-Police_jpg.rf.7f0613592175a3b91396e2bf692909ed.jpg,40098197e1a0010f278a753fd2c59c9b
Data/emerg_dataset6/emerg_dataset6_242/emerg_dataset6_242.jpg,emerg_dataset6_242.jpg,emerg_dataset6,mmqdefault--1-_jpg.rf.75f1abdcaec725cd36354404f05fb93c.jpg,7c8db4a5da0156ddddf0f0e54446195a
Data/emerg_dataset6/emerg_dataset6_243/emerg_dataset6_243.jpg,emerg_dataset6_243.jpg,emerg_dataset6,mmqdefault_jpg.rf.e27f3614e1fc642b2503ed70a12b22f4.jpg,8e86335b45691586cfcb653db3d64694
Data/emerg_dataset6/emerg_dataset6_244/emerg_dataset6_244.jpg,emerg_dataset6_244.jpg,emerg_dataset6,mnigeria-police_jpg.rf.df8e0abc3103fa36492f442499336d9f.jpg,a33c074c2d713b60329dec0d5b8c8ead
Data/emerg_dataset6/emerg_dataset6_245/emerg_dataset6_245.jpg,emerg_dataset6_245.jpg,emerg_dataset6,Motorway-768x432_jpg.rf.f0abe08e0d8855e849b2e7afb228b640.jpg,e11cd4bfd3e194d719573bce5da6490e
Data/emerg_dataset6/emerg_dataset6_246/emerg_dataset6_246.jpg,emerg_dataset6_246.jpg,emerg_dataset6,motorway_jpg.rf.792b1938a4b75ed670283a7694377035.jpg,bb2a37effc8db8d2a0fbacc67eee343b
Data/emerg_dataset6/emerg_dataset6_247/emerg_dataset6_247.jpg,emerg_dataset6_247.jpg,emerg_dataset6,mpage09-4-jpg-02-4_jpg.rf.d691942c3ee611d27cfeac7a89b6eaf5.jpg,729e11102400de2d72cd4308c0f8963f
Data/emerg_dataset6/emerg_dataset6_248/emerg_dataset6_248.jpg,emerg_dataset6_248.jpg,emerg_dataset6,mPakistan-police-lockdown_1713ed5f418_large_jpg.rf.950c503c147765769e4af0f6acb32768.jpg,8a40debc65a681a0e15b003f501dcd00
Data/emerg_dataset6/emerg_dataset6_249/emerg_dataset6_249.jpg,emerg_dataset6_249.jpg,emerg_dataset6,mpolice-1_jpg.rf.83e8cebb23748f37b328e9c2a11ae100.jpg,8a19174b7c58d724f3132a77d9a15fe8
Data/emerg_dataset6/emerg_dataset6_25/emerg_dataset6_25.jpg,emerg_dataset6_25.jpg,emerg_dataset6,me5827f8a9a451c59d96d3f475480c679_jpg.rf.209f22464f367f95c86f4b7e45fb6a35.jpg,a7cfbcadcae50d3802b2ead4b31e5aa5
Data/emerg_dataset6/emerg_dataset6_251/emerg_dataset6_251.jpg,emerg_dataset6_251.jpg,emerg_dataset6,mpolice-car-in-seoul-south-korea-BH5023_jpg.rf.767916888da8ccda8a82f011a2cfa85c.jpg,92a211c8bdb2f64d5ec8491dbe83c391
Data/emerg_dataset6/emerg_dataset6_252/emerg_dataset6_252.jpg,emerg_dataset6_252.jpg,emerg_dataset6,mPolice-Cars-08_jpg.rf.5b3b941cdf27e2d81c7df29cddd92099.jpg,6110a6138e2a3a12c1f068160684e944
Data/emerg_dataset6/emerg_dataset6_253/emerg_dataset6_253.jpg,emerg_dataset6_253.jpg,emerg_dataset6,mpolice-cars-patrolling-streets-just-barranquilla-colombia-fe--1-_jpg.rf.0461c910deb90495eeb0350bddcd33d4.jpg,d41277c3577036f83569822998603451
Data/emerg_dataset6/emerg_dataset6_254/emerg_dataset6_254.jpg,emerg_dataset6_254.jpg,emerg_dataset6,mpolice-deploy-smart-cars-to-patrol-city-streets-1443804179-8_jpg.rf.e6939a2ffb17bd89a8afdb9b9170b04b.jpg,2003fb12203adb7b2cb3c0e524c52e87
Data/emerg_dataset6/emerg_dataset6_256/emerg_dataset6_256.jpg,emerg_dataset6_256.jpg,emerg_dataset6,mpramabanan-central-java-indonesia-june-260nw-1996669697_jpg.rf.c1ebe72f63a93dc22616c70f2e8e2a9a.jpg,6a508632733a030620c3b5db672ca565
Data/emerg_dataset6/emerg_dataset6_258/emerg_dataset6_258.jpg,emerg_dataset6_258.jpg,emerg_dataset6,mqdefault--1-_jpg.rf.2b93b871119004aaecfaab7d229b4194.jpg,9d063c216840b133f9a1fa45a44d5128
Data/emerg_dataset6/emerg_dataset6_259/emerg_dataset6_259.jpg,emerg_dataset6_259.jpg,emerg_dataset6,mqdefault--2-_jpg.rf.d1ae63bd80ccf9532219482b1f070dd2.jpg,f2c7e7d9a3db4f4aee978516d7864007
Data/emerg_dataset6/emerg_dataset6_260/emerg_dataset6_260.jpg,emerg_dataset6_260.jpg,emerg_dataset6,mqdefault_jpg.rf.d2bac77c7552c9b13a8421317791e98f.jpg,0507530d6119f50efd01aea520753ceb
Data/emerg_dataset6/emerg_dataset6_261/emerg_dataset6_261.jpg,emerg_dataset6_261.jpg,emerg_dataset6,msign-writing-on-front-of-police-vehicle-bonnet-advertising-1_jpg.rf.b26388f83ac7ee3e9e2d0b8675e7ad89.jpg,dfa734243b40f3da007ff6517558be39
Data/emerg_dataset6/emerg_dataset6_262/emerg_dataset6_262.jpg,emerg_dataset6_262.jpg,emerg_dataset6,mSindh-Police-1_jpg.rf.1f75aa16c28e0641f884323398dd221b.jpg,d4035e2bc648d71dd4e16e8daa3a7ad4
Data/emerg_dataset6/emerg_dataset6_263/emerg_dataset6_263.jpg,emerg_dataset6_263.jpg,emerg_dataset6,msindh-police-encounter-with-terrorists-in-karachi-1513927315--1-_jpg.rf.2be6fc50c8ca8c0a31698d5a5ebca039.jpg,d49dcc4ed6fec195f9684f9dc5aaa6c0
Data/emerg_dataset6/emerg_dataset6_264/emerg_dataset6_264.jpg,emerg_dataset6_264.jpg,emerg_dataset6,msindh-police-surveillance-mobile-vehicle-260nw-1525324892_jpg.rf.944fb65fc7edf2df15dbfe8ce0b9ff65.jpg,da6abb9bdbe2e233b5165633f0e5bf23
Data/emerg_dataset6/emerg_dataset6_265/emerg_dataset6_265.jpg,emerg_dataset6_265.jpg,emerg_dataset6,mtel-aviv-israel-october-19-260nw-451628560_jpg.rf.af058b2546668cfaff5bba025720e9e7.jpg,8568d63eb2efdaf32eee5ad25fe2972a
Data/emerg_dataset6/emerg_dataset6_266/emerg_dataset6_266.jpg,emerg_dataset6_266.jpg,emerg_dataset6,mtourist-police-car-parked-on-street-in-bangkok-thailand-GDN6_jpg.rf.7e62da13c0b0ca82492b157ac4e7d679.jpg,6bf7e9ad8e82a76c52581cbd492a0040
Data/emerg_dataset6/emerg_dataset6_267/emerg_dataset6_267.jpg,emerg_dataset6_267.jpg,emerg_dataset6,mToyota-Etios-Hyderabad-Police_jpg.rf.3e7b9032f8c321d971c2ce4d3ab6fc07.jpg,dd9d94263a7fb59229462308e80c4fb9
Data/emerg_dataset6/emerg_dataset6_268/emerg_dataset6_268.jpg,emerg_dataset6_268.jpg,emerg_dataset6,munnamed--1-_jpg.rf.61f6e35ac1643f6b3f69e8586e858af1.jpg,d30d6a75648a817b7f203c4c2f1f3566
Data/emerg_dataset6/emerg_dataset6_269/emerg_dataset6_269.jpg,emerg_dataset6_269.jpg,emerg_dataset6,munnamed--2-_jpg.rf.1cc8ac66df8db82eb34c527527b2bb2e.jpg,328a8d0b77b6dbb1d4421fde9717ae34
Data/emerg_dataset6/emerg_dataset6_27/emerg_dataset6_27.jpg,emerg_dataset6_27.jpg,emerg_dataset6,mejeehinkp5van78i45da23338c27d2_jpg.rf.3cbb0bb47be05882f4f715645d0c71fb.jpg,3c473d27e6f7f91d6d8ea2523c97ca1d
Data/emerg_dataset6/emerg_dataset6_270/emerg_dataset6_270.jpg,emerg_dataset6_270.jpg,emerg_dataset6,munnamed_jpg.rf.fb43784a079f7cae50162a3f9f983c78.jpg,29675e671db41ba5c3dc872d8c37d2d7
Data/emerg_dataset6/emerg_dataset6_271/emerg_dataset6_271.jpg,emerg_dataset6_271.jpg,emerg_dataset6,munnamed_png_jpg.rf.ddeb7f7d36f2ddb0c869883c1c32effd.jpg,1fc0936a476325bb20b341eda2a45e35
Data/emerg_dataset6/emerg_dataset6_272/emerg_dataset6_272.jpg,emerg_dataset6_272.jpg,emerg_dataset6,mWorld-s-Most-Popular-Police-Cars_jpg.rf.5c365835250ec95bc0c16920a5b3fa6e.jpg,64022a3c6960fd545770de470510bad4
Data/emerg_dataset6/emerg_dataset6_274/emerg_dataset6_274.jpg,emerg_dataset6_274.jpg,emerg_dataset6,National-Highway-and-Motorway-Police-640x360-2_jpg.rf.40e760c52d91c53a1fd8bf0be1a89495.jpg,9fd83d343f6f3b8a87ba6fc9f44bf290
Data/emerg_dataset6/emerg_dataset6_275/emerg_dataset6_275.jpg,emerg_dataset6_275.jpg,emerg_dataset6,National-highway-and-motorway-police-Cover-06-07_jpg.rf.0723edf4ad9977188d18606d0e34d82e.jpg,6cfe8452ac4d9bb9252754ea3ace92f3
Data/emerg_dataset6/emerg_dataset6_276/emerg_dataset6_276.jpg,emerg_dataset6_276.jpg,emerg_dataset6,new-national-police-of-ukraine-patrol-cars-toyota-prius_s0z__png_jpg.rf.16b8325a7c166b3050a41a8a5da3036b.jpg,c6399c92871981dde338d4cc89c44f52
Data/emerg_dataset6/emerg_dataset6_277/emerg_dataset6_277.jpg,emerg_dataset6_277.jpg,emerg_dataset6,new-south-wales-police-car-in-palm-beachsydneyaustralia-E007--2-_jpg.rf.7d80054c0f9b383833ee0447020db284.jpg,0b9b6b37dc03c478ca90e2dddbf5eed3
Data/emerg_dataset6/emerg_dataset6_278/emerg_dataset6_278.jpg,emerg_dataset6_278.jpg,emerg_dataset6,new-south-wales-police-car-in-palm-beachsydneyaustralia-E007--2-_jpg.rf.d28ef65be3e8859d6cbf888802ae95dc.jpg,b504e7fee57d1e748f36ac996cef210b
Data/emerg_dataset6/emerg_dataset6_279/emerg_dataset6_279.jpg,emerg_dataset6_279.jpg,emerg_dataset6,new-south-wales-sydney-police-car-and-busaustralia-J8A509_jpg.rf.4c1627297ca510a3db79a5bfb0285553.jpg,1c21d400a2b9f7cd5c9e5732c2ed7ad7
Data/emerg_dataset6/emerg_dataset6_28/emerg_dataset6_28.jpg,emerg_dataset6_28.jpg,emerg_dataset6,mfdeb7cdfbdcfda914fe313ff936853cb_jpg.rf.1ab718e3d3090a2148bca03a33d80f6a.jpg,ebbc674105d04fd84c4bac105ea97915
Data/emerg_dataset6/emerg_dataset6_280/emerg_dataset6_280.jpg,emerg_dataset6_280.jpg,emerg_dataset6,new-south-wales-sydney-police-car-and-busaustralia-J8A509_jpg.rf.ffa620836d415e8b46acab5f1cfd28b0.jpg,cc10a8072d5da28c24141d3115d48d04
Data/emerg_dataset6/emerg_dataset6_281/emerg_dataset6_281.jpg,emerg_dataset6_281.jpg,emerg_dataset6,news_6750-640x360_jpg.rf.41c34289f3a5df6fd788a62b3793d903.jpg,c0e56edef4a29c567d293f8fbec309a4
Data/emerg_dataset6/emerg_dataset6_282/emerg_dataset6_282.jpg,emerg_dataset6_282.jpg,emerg_dataset6,on-june-12-2020-police-260nw-1754573921_jpg.rf.6a4cec168e50e16620ca6d0fc398e329.jpg,dd5e7d40ffc23389259ff98a437c2b23
Data/emerg_dataset6/emerg_dataset6_283/emerg_dataset6_283.jpg,emerg_dataset6_283.jpg,emerg_dataset6,page09-4-jpg-02-4-1280x720_jpg.rf.b55787c1773cf0bd5741c2c5820c322b.jpg,1b0e28f6cd5f5250b26485a036bc9c48
Data/emerg_dataset6/emerg_dataset6_284/emerg_dataset6_284.jpg,emerg_dataset6_284.jpg,emerg_dataset6,page09-4-jpg-02-4-640x296_jpg.rf.7c3d86b95fdfd60782c508c725f126c3.jpg,7fff9d088c06993df373575382eb82dd
Data/emerg_dataset6/emerg_dataset6_285/emerg_dataset6_285.jpg,emerg_dataset6_285.jpg,emerg_dataset6,Pakistan-police-lockdown_1713ed5f418_large_jpg.rf.2e86e1fc6aed329be2fedd0ba714c538.jpg,79a6e80475d554281f7bf8fe2a071f2b
Data/emerg_dataset6/emerg_dataset6_286/emerg_dataset6_286.jpg,emerg_dataset6_286.jpg,emerg_dataset6,Pakistan_Motorway_Police_jpg.rf.2765b542f4be1ea1bab82577d4407e0d.jpg,53a9dacfc5306e3612c7f9b9910453d5
Data/emerg_dataset6/emerg_dataset6_287/emerg_dataset6_287.jpg,emerg_dataset6_287.jpg,emerg_dataset6,photo1629224624065-1629224624160282436047_jpg.rf.114b12572df6e13e3274726ddaae32fc.jpg,d4d497f756f3b17bfe0575e30bd1e22e
Data/emerg_dataset6/emerg_dataset6_288/emerg_dataset6_288.jpg,emerg_dataset6_288.jpg,emerg_dataset6,police-2_png_jpg.rf.b27d4a08048c0b68b053ac4f93edcc68.jpg,ec43822e4259f0f9e6c3b10710f9b79b
Data/emerg_dataset6/emerg_dataset6_289/emerg_dataset6_289.jpg,emerg_dataset6_289.jpg,emerg_dataset6,police-car-brisbane-parked-street-central-australia-13632297_jpg.rf.b804623202ffa962aa1dffd4c438eb4f.jpg,74436565e181550880ef140d6522d1ef
Data/emerg_dataset6/emerg_dataset6_29/emerg_dataset6_29.jpg,emerg_dataset6_29.jpg,emerg_dataset6,mgettyimages-1233085762-1024x1024_jpg.rf.43b4410a76c5454aa3ffdbbaebd82f47.jpg,bcc50738193144080aec79ac546b40e9
Data/emerg_dataset6/emerg_dataset6_290/emerg_dataset6_290.jpg,emerg_dataset6_290.jpg,emerg_dataset6,police-car-busan-south-korea-AKW3YA_jpg.rf.7b076552fecf612f4356ef4975928da5.jpg,35f6c7ea571f8b6951a66e768efacebd
Data/emerg_dataset6/emerg_dataset6_291/emerg_dataset6_291.jpg,emerg_dataset6_291.jpg,emerg_dataset6,police-car-parked-street-central-brisbane-australia-13632208_jpg.rf.901658e008984c27a85d792e36a9e0e1.jpg,0f1af9fbc7ba85c6ac6a4b401f1dc68a
Data/emerg_dataset6/emerg_dataset6_292/emerg_dataset6_292.jpg,emerg_dataset6_292.jpg,emerg_dataset6,police-passat-001_jpg.rf.57511d5b4c72e0635c695bf3d1529404.jpg,26ac5ca0f8afa014694fe3f355d7c962
Data/emerg_dataset6/emerg_dataset6_293/emerg_dataset6_293.jpg,emerg_dataset6_293.jpg,emerg_dataset6,police-van_jpg.rf.268ae549afa25a44b8d8b94af5c02258.jpg,e6d0682e1f4a929870838c563fc1b18a
Data/emerg_dataset6/emerg_dataset6_294/emerg_dataset6_294.jpg,emerg_dataset6_294.jpg,emerg_dataset6,Police_car_in_Seoul-_South_Korea_001_jpg.rf.aa6e8e47a684d62efe4a78251f9a71e9.jpg,ec647917f9bebfdfc5040a246019583e
Data/emerg_dataset6/emerg_dataset6_295/emerg_dataset6_295.jpg,emerg_dataset6_295.jpg,emerg_dataset6,Police_car_in_Seoul-_South_Korea_jpg.rf.066d42c6e35fb62fdc77719ac2c6f466.jpg,9540bd938d532366f3f918bd80ab4be8
Data/emerg_dataset6/emerg_dataset6_296/emerg_dataset6_296.jpg,emerg_dataset6_296.jpg,emerg_dataset6,Police_car_in_Wonju-_South_Korea_JPG_jpg.rf.172109449256833804a6bd0806cd6060.jpg,8fe0d5a0e9ebf14055a1167bf604aaeb
Data/emerg_dataset6/emerg_dataset6_297/emerg_dataset6_297.jpg,emerg_dataset6_297.jpg,emerg_dataset6,queensland-police-cars-outside-the-mackay-police-station-2G3_jpg.rf.29a45929d6d3cbec4c4a970940e46cbb.jpg,cd280791f64e13f51753862de0a404c4
Data/emerg_dataset6/emerg_dataset6_298/emerg_dataset6_298.jpg,emerg_dataset6_298.jpg,emerg_dataset6,queensland-police-cars-outside-the-mackay-police-station-2G3_jpg.rf.7fac9b46c84129159bcb63fcfb050c8a.jpg,95fd1a0bc255aac923859d4f2b1c0c2d
Data/emerg_dataset6/emerg_dataset6_299/emerg_dataset6_299.jpg,emerg_dataset6_299.jpg,emerg_dataset6,republic-of-korea-1509709_960_720_jpg.rf.cdcb727893dfc3a26be85a10c58c003d.jpg,be32e54e71c4836deebd740379d7b245
Data/emerg_dataset6/emerg_dataset6_3/emerg_dataset6_3.jpg,emerg_dataset6_3.jpg,emerg_dataset6,ma--211-_png_jpg.rf.08ddae7a70a6cd0be23a0eccb33f6a03.jpg,7cd549521f4313b8623d3a13bdf9e812
Data/emerg_dataset6/emerg_dataset6_30/emerg_dataset6_30.jpg,emerg_dataset6_30.jpg,emerg_dataset6,mgettyimages-4937324241_jpg.rf.a7553672a5b09eefdced3933daa05c5e.jpg,e7cda09a6432de30038a56df6b6fd512
Data/emerg_dataset6/emerg_dataset6_300/emerg_dataset6_300.jpg,emerg_dataset6_300.jpg,emerg_dataset6,south-australian-police-car-adelaide-australia-november-clos_jpg.rf.57277b01468196d28212bcd059a50638.jpg,85c7261591ae93018edc319921dc8f03
Data/emerg_dataset6/emerg_dataset6_301/emerg_dataset6_301.jpg,emerg_dataset6_301.jpg,emerg_dataset6,south-australian-police-car-adelaide-australia-november-clos_jpg.rf.66707b6fc7308fb8b175763c9c2d23e8.jpg,9b83afb980a827a1f0cdf05cc4a4a414
Data/emerg_dataset6/emerg_dataset6_302/emerg_dataset6_302.jpg,emerg_dataset6_302.jpg,emerg_dataset6,sydney-police-car-parked-at-the-rocks-shopping-district-in-s_jpg.rf.3c11d5617a432e5e9faf1fe4a6adfd6d.jpg,727d15d3abd6367e2c7489e7c0038132
Data/emerg_dataset6/emerg_dataset6_303/emerg_dataset6_303.jpg,emerg_dataset6_303.jpg,emerg_dataset6,sydney-police-car-parked-at-the-rocks-shopping-district-in-s_jpg.rf.fa202e562218b6f6f8040a3f1d2f7f2b.jpg,ebae3b96670a307efa6ee62232fdbd9d
Data/emerg_dataset6/emerg_dataset6_304/emerg_dataset6_304.jpg,emerg_dataset6_304.jpg,emerg_dataset6,Tata-Sumo_jpg.rf.83d08950f9f7d26b5f6d662ff201bfc6.jpg,cc431b5af382df5f9d7fe129bd6deeba
Data/emerg_dataset6/emerg_dataset6_305/emerg_dataset6_305.jpg,emerg_dataset6_305.jpg,emerg_dataset6,trend_dyp_cars_040920_jpg.rf.4e2a361cca7c17d6291e97c72611edbd.jpg,cc55ccc7ddc018f7413674165c209309
Data/emerg_dataset6/emerg_dataset6_306/emerg_dataset6_306.jpg,emerg_dataset6_306.jpg,emerg_dataset6,turkish-police-traffic-cars-parade-260nw-1198151788_jpg.rf.11f515b7c474e442727e02fec046a6ca.jpg,28c3a32104b3fa5f69bc454fd81fd3b0
Data/emerg_dataset6/emerg_dataset6_307/emerg_dataset6_307.jpg,emerg_dataset6_307.jpg,emerg_dataset6,Ukrainian_police_patrol_jpg.rf.fa6892505deb07551e3907363886d2bd.jpg,2772e92d3be638be51eb54fe0b444572
Data/emerg_dataset6/emerg_dataset6_308/emerg_dataset6_308.jpg,emerg_dataset6_308.jpg,emerg_dataset6,unnamed--1-_jpg.rf.6aa1323f9b1387f80ed0a8c4a1e56ef3.jpg,68325800f76079c21400b144a5f5bad8
Data/emerg_dataset6/emerg_dataset6_309/emerg_dataset6_309.jpg,emerg_dataset6_309.jpg,emerg_dataset6,unnamed--2-_jpg.rf.5c93401adc4820b5fcb1c7a560668915.jpg,9d74561c445a058d35eb9692f0fa62db
Data/emerg_dataset6/emerg_dataset6_31/emerg_dataset6_31.jpg,emerg_dataset6_31.jpg,emerg_dataset6,mgettyimages-989779532-1024x1024_jpg.rf.48addc80b67438a9e76add38f2003f19.jpg,6e76764976c98384aebc9031afd12045
Data/emerg_dataset6/emerg_dataset6_310/emerg_dataset6_310.jpg,emerg_dataset6_310.jpg,emerg_dataset6,unnamed_jpg.rf.3ce7daa6283570de089ead73a3bdcdc6.jpg,5880afaadaf55ec9bdae4dd7afb8863c
Data/emerg_dataset6/emerg_dataset6_311/emerg_dataset6_311.jpg,emerg_dataset6_311.jpg,emerg_dataset6,vauxhall-astra-police-car_jpg.rf.71473840aa13e8e12f029ca4940f84c1.jpg,0bb7f56d605ccdfc28b6c4b87ceaf2a2
Data/emerg_dataset6/emerg_dataset6_312/emerg_dataset6_312.jpg,emerg_dataset6_312.jpg,emerg_dataset6,Vauxhall-Opens-Police-Car-Factory-at-Luton-Manufacturing-Pla_jpg.rf.38b7b474f3e33d7d1e3ee66264ee2d2b.jpg,799a0f6ffc7bea0f37cd5e953660e628
Data/emerg_dataset6/emerg_dataset6_313/emerg_dataset6_313.jpg,emerg_dataset6_313.jpg,emerg_dataset6,Vauxhall-Opens-Police-Car-Factory-at-Luton-Manufacturing-Pla_jpg.rf.9207318b7ec34b79aaf96634fdca70de.jpg,bc43d9932ca4bced7fce85f170da13b7
Data/emerg_dataset6/emerg_dataset6_32/emerg_dataset6_32.jpg,emerg_dataset6_32.jpg,emerg_dataset6,mHyd-police-1_jpg.rf.7ac1c579f949cf6cf4cc73fbdfec98a5.jpg,890dfb1f559cd6522b84519944cd8d54
Data/emerg_dataset6/emerg_dataset6_33/emerg_dataset6_33.jpg,emerg_dataset6_33.jpg,emerg_dataset6,mhyderabad-pakistan-09th-dec-2016-police-mobile-stand-alert-o_jpg.rf.22e9d5ed331fd389c581fe8f62d79411.jpg,3914431455ac3e0c96cc42591ea5c997
Data/emerg_dataset6/emerg_dataset6_34/emerg_dataset6_34.jpg,emerg_dataset6_34.jpg,emerg_dataset6,mhyderabad-police-1024_jpg.rf.13290de5b799f289d71371d7eb0b8096.jpg,20021c2d88b30f2b20d354f7ff347eb2
Data/emerg_dataset6/emerg_dataset6_35/emerg_dataset6_35.jpg,emerg_dataset6_35.jpg,emerg_dataset6,mHyderabad-Police-Vehicles_jpg.rf.d5edc5502c8d50e2d6b4e4d379e4a151.jpg,1dcbd668ac208c95f2a7759bd6034e7b
Data/emerg_dataset6/emerg_dataset6_36/emerg_dataset6_36.jpg,emerg_dataset6_36.jpg,emerg_dataset6,mhyderabadindiaapril-19view-indian-police-patrol-260nw-138655_jpg.rf.e0efe9f5dc2890c544b7decbdd95817c.jpg,86871b73a81f4e95518888e2c083e916
Data/emerg_dataset6/emerg_dataset6_37/emerg_dataset6_37.jpg,emerg_dataset6_37.jpg,emerg_dataset6,mimage--1-_jpeg_jpg.rf.7ecebe58fe30b9decd3a2ced4ace7b08.jpg,b6b99a3751253150fce8648cedab48b8
Data/emerg_dataset6/emerg_dataset6_38/emerg_dataset6_38.jpg,emerg_dataset6_38.jpg,emerg_dataset6,mimage--2-_jpeg_jpg.rf.6d4d92fb2a93d23f913feddc108f0ff2.jpg,3047c899b175da06f09c99245831fa60
Data/emerg_dataset6/emerg_dataset6_39/emerg_dataset6_39.jpg,emerg_dataset6_39.jpg,emerg_dataset6,mimage--4-_jpeg_jpg.rf.22f3e2a99dbc8603b3b72c76975907ed.jpg,f08e54ca54c72c8b8cf5b828ed0eb8a4
Data/emerg_dataset6/emerg_dataset6_4/emerg_dataset6_4.jpg,emerg_dataset6_4.jpg,emerg_dataset6,ma--211-_png_jpg.rf.8e82cfbf8136d56c8538a4f831dc4436.jpg,4500fd8e075e1e279539805759e483b2
Data/emerg_dataset6/emerg_dataset6_40/emerg_dataset6_40.jpg,emerg_dataset6_40.jpg,emerg_dataset6,mimage--4-_jpeg_jpg.rf.ebbdfe996afbafcc67626a5f4afe3bbf.jpg,e143c34476682f227d39ed115aa9f37e
Data/emerg_dataset6/emerg_dataset6_41/emerg_dataset6_41.jpg,emerg_dataset6_41.jpg,emerg_dataset6,mimage--6-_jpeg_jpg.rf.3a5d426002789736b54e167e1ff58d40.jpg,decbf19e325b774e3308cd22ac36efd9
Data/emerg_dataset6/emerg_dataset6_42/emerg_dataset6_42.jpg,emerg_dataset6_42.jpg,emerg_dataset6,mimage--8-_jpeg_jpg.rf.eb1ba924e5bda86545e3c006ed45dcf4.jpg,e1b85c3822701a5681e9e8624a202e3f
Data/emerg_dataset6/emerg_dataset6_43/emerg_dataset6_43.jpg,emerg_dataset6_43.jpg,emerg_dataset6,mimage_jpeg_jpg.rf.4ce7b8a2d55628e352ac6e5097d1d489.jpg,b55ceb205568811815eb7eaf6823e3a8
Data/emerg_dataset6/emerg_dataset6_44/emerg_dataset6_44.jpg,emerg_dataset6_44.jpg,emerg_dataset6,mimages--14-_jpeg_jpg.rf.c62f67c965aa3ea4d6e7bfdbbe756c00.jpg,a9ab4850f51afe137e8d3fedc5815dab
Data/emerg_dataset6/emerg_dataset6_45/emerg_dataset6_45.jpg,emerg_dataset6_45.jpg,emerg_dataset6,mimages--15-_jpeg_jpg.rf.f045a16b74746ad954df518d31e5dc12.jpg,c9049282a96d5c7cb6384900dccabf84
Data/emerg_dataset6/emerg_dataset6_46/emerg_dataset6_46.jpg,emerg_dataset6_46.jpg,emerg_dataset6,mimages--21-_jpeg_jpg.rf.865ced938b01c87bc75913c04c484cad.jpg,b172a1886e866b0c044d17ef0d9c01d2
Data/emerg_dataset6/emerg_dataset6_47/emerg_dataset6_47.jpg,emerg_dataset6_47.jpg,emerg_dataset6,mimages--24-_jpeg_jpg.rf.8fcfc1304f968a64c91efc9056937867.jpg,9489e3deeb4935f9e173d7753cb1a40e
Data/emerg_dataset6/emerg_dataset6_48/emerg_dataset6_48.jpg,emerg_dataset6_48.jpg,emerg_dataset6,mm--102-_png_jpg.rf.9005ac69b05dc1e59013fa52ede90eca.jpg,1afb88047948267ca6af5443a4e32cdb
Data/emerg_dataset6/emerg_dataset6_49/emerg_dataset6_49.jpg,emerg_dataset6_49.jpg,emerg_dataset6,mm--102-_png_jpg.rf.c419e51e7687e2abd90af4dcbdd2daaa.jpg,f28d91d1a93670a3e3027103086ad1ab
Data/emerg_dataset6/emerg_dataset6_5/emerg_dataset6_5.jpg,emerg_dataset6_5.jpg,emerg_dataset6,ma--220-_png_jpg.rf.c59b65f451973250ce9ffee952bab853.jpg,4da6460657e5c02b98f9df7f0f55ad8c
Data/emerg_dataset6/emerg_dataset6_50/emerg_dataset6_50.jpg,emerg_dataset6_50.jpg,emerg_dataset6,mm--116-_png_jpg.rf.d979cea7c7f9bb4b5fcf89f5237af630.jpg,1928bded95711148442ee5a3434fd15b
Data/emerg_dataset6/emerg_dataset6_51/emerg_dataset6_51.jpg,emerg_dataset6_51.jpg,emerg_dataset6,mm--12-_png_jpg.rf.3a8ab3c0c4dd95c3533b2ddc938f410b.jpg,9c8a8221e6039d94303cc1be87ae36db
Data/emerg_dataset6/emerg_dataset6_52/emerg_dataset6_52.jpg,emerg_dataset6_52.jpg,emerg_dataset6,mm--120-_png_jpg.rf.1090c878357f8e4958d0f41a9c77b348.jpg,19de62608d9a08407e673ab0debe2fe9
Data/emerg_dataset6/emerg_dataset6_53/emerg_dataset6_53.jpg,emerg_dataset6_53.jpg,emerg_dataset6,mm--120-_png_jpg.rf.91e928ee89b77c8826ae4fe2610c56e7.jpg,ce937d3858c8360d0f9d7537ca01a4ec
Data/emerg_dataset6/emerg_dataset6_54/emerg_dataset6_54.jpg,emerg_dataset6_54.jpg,emerg_dataset6,mm--126-_png_jpg.rf.6728425275a7951133ea3aebcb64d068.jpg,84050af41980793f3959b710406db7f9
Data/emerg_dataset6/emerg_dataset6_55/emerg_dataset6_55.jpg,emerg_dataset6_55.jpg,emerg_dataset6,mm--128-_png_jpg.rf.88840c20c8b0e37ae0e4b6ecee0e1472.jpg,9b6d8069ae2eb23ffef7eda23fcae9e8
Data/emerg_dataset6/emerg_dataset6_56/emerg_dataset6_56.jpg,emerg_dataset6_56.jpg,emerg_dataset6,mm--132-_png_jpg.rf.c5c6df1884d5839a5f7569a5e48f0768.jpg,443a181ce4665e970d291662945ca2ca
Data/emerg_dataset6/emerg_dataset6_57/emerg_dataset6_57.jpg,emerg_dataset6_57.jpg,emerg_dataset6,mm--133-_png_jpg.rf.a4fc728a2a8d30f13fbee26aa766271f.jpg,45554c4667accc8ca878c35527935e2a
Data/emerg_dataset6/emerg_dataset6_58/emerg_dataset6_58.jpg,emerg_dataset6_58.jpg,emerg_dataset6,mm--133-_png_jpg.rf.fb5c4657f1f073ef00a36f7c81373806.jpg,886dfbc3a2b64a0663933f354dcd6273
Data/emerg_dataset6/emerg_dataset6_59/emerg_dataset6_59.jpg,emerg_dataset6_59.jpg,emerg_dataset6,mm--138-_png_jpg.rf.68a791280e93e40e9c5dc3e7913a6af1.jpg,1452cc1168b79fdb5ae0e6ba776e1aed
Data/emerg_dataset6/emerg_dataset6_6/emerg_dataset6_6.jpg,emerg_dataset6_6.jpg,emerg_dataset6,ma--220-_png_jpg.rf.fe637c35f6e9ce17d555eb1bf0f78d0e.jpg,979f238af13a3ada9560c0b2e0e3a76a
Data/emerg_dataset6/emerg_dataset6_60/emerg_dataset6_60.jpg,emerg_dataset6_60.jpg,emerg_dataset6,mm--138-_png_jpg.rf.8568999ffc9901522f05f941d34d2425.jpg,557c18ead698b483df9ba6430f0c7c80
Data/emerg_dataset6/emerg_dataset6_61/emerg_dataset6_61.jpg,emerg_dataset6_61.jpg,emerg_dataset6,mm--14-_png_jpg.rf.1aacfe05d258273a1d1be9d6478cf7df.jpg,965e528b87823e8ddbd5b1a069aec62f
Data/emerg_dataset6/emerg_dataset6_62/emerg_dataset6_62.jpg,emerg_dataset6_62.jpg,emerg_dataset6,mm--14-_png_jpg.rf.9a8aa25ad6d63a3d9677a9c8a0a0cf0c.jpg,2f0fd454ce1a932c5c9441ae56e209ac
Data/emerg_dataset6/emerg_dataset6_63/emerg_dataset6_63.jpg,emerg_dataset6_63.jpg,emerg_dataset6,mm--140-_png_jpg.rf.6fa365fdd3806ea098ac28df459d068b.jpg,63137f423537cd2c80f09e4fe5a4d482
Data/emerg_dataset6/emerg_dataset6_64/emerg_dataset6_64.jpg,emerg_dataset6_64.jpg,emerg_dataset6,mm--142-_png_jpg.rf.10c0ccf6ea41f2c6b99f188160a2f7fc.jpg,d7ce4e4325facfb61cc2cbf0f38b6fb1
Data/emerg_dataset6/emerg_dataset6_65/emerg_dataset6_65.jpg,emerg_dataset6_65.jpg,emerg_dataset6,mm--142-_png_jpg.rf.4e4a6898776c796b62ce9318e8f4e2c1.jpg,88482003c15e174d7dfb50a1905e6703
Data/emerg_dataset6/emerg_dataset6_66/emerg_dataset6_66.jpg,emerg_dataset6_66.jpg,emerg_dataset6,mm--148-_png_jpg.rf.88a46f9b403366e95eb55c435a9a0933.jpg,670c395977c5f0d78ebb3ca08fdcb11e
Data/emerg_dataset6/emerg_dataset6_67/emerg_dataset6_67.jpg,emerg_dataset6_67.jpg,emerg_dataset6,mm--149-_png_jpg.rf.879fc31e65a54663a8d732460e690b56.jpg,06ec0b06477af123dc4a7c08d9b41c97
Data/emerg_dataset6/emerg_dataset6_68/emerg_dataset6_68.jpg,emerg_dataset6_68.jpg,emerg_dataset6,mm--152-_png_jpg.rf.04d098cb613ced00b337df4d8ba22591.jpg,59aaadb8285eea643bac574d0498686a
Data/emerg_dataset6/emerg_dataset6_69/emerg_dataset6_69.jpg,emerg_dataset6_69.jpg,emerg_dataset6,mm--153-_png_jpg.rf.3e4970cf09e0d0287e13dadabf0e2942.jpg,73d3238724596f9ba78fcf0f5c96843e
Data/emerg_dataset6/emerg_dataset6_7/emerg_dataset6_7.jpg,emerg_dataset6_7.jpg,emerg_dataset6,ma--262-_png_jpg.rf.6227bc6c6dbd478377f77314f4ab1eed.jpg,1e757bd8caf6b406a9d61eb91b257c7b
Data/emerg_dataset6/emerg_dataset6_70/emerg_dataset6_70.jpg,emerg_dataset6_70.jpg,emerg_dataset6,mm--17-_png_jpg.rf.47c0841edef5da17b2248f210e5c70a1.jpg,97fdd71ff37a989cb6630a76e6d184a5
Data/emerg_dataset6/emerg_dataset6_71/emerg_dataset6_71.jpg,emerg_dataset6_71.jpg,emerg_dataset6,mm--179-_png_jpg.rf.23049ba30186b88a65ce2d699189efaa.jpg,31b4288d5270b1ac308ef805f560aedf
Data/emerg_dataset6/emerg_dataset6_72/emerg_dataset6_72.jpg,emerg_dataset6_72.jpg,emerg_dataset6,mm--189-_png_jpg.rf.97f27716603d8161d8baead37d308138.jpg,0ce245adb324093e971e5c2e6eb03e11
Data/emerg_dataset6/emerg_dataset6_73/emerg_dataset6_73.jpg,emerg_dataset6_73.jpg,emerg_dataset6,mm--190-_png_jpg.rf.602e625cab897f35b9a90d8c820e4e3f.jpg,d85194b21925e1399ac28a3325a8f2c4
Data/emerg_dataset6/emerg_dataset6_74/emerg_dataset6_74.jpg,emerg_dataset6_74.jpg,emerg_dataset6,mm--195-_png_jpg.rf.c991164f5c2416032372b4dba16f831f.jpg,0871baf65f6d721399b05e0877236585
Data/emerg_dataset6/emerg_dataset6_75/emerg_dataset6_75.jpg,emerg_dataset6_75.jpg,emerg_dataset6,mm--29-_png_jpg.rf.020fb720446193b594aed0df6ae6c5e6.jpg,31423fb4483b207242b15f222a2abaaf
Data/emerg_dataset6/emerg_dataset6_76/emerg_dataset6_76.jpg,emerg_dataset6_76.jpg,emerg_dataset6,mm--29-_png_jpg.rf.416977237d852f80b8d2646f9ef92f28.jpg,ee9924ed4a04c864b92a03c97e25cf7b
Data/emerg_dataset6/emerg_dataset6_77/emerg_dataset6_77.jpg,emerg_dataset6_77.jpg,emerg_dataset6,mm--45-_png_jpg.rf.ba91d7a92d0f5278d0c79467eafb61b8.jpg,30cfae1f7a841d6417f44e9b25ebb660
Data/emerg_dataset6/emerg_dataset6_78/emerg_dataset6_78.jpg,emerg_dataset6_78.jpg,emerg_dataset6,mm--51-_png_jpg.rf.d498743e21e410b04195ce825db1a964.jpg,be3c1b7b248d9fa4b05429d153b134c0
Data/emerg_dataset6/emerg_dataset6_79/emerg_dataset6_79.jpg,emerg_dataset6_79.jpg,emerg_dataset6,mm--55-_png_jpg.rf.2e827aebd42743ba6d55a93ef0c67dda.jpg,2cce33259442cd2578e554d79a3237b5
Data/emerg_dataset6/emerg_dataset6_8/emerg_dataset6_8.jpg,emerg_dataset6_8.jpg,emerg_dataset6,ma--262-_png_jpg.rf.a8e8e468c0750d167036bf22721aa3fe.jpg,89413543f4914f8de2dcc8ace65a9649
Data/emerg_dataset6/emerg_dataset6_80/emerg_dataset6_80.jpg,emerg_dataset6_80.jpg,emerg_dataset6,mm--76-_png_jpg.rf.a4486e160a26f6d100dc954e64a13c33.jpg,0744e930471d66b078b6e3b8c20dcab2
Data/emerg_dataset6/emerg_dataset6_81/emerg_dataset6_81.jpg,emerg_dataset6_81.jpg,emerg_dataset6,mm--89-_png_jpg.rf.005f02f797d4fd39bf744cdff5911aef.jpg,606d6a0a460e563ac6a3064c460b0e59
Data/emerg_dataset6/emerg_dataset6_82/emerg_dataset6_82.jpg,emerg_dataset6_82.jpg,emerg_dataset6,mm--89-_png_jpg.rf.330568cad2c6fdf558abd1f7aa6d4dac.jpg,21a8ae9ebb2eaa9d94bc832ad5666f70
Data/emerg_dataset6/emerg_dataset6_83/emerg_dataset6_83.jpg,emerg_dataset6_83.jpg,emerg_dataset6,mm--92-_png_jpg.rf.553481606329248c6d13efffab039635.jpg,a4a1c25d3fa60cd17cf4dbf8016a16f2
Data/emerg_dataset6/emerg_dataset6_84/emerg_dataset6_84.jpg,emerg_dataset6_84.jpg,emerg_dataset6,mmaxresdefault--3-_jpg.rf.9771f39040737cf631d07b7d731f2ff8.jpg,cd596bf506781e3781d5c70ddf4ef9d4
Data/emerg_dataset6/emerg_dataset6_85/emerg_dataset6_85.jpg,emerg_dataset6_85.jpg,emerg_dataset6,mmm--102-_png_jpg.rf.768febf49edaed3cf0f0ea2fccdbd318.jpg,449463d2274ea38fb69e0b320a8807e3
Data/emerg_dataset6/emerg_dataset6_86/emerg_dataset6_86.jpg,emerg_dataset6_86.jpg,emerg_dataset6,mmm--103-_png_jpg.rf.e1a53aff7726f9ddbc1522f9ddac6218.jpg,87ed825be8ac9b97845f722a7bba330c
Data/emerg_dataset6/emerg_dataset6_87/emerg_dataset6_87.jpg,emerg_dataset6_87.jpg,emerg_dataset6,mmm--104-_png_jpg.rf.3f22fe03536893cfd6b98a0457f09a01.jpg,f994a0ecd7ad14db480f1ff6cdcbc737
Data/emerg_dataset6/emerg_dataset6_88/emerg_dataset6_88.jpg,emerg_dataset6_88.jpg,emerg_dataset6,mmm--105-_png_jpg.rf.3713ffb3dc113c839b875e7e24a2cd4c.jpg,ca6ad94e0dddbfa3e21752f59c9e4d57
Data/emerg_dataset6/emerg_dataset6_89/emerg_dataset6_89.jpg,emerg_dataset6_89.jpg,emerg_dataset6,mmm--105-_png_jpg.rf.daee7bc70876f7ca324ed746102642f4.jpg,477b84358c373023f7fa7158c900c887
Data/emerg_dataset6/emerg_dataset6_9/emerg_dataset6_9.jpg,emerg_dataset6_9.jpg,emerg_dataset6,ma--394-_png_jpg.rf.27bb8dbf1bc918d3f40e5fff72047ef0.jpg,35b810d57ea724d4b284276599e3836c
Data/emerg_dataset6/emerg_dataset6_90/emerg_dataset6_90.jpg,emerg_dataset6_90.jpg,emerg_dataset6,mmm--106-_png_jpg.rf.73e7ff33fe096f013be94c52a364a0d6.jpg,3dd3115a86eb011fbd599792531f3f39
Data/emerg_dataset6/emerg_dataset6_91/emerg_dataset6_91.jpg,emerg_dataset6_91.jpg,emerg_dataset6,mmm--107-_png_jpg.rf.1d29da5c11c763db644893f7f5d8b211.jpg,3e6a1d984c4b2cfce9c4b241c46fcb31
Data/emerg_dataset6/emerg_dataset6_92/emerg_dataset6_92.jpg,emerg_dataset6_92.jpg,emerg_dataset6,mmm--108-_png_jpg.rf.9811a533f9c5a750f0bc1f0433850398.jpg,16616c242d506ad1cb3a5fc19aaf304f
Data/emerg_dataset6/emerg_dataset6_93/emerg_dataset6_93.jpg,emerg_dataset6_93.jpg,emerg_dataset6,mmm--110-_png_jpg.rf.4b7e1ad6ddfa07f199cf0aa17eacec95.jpg,0dcdbad9aa741c816c907898c9380402
Data/emerg_dataset6/emerg_dataset6_94/emerg_dataset6_94.jpg,emerg_dataset6_94.jpg,emerg_dataset6,mmm--110-_png_jpg.rf.72edc4160388cc7079afa68cbf56c8b2.jpg,230c2396473b1145ab108dae8e5b24bc
Data/emerg_dataset6/emerg_dataset6_95/emerg_dataset6_95.jpg,emerg_dataset6_95.jpg,emerg_dataset6,mmm--111-_png_jpg.rf.e0358a243c207b491b1e0f8a01708ee4.jpg,df4745b9825a3607e4fcdf7592f621d0
Data/emerg_dataset6/emerg_dataset6_96/emerg_dataset6_96.jpg,emerg_dataset6_96.jpg,emerg_dataset6,mmm--112-_png_jpg.rf.8f424677eb90d1cd5449ebbaf7ab786d.jpg,dd4c2600f1308ea96b6d3ef943450c6a
Data/emerg_dataset6/emerg_dataset6_97/emerg_dataset6_97.jpg,emerg_dataset6_97.jpg,emerg_dataset6,mmm--112-_png_jpg.rf.d1e69a5c9902172f5f3f3a798b0c6873.jpg,925e8500f22133e355be54ca51186d94
Data/emerg_dataset6/emerg_dataset6_98/emerg_dataset6_98.jpg,emerg_dataset6_98.jpg,emerg_dataset6,mmm--113-_png_jpg.rf.6e0d529e8b3922a1cf5935bd4d8b9231.jpg,f07985745c34dd088e74a8fe78a20502
Data/emerg_dataset6/emerg_dataset6_99/emerg_dataset6_99.jpg,emerg_dataset6_99.jpg,emerg_dataset6,mmm--114-_png_jpg.rf.dcda0e49f7f555232b97f721c903c123.jpg,e9ca316379c84fbfc2dfa60b463ae830
Data/emerg_dataset7/emerg_dataset7_1/emerg_dataset7_1.jpg,emerg_dataset7_1.jpg,emerg_dataset7,IMG_6685_jpg.rf.afeb98975511eec795ed413eb444d663.jpg,47e9c9667dd20eb98cb77c9f93c2053e
Data/emerg_dataset7/emerg_dataset7_100/emerg_dataset7_100.jpg,emerg_dataset7_100.jpg,emerg_dataset7,IMG_7438_jpg.rf.dd3f5cbbfcb34cbc4637fda02427a103.jpg,3c6ac23a04d9046e8a4983035ae178fc
Data/emerg_dataset7/emerg_dataset7_101/emerg_dataset7_101.jpg,emerg_dataset7_101.jpg,emerg_dataset7,IMG_7439_jpg.rf.27a372049babe17e56685ad4920e7ef4.jpg,3b237232a2857f41cb11db2b84a3ab5b
Data/emerg_dataset7/emerg_dataset7_102/emerg_dataset7_102.jpg,emerg_dataset7_102.jpg,emerg_dataset7,IMG_7439_jpg.rf.5a3adffa4a2565785b150b1144346489.jpg,d06d1845b9dd32772526785140f523bd
Data/emerg_dataset7/emerg_dataset7_103/emerg_dataset7_103.jpg,emerg_dataset7_103.jpg,emerg_dataset7,IMG_7439_jpg.rf.68dc679927a80904063f85aa83788b11.jpg,f81cc34f5ac004c2745af778b0485fed
Data/emerg_dataset7/emerg_dataset7_104/emerg_dataset7_104.jpg,emerg_dataset7_104.jpg,emerg_dataset7,IMG_7440_jpg.rf.16c8009c04e6f04345c05ce863bdca80.jpg,117179111f0a08b67fca9013fd955825
Data/emerg_dataset7/emerg_dataset7_105/emerg_dataset7_105.jpg,emerg_dataset7_105.jpg,emerg_dataset7,IMG_7440_jpg.rf.481e4c71dc914ded0f6147c05b58a0f7.jpg,6dbfcdcdbf544f3855e32940fa5c6f55
Data/emerg_dataset7/emerg_dataset7_106/emerg_dataset7_106.jpg,emerg_dataset7_106.jpg,emerg_dataset7,IMG_7440_jpg.rf.9c20dc7a028c172397812fae59c63ce1.jpg,b592e4b09ff478fe3a249e5fb36b0034
Data/emerg_dataset7/emerg_dataset7_107/emerg_dataset7_107.jpg,emerg_dataset7_107.jpg,emerg_dataset7,IMG_7442_jpg.rf.3fe2ca3e2425f17719c3990bb09ed9c6.jpg,4ca52fbc6439b7cb9f854f40b690483a
Data/emerg_dataset7/emerg_dataset7_108/emerg_dataset7_108.jpg,emerg_dataset7_108.jpg,emerg_dataset7,IMG_7442_jpg.rf.445862fa1c351b0508acd8f0b7264756.jpg,e60d9a79bc82b13113f54ffda2a4ecf9
Data/emerg_dataset7/emerg_dataset7_109/emerg_dataset7_109.jpg,emerg_dataset7_109.jpg,emerg_dataset7,IMG_7442_jpg.rf.dc93b0270613268bac12aeda7192abdb.jpg,fff2efc44f65ed7145d63c9f1e2c9d22
Data/emerg_dataset7/emerg_dataset7_110/emerg_dataset7_110.jpg,emerg_dataset7_110.jpg,emerg_dataset7,IMG_7443_jpg.rf.2c81d21e4969d1b1a969d368499a5343.jpg,1b1120654addbaf0bc1aa90d23b12611
Data/emerg_dataset7/emerg_dataset7_112/emerg_dataset7_112.jpg,emerg_dataset7_112.jpg,emerg_dataset7,IMG_7443_jpg.rf.cc00f2a44efd13a4a6cd6941483105d3.jpg,f0bfd90a7372f13d42d2857b657ee1f6
Data/emerg_dataset7/emerg_dataset7_113/emerg_dataset7_113.jpg,emerg_dataset7_113.jpg,emerg_dataset7,IMG_7445_jpg.rf.51dc7bc3904dd94605de7eef01c23661.jpg,edea3d205689f17dc7aa83b51b87df50
Data/emerg_dataset7/emerg_dataset7_114/emerg_dataset7_114.jpg,emerg_dataset7_114.jpg,emerg_dataset7,IMG_7445_jpg.rf.bc7c68fc277f7ac340048d0b58b43242.jpg,4791fbb9d9a0ca33d6847d7a8cd71544
Data/emerg_dataset7/emerg_dataset7_115/emerg_dataset7_115.jpg,emerg_dataset7_115.jpg,emerg_dataset7,IMG_7445_jpg.rf.da44d243a3c685acab20d46feb535dbf.jpg,863b6808c573efd13bab8314a80172ce
Data/emerg_dataset7/emerg_dataset7_116/emerg_dataset7_116.jpg,emerg_dataset7_116.jpg,emerg_dataset7,IMG_7446_jpg.rf.009505654b48df51d219bdd111ea99e7.jpg,b40f78abe2259441d568a48e18f9e5da
Data/emerg_dataset7/emerg_dataset7_117/emerg_dataset7_117.jpg,emerg_dataset7_117.jpg,emerg_dataset7,IMG_7446_jpg.rf.9f1e124f59a023d740cf965dea9cb263.jpg,9f7f0f684d26c679cb921f8e61b2017f
Data/emerg_dataset7/emerg_dataset7_118/emerg_dataset7_118.jpg,emerg_dataset7_118.jpg,emerg_dataset7,IMG_7446_jpg.rf.dd4288457d1f629a1db8d30142c1cf37.jpg,566274b7663431703ed070c4cd3ade21
Data/emerg_dataset7/emerg_dataset7_119/emerg_dataset7_119.jpg,emerg_dataset7_119.jpg,emerg_dataset7,IMG_7447_jpg.rf.0a4eecc573fb6de3840d084abf2c96d8.jpg,de6f71ace2b7e2faeed5bd78be26ad20
Data/emerg_dataset7/emerg_dataset7_12/emerg_dataset7_12.jpg,emerg_dataset7_12.jpg,emerg_dataset7,IMG_6693_jpg.rf.7f90ce408e7f097b17e03e5e1c2075ef.jpg,c948e00aaaf8724680a93687ef332882
Data/emerg_dataset7/emerg_dataset7_120/emerg_dataset7_120.jpg,emerg_dataset7_120.jpg,emerg_dataset7,IMG_7447_jpg.rf.5988573f4e721cd9362e490f7c7cf454.jpg,9f82f7079a0c31a15cc16c213cae84c1
Data/emerg_dataset7/emerg_dataset7_121/emerg_dataset7_121.jpg,emerg_dataset7_121.jpg,emerg_dataset7,IMG_7447_jpg.rf.a8919444c7ef26c7cc4e9496026843f0.jpg,87518e829143613894c2138e0b12e7c7
Data/emerg_dataset7/emerg_dataset7_122/emerg_dataset7_122.jpg,emerg_dataset7_122.jpg,emerg_dataset7,IMG_7448_jpg.rf.0eafd74e6f0faa44de47b80d6fd9d6bf.jpg,de25901271b530456569029140e71d04
Data/emerg_dataset7/emerg_dataset7_123/emerg_dataset7_123.jpg,emerg_dataset7_123.jpg,emerg_dataset7,IMG_7448_jpg.rf.607f8a2bb31b279755895888e705fe18.jpg,0cf0298feaaf60a361303a20fa5017ae
Data/emerg_dataset7/emerg_dataset7_124/emerg_dataset7_124.jpg,emerg_dataset7_124.jpg,emerg_dataset7,IMG_7448_jpg.rf.74a1c3b345170dca2e8173828f620278.jpg,f54904f80a191953c625b43dddb7d701
Data/emerg_dataset7/emerg_dataset7_126/emerg_dataset7_126.jpg,emerg_dataset7_126.jpg,emerg_dataset7,IMG_7449_jpg.rf.9e63ee60b19155c98063d140744454ff.jpg,fab9a8fcce631ec4322373eef0a0146a
Data/emerg_dataset7/emerg_dataset7_127/emerg_dataset7_127.jpg,emerg_dataset7_127.jpg,emerg_dataset7,IMG_7449_jpg.rf.c3d3e658eb0b15e46183573078d31f1c.jpg,7ee27a1cbe17bc15347b8d061e4a360b
Data/emerg_dataset7/emerg_dataset7_128/emerg_dataset7_128.jpg,emerg_dataset7_128.jpg,emerg_dataset7,IMG_7450_jpg.rf.1f676dbc21ee49b714bb9d06a8a7db3d.jpg,3472527dffb35f6fbde0c066c0823fbc
Data/emerg_dataset7/emerg_dataset7_129/emerg_dataset7_129.jpg,emerg_dataset7_129.jpg,emerg_dataset7,IMG_7450_jpg.rf.85ae27992247a6c76c905a3fecfaf968.jpg,4d44b9e2ad735249f3d3af9bbd004f42
Data/emerg_dataset7/emerg_dataset7_13/emerg_dataset7_13.jpg,emerg_dataset7_13.jpg,emerg_dataset7,IMG_6693_jpg.rf.809375956c930ec02cd6caa33c749763.jpg,64eba889ac585c9de3800af58f35d4fb
Data/emerg_dataset7/emerg_dataset7_130/emerg_dataset7_130.jpg,emerg_dataset7_130.jpg,emerg_dataset7,IMG_7450_jpg.rf.a6c4f2dac436eb5caa78f298a586a073.jpg,d62e28a53e59d3a4d75270f37e907895
Data/emerg_dataset7/emerg_dataset7_131/emerg_dataset7_131.jpg,emerg_dataset7_131.jpg,emerg_dataset7,IMG_7453_jpg.rf.2076f0d9071c246e011ae5f14fb54f8b.jpg,b43615389e562ff9ddebf7e37193efaf
Data/emerg_dataset7/emerg_dataset7_132/emerg_dataset7_132.jpg,emerg_dataset7_132.jpg,emerg_dataset7,IMG_7453_jpg.rf.7238d5268b991e26d7931aabb4be99c2.jpg,13981a633a3c206bf8dd59074ea4141d
Data/emerg_dataset7/emerg_dataset7_133/emerg_dataset7_133.jpg,emerg_dataset7_133.jpg,emerg_dataset7,IMG_7453_jpg.rf.fd959f625e4508e64b9f2590279b66f4.jpg,100818803ef31dbf7f26710345543393
Data/emerg_dataset7/emerg_dataset7_134/emerg_dataset7_134.jpg,emerg_dataset7_134.jpg,emerg_dataset7,IMG_7455_jpg.rf.5a734ab099b82eb3b3c2fd2f66186ac1.jpg,db690b8617c0c24d728b72c58181213e
Data/emerg_dataset7/emerg_dataset7_135/emerg_dataset7_135.jpg,emerg_dataset7_135.jpg,emerg_dataset7,IMG_7455_jpg.rf.b3d7449b284155d52159becbe4b3b0b9.jpg,7440b1e687ecac091dd6524009711bb6
Data/emerg_dataset7/emerg_dataset7_136/emerg_dataset7_136.jpg,emerg_dataset7_136.jpg,emerg_dataset7,IMG_7455_jpg.rf.f7f0f2583632bedc46ad9aa9f258cc0a.jpg,de3d79e082db2fdd6443bf4d9bad561a
Data/emerg_dataset7/emerg_dataset7_137/emerg_dataset7_137.jpg,emerg_dataset7_137.jpg,emerg_dataset7,IMG_7457_jpg.rf.3cdc953b0450f944c4d9385849cce588.jpg,8cabd4a781b1211a9540b4b8580b82b3
Data/emerg_dataset7/emerg_dataset7_138/emerg_dataset7_138.jpg,emerg_dataset7_138.jpg,emerg_dataset7,IMG_7457_jpg.rf.6d65d4669a2086c494212bdfd687b93d.jpg,30c53133fb3eade6b8765ebeb1d89f60
Data/emerg_dataset7/emerg_dataset7_139/emerg_dataset7_139.jpg,emerg_dataset7_139.jpg,emerg_dataset7,IMG_7457_jpg.rf.f85dee468b4da5cc441c1c36e94b2669.jpg,5f7b585ca8f192df8c87ea15b5c830f4
Data/emerg_dataset7/emerg_dataset7_14/emerg_dataset7_14.jpg,emerg_dataset7_14.jpg,emerg_dataset7,IMG_6695_jpg.rf.01bfd9a95a37ced9472af82a0d26d1b9.jpg,eaa63e16abdcaa21437c4d80c5baf4f2
Data/emerg_dataset7/emerg_dataset7_140/emerg_dataset7_140.jpg,emerg_dataset7_140.jpg,emerg_dataset7,IMG_7460_jpg.rf.67a02237d39f3494a3dffeaa82c59aab.jpg,862a7e4fdcedc1c87ec37a2b6492f823
Data/emerg_dataset7/emerg_dataset7_141/emerg_dataset7_141.jpg,emerg_dataset7_141.jpg,emerg_dataset7,IMG_7460_jpg.rf.737944ff24adcf755292ee9921b20d56.jpg,ca56a03cc0bc5334a87464ba855152ac
Data/emerg_dataset7/emerg_dataset7_142/emerg_dataset7_142.jpg,emerg_dataset7_142.jpg,emerg_dataset7,IMG_7460_jpg.rf.b72e2c489f28b3826bc1edce61166831.jpg,1e04bd6e16efe30f070f86d8af964e16
Data/emerg_dataset7/emerg_dataset7_143/emerg_dataset7_143.jpg,emerg_dataset7_143.jpg,emerg_dataset7,IMG_7461_jpg.rf.2b5647875903a717b513368d3339e3bb.jpg,5b5ea6624b9eb8160dea2414c3494f3c
Data/emerg_dataset7/emerg_dataset7_144/emerg_dataset7_144.jpg,emerg_dataset7_144.jpg,emerg_dataset7,IMG_7461_jpg.rf.75aa67e44c16c7f8d4851d4835917642.jpg,cbbf441e821697db3c7c84076281dae9
Data/emerg_dataset7/emerg_dataset7_145/emerg_dataset7_145.jpg,emerg_dataset7_145.jpg,emerg_dataset7,IMG_7461_jpg.rf.96b07d378175ee114a3c4d56bce49483.jpg,dd67a756dbf98a30b574783bb83d2198
Data/emerg_dataset7/emerg_dataset7_146/emerg_dataset7_146.jpg,emerg_dataset7_146.jpg,emerg_dataset7,IMG_7462_jpg.rf.a8871124739b83d6955c620b0a98e3c2.jpg,6ea0f61786d8a3ac3c37186407e37bca
Data/emerg_dataset7/emerg_dataset7_147/emerg_dataset7_147.jpg,emerg_dataset7_147.jpg,emerg_dataset7,IMG_7462_jpg.rf.aa2a322049469a96db4bde26acf15ee5.jpg,39ecfe9e6205943192171bbb5554ed00
Data/emerg_dataset7/emerg_dataset7_148/emerg_dataset7_148.jpg,emerg_dataset7_148.jpg,emerg_dataset7,IMG_7462_jpg.rf.c46de4546f817fb6e9d2eebb9ff02382.jpg,65d1e22bcbb6b0eb713a53d8ee903ffe
Data/emerg_dataset7/emerg_dataset7_149/emerg_dataset7_149.jpg,emerg_dataset7_149.jpg,emerg_dataset7,IMG_7463_jpg.rf.2b6820d451949b5041d6158f76e59098.jpg,3cfab3110ef6ae94bc9d0d9cba24eff3
Data/emerg_dataset7/emerg_dataset7_15/emerg_dataset7_15.jpg,emerg_dataset7_15.jpg,emerg_dataset7,IMG_6695_jpg.rf.d6ce0bec8c436a6c4cb9feba237bdc56.jpg,4f0d1645412c93cc644b7c38f2d4eb54
Data/emerg_dataset7/emerg_dataset7_150/emerg_dataset7_150.jpg,emerg_dataset7_150.jpg,emerg_dataset7,IMG_7463_jpg.rf.562d7a2a06ff831edfcebdb75e07c0fa.jpg,650b4fe43b38199ed60168be671482ba
Data/emerg_dataset7/emerg_dataset7_153/emerg_dataset7_153.jpg,emerg_dataset7_153.jpg,emerg_dataset7,IMG_7464_jpg.rf.eb9ac04c959c176b16ca77f75a5f8c94.jpg,42a0ed9af6b5a304d6322606b2329a3a
Data/emerg_dataset7/emerg_dataset7_154/emerg_dataset7_154.jpg,emerg_dataset7_154.jpg,emerg_dataset7,IMG_7464_jpg.rf.f226c622da2c35fbd0a6f837885f245f.jpg,c252e08da60eefbe74d022b23249d849
Data/emerg_dataset7/emerg_dataset7_156/emerg_dataset7_156.jpg,emerg_dataset7_156.jpg,emerg_dataset7,IMG_7465_jpg.rf.a1f4bc77aa52f72c816a1d44a941ce19.jpg,5c38ce602b2132742a7c2c4fa80e8380
Data/emerg_dataset7/emerg_dataset7_157/emerg_dataset7_157.jpg,emerg_dataset7_157.jpg,emerg_dataset7,IMG_7465_jpg.rf.b1f300260e0d225e799563a048cf0b66.jpg,959e3f233a68bda904e64b19bf0abe97
Data/emerg_dataset7/emerg_dataset7_158/emerg_dataset7_158.jpg,emerg_dataset7_158.jpg,emerg_dataset7,IMG_7466_jpg.rf.2bab2a8664b898eee3e55fd5f56d960d.jpg,b1c1ee5fcec2b6bde1d6e585de4acea9
Data/emerg_dataset7/emerg_dataset7_159/emerg_dataset7_159.jpg,emerg_dataset7_159.jpg,emerg_dataset7,IMG_7466_jpg.rf.8119b035b84e8fa7f772d71a3c11678b.jpg,2b4634c0422fc3c045850b55587cedc5
Data/emerg_dataset7/emerg_dataset7_16/emerg_dataset7_16.jpg,emerg_dataset7_16.jpg,emerg_dataset7,IMG_6695_jpg.rf.f5388567218078c09ecdf9612b0f0435.jpg,1a9dc10e92e043dabe67aa3c12a0b51a
Data/emerg_dataset7/emerg_dataset7_160/emerg_dataset7_160.jpg,emerg_dataset7_160.jpg,emerg_dataset7,IMG_7466_jpg.rf.8428ec1119ad573c849ef846fcbcae9e.jpg,74cb8ffbd6e6975b9d6b6b65bed5d46e
Data/emerg_dataset7/emerg_dataset7_161/emerg_dataset7_161.jpg,emerg_dataset7_161.jpg,emerg_dataset7,IMG_7467_jpg.rf.911946ffc338ac10dda866a75a79d240.jpg,13f52c5b4c2a3fa6dff46c6d252884ac
Data/emerg_dataset7/emerg_dataset7_162/emerg_dataset7_162.jpg,emerg_dataset7_162.jpg,emerg_dataset7,IMG_7467_jpg.rf.9c00cef20b4456d08618647ea59beac4.jpg,06e5ee7ae176de70c57d8fd0e625c0a4
Data/emerg_dataset7/emerg_dataset7_163/emerg_dataset7_163.jpg,emerg_dataset7_163.jpg,emerg_dataset7,IMG_7467_jpg.rf.aa0372165f9e9a6642bd86219e34d65d.jpg,d138b5c525855ee4f39eda664ebb8baa
Data/emerg_dataset7/emerg_dataset7_164/emerg_dataset7_164.jpg,emerg_dataset7_164.jpg,emerg_dataset7,IMG_7468_jpg.rf.5a3296441bbddad7da5c12883967cfc6.jpg,163b59ed621bf32bb1fe36b3c44ecca2
Data/emerg_dataset7/emerg_dataset7_165/emerg_dataset7_165.jpg,emerg_dataset7_165.jpg,emerg_dataset7,IMG_7468_jpg.rf.67b3cf8a8076acd097258daeccde91c7.jpg,8f9351d91273a18c2c73a92e6d129021
Data/emerg_dataset7/emerg_dataset7_166/emerg_dataset7_166.jpg,emerg_dataset7_166.jpg,emerg_dataset7,IMG_7468_jpg.rf.e9cf71a52352ba7fb97948d9061fc5bb.jpg,226b9f74c25c2c5e4793d964b3dfcb16
Data/emerg_dataset7/emerg_dataset7_167/emerg_dataset7_167.jpg,emerg_dataset7_167.jpg,emerg_dataset7,IMG_7469_jpg.rf.0794241f836dfbd69a30a66798916707.jpg,9e095f9e03ca8f830044ad009c10ea20
Data/emerg_dataset7/emerg_dataset7_168/emerg_dataset7_168.jpg,emerg_dataset7_168.jpg,emerg_dataset7,IMG_7469_jpg.rf.858d1e93b664ad3b757ad2676b8df8e5.jpg,ebe59638b8547c85713d7c9a7714e76e
Data/emerg_dataset7/emerg_dataset7_169/emerg_dataset7_169.jpg,emerg_dataset7_169.jpg,emerg_dataset7,IMG_7469_jpg.rf.c686fd356be719b5137417c6e65824d9.jpg,daa9e0c2de56f665caed07e95cafd187
Data/emerg_dataset7/emerg_dataset7_17/emerg_dataset7_17.jpg,emerg_dataset7_17.jpg,emerg_dataset7,IMG_6696_jpg.rf.300727467c6f9c639d8124cdda243568.jpg,c4f9279ca02c6e77fb402a0a45f2d400
Data/emerg_dataset7/emerg_dataset7_170/emerg_dataset7_170.jpg,emerg_dataset7_170.jpg,emerg_dataset7,IMG_7470_jpg.rf.1d1f17db57240ff6aef3525980116b9c.jpg,a272a7ac115d334fa77aef8b17b33f5d
Data/emerg_dataset7/emerg_dataset7_171/emerg_dataset7_171.jpg,emerg_dataset7_171.jpg,emerg_dataset7,IMG_7470_jpg.rf.56ec000233ad4b5d79acdd790af9c2b1.jpg,ec76fe2cc03b10252b0a58cbea416ef7
Data/emerg_dataset7/emerg_dataset7_172/emerg_dataset7_172.jpg,emerg_dataset7_172.jpg,emerg_dataset7,IMG_7470_jpg.rf.fa8b989d2961c1b3eb46e93b0252acd2.jpg,5f108235c6dfb52dce023fb1af441ea7
Data/emerg_dataset7/emerg_dataset7_173/emerg_dataset7_173.jpg,emerg_dataset7_173.jpg,emerg_dataset7,IMG_7471_jpg.rf.3bb5d12c85b80bbdc47ad5a8100d6a68.jpg,af1ded4295e84f3696032d5db9dc3af2
Data/emerg_dataset7/emerg_dataset7_174/emerg_dataset7_174.jpg,emerg_dataset7_174.jpg,emerg_dataset7,IMG_7471_jpg.rf.a4995a4a1f503bb2d129da14aa8cad33.jpg,d6a169d626472108f28dc13bcd3a4a6c
Data/emerg_dataset7/emerg_dataset7_175/emerg_dataset7_175.jpg,emerg_dataset7_175.jpg,emerg_dataset7,IMG_7471_jpg.rf.fa3f6a4bcbe3e577543dfc3b9d7d7c2e.jpg,ee275d9d5d81e9934f0a844fad4435bd
Data/emerg_dataset7/emerg_dataset7_176/emerg_dataset7_176.jpg,emerg_dataset7_176.jpg,emerg_dataset7,IMG_7472_jpg.rf.11b8019ab5740d586546ad56b7aaf609.jpg,abdddeddb3d9d5139b36baaf474d8158
Data/emerg_dataset7/emerg_dataset7_178/emerg_dataset7_178.jpg,emerg_dataset7_178.jpg,emerg_dataset7,IMG_7472_jpg.rf.3e46a237d00754d92c446a39c25d504b.jpg,0d42ec94ae0fe8d2ec2cde8ac687ab2d
Data/emerg_dataset7/emerg_dataset7_18/emerg_dataset7_18.jpg,emerg_dataset7_18.jpg,emerg_dataset7,IMG_6696_jpg.rf.308fe16ec480e0b33704c631cc4ee184.jpg,f39ecf070d1835d0132606806e6d58ac
Data/emerg_dataset7/emerg_dataset7_180/emerg_dataset7_180.jpg,emerg_dataset7_180.jpg,emerg_dataset7,IMG_7476_jpg.rf.8f354b2d41c7ed266f82409972fa1192.jpg,f3211cef5b1d1fa526f69f2826f9f073
Data/emerg_dataset7/emerg_dataset7_181/emerg_dataset7_181.jpg,emerg_dataset7_181.jpg,emerg_dataset7,IMG_7476_jpg.rf.feaa4fb25afb1b6797772501f2e40580.jpg,08410094140e992fd9e35395a8ca1d1e
Data/emerg_dataset7/emerg_dataset7_182/emerg_dataset7_182.jpg,emerg_dataset7_182.jpg,emerg_dataset7,IMG_7477_jpg.rf.23c55d2e731255b30e776be5aed8810d.jpg,3ef485cc1ebe5022b3b8cb95dc288ad2
Data/emerg_dataset7/emerg_dataset7_183/emerg_dataset7_183.jpg,emerg_dataset7_183.jpg,emerg_dataset7,IMG_7477_jpg.rf.625ff2da79b2513170984a16687b418b.jpg,79d27d6392d9d1507f37a17a8241d584
Data/emerg_dataset7/emerg_dataset7_184/emerg_dataset7_184.jpg,emerg_dataset7_184.jpg,emerg_dataset7,IMG_7477_jpg.rf.ccf32fb06c5fbeffab92c23274c71a7c.jpg,9a549d61c0de55c2684b2cff824664ba
Data/emerg_dataset7/emerg_dataset7_185/emerg_dataset7_185.jpg,emerg_dataset7_185.jpg,emerg_dataset7,IMG_7478_jpg.rf.389abb2e752f11b4c46005943d53f587.jpg,ed92574d3c8449726b42f6db18a26ba3
Data/emerg_dataset7/emerg_dataset7_186/emerg_dataset7_186.jpg,emerg_dataset7_186.jpg,emerg_dataset7,IMG_7478_jpg.rf.83dc2232a08daa842c282bdbb034c2a4.jpg,79af202ea5c15bc4c0c4e0559a1a78a9
Data/emerg_dataset7/emerg_dataset7_187/emerg_dataset7_187.jpg,emerg_dataset7_187.jpg,emerg_dataset7,IMG_7478_jpg.rf.e64d2865852990e7810ffd76e038e097.jpg,a7671d923115de8db3fd58c2b8d86308
Data/emerg_dataset7/emerg_dataset7_188/emerg_dataset7_188.jpg,emerg_dataset7_188.jpg,emerg_dataset7,IMG_7480_jpg.rf.1f822760014eaa532f9f08228b6d429c.jpg,9c0e495a8a5da9479007c5960cb9903d
Data/emerg_dataset7/emerg_dataset7_189/emerg_dataset7_189.jpg,emerg_dataset7_189.jpg,emerg_dataset7,IMG_7480_jpg.rf.88ab86c12fa002b3f3b18051190cdc74.jpg,41c563add169ba6688ba489c1a176293
Data/emerg_dataset7/emerg_dataset7_19/emerg_dataset7_19.jpg,emerg_dataset7_19.jpg,emerg_dataset7,IMG_6696_jpg.rf.f0ce662cf486cb23c0876b9b68526c3e.jpg,4f0a3bf4c6b9bb8ed3c0cd37805bf29c
Data/emerg_dataset7/emerg_dataset7_190/emerg_dataset7_190.jpg,emerg_dataset7_190.jpg,emerg_dataset7,IMG_7480_jpg.rf.d7febb4b21b721004c3c9a9d43155c05.jpg,ff76f081fba86d02dccabcb560208bdb
Data/emerg_dataset7/emerg_dataset7_191/emerg_dataset7_191.jpg,emerg_dataset7_191.jpg,emerg_dataset7,IMG_7481_jpg.rf.38c09791441820a1544884ad2ae573fc.jpg,7fa01fb13b40dd9709de240926fe0f87
Data/emerg_dataset7/emerg_dataset7_192/emerg_dataset7_192.jpg,emerg_dataset7_192.jpg,emerg_dataset7,IMG_7481_jpg.rf.8ff87beffa5b0c9c241e4b5bdf7a785a.jpg,39c3a03a7a0af068b036ad83dd13d257
Data/emerg_dataset7/emerg_dataset7_195/emerg_dataset7_195.jpg,emerg_dataset7_195.jpg,emerg_dataset7,IMG_7482_jpg.rf.6cdf3670a5665986550d2f5e31f5dd68.jpg,b9bb2860645c1015bc5327b9648070bd
Data/emerg_dataset7/emerg_dataset7_196/emerg_dataset7_196.jpg,emerg_dataset7_196.jpg,emerg_dataset7,IMG_7482_jpg.rf.bc5ac64326266c4afa190511ad0fd1fa.jpg,9dc1c1498fdc57123ad4e44e95673daf
Data/emerg_dataset7/emerg_dataset7_197/emerg_dataset7_197.jpg,emerg_dataset7_197.jpg,emerg_dataset7,IMG_7485_jpg.rf.0995a4c9a5c4320ca16f69f7660210ec.jpg,541b96b04258716148b8219c07d01ed0
Data/emerg_dataset7/emerg_dataset7_198/emerg_dataset7_198.jpg,emerg_dataset7_198.jpg,emerg_dataset7,IMG_7485_jpg.rf.9131a3b17ea54884d5f618517123082d.jpg,80dc7059435fbe12d15fdfdcf088a6ac
Data/emerg_dataset7/emerg_dataset7_199/emerg_dataset7_199.jpg,emerg_dataset7_199.jpg,emerg_dataset7,IMG_7485_jpg.rf.de28cc069c02354cc9e179dc4655e78c.jpg,18f988c0beac7cb0336297e25cd934b2
Data/emerg_dataset7/emerg_dataset7_2/emerg_dataset7_2.jpg,emerg_dataset7_2.jpg,emerg_dataset7,IMG_6688_jpg.rf.2b00dc89e2cae0c6dc4261dc2a88cac3.jpg,54834135653da5717263c27008a789ff
Data/emerg_dataset7/emerg_dataset7_20/emerg_dataset7_20.jpg,emerg_dataset7_20.jpg,emerg_dataset7,IMG_6697_jpg.rf.4b6c5b4521a9835484efef2f02ae9f78.jpg,3e8661b8fe79870bad9cfcc77c0d219c
Data/emerg_dataset7/emerg_dataset7_200/emerg_dataset7_200.jpg,emerg_dataset7_200.jpg,emerg_dataset7,IMG_7490_jpg.rf.451051ae9a43e4fead636291b64b3a22.jpg,9bb1a432d9ba588d889094c751e82f75
Data/emerg_dataset7/emerg_dataset7_201/emerg_dataset7_201.jpg,emerg_dataset7_201.jpg,emerg_dataset7,IMG_7490_jpg.rf.9076d448d9b7d60539941beb1c705e47.jpg,ceafe27bb88b41180d5d7dc8b436ee6b
Data/emerg_dataset7/emerg_dataset7_202/emerg_dataset7_202.jpg,emerg_dataset7_202.jpg,emerg_dataset7,IMG_7490_jpg.rf.f44900efea6927217d33e23b597b0d88.jpg,45dc6a58d057eb1805a7668616205808
Data/emerg_dataset7/emerg_dataset7_203/emerg_dataset7_203.jpg,emerg_dataset7_203.jpg,emerg_dataset7,IMG_7519_MOV-0_jpg.rf.66884b1c41d6aeb60a2d7f35b3c7bff8.jpg,e4d84e9a0c681604ac37192c8def4027
Data/emerg_dataset7/emerg_dataset7_204/emerg_dataset7_204.jpg,emerg_dataset7_204.jpg,emerg_dataset7,IMG_7519_MOV-0_jpg.rf.da77a230cf7b00e2eae39f482105b315.jpg,f02e24b1ece5c21f602e413938b33e71
Data/emerg_dataset7/emerg_dataset7_205/emerg_dataset7_205.jpg,emerg_dataset7_205.jpg,emerg_dataset7,IMG_7519_MOV-0_jpg.rf.ed38df4fb894b02d84094f191cbd8d12.jpg,46ec8b8b619b4fa7f3f05d29a662fcd2
Data/emerg_dataset7/emerg_dataset7_206/emerg_dataset7_206.jpg,emerg_dataset7_206.jpg,emerg_dataset7,IMG_7519_MOV-1_jpg.rf.0c61d1567770cf6b3c3df0e170945d6c.jpg,257dcdb312fc03c91050926fd53bdae2
Data/emerg_dataset7/emerg_dataset7_207/emerg_dataset7_207.jpg,emerg_dataset7_207.jpg,emerg_dataset7,IMG_7519_MOV-1_jpg.rf.4205caff0f884fe2d24edea17faf5fd5.jpg,46f33a63870c436559fffde0b5e1c257
Data/emerg_dataset7/emerg_dataset7_208/emerg_dataset7_208.jpg,emerg_dataset7_208.jpg,emerg_dataset7,IMG_7519_MOV-1_jpg.rf.70dcaceeb90a0fdfe9a345eadb86d115.jpg,1566268d08a7e0569f1edb160928e801
Data/emerg_dataset7/emerg_dataset7_209/emerg_dataset7_209.jpg,emerg_dataset7_209.jpg,emerg_dataset7,IMG_7526_jpg.rf.2b6860d208076f30f9f59c71c6e9e9c9.jpg,af1fcfcae42633cf404fc25e026ef0a9
Data/emerg_dataset7/emerg_dataset7_21/emerg_dataset7_21.jpg,emerg_dataset7_21.jpg,emerg_dataset7,IMG_6697_jpg.rf.c02359922e4e62a30dd6839d5f8e0fa1.jpg,8c17c6d072c961d1c7ba03b84ed6954c
Data/emerg_dataset7/emerg_dataset7_210/emerg_dataset7_210.jpg,emerg_dataset7_210.jpg,emerg_dataset7,IMG_7526_jpg.rf.380b3a65f4aeaf8c2385110dbee118fe.jpg,829669dbbd1489baf7c5d459154f5c10
Data/emerg_dataset7/emerg_dataset7_211/emerg_dataset7_211.jpg,emerg_dataset7_211.jpg,emerg_dataset7,IMG_7526_jpg.rf.685fa6fdd513a06d05e9f1a09f598481.jpg,612a9efa406a4cb5a558f08a113b3b9c
Data/emerg_dataset7/emerg_dataset7_212/emerg_dataset7_212.jpg,emerg_dataset7_212.jpg,emerg_dataset7,IMG_7527_jpg.rf.803204c39cc60ecc0f99c2e392e72585.jpg,7861bf0b28f7410cb80b4dc852bfc7c7
Data/emerg_dataset7/emerg_dataset7_213/emerg_dataset7_213.jpg,emerg_dataset7_213.jpg,emerg_dataset7,IMG_7527_jpg.rf.9d3f4ae887707c3c685552513ca330f8.jpg,9aae3e02980f308a068d272e4c742c2a
Data/emerg_dataset7/emerg_dataset7_214/emerg_dataset7_214.jpg,emerg_dataset7_214.jpg,emerg_dataset7,IMG_7527_jpg.rf.b428d7cda3e4d3e132b15d8b6beab37c.jpg,c691fd4fb8c32387541789a524840e7e
Data/emerg_dataset7/emerg_dataset7_215/emerg_dataset7_215.jpg,emerg_dataset7_215.jpg,emerg_dataset7,IMG_7528_jpg.rf.9f13cc93cd111ed4293c2113041fbd6c.jpg,5299043498d49cab3d68c990e013c3c9
Data/emerg_dataset7/emerg_dataset7_216/emerg_dataset7_216.jpg,emerg_dataset7_216.jpg,emerg_dataset7,IMG_7528_jpg.rf.afbcd54920853c4c6258d985931f5411.jpg,0c3b06728b1b3aa79aa5841b44855ac7
Data/emerg_dataset7/emerg_dataset7_217/emerg_dataset7_217.jpg,emerg_dataset7_217.jpg,emerg_dataset7,IMG_7528_jpg.rf.c0ffb68f5fd7eeac2dda787aaf78e20a.jpg,c1c951c1042adc81b5b818e26d6fb045
Data/emerg_dataset7/emerg_dataset7_218/emerg_dataset7_218.jpg,emerg_dataset7_218.jpg,emerg_dataset7,IMG_7529_jpg.rf.2c28a419681c1b1382c972ebd41562df.jpg,7476df935c75c08efbc96689e9edf847
Data/emerg_dataset7/emerg_dataset7_219/emerg_dataset7_219.jpg,emerg_dataset7_219.jpg,emerg_dataset7,IMG_7529_jpg.rf.8419d2a38d19f1224c0e2f3eda254049.jpg,98ece5d32458f5b25f46955f584f845c
Data/emerg_dataset7/emerg_dataset7_22/emerg_dataset7_22.jpg,emerg_dataset7_22.jpg,emerg_dataset7,IMG_6697_jpg.rf.caf09388a80f73d4ce854947d9364bf4.jpg,4ac306f4dde6068a6f54cb7f4c147d32
Data/emerg_dataset7/emerg_dataset7_220/emerg_dataset7_220.jpg,emerg_dataset7_220.jpg,emerg_dataset7,IMG_7529_jpg.rf.976941340ebd118c224cdbb83ec41d02.jpg,bfb1e075062c167d7721c73da8e8e49b
Data/emerg_dataset7/emerg_dataset7_221/emerg_dataset7_221.jpg,emerg_dataset7_221.jpg,emerg_dataset7,IMG_7530_jpg.rf.4eedbf0af129b609d138a2d7297077b6.jpg,247ef4c0995794c3aa51382e350d4acd
Data/emerg_dataset7/emerg_dataset7_222/emerg_dataset7_222.jpg,emerg_dataset7_222.jpg,emerg_dataset7,IMG_7530_jpg.rf.538518174e8710afd8636714b343d1a6.jpg,c18ae932b28a2cb456bc5a0403074591
Data/emerg_dataset7/emerg_dataset7_223/emerg_dataset7_223.jpg,emerg_dataset7_223.jpg,emerg_dataset7,IMG_7530_jpg.rf.755afa650fb72aa83a666813a63c8312.jpg,bbe240249e04671c6fa197bbdc489673
Data/emerg_dataset7/emerg_dataset7_224/emerg_dataset7_224.jpg,emerg_dataset7_224.jpg,emerg_dataset7,IMG_7531_jpg.rf.33a13510cb496915d47f34f944f08582.jpg,a79b49d89f5d98c258a794fe2a0b324e
Data/emerg_dataset7/emerg_dataset7_225/emerg_dataset7_225.jpg,emerg_dataset7_225.jpg,emerg_dataset7,IMG_7531_jpg.rf.ae35433915723142f7704094ea213771.jpg,a8afe846089dfc72249537d54f88839a
Data/emerg_dataset7/emerg_dataset7_226/emerg_dataset7_226.jpg,emerg_dataset7_226.jpg,emerg_dataset7,IMG_7531_jpg.rf.ecf992c6f7820189b2700367ee0160a4.jpg,9c7e77342d67469ee6618b8a266968a8
Data/emerg_dataset7/emerg_dataset7_227/emerg_dataset7_227.jpg,emerg_dataset7_227.jpg,emerg_dataset7,IMG_7532_jpg.rf.011a9eb96c62969451547065ac6c0980.jpg,6b1340b6041396fade373d03b1a3652e
Data/emerg_dataset7/emerg_dataset7_228/emerg_dataset7_228.jpg,emerg_dataset7_228.jpg,emerg_dataset7,IMG_7532_jpg.rf.062fea3e6bdd128ab31a38cb93ea0112.jpg,15e7b49efd98c71ced4fde05808f4338
Data/emerg_dataset7/emerg_dataset7_229/emerg_dataset7_229.jpg,emerg_dataset7_229.jpg,emerg_dataset7,IMG_7532_jpg.rf.452080e527a30cdd905d7d680a5b9542.jpg,d83da4d143785e791cd541416b9a772c
Data/emerg_dataset7/emerg_dataset7_23/emerg_dataset7_23.jpg,emerg_dataset7_23.jpg,emerg_dataset7,IMG_6698_jpg.rf.0f555d4743d2f0b854f840253f7c20f0.jpg,9d0ee01a617aa3bd33cd375fe5ff7bcb
Data/emerg_dataset7/emerg_dataset7_230/emerg_dataset7_230.jpg,emerg_dataset7_230.jpg,emerg_dataset7,IMG_7534_jpg.rf.0fa94a9499184753063e2ae5510425ec.jpg,d7344302e1476b27582a71cd95632a04
Data/emerg_dataset7/emerg_dataset7_231/emerg_dataset7_231.jpg,emerg_dataset7_231.jpg,emerg_dataset7,IMG_7534_jpg.rf.156d768258bbcf786896e377cfc6e23a.jpg,965d19a115b883fa000de1b391a76b3a
Data/emerg_dataset7/emerg_dataset7_232/emerg_dataset7_232.jpg,emerg_dataset7_232.jpg,emerg_dataset7,IMG_7534_jpg.rf.2d0d757f41ba65f890dc5e6e6546d7c3.jpg,4e4e4ef4e6ec56c878eaa78f61e3544c
Data/emerg_dataset7/emerg_dataset7_233/emerg_dataset7_233.jpg,emerg_dataset7_233.jpg,emerg_dataset7,IMG_7534_MOV-0_jpg.rf.35f3f56bd19ccc397a1c94c1c9f0dbf7.jpg,a10a16baa830e337a3add8c7cf2f3495
Data/emerg_dataset7/emerg_dataset7_234/emerg_dataset7_234.jpg,emerg_dataset7_234.jpg,emerg_dataset7,IMG_7534_MOV-0_jpg.rf.d35f954817adf84923affee66d98e6ea.jpg,aafd887326cb174016bc8be64a862a23
Data/emerg_dataset7/emerg_dataset7_235/emerg_dataset7_235.jpg,emerg_dataset7_235.jpg,emerg_dataset7,IMG_7534_MOV-0_jpg.rf.e3fa96b2312712218ca93fb0173b99c1.jpg,eba9a43217b8b986aea3f06dae4518b0
Data/emerg_dataset7/emerg_dataset7_239/emerg_dataset7_239.jpg,emerg_dataset7_239.jpg,emerg_dataset7,IMG_7534_MOV-3_jpg.rf.7d09d9c7914e133a3a24654b7df0bb43.jpg,3c46b7527485fcd7b94a221d9daadf48
Data/emerg_dataset7/emerg_dataset7_24/emerg_dataset7_24.jpg,emerg_dataset7_24.jpg,emerg_dataset7,IMG_6698_jpg.rf.bb3222fe07f2f957094003830e732c09.jpg,d18af29b69117da1afb26e1c5a8090b8
Data/emerg_dataset7/emerg_dataset7_240/emerg_dataset7_240.jpg,emerg_dataset7_240.jpg,emerg_dataset7,IMG_7534_MOV-3_jpg.rf.9ce4bcf401ea126bcbd55747687d4fe1.jpg,fa693699bb07f948d1d9c839ab380016
Data/emerg_dataset7/emerg_dataset7_241/emerg_dataset7_241.jpg,emerg_dataset7_241.jpg,emerg_dataset7,IMG_7534_MOV-3_jpg.rf.f8acb400aee841ab20c28fc6bf8995e4.jpg,dc44a7d497a18158a97bc46b5a971532
Data/emerg_dataset7/emerg_dataset7_243/emerg_dataset7_243.jpg,emerg_dataset7_243.jpg,emerg_dataset7,IMG_7535_jpg.rf.54e78951f4a688efb26822932143c0f4.jpg,fdefa88a28d117cebae1d192066d2ffd
Data/emerg_dataset7/emerg_dataset7_244/emerg_dataset7_244.jpg,emerg_dataset7_244.jpg,emerg_dataset7,IMG_7535_jpg.rf.f258cb00331fd9b7a8b417673adc74f8.jpg,4564fcb98223209e1710070692d575e6
Data/emerg_dataset7/emerg_dataset7_246/emerg_dataset7_246.jpg,emerg_dataset7_246.jpg,emerg_dataset7,IMG_7536_jpg.rf.7c93dea0e58afeaf0322c82374bd71d3.jpg,ee7ab56b5d3e8b90c6c237479b49248d
Data/emerg_dataset7/emerg_dataset7_247/emerg_dataset7_247.jpg,emerg_dataset7_247.jpg,emerg_dataset7,IMG_7536_jpg.rf.ad2285cf043bedccc6c560389a7df9ce.jpg,73e5a79b4fb65e9054a77686c2395950
Data/emerg_dataset7/emerg_dataset7_248/emerg_dataset7_248.jpg,emerg_dataset7_248.jpg,emerg_dataset7,IMG_7537_jpg.rf.145462ff5e6a0919bf2a67a0d4b8eeef.jpg,c212712315f04274367fde4a50e78f66
Data/emerg_dataset7/emerg_dataset7_249/emerg_dataset7_249.jpg,emerg_dataset7_249.jpg,emerg_dataset7,IMG_7537_jpg.rf.318d42c54d327dc11712b009cdff52dc.jpg,84050056957c597dcb43228c2839376a
Data/emerg_dataset7/emerg_dataset7_250/emerg_dataset7_250.jpg,emerg_dataset7_250.jpg,emerg_dataset7,IMG_7537_jpg.rf.ba5a71582ccfab8fad16178f1b1ed8bf.jpg,2b14af7e37d5948946be146c419d8f0c
Data/emerg_dataset7/emerg_dataset7_251/emerg_dataset7_251.jpg,emerg_dataset7_251.jpg,emerg_dataset7,IMG_7538_jpg.rf.92675c26831d1cbfd9e2831bbe294bcf.jpg,88ffb186d8ad68ea5e6a1f204400c302
Data/emerg_dataset7/emerg_dataset7_252/emerg_dataset7_252.jpg,emerg_dataset7_252.jpg,emerg_dataset7,IMG_7538_jpg.rf.aeeab0164ac7441792e53047200413a6.jpg,fca29fbc6ac27de366e2a3769e10154a
Data/emerg_dataset7/emerg_dataset7_253/emerg_dataset7_253.jpg,emerg_dataset7_253.jpg,emerg_dataset7,IMG_7538_jpg.rf.e6f24067900e021d4fec97a847a63f39.jpg,1ed07e7d8d303a24421c62eea310e4c4
Data/emerg_dataset7/emerg_dataset7_254/emerg_dataset7_254.jpg,emerg_dataset7_254.jpg,emerg_dataset7,IMG_7539_jpg.rf.5beeed0dd634c787a41c0392939559d3.jpg,f4a3bbf7e9f9b17565a1b9963ce62f9d
Data/emerg_dataset7/emerg_dataset7_255/emerg_dataset7_255.jpg,emerg_dataset7_255.jpg,emerg_dataset7,IMG_7539_jpg.rf.76bcbd07772e53a72d27162c6a1b050a.jpg,079f101e4ae5f1c1a52503efe4f6577e
Data/emerg_dataset7/emerg_dataset7_256/emerg_dataset7_256.jpg,emerg_dataset7_256.jpg,emerg_dataset7,IMG_7539_jpg.rf.8d51cc134318051ef902881e41b6f351.jpg,83fe5441960ce40f5cc80c82055ed9c6
Data/emerg_dataset7/emerg_dataset7_257/emerg_dataset7_257.jpg,emerg_dataset7_257.jpg,emerg_dataset7,IMG_7541_jpg.rf.608b2292572e9aa3c4ac00f9bbd51db6.jpg,f00f0a32b717fa8d7565bec98edf9287
Data/emerg_dataset7/emerg_dataset7_258/emerg_dataset7_258.jpg,emerg_dataset7_258.jpg,emerg_dataset7,IMG_7541_jpg.rf.7f3e30a3408aab69079170c14f9d32c2.jpg,d56c8dd25a00c5b5f4cd12ca4caa3d65
Data/emerg_dataset7/emerg_dataset7_259/emerg_dataset7_259.jpg,emerg_dataset7_259.jpg,emerg_dataset7,IMG_7541_jpg.rf.d466a8e516669e81d3d192b70831eb79.jpg,56ec8af97c3c58433c2ff1e7f64d14db
Data/emerg_dataset7/emerg_dataset7_26/emerg_dataset7_26.jpg,emerg_dataset7_26.jpg,emerg_dataset7,IMG_6700_jpg.rf.30d1ee0363274ac5a3ce6d1a24de2bfb.jpg,a1e41558e11249828f919afffe26faa3
Data/emerg_dataset7/emerg_dataset7_260/emerg_dataset7_260.jpg,emerg_dataset7_260.jpg,emerg_dataset7,IMG_7542_jpg.rf.124a07c227b142d4701222e2ef3defa0.jpg,2019dccb0b06b46d0f9233e46d352b71
Data/emerg_dataset7/emerg_dataset7_261/emerg_dataset7_261.jpg,emerg_dataset7_261.jpg,emerg_dataset7,IMG_7542_jpg.rf.4e1ecbd632f3647ce31d6a1436794807.jpg,e8fca9b2cd42f01171670863cfc2bdd2
Data/emerg_dataset7/emerg_dataset7_262/emerg_dataset7_262.jpg,emerg_dataset7_262.jpg,emerg_dataset7,IMG_7542_jpg.rf.6dccebbc5c7671b0195045067f25590f.jpg,c9b3073a86b5c0fbed6a3269dd3ed9d2
Data/emerg_dataset7/emerg_dataset7_263/emerg_dataset7_263.jpg,emerg_dataset7_263.jpg,emerg_dataset7,IMG_7543_jpg.rf.4504425a640ff1c5a52142ec63c854dd.jpg,c92e892cbd04263f78bc9f096defef03
Data/emerg_dataset7/emerg_dataset7_264/emerg_dataset7_264.jpg,emerg_dataset7_264.jpg,emerg_dataset7,IMG_7543_jpg.rf.5f85b8dd6f0255e135005544e65fd618.jpg,cabbdafb33a0064fa8c12feee5c56022
Data/emerg_dataset7/emerg_dataset7_266/emerg_dataset7_266.jpg,emerg_dataset7_266.jpg,emerg_dataset7,IMG_7544_jpg.rf.0925b55117f48c40d013faad5efc06b4.jpg,bfbee90b33933bc4d8a6f3c49f5a237a
Data/emerg_dataset7/emerg_dataset7_267/emerg_dataset7_267.jpg,emerg_dataset7_267.jpg,emerg_dataset7,IMG_7544_jpg.rf.670b0d06af73b8795b96e5d5eb37ce0e.jpg,43ce65e7b2f742058d59e2bd064c2a67
Data/emerg_dataset7/emerg_dataset7_268/emerg_dataset7_268.jpg,emerg_dataset7_268.jpg,emerg_dataset7,IMG_7544_jpg.rf.a90a155b82f29f75bbd6f1c240408444.jpg,e9414a000ee1c81b382fb8f5ce33d72c
Data/emerg_dataset7/emerg_dataset7_269/emerg_dataset7_269.jpg,emerg_dataset7_269.jpg,emerg_dataset7,IMG_7546_jpg.rf.6f6708c1dc800d7313ac7f6fa3c17bf4.jpg,7ebd5c40d279ef465f9f1bda47b3c590
Data/emerg_dataset7/emerg_dataset7_27/emerg_dataset7_27.jpg,emerg_dataset7_27.jpg,emerg_dataset7,IMG_6700_jpg.rf.c9a87945f64fb3d954e225128703f859.jpg,9f91e071e2fbc5e36b18f667254ea67d
Data/emerg_dataset7/emerg_dataset7_270/emerg_dataset7_270.jpg,emerg_dataset7_270.jpg,emerg_dataset7,IMG_7546_jpg.rf.76ac1497d67b1b8a365cdc4bd94a451d.jpg,63874a6028fb06937a2aaf47745da108
Data/emerg_dataset7/emerg_dataset7_271/emerg_dataset7_271.jpg,emerg_dataset7_271.jpg,emerg_dataset7,IMG_7546_jpg.rf.d97e1786834c83086049ae80ec2d8d41.jpg,81bb88ef71df4d767a03087afe1ed446
Data/emerg_dataset7/emerg_dataset7_272/emerg_dataset7_272.jpg,emerg_dataset7_272.jpg,emerg_dataset7,IMG_7547_jpg.rf.04a19c9b7cd63e7f0806c2fe860c5ffe.jpg,c677e44bc250927a862b947cab510fb3
Data/emerg_dataset7/emerg_dataset7_273/emerg_dataset7_273.jpg,emerg_dataset7_273.jpg,emerg_dataset7,IMG_7547_jpg.rf.4bdecc85f917834c648f4d1e49f60621.jpg,42ab0cf5b513d4261d166fcf0f5e6dc8
Data/emerg_dataset7/emerg_dataset7_274/emerg_dataset7_274.jpg,emerg_dataset7_274.jpg,emerg_dataset7,IMG_7547_jpg.rf.cc9ce7662e4b3b601021def82906ee6a.jpg,0464bf9dfd39ce0d9b36c2e2b7f1586e
Data/emerg_dataset7/emerg_dataset7_275/emerg_dataset7_275.jpg,emerg_dataset7_275.jpg,emerg_dataset7,IMG_7554_jpg.rf.302fecb5be7e4b89f991f41bfabcf642.jpg,f69be6be6b8b41e706a49d8a9b243f51
Data/emerg_dataset7/emerg_dataset7_276/emerg_dataset7_276.jpg,emerg_dataset7_276.jpg,emerg_dataset7,IMG_7554_jpg.rf.396c55ce5ad69ae8fbcb3b79758ad029.jpg,bb8131b91197f31bc0d3e43a3d7750ea
Data/emerg_dataset7/emerg_dataset7_277/emerg_dataset7_277.jpg,emerg_dataset7_277.jpg,emerg_dataset7,IMG_7554_jpg.rf.4381172f44d25bae0ec9129e8b138122.jpg,1003359b79ee6e31a8f5c82eeb8b0401
Data/emerg_dataset7/emerg_dataset7_278/emerg_dataset7_278.jpg,emerg_dataset7_278.jpg,emerg_dataset7,IMG_7556_jpg.rf.445cd545028d0ba4086ee93171909ffe.jpg,630bbc49bb8ece7e51541d99c11eb3e8
Data/emerg_dataset7/emerg_dataset7_279/emerg_dataset7_279.jpg,emerg_dataset7_279.jpg,emerg_dataset7,IMG_7556_jpg.rf.a9a50789e9ea062cd70bb77609d193d8.jpg,0fa589bdd21f3b94b3cfb873f2a9ef5f
Data/emerg_dataset7/emerg_dataset7_28/emerg_dataset7_28.jpg,emerg_dataset7_28.jpg,emerg_dataset7,IMG_6700_jpg.rf.e2a4ba151f14b32db29bc59975ad8948.jpg,821b6190e2bb8e33fec1bf3c630648c1
Data/emerg_dataset7/emerg_dataset7_280/emerg_dataset7_280.jpg,emerg_dataset7_280.jpg,emerg_dataset7,IMG_7556_jpg.rf.d58c01a7245ee68bc82e9b1f7a4e79ef.jpg,2f47d8e17f6b95d681a0dab5cc6b5ade
Data/emerg_dataset7/emerg_dataset7_282/emerg_dataset7_282.jpg,emerg_dataset7_282.jpg,emerg_dataset7,IMG_7557_jpg.rf.2a203a4bd3630504bc301285a3bae608.jpg,42f61da168aeb8e8b7bc4dcf26482ab7
Data/emerg_dataset7/emerg_dataset7_283/emerg_dataset7_283.jpg,emerg_dataset7_283.jpg,emerg_dataset7,IMG_7557_jpg.rf.9a2d85f5726936f8be0deb5f50dc67a8.jpg,83cc8010101e933320114ff6f528b855
Data/emerg_dataset7/emerg_dataset7_284/emerg_dataset7_284.jpg,emerg_dataset7_284.jpg,emerg_dataset7,IMG_7558_jpg.rf.48384ff4175664c7984c63a14a781c96.jpg,8f472524fb27f9011e3d2cd3cbadda77
Data/emerg_dataset7/emerg_dataset7_286/emerg_dataset7_286.jpg,emerg_dataset7_286.jpg,emerg_dataset7,IMG_7558_jpg.rf.d5a600437bb6ee1ef4ea1be5da5a1e15.jpg,16c727af45a8159bb8f4c24b6cb4b513
Data/emerg_dataset7/emerg_dataset7_287/emerg_dataset7_287.jpg,emerg_dataset7_287.jpg,emerg_dataset7,IMG_7559_jpg.rf.1868307c21a50f31efb0def4d6f39624.jpg,5de3f8e71f23f3c1acd5016422a82628
Data/emerg_dataset7/emerg_dataset7_288/emerg_dataset7_288.jpg,emerg_dataset7_288.jpg,emerg_dataset7,IMG_7559_jpg.rf.609e2f68ed88fb521a168c0be611ade8.jpg,440e28092d637484a8a0b421a06e9d1f
Data/emerg_dataset7/emerg_dataset7_289/emerg_dataset7_289.jpg,emerg_dataset7_289.jpg,emerg_dataset7,IMG_7559_jpg.rf.ab5e84b6e87bf568fecd9a97b46116cb.jpg,61744b014b3267317ffe0dd27b0aca1e
Data/emerg_dataset7/emerg_dataset7_29/emerg_dataset7_29.jpg,emerg_dataset7_29.jpg,emerg_dataset7,IMG_6703_jpg.rf.43560126afd564a610965edaa7a9559f.jpg,61db32c8d558ac8c02ae012d66d7fd9b
Data/emerg_dataset7/emerg_dataset7_290/emerg_dataset7_290.jpg,emerg_dataset7_290.jpg,emerg_dataset7,IMG_7561_jpg.rf.7de82ad90443197d8aa88c6f7c61da20.jpg,ffe124672eb7b1bee5a45291a0226e7b
Data/emerg_dataset7/emerg_dataset7_291/emerg_dataset7_291.jpg,emerg_dataset7_291.jpg,emerg_dataset7,IMG_7561_jpg.rf.8525b19f10a0b73acfa7884bfc3c8c8a.jpg,b35f3f9dbcfc0042ff4c2c4d3a5dba64
Data/emerg_dataset7/emerg_dataset7_292/emerg_dataset7_292.jpg,emerg_dataset7_292.jpg,emerg_dataset7,IMG_7561_jpg.rf.cd7f2498f12779d0a83f59c836360949.jpg,9537e8f83457394f194fbee0ccb8fe75
Data/emerg_dataset7/emerg_dataset7_293/emerg_dataset7_293.jpg,emerg_dataset7_293.jpg,emerg_dataset7,IMG_7562_jpg.rf.3c538c73624bb3f5f0fe8fbc37932671.jpg,1876f8d9d8cc0959f16b161db726f167
Data/emerg_dataset7/emerg_dataset7_294/emerg_dataset7_294.jpg,emerg_dataset7_294.jpg,emerg_dataset7,IMG_7562_jpg.rf.6112f57751b38bf3c0898f80f4e0b31b.jpg,bf0e5c16ccaaece84060c0106d56f6cd
Data/emerg_dataset7/emerg_dataset7_296/emerg_dataset7_296.jpg,emerg_dataset7_296.jpg,emerg_dataset7,IMG_7563_jpg.rf.0b3a510f9796197db6961734416a5aa3.jpg,7bd99f8d341269d5d21385ff3871e1e8
Data/emerg_dataset7/emerg_dataset7_297/emerg_dataset7_297.jpg,emerg_dataset7_297.jpg,emerg_dataset7,IMG_7563_jpg.rf.301e7f9f85926b6f888022c4f1e84e74.jpg,0105c5708e96deed93f0e4bc286d66dc
Data/emerg_dataset7/emerg_dataset7_298/emerg_dataset7_298.jpg,emerg_dataset7_298.jpg,emerg_dataset7,IMG_7563_jpg.rf.b3d8b0710301512a3ec473ea892a0884.jpg,ead46e974fac8593b199e25f407b16c2
Data/emerg_dataset7/emerg_dataset7_30/emerg_dataset7_30.jpg,emerg_dataset7_30.jpg,emerg_dataset7,IMG_6703_jpg.rf.a75ef9291331e7cf839dfc5c9a6686bf.jpg,d6a4d1eb5fbe021b067e00a61b2f98d8
Data/emerg_dataset7/emerg_dataset7_300/emerg_dataset7_300.jpg,emerg_dataset7_300.jpg,emerg_dataset7,IMG_7564_jpg.rf.6b54380a954f24378cb74073939def6c.jpg,73b6cc7e6afa2f1868643272d63f6f14
Data/emerg_dataset7/emerg_dataset7_301/emerg_dataset7_301.jpg,emerg_dataset7_301.jpg,emerg_dataset7,IMG_7564_jpg.rf.75bf9e4d5cf903f42a45414fe5133301.jpg,bcb12ab1fcae22897ddef5e222655dbc
Data/emerg_dataset7/emerg_dataset7_302/emerg_dataset7_302.jpg,emerg_dataset7_302.jpg,emerg_dataset7,IMG_7567_jpg.rf.15857da2459eaf8db5d98727adfef0bf.jpg,23c9a4052c1869d393eeb1598215f585
Data/emerg_dataset7/emerg_dataset7_304/emerg_dataset7_304.jpg,emerg_dataset7_304.jpg,emerg_dataset7,IMG_7567_jpg.rf.83b84063368c2005ca7efebaf8fbb5f4.jpg,598ac550a702ec2e0d57cb4cf13d5771
Data/emerg_dataset7/emerg_dataset7_305/emerg_dataset7_305.jpg,emerg_dataset7_305.jpg,emerg_dataset7,IMG_7569_jpg.rf.0ceb5ea5cf35033e6899defd956bc20f.jpg,d037cf687b669d7a504db8652182fb31
Data/emerg_dataset7/emerg_dataset7_306/emerg_dataset7_306.jpg,emerg_dataset7_306.jpg,emerg_dataset7,IMG_7569_jpg.rf.184807cb1aff1ca235ce0407f00b2a8f.jpg,0da1c03444ea188b33d16ede37894d9f
Data/emerg_dataset7/emerg_dataset7_307/emerg_dataset7_307.jpg,emerg_dataset7_307.jpg,emerg_dataset7,IMG_7569_jpg.rf.b9af315c5e667579de712accc7b70512.jpg,3c086e17243b3352946eda6dfae040a9
Data/emerg_dataset7/emerg_dataset7_308/emerg_dataset7_308.jpg,emerg_dataset7_308.jpg,emerg_dataset7,IMG_7571_jpg.rf.7355266cad485de54ec49d2f0826c6d7.jpg,0bdb04f6a13d80455624301b4fb9961e
Data/emerg_dataset7/emerg_dataset7_309/emerg_dataset7_309.jpg,emerg_dataset7_309.jpg,emerg_dataset7,IMG_7571_jpg.rf.9c71c8d7a410cf1784d82dfea6ef1cb7.jpg,4a6f4985f2169c93bf63f6c794763f83
Data/emerg_dataset7/emerg_dataset7_31/emerg_dataset7_31.jpg,emerg_dataset7_31.jpg,emerg_dataset7,IMG_6703_jpg.rf.da3475a89906ced5fe0b69999af167eb.jpg,314a83bc42dd30cd6894fc5a83fd5725
Data/emerg_dataset7/emerg_dataset7_310/emerg_dataset7_310.jpg,emerg_dataset7_310.jpg,emerg_dataset7,IMG_7571_jpg.rf.e90d3ba1da07637aea5b2a4467759c6c.jpg,7a144d960f2c8ee8a0501843a9236351
Data/emerg_dataset7/emerg_dataset7_311/emerg_dataset7_311.jpg,emerg_dataset7_311.jpg,emerg_dataset7,IMG_7573_jpg.rf.b5dfdd056b0d5a9f0b46cee6e6e2d0b5.jpg,e2173db4128d7830ed40d8fd66c36bcb
Data/emerg_dataset7/emerg_dataset7_312/emerg_dataset7_312.jpg,emerg_dataset7_312.jpg,emerg_dataset7,IMG_7573_jpg.rf.cfc216d80bdd3b18455d0ce5b60cfd7c.jpg,a9ff01e0a5eb3de6fab940f126fc3c94
Data/emerg_dataset7/emerg_dataset7_313/emerg_dataset7_313.jpg,emerg_dataset7_313.jpg,emerg_dataset7,IMG_7573_jpg.rf.faff6e79cfa93c4cd58840deaabc9abd.jpg,676bcdd981462650a997ba919db40792
Data/emerg_dataset7/emerg_dataset7_314/emerg_dataset7_314.jpg,emerg_dataset7_314.jpg,emerg_dataset7,IMG_7574_jpg.rf.012c56fbfe75cff066818236b75bf3d8.jpg,93c09937220735f47568a1238fcc9d0e
Data/emerg_dataset7/emerg_dataset7_316/emerg_dataset7_316.jpg,emerg_dataset7_316.jpg,emerg_dataset7,IMG_7574_jpg.rf.f9e576c76082235985bce393e5f71e85.jpg,c1c40cee5cc6609ef8b7636979a86300
Data/emerg_dataset7/emerg_dataset7_317/emerg_dataset7_317.jpg,emerg_dataset7_317.jpg,emerg_dataset7,IMG_7575_jpg.rf.6a1cd5bac88434802b80c9f03a10db93.jpg,cb747f01bae7b0fc3b712c0fd42c5350
Data/emerg_dataset7/emerg_dataset7_318/emerg_dataset7_318.jpg,emerg_dataset7_318.jpg,emerg_dataset7,IMG_7575_jpg.rf.70657a7ac8d3bc1ecd8d4b00f83412cb.jpg,9fe9f721c1bc8b7898e077a9d7c5e54a
Data/emerg_dataset7/emerg_dataset7_319/emerg_dataset7_319.jpg,emerg_dataset7_319.jpg,emerg_dataset7,IMG_7575_jpg.rf.e2d5593958db397ed0e83dc920065504.jpg,e4e1fd0c19d8d5cf83e3b9bdbec7c99d
Data/emerg_dataset7/emerg_dataset7_32/emerg_dataset7_32.jpg,emerg_dataset7_32.jpg,emerg_dataset7,IMG_6709_jpg.rf.0759f7590b818b4d9bfc29f0c56d96ad.jpg,9c87989173fd1893e0e5a45c5eb379e2
Data/emerg_dataset7/emerg_dataset7_320/emerg_dataset7_320.jpg,emerg_dataset7_320.jpg,emerg_dataset7,IMG_7576_jpg.rf.38a601c21286b96a83f6d5fda75aa8e5.jpg,64829ed6d645d69888b22e712b504c72
Data/emerg_dataset7/emerg_dataset7_321/emerg_dataset7_321.jpg,emerg_dataset7_321.jpg,emerg_dataset7,IMG_7576_jpg.rf.4c3574098c24d472002bac99f5627ccd.jpg,383546647ee588146411799535df686b
Data/emerg_dataset7/emerg_dataset7_323/emerg_dataset7_323.jpg,emerg_dataset7_323.jpg,emerg_dataset7,IMG_7578_jpg.rf.1073eac1fc1f24245dac85a84c9130ff.jpg,b6eb3b4ed9445d17d1122bc119eb1297
Data/emerg_dataset7/emerg_dataset7_324/emerg_dataset7_324.jpg,emerg_dataset7_324.jpg,emerg_dataset7,IMG_7578_jpg.rf.df17cf9189665f7c977cfc47ae1170ea.jpg,8a9eb16aad31e1cca99f707a8ed1b9ef
Data/emerg_dataset7/emerg_dataset7_325/emerg_dataset7_325.jpg,emerg_dataset7_325.jpg,emerg_dataset7,IMG_7578_jpg.rf.f80a1908f328794a590b4cfe5ab0a4b1.jpg,a2a0de199172948c702bcc1f1fd0b549
Data/emerg_dataset7/emerg_dataset7_326/emerg_dataset7_326.jpg,emerg_dataset7_326.jpg,emerg_dataset7,IMG_7579_jpg.rf.2393ed6ab9ba5772cf28e1a7efb3f1e7.jpg,f4753c2f4df55ced248112ea99e653c8
Data/emerg_dataset7/emerg_dataset7_327/emerg_dataset7_327.jpg,emerg_dataset7_327.jpg,emerg_dataset7,IMG_7579_jpg.rf.54748ab8e984e88811d0d9ec5b3aed41.jpg,f77e7beb1f445486d2c74b62d3ecb6c8
Data/emerg_dataset7/emerg_dataset7_328/emerg_dataset7_328.jpg,emerg_dataset7_328.jpg,emerg_dataset7,IMG_7579_jpg.rf.9a3d9685bbc1bcf51b69b98282c06059.jpg,4140f13583510c29b3b0382f41a12f25
Data/emerg_dataset7/emerg_dataset7_329/emerg_dataset7_329.jpg,emerg_dataset7_329.jpg,emerg_dataset7,IMG_7580_jpg.rf.261f6b2260811e50dd261e1c06f98395.jpg,e1c87536419755c719ea5fde62a55a85
Data/emerg_dataset7/emerg_dataset7_33/emerg_dataset7_33.jpg,emerg_dataset7_33.jpg,emerg_dataset7,IMG_6709_jpg.rf.ce298a9a4023000f689bd206a09acab0.jpg,71e8619fa84c2e92cf051a46220195c9
Data/emerg_dataset7/emerg_dataset7_330/emerg_dataset7_330.jpg,emerg_dataset7_330.jpg,emerg_dataset7,IMG_7580_jpg.rf.41b81fc8a923deb48cd2ad6d0abd4277.jpg,de0cfe1ffb8e5baf27c9888e0aec14ec
Data/emerg_dataset7/emerg_dataset7_331/emerg_dataset7_331.jpg,emerg_dataset7_331.jpg,emerg_dataset7,IMG_7580_jpg.rf.cd0d91270ccd8764b0547fb7dd89c388.jpg,33407c9ca4ca4680195e8095341e3b40
Data/emerg_dataset7/emerg_dataset7_332/emerg_dataset7_332.jpg,emerg_dataset7_332.jpg,emerg_dataset7,IMG_7581_jpg.rf.665db08154bb697e9a7cefc1177bfb3b.jpg,7be1c74d6534509197a4a84bc681e219
Data/emerg_dataset7/emerg_dataset7_333/emerg_dataset7_333.jpg,emerg_dataset7_333.jpg,emerg_dataset7,IMG_7581_jpg.rf.875e3c163ac8e7a77728b4748223405f.jpg,c380a6bd09b6eaf2e1aae24050a81a9f
Data/emerg_dataset7/emerg_dataset7_334/emerg_dataset7_334.jpg,emerg_dataset7_334.jpg,emerg_dataset7,IMG_7581_jpg.rf.c17f956bd40a39badf5c815bc97cf968.jpg,80b2357d1921d147e2376b28e9d6aa35
Data/emerg_dataset7/emerg_dataset7_335/emerg_dataset7_335.jpg,emerg_dataset7_335.jpg,emerg_dataset7,IMG_7583_jpg.rf.463d02756091ef87b9062477fa175914.jpg,89fbf30e50d3effd9c4753c27d99aefc
Data/emerg_dataset7/emerg_dataset7_336/emerg_dataset7_336.jpg,emerg_dataset7_336.jpg,emerg_dataset7,IMG_7583_jpg.rf.8784dd5abda659cfd053361d0b27c97d.jpg,b54ce693afbff4fe816c27cd01bb81ff
Data/emerg_dataset7/emerg_dataset7_337/emerg_dataset7_337.jpg,emerg_dataset7_337.jpg,emerg_dataset7,IMG_7583_jpg.rf.a09f1368ab64d5661c8fb1e0dde6681d.jpg,3e88961b2d453b13b12fb0ac4d4a1393
Data/emerg_dataset7/emerg_dataset7_338/emerg_dataset7_338.jpg,emerg_dataset7_338.jpg,emerg_dataset7,IMG_7584_jpg.rf.2bb6d763a97925cb1b0ec5be4a951a38.jpg,8848edfe71435b21145d15d7cfdb1c59
Data/emerg_dataset7/emerg_dataset7_339/emerg_dataset7_339.jpg,emerg_dataset7_339.jpg,emerg_dataset7,IMG_7584_jpg.rf.b7ba258c4815d1a4f695112efd04d5d8.jpg,e01c52e5d478bf02d22b66d1fde5320a
Data/emerg_dataset7/emerg_dataset7_34/emerg_dataset7_34.jpg,emerg_dataset7_34.jpg,emerg_dataset7,IMG_6709_jpg.rf.d8a0ad1e4cc80cb8e81aa9ed7321a861.jpg,c62372b3bbd7694a8f7f499b8f9488b6
Data/emerg_dataset7/emerg_dataset7_340/emerg_dataset7_340.jpg,emerg_dataset7_340.jpg,emerg_dataset7,IMG_7584_jpg.rf.cb30edcf5b644d103caf9adf292fbfda.jpg,962f4c5e434bdc886317701248e8168a
Data/emerg_dataset7/emerg_dataset7_341/emerg_dataset7_341.jpg,emerg_dataset7_341.jpg,emerg_dataset7,IMG_7586_jpg.rf.21053d705be221dd6fd8cf6bc4b8789f.jpg,793a81e4489ecf13358288cad6e44adc
Data/emerg_dataset7/emerg_dataset7_342/emerg_dataset7_342.jpg,emerg_dataset7_342.jpg,emerg_dataset7,IMG_7586_jpg.rf.678e005a1ad4efb7279a143eb972d3d8.jpg,a234706a25f7f5d727b6b922226e87d3
Data/emerg_dataset7/emerg_dataset7_343/emerg_dataset7_343.jpg,emerg_dataset7_343.jpg,emerg_dataset7,IMG_7586_jpg.rf.a8e7c3d73e44d779e019045493c24b50.jpg,8d89e4c65b656d927cc0c5829a2ffd41
Data/emerg_dataset7/emerg_dataset7_344/emerg_dataset7_344.jpg,emerg_dataset7_344.jpg,emerg_dataset7,IMG_7587_jpg.rf.9d3fd901ef96f6d8116c3523bfb5cf67.jpg,4790ed2da343e508aabdb85757603d65
Data/emerg_dataset7/emerg_dataset7_345/emerg_dataset7_345.jpg,emerg_dataset7_345.jpg,emerg_dataset7,IMG_7587_jpg.rf.e94fbca49ab8984d8c15a29b18009fae.jpg,4fffbc36150563abb89c0d9440d56023
Data/emerg_dataset7/emerg_dataset7_346/emerg_dataset7_346.jpg,emerg_dataset7_346.jpg,emerg_dataset7,IMG_7587_jpg.rf.f715a5493652d9d2615c8af7a25f2cb2.jpg,f31433652343e02bdca16ba6ba18a541
Data/emerg_dataset7/emerg_dataset7_347/emerg_dataset7_347.jpg,emerg_dataset7_347.jpg,emerg_dataset7,IMG_7588_jpg.rf.49b318fce4d1490ed1f51f93f6df50bd.jpg,831303725444a32adfe0b0a5e40f1d9e
Data/emerg_dataset7/emerg_dataset7_348/emerg_dataset7_348.jpg,emerg_dataset7_348.jpg,emerg_dataset7,IMG_7588_jpg.rf.c1bad20770261a6933f402b62bd17f8e.jpg,5c15f45a8f8e615bc28d0288dfd583c0
Data/emerg_dataset7/emerg_dataset7_349/emerg_dataset7_349.jpg,emerg_dataset7_349.jpg,emerg_dataset7,IMG_7588_jpg.rf.ddd2ec8ee30f97702117d87d45d2fd7f.jpg,2734cc526ef3a8022c8f7aa361606324
Data/emerg_dataset7/emerg_dataset7_35/emerg_dataset7_35.jpg,emerg_dataset7_35.jpg,emerg_dataset7,IMG_6710_jpg.rf.23c514c8447b6489d7fa0cc1d549095e.jpg,bdd1766cf302c38b971ad1589295070a
Data/emerg_dataset7/emerg_dataset7_350/emerg_dataset7_350.jpg,emerg_dataset7_350.jpg,emerg_dataset7,IMG_7590_jpg.rf.6d336ace2d1c8b478760424c1b77b436.jpg,04696ea177b94b8ad84dba37a591b4a0
Data/emerg_dataset7/emerg_dataset7_351/emerg_dataset7_351.jpg,emerg_dataset7_351.jpg,emerg_dataset7,IMG_7590_jpg.rf.8592c0f64b327e02bdea7954d3477ece.jpg,ddfe21c5d5def3536ca44a1e634f2fb4
Data/emerg_dataset7/emerg_dataset7_352/emerg_dataset7_352.jpg,emerg_dataset7_352.jpg,emerg_dataset7,IMG_7590_jpg.rf.c54ce78dcdf7ae93b4972382f2f09224.jpg,3ed2a9c47c82b3d822837d132669d178
Data/emerg_dataset7/emerg_dataset7_354/emerg_dataset7_354.jpg,emerg_dataset7_354.jpg,emerg_dataset7,masina-politie-in-trafic_jpg.rf.2ca786b3e153c5a70d0b390f9331c82b.jpg,2e4ee099e445a43a4fe87e103b5eb064
Data/emerg_dataset7/emerg_dataset7_355/emerg_dataset7_355.jpg,emerg_dataset7_355.jpg,emerg_dataset7,masina-politie-in-trafic_jpg.rf.a70ad194178774e4358f2ac8a2e9d8f0.jpg,c9e4d700a5b81c83ece81cded39a133d
Data/emerg_dataset7/emerg_dataset7_356/emerg_dataset7_356.jpg,emerg_dataset7_356.jpg,emerg_dataset7,Screenshot-2023-09-12-at-16-03-46_png.rf.005ad1ef4f1e180520bc956d7c7c61bd.jpg,46f7e7baf6ab80116dc0b0e32cade838
Data/emerg_dataset7/emerg_dataset7_357/emerg_dataset7_357.jpg,emerg_dataset7_357.jpg,emerg_dataset7,Screenshot-2023-09-12-at-16-03-46_png.rf.32f95c414d2651831a527f6edeae20c4.jpg,b4d02d12195c5a573a6b8616acbbac88
Data/emerg_dataset7/emerg_dataset7_358/emerg_dataset7_358.jpg,emerg_dataset7_358.jpg,emerg_dataset7,Screenshot-2023-09-12-at-16-03-46_png.rf.8f20c4eb153b35dda56e2e2868c36e94.jpg,185ad8fcaa267d6b4c8b7f5ce1cd2086
Data/emerg_dataset7/emerg_dataset7_359/emerg_dataset7_359.jpg,emerg_dataset7_359.jpg,emerg_dataset7,Screenshot-2023-09-12-at-16-04-03_png.rf.040d2f02d61646d5feba629f654cb36e.jpg,75ba916c574e8ff6f19c7eb261cb6d8c
Data/emerg_dataset7/emerg_dataset7_36/emerg_dataset7_36.jpg,emerg_dataset7_36.jpg,emerg_dataset7,IMG_6710_jpg.rf.5406547e7c48d6c529fe32a60ce6c2c5.jpg,22dbddc206557cc458c0ed8724cade0e
Data/emerg_dataset7/emerg_dataset7_360/emerg_dataset7_360.jpg,emerg_dataset7_360.jpg,emerg_dataset7,Screenshot-2023-09-12-at-16-04-03_png.rf.7fa88af90795a6e6439a77726ea92d6b.jpg,4ae37f4ea582c455aa2783d07230c219
Data/emerg_dataset7/emerg_dataset7_361/emerg_dataset7_361.jpg,emerg_dataset7_361.jpg,emerg_dataset7,Screenshot-2023-09-12-at-16-04-03_png.rf.d95f0093cbc9e8383f61a543ae081483.jpg,e27e920b188fdc29ffdf8b2ec0685255
Data/emerg_dataset7/emerg_dataset7_362/emerg_dataset7_362.jpg,emerg_dataset7_362.jpg,emerg_dataset7,Screenshot-2023-09-12-at-16-04-10_png.rf.78b1d5ddba8dac14e343f35d5d7d2099.jpg,d6733db32e820df8e152342b77c6ee13
Data/emerg_dataset7/emerg_dataset7_363/emerg_dataset7_363.jpg,emerg_dataset7_363.jpg,emerg_dataset7,Screenshot-2023-09-12-at-16-04-10_png.rf.85bbd48f6566d10fcbaa67578e476443.jpg,9ba2a2c5397deed47272e2aceaddd3f9
Data/emerg_dataset7/emerg_dataset7_364/emerg_dataset7_364.jpg,emerg_dataset7_364.jpg,emerg_dataset7,Screenshot-2023-09-12-at-16-04-10_png.rf.c7f5a065735eedfc2d3f0274fe299086.jpg,913eeec5920e746109123efc5b4ab5c8
Data/emerg_dataset7/emerg_dataset7_365/emerg_dataset7_365.jpg,emerg_dataset7_365.jpg,emerg_dataset7,Screenshot-2023-09-12-at-16-04-19_png.rf.5e66c82c94dfabab84b4f464a7642cad.jpg,ceaf0ae467964deed8da665ff98697eb
Data/emerg_dataset7/emerg_dataset7_366/emerg_dataset7_366.jpg,emerg_dataset7_366.jpg,emerg_dataset7,Screenshot-2023-09-12-at-16-04-19_png.rf.b4fe25b9cb700fcbc618ff4d29d9affc.jpg,13af2b53c98bd571eebe604aecdcf049
Data/emerg_dataset7/emerg_dataset7_367/emerg_dataset7_367.jpg,emerg_dataset7_367.jpg,emerg_dataset7,Screenshot-2023-09-12-at-16-04-19_png.rf.ccff77cf65407442d3be051384178f6b.jpg,f4c2dd4d4e4aa5640cdd0e7a143acbe2
Data/emerg_dataset7/emerg_dataset7_368/emerg_dataset7_368.jpg,emerg_dataset7_368.jpg,emerg_dataset7,Screenshot-2023-09-12-at-16-04-28_png.rf.2ed6a0cb4a9b22331b74e80bb9b050ce.jpg,cc5f39a820e1d32e9f97f7dd0cc04758
Data/emerg_dataset7/emerg_dataset7_369/emerg_dataset7_369.jpg,emerg_dataset7_369.jpg,emerg_dataset7,Screenshot-2023-09-12-at-16-04-28_png.rf.830c050dfb31462d6dd32c2900abf0ab.jpg,dfded5e6154c127c79e5d1e4f08418f6
Data/emerg_dataset7/emerg_dataset7_37/emerg_dataset7_37.jpg,emerg_dataset7_37.jpg,emerg_dataset7,IMG_6710_jpg.rf.fa68c4eebc1dc7f5e865406ce28dcfc2.jpg,bc5a2324cf9fbca3921502289eca32e3
Data/emerg_dataset7/emerg_dataset7_370/emerg_dataset7_370.jpg,emerg_dataset7_370.jpg,emerg_dataset7,Screenshot-2023-09-12-at-16-04-28_png.rf.d0d202e2ad540e4f05eda25feb801817.jpg,bb8fa8be0ba11a0168bf2b1d8608d7cd
Data/emerg_dataset7/emerg_dataset7_372/emerg_dataset7_372.jpg,emerg_dataset7_372.jpg,emerg_dataset7,Screenshot-2023-09-12-at-16-04-39_png.rf.b2b33c80543e194b5afe88c9b6eae4de.jpg,bc8a6334bab6afb36849a14f08fd43d2
Data/emerg_dataset7/emerg_dataset7_373/emerg_dataset7_373.jpg,emerg_dataset7_373.jpg,emerg_dataset7,Screenshot-2023-09-12-at-16-04-39_png.rf.fe908046daeb60b93223441c83d4994d.jpg,93af1fb5cf59cea7c502f7dd9b28e77b
Data/emerg_dataset7/emerg_dataset7_374/emerg_dataset7_374.jpg,emerg_dataset7_374.jpg,emerg_dataset7,Screenshot-2023-09-12-at-16-04-47_png.rf.6b1087f7a4333a5f197703710462de26.jpg,230756700ab72e7185e5a945b494486d
Data/emerg_dataset7/emerg_dataset7_376/emerg_dataset7_376.jpg,emerg_dataset7_376.jpg,emerg_dataset7,Screenshot-2023-09-12-at-16-04-47_png.rf.f182291e07ac9829efdce4cf89063624.jpg,6960dbc3c051d41a585d102434dd0900
Data/emerg_dataset7/emerg_dataset7_377/emerg_dataset7_377.jpg,emerg_dataset7_377.jpg,emerg_dataset7,Screenshot-2023-09-12-at-16-05-04_png.rf.23d6af3b95b2a05f0f2bdbf4b6d0f377.jpg,483b523dd71330e6fa0af0545df07bb1
Data/emerg_dataset7/emerg_dataset7_378/emerg_dataset7_378.jpg,emerg_dataset7_378.jpg,emerg_dataset7,Screenshot-2023-09-12-at-16-05-04_png.rf.9b00047b8bfd98b0dbdc46d215afa2b7.jpg,66b47789aaaf02bdd37b6f961aee1bd1
Data/emerg_dataset7/emerg_dataset7_379/emerg_dataset7_379.jpg,emerg_dataset7_379.jpg,emerg_dataset7,Screenshot-2023-09-12-at-16-05-04_png.rf.d2e3604a2380173260f5ce2717f5e3b0.jpg,9abe5534c95afa59c4970d0db135b317
Data/emerg_dataset7/emerg_dataset7_38/emerg_dataset7_38.jpg,emerg_dataset7_38.jpg,emerg_dataset7,IMG_6712_jpg.rf.5650661714826c12869d7e5c129108e7.jpg,5f9afeae371ac03129f45d4c62800695
Data/emerg_dataset7/emerg_dataset7_381/emerg_dataset7_381.jpg,emerg_dataset7_381.jpg,emerg_dataset7,Screenshot-2023-09-12-at-16-05-12_png.rf.d08c52746f625336a2ca19529102a872.jpg,2ad0cbce5df36006cbc1dc2016563bf9
Data/emerg_dataset7/emerg_dataset7_382/emerg_dataset7_382.jpg,emerg_dataset7_382.jpg,emerg_dataset7,Screenshot-2023-09-12-at-16-05-12_png.rf.e43349807af25f962cb2f7c734c8eb50.jpg,931d2b7a62ec188c75208e8a01932c52
Data/emerg_dataset7/emerg_dataset7_383/emerg_dataset7_383.jpg,emerg_dataset7_383.jpg,emerg_dataset7,Screenshot-2023-09-12-at-16-05-22_png.rf.5568731fbe9f1248fe3a868020590df1.jpg,5738a9c3328ab7593f14685873c2479b
Data/emerg_dataset7/emerg_dataset7_384/emerg_dataset7_384.jpg,emerg_dataset7_384.jpg,emerg_dataset7,Screenshot-2023-09-12-at-16-05-22_png.rf.ab52775ecd23fc742ad47d9e6d7b460a.jpg,58ae57352c2fcac097d04a755e271d60
Data/emerg_dataset7/emerg_dataset7_385/emerg_dataset7_385.jpg,emerg_dataset7_385.jpg,emerg_dataset7,Screenshot-2023-09-12-at-16-05-22_png.rf.b32a30cd8621f6f082a36c6476242670.jpg,da574e0e4fea6c7fbe568d7b23efae77
Data/emerg_dataset7/emerg_dataset7_386/emerg_dataset7_386.jpg,emerg_dataset7_386.jpg,emerg_dataset7,Screenshot-2023-09-12-at-16-05-46_png.rf.6e4bed443e0e490882de22243864683d.jpg,1bfd9d2c23ff488c9e270df3bf43c007
Data/emerg_dataset7/emerg_dataset7_387/emerg_dataset7_387.jpg,emerg_dataset7_387.jpg,emerg_dataset7,Screenshot-2023-09-12-at-16-05-46_png.rf.84e1592cfef357f0205421748304ef00.jpg,ac8e017368bf16d0f4d87891faf67456
Data/emerg_dataset7/emerg_dataset7_389/emerg_dataset7_389.jpg,emerg_dataset7_389.jpg,emerg_dataset7,strada-blocata-de-2-masini-de-politie_jpg.rf.2f16559180972a30b997910d36629a0f.jpg,cacd3438ac23009eca5f0b1a7603619c
Data/emerg_dataset7/emerg_dataset7_39/emerg_dataset7_39.jpg,emerg_dataset7_39.jpg,emerg_dataset7,IMG_6712_jpg.rf.a1fdd30656904c25cb5e774cbe238a41.jpg,0b9e4e2e434ac484d4f132b90bcf8f1a
Data/emerg_dataset7/emerg_dataset7_390/emerg_dataset7_390.jpg,emerg_dataset7_390.jpg,emerg_dataset7,strada-blocata-de-2-masini-de-politie_jpg.rf.b3de39e79c0a37bb90a33a4620b9f7d2.jpg,e68952762b824bb981c0097faaca282b
Data/emerg_dataset7/emerg_dataset7_391/emerg_dataset7_391.jpg,emerg_dataset7_391.jpg,emerg_dataset7,strada-blocata-de-2-masini-de-politie_jpg.rf.f02806d17cebe8d9167f2b345e9b10a8.jpg,23159cb927f92a2bd9dc5534e70a77cd
Data/emerg_dataset7/emerg_dataset7_392/emerg_dataset7_392.jpg,emerg_dataset7_392.jpg,emerg_dataset7,video1_20231023132510_jpg.rf.47d24f66ed8760e5d12cc22ba6b2ecca.jpg,ba9f69cabbff6cf048988dd05b3b098f
Data/emerg_dataset7/emerg_dataset7_393/emerg_dataset7_393.jpg,emerg_dataset7_393.jpg,emerg_dataset7,video1_20231023132510_jpg.rf.4ce450f216f8ccdb731f222494f66a57.jpg,d6c8e0b8d96e9d03d5f53c59908c043c
Data/emerg_dataset7/emerg_dataset7_395/emerg_dataset7_395.jpg,emerg_dataset7_395.jpg,emerg_dataset7,WhatsApp-Image-2023-08-08-at-12-21-00_jpeg.rf.7522d756516bb1bee9b810be7180303d.jpg,ca06a5e75a8f8dc9aedd9744f06440cc
Data/emerg_dataset7/emerg_dataset7_396/emerg_dataset7_396.jpg,emerg_dataset7_396.jpg,emerg_dataset7,WhatsApp-Image-2023-08-08-at-12-21-00_jpeg.rf.d9eb1f7859d43896989bd823a2cc53f2.jpg,f3a1184e949b8006e3dca1de727afebc
Data/emerg_dataset7/emerg_dataset7_397/emerg_dataset7_397.jpg,emerg_dataset7_397.jpg,emerg_dataset7,WhatsApp-Image-2023-08-08-at-12-21-00_jpeg.rf.f485b882ba217c8602e0b515aedee778.jpg,c45ea2bfce08b3789c1222d61f4b3e3b
Data/emerg_dataset7/emerg_dataset7_398/emerg_dataset7_398.jpg,emerg_dataset7_398.jpg,emerg_dataset7,WhatsApp-Image-2023-08-08-at-13-35-47_jpeg.rf.4137aa8e17759f594957eb12d0a18374.jpg,798f9283e859aa7026ffdd3f7b50c683
Data/emerg_dataset7/emerg_dataset7_399/emerg_dataset7_399.jpg,emerg_dataset7_399.jpg,emerg_dataset7,WhatsApp-Image-2023-08-08-at-13-35-47_jpeg.rf.64c882bf0f35c39d7d74d045c090bb04.jpg,f150842ff0076213d65fba7a4938f3ec
Data/emerg_dataset7/emerg_dataset7_4/emerg_dataset7_4.jpg,emerg_dataset7_4.jpg,emerg_dataset7,IMG_6688_jpg.rf.b5dff3860245a996e3c02055e0258620.jpg,d5b29282828c07f632fecc17938b0e6c
Data/emerg_dataset7/emerg_dataset7_40/emerg_dataset7_40.jpg,emerg_dataset7_40.jpg,emerg_dataset7,IMG_6712_jpg.rf.e16ec251acbf5a9e4c8819ac3b7e2f5b.jpg,bb2ac2ebaf9ff073e3a769749d055386
Data/emerg_dataset7/emerg_dataset7_400/emerg_dataset7_400.jpg,emerg_dataset7_400.jpg,emerg_dataset7,WhatsApp-Image-2023-08-08-at-13-35-47_jpeg.rf.8960e318721cd817c985a4b8a626224e.jpg,e95887211b22f60f7fa67ccc9b9b17fb
Data/emerg_dataset7/emerg_dataset7_401/emerg_dataset7_401.jpg,emerg_dataset7_401.jpg,emerg_dataset7,WhatsApp-Image-2023-08-08-at-14-07-50_jpeg.rf.520b6ca94e48f503cd6d6d5931f8bebd.jpg,37d79080eba4ddb9d08896ea1e3909ce
Data/emerg_dataset7/emerg_dataset7_402/emerg_dataset7_402.jpg,emerg_dataset7_402.jpg,emerg_dataset7,WhatsApp-Image-2023-08-08-at-14-07-50_jpeg.rf.7e46c75905ef979f0aab06ae5601c865.jpg,4a0d7c8e6f07e9b5b71682e83d6ce907
Data/emerg_dataset7/emerg_dataset7_403/emerg_dataset7_403.jpg,emerg_dataset7_403.jpg,emerg_dataset7,WhatsApp-Image-2023-08-08-at-14-07-50_jpeg.rf.eabda66d9adb81ee57b5cb8346619e45.jpg,91906296e65abfc49a5a262791402d0c
Data/emerg_dataset7/emerg_dataset7_404/emerg_dataset7_404.jpg,emerg_dataset7_404.jpg,emerg_dataset7,WhatsApp-Image-2023-08-08-at-21-06-06_jpeg.rf.61d78894884fdbd73eea1265b5792db0.jpg,402f6cfbd3b16845c467a6e1f1eb2831
Data/emerg_dataset7/emerg_dataset7_407/emerg_dataset7_407.jpg,emerg_dataset7_407.jpg,emerg_dataset7,WhatsApp-Image-2023-08-09-at-09-38-59_jpeg.rf.620065682cec41dceda9ac867b435cd5.jpg,82f7392a107b99ef72cde40f3eb42551
Data/emerg_dataset7/emerg_dataset7_408/emerg_dataset7_408.jpg,emerg_dataset7_408.jpg,emerg_dataset7,WhatsApp-Image-2023-08-09-at-09-38-59_jpeg.rf.b56ef107a68cae8cb9bfea8ad92d8fed.jpg,048c378f3189b98c1512de0699965859
Data/emerg_dataset7/emerg_dataset7_409/emerg_dataset7_409.jpg,emerg_dataset7_409.jpg,emerg_dataset7,WhatsApp-Image-2023-08-09-at-09-38-59_jpeg.rf.ebf2db76c207dd6cafc23eb6f583b942.jpg,d4e318481b82826cc9d641a3e36ec342
Data/emerg_dataset7/emerg_dataset7_41/emerg_dataset7_41.jpg,emerg_dataset7_41.jpg,emerg_dataset7,IMG_6713_jpg.rf.046384dc1f317e8a24891a7c1f94a02f.jpg,0cf42ec6e27194b6dfdb1dbaf145558e
Data/emerg_dataset7/emerg_dataset7_411/emerg_dataset7_411.jpg,emerg_dataset7_411.jpg,emerg_dataset7,WhatsApp-Image-2023-08-10-at-19-00-54_jpeg.rf.52a6095d613859dc636faa5344fbe5ab.jpg,9cc83a877d26ec8d2d792118e3c8d003
Data/emerg_dataset7/emerg_dataset7_412/emerg_dataset7_412.jpg,emerg_dataset7_412.jpg,emerg_dataset7,WhatsApp-Image-2023-08-10-at-19-00-54_jpeg.rf.db13e70b0464f433e488dce26616e9ed.jpg,e0106abdd23cfeda8dcbfd0f0f3faf6b
Data/emerg_dataset7/emerg_dataset7_413/emerg_dataset7_413.jpg,emerg_dataset7_413.jpg,emerg_dataset7,youtube-0_jpg.rf.057f2dd0dde82aa0cfedbabe08766a2d.jpg,5addeb4255acf6618fba04d6258b9e34
Data/emerg_dataset7/emerg_dataset7_415/emerg_dataset7_415.jpg,emerg_dataset7_415.jpg,emerg_dataset7,youtube-0_jpg.rf.18a46b4684e5e8e5663e03112c481854.jpg,f9a91c15268a1df262233961ccfc1b66
Data/emerg_dataset7/emerg_dataset7_416/emerg_dataset7_416.jpg,emerg_dataset7_416.jpg,emerg_dataset7,youtube-0_jpg.rf.24a5e721c182d0c6a0bf5d089e4620e8.jpg,fe3f69bb9b4c58147376aee73ebe678e
Data/emerg_dataset7/emerg_dataset7_417/emerg_dataset7_417.jpg,emerg_dataset7_417.jpg,emerg_dataset7,youtube-0_jpg.rf.24b3432ae67cdc1b0071d07161fd0a00.jpg,21825777e2df0939d805a59dff233dbd
Data/emerg_dataset7/emerg_dataset7_418/emerg_dataset7_418.jpg,emerg_dataset7_418.jpg,emerg_dataset7,youtube-0_jpg.rf.5242f3184be6fbe629b75db10f9d60cb.jpg,dc1b2bf20b04ed3d63ff53c2bfbd8b3b
Data/emerg_dataset7/emerg_dataset7_419/emerg_dataset7_419.jpg,emerg_dataset7_419.jpg,emerg_dataset7,youtube-0_jpg.rf.5e15f0d0d991b5c2a8d0830a4ea8f5bd.jpg,9d9f0759db9bd7665622a08e02391249
Data/emerg_dataset7/emerg_dataset7_42/emerg_dataset7_42.jpg,emerg_dataset7_42.jpg,emerg_dataset7,IMG_6713_jpg.rf.7aa74284414abe3276dc8e29c339ef21.jpg,0e0fba62598eb4023e75f134a9ce788d
Data/emerg_dataset7/emerg_dataset7_420/emerg_dataset7_420.jpg,emerg_dataset7_420.jpg,emerg_dataset7,youtube-0_jpg.rf.664177b61994c6c69126bae051df4e61.jpg,611983a8964ec45eae360c8bc0591d5c
Data/emerg_dataset7/emerg_dataset7_421/emerg_dataset7_421.jpg,emerg_dataset7_421.jpg,emerg_dataset7,youtube-0_jpg.rf.6ba06791817304e3cb51be5d92ac7ea2.jpg,9a0e167f10ed156d9c601a669e48f543
Data/emerg_dataset7/emerg_dataset7_423/emerg_dataset7_423.jpg,emerg_dataset7_423.jpg,emerg_dataset7,youtube-0_jpg.rf.9ff8c0aca762af0aa480f9f9bace599c.jpg,bbe9d663e3fa99ee74157aae7347c312
Data/emerg_dataset7/emerg_dataset7_424/emerg_dataset7_424.jpg,emerg_dataset7_424.jpg,emerg_dataset7,youtube-0_jpg.rf.a5301f61701b80efcc1a8f2cd093a7b6.jpg,1af76cb2ee9a40a9517f78a6a64983cb
Data/emerg_dataset7/emerg_dataset7_425/emerg_dataset7_425.jpg,emerg_dataset7_425.jpg,emerg_dataset7,youtube-0_jpg.rf.c80ae85d9a0763381b3c461a07bbea47.jpg,dc462fc19334be3a6d528a789106d184
Data/emerg_dataset7/emerg_dataset7_426/emerg_dataset7_426.jpg,emerg_dataset7_426.jpg,emerg_dataset7,youtube-0_jpg.rf.de088ee381ea9e7740bc7cb9df57770b.jpg,2b66ef053de89a7c1e031abf551ab528
Data/emerg_dataset7/emerg_dataset7_427/emerg_dataset7_427.jpg,emerg_dataset7_427.jpg,emerg_dataset7,youtube-0_jpg.rf.e7c52bac7080a148d2b22531c7cf5d7e.jpg,af4c7c08d45d0bc7cd4c2c8e9d5f7bcd
Data/emerg_dataset7/emerg_dataset7_428/emerg_dataset7_428.jpg,emerg_dataset7_428.jpg,emerg_dataset7,youtube-0_jpg.rf.e9f4b171ff5ba14ca0225b483a6e7bb9.jpg,5b14fdc4b2a2ce7d9cae93ab70c9981d
Data/emerg_dataset7/emerg_dataset7_429/emerg_dataset7_429.jpg,emerg_dataset7_429.jpg,emerg_dataset7,youtube-0_jpg.rf.f84203e90d75745f075e9c3801b51b2f.jpg,b9d41d341b61058e9ae00c5db794db63
Data/emerg_dataset7/emerg_dataset7_43/emerg_dataset7_43.jpg,emerg_dataset7_43.jpg,emerg_dataset7,IMG_6713_jpg.rf.b36cd01e901e2a4c9cf06afc04980cea.jpg,403f5481de2de53ea02bb232ffadb50f
Data/emerg_dataset7/emerg_dataset7_430/emerg_dataset7_430.jpg,emerg_dataset7_430.jpg,emerg_dataset7,youtube-0_jpg.rf.fcf76b84b8805e13e0534cf5a12c87a9.jpg,a8e8cc36e613862cab93bf6b5c30568d
Data/emerg_dataset7/emerg_dataset7_431/emerg_dataset7_431.jpg,emerg_dataset7_431.jpg,emerg_dataset7,youtube-100_jpg.rf.0c0d629714cb3880477194619213ce39.jpg,7f12a5523e8864fb9a5da61326408cd3
Data/emerg_dataset7/emerg_dataset7_432/emerg_dataset7_432.jpg,emerg_dataset7_432.jpg,emerg_dataset7,youtube-100_jpg.rf.4f82df3e494aa94df2c154e0cf0d3ddc.jpg,bd0a1febdd5c6e46716c237e9759bb73
Data/emerg_dataset7/emerg_dataset7_433/emerg_dataset7_433.jpg,emerg_dataset7_433.jpg,emerg_dataset7,youtube-100_jpg.rf.643480aecbc54c047d2af1c2d4252481.jpg,7c0b2e75e6a0fba81af4a928e89b1d72
Data/emerg_dataset7/emerg_dataset7_434/emerg_dataset7_434.jpg,emerg_dataset7_434.jpg,emerg_dataset7,youtube-102_jpg.rf.1b276fd712e511cdb9e82525366b9804.jpg,710af84a6fe38d161283ad839f790ce1
Data/emerg_dataset7/emerg_dataset7_436/emerg_dataset7_436.jpg,emerg_dataset7_436.jpg,emerg_dataset7,youtube-102_jpg.rf.8abd567ed1bad67483123b7f90fac56f.jpg,e437f3f4919a4b8d328f836581a979b2
Data/emerg_dataset7/emerg_dataset7_437/emerg_dataset7_437.jpg,emerg_dataset7_437.jpg,emerg_dataset7,youtube-103_jpg.rf.0ed4150d665af2e26b399a9db60b8a9a.jpg,e1b048d5b3567bfe6f469936f57cd0e2
Data/emerg_dataset7/emerg_dataset7_438/emerg_dataset7_438.jpg,emerg_dataset7_438.jpg,emerg_dataset7,youtube-103_jpg.rf.81e89094bc2d3ef4cc315cfb37fdf8de.jpg,bb72de015f4623bd8266750916ad0fdc
Data/emerg_dataset7/emerg_dataset7_439/emerg_dataset7_439.jpg,emerg_dataset7_439.jpg,emerg_dataset7,youtube-103_jpg.rf.82675c37f3d06fbd61a0eed69cb04ed8.jpg,42c809be1706bbd12b647f0f45ed1c61
Data/emerg_dataset7/emerg_dataset7_440/emerg_dataset7_440.jpg,emerg_dataset7_440.jpg,emerg_dataset7,youtube-104_jpg.rf.3f2fec5ad3683a52068018fb09ad9d6b.jpg,045a1f867d0eaf30731c58f9b88db75e
Data/emerg_dataset7/emerg_dataset7_441/emerg_dataset7_441.jpg,emerg_dataset7_441.jpg,emerg_dataset7,youtube-104_jpg.rf.dc4b241a6ba758347eb0e99518d5fb42.jpg,e3634fc590a88d47558c383eed19cd5b
Data/emerg_dataset7/emerg_dataset7_442/emerg_dataset7_442.jpg,emerg_dataset7_442.jpg,emerg_dataset7,youtube-104_jpg.rf.f7874213c5d313b6cd3d9979018c2468.jpg,5116e1ef3c1a433b3f8ce2e7df715f8e
Data/emerg_dataset7/emerg_dataset7_443/emerg_dataset7_443.jpg,emerg_dataset7_443.jpg,emerg_dataset7,youtube-105_jpg.rf.123034051b71f1d5667fe6a004e33ae6.jpg,0e74dabeac57ce0c0f510e9e943141a3
Data/emerg_dataset7/emerg_dataset7_444/emerg_dataset7_444.jpg,emerg_dataset7_444.jpg,emerg_dataset7,youtube-105_jpg.rf.8a67291e9d9137bb98b31c1776a715ca.jpg,d02ecf2b63a7a462bd65c89f0f9334e6
Data/emerg_dataset7/emerg_dataset7_446/emerg_dataset7_446.jpg,emerg_dataset7_446.jpg,emerg_dataset7,youtube-107_jpg.rf.33940e028e8d3dc0a971904907b339a4.jpg,65d8c450ced034e9e9f52c3920d7a2b1
Data/emerg_dataset7/emerg_dataset7_447/emerg_dataset7_447.jpg,emerg_dataset7_447.jpg,emerg_dataset7,youtube-107_jpg.rf.41d950b52ec958f7d384b63aa2e128fe.jpg,36a56f1f70915a9f33a2a5fcbe308dad
Data/emerg_dataset7/emerg_dataset7_448/emerg_dataset7_448.jpg,emerg_dataset7_448.jpg,emerg_dataset7,youtube-107_jpg.rf.f6c2d7263dd6bf1c694285fb06f29e7b.jpg,1f418d47211d75e56810fa7e249635a8
Data/emerg_dataset7/emerg_dataset7_449/emerg_dataset7_449.jpg,emerg_dataset7_449.jpg,emerg_dataset7,youtube-109_jpg.rf.41cb15d47324aaca165af7301e5a81f7.jpg,3a5614456aab3a2b0ce5f4cc351a7742
Data/emerg_dataset7/emerg_dataset7_45/emerg_dataset7_45.jpg,emerg_dataset7_45.jpg,emerg_dataset7,IMG_6714_jpg.rf.9a90b0ac3277f7390f9b3f5c5999260f.jpg,6bcfc74abb434edffed3506002967429
Data/emerg_dataset7/emerg_dataset7_450/emerg_dataset7_450.jpg,emerg_dataset7_450.jpg,emerg_dataset7,youtube-109_jpg.rf.49fb358d7de1ce14b614e688f0529685.jpg,e9756e593f10adb3f15988cc118d7cc3
Data/emerg_dataset7/emerg_dataset7_451/emerg_dataset7_451.jpg,emerg_dataset7_451.jpg,emerg_dataset7,youtube-109_jpg.rf.d8c375024911fd9c51e4e43c16d27954.jpg,bcf6ae630c33784808b47ce93b81edb6
Data/emerg_dataset7/emerg_dataset7_452/emerg_dataset7_452.jpg,emerg_dataset7_452.jpg,emerg_dataset7,youtube-10_jpg.rf.0223121c327ad8e3659f1764b99a44e7.jpg,880aeb697e1742e5b12b690977087036
Data/emerg_dataset7/emerg_dataset7_453/emerg_dataset7_453.jpg,emerg_dataset7_453.jpg,emerg_dataset7,youtube-10_jpg.rf.266e771ba987ebc8d8271d17d11e2a24.jpg,69b9509518e75a5886205ce56f838560
Data/emerg_dataset7/emerg_dataset7_454/emerg_dataset7_454.jpg,emerg_dataset7_454.jpg,emerg_dataset7,youtube-10_jpg.rf.3e12bfefdf9590d381fc414bef2cbbc7.jpg,0bbd57d25aee130449dee4303c2ff800
Data/emerg_dataset7/emerg_dataset7_455/emerg_dataset7_455.jpg,emerg_dataset7_455.jpg,emerg_dataset7,youtube-10_jpg.rf.44903f0684a9214a239d4f9582c2531e.jpg,590b264e84234f29f93c570a20249660
Data/emerg_dataset7/emerg_dataset7_456/emerg_dataset7_456.jpg,emerg_dataset7_456.jpg,emerg_dataset7,youtube-10_jpg.rf.517bc03b57b988058764954359df4993.jpg,0b618f6c4c046cdc71a71dfcd907a717
Data/emerg_dataset7/emerg_dataset7_458/emerg_dataset7_458.jpg,emerg_dataset7_458.jpg,emerg_dataset7,youtube-10_jpg.rf.7ca5da75e068b1f4a1190d2eccdd076b.jpg,9f1bdb780958fae73fbedec22410e195
Data/emerg_dataset7/emerg_dataset7_459/emerg_dataset7_459.jpg,emerg_dataset7_459.jpg,emerg_dataset7,youtube-10_jpg.rf.af34bad5927cf2c373fbcd2d759f5573.jpg,a1254b9b17cda8e7c2c6ab311781aa16
Data/emerg_dataset7/emerg_dataset7_46/emerg_dataset7_46.jpg,emerg_dataset7_46.jpg,emerg_dataset7,IMG_6714_jpg.rf.e9c64f5f69cb704db85cd37123908f1c.jpg,6709752ed382f3610dca3ebf1e05a999
Data/emerg_dataset7/emerg_dataset7_460/emerg_dataset7_460.jpg,emerg_dataset7_460.jpg,emerg_dataset7,youtube-10_jpg.rf.cf85f9cf5229d796c77ac86f98845767.jpg,1037ce79e3ee37213908b00e01fcd76b
Data/emerg_dataset7/emerg_dataset7_462/emerg_dataset7_462.jpg,emerg_dataset7_462.jpg,emerg_dataset7,youtube-10_jpg.rf.deb97269e8cd849695a8b24422704c40.jpg,b47c12c426b11d72a5d8a176ac7835cf
Data/emerg_dataset7/emerg_dataset7_464/emerg_dataset7_464.jpg,emerg_dataset7_464.jpg,emerg_dataset7,youtube-111_jpg.rf.0029ab19b4a3c2f136df5607774cef22.jpg,df01de326b8bc0f373d7fb9e14b072d9
Data/emerg_dataset7/emerg_dataset7_465/emerg_dataset7_465.jpg,emerg_dataset7_465.jpg,emerg_dataset7,youtube-111_jpg.rf.0ab05b9fc9b162e90f153fdd987493c1.jpg,a9bd61ad049349114383795012e90aae
Data/emerg_dataset7/emerg_dataset7_466/emerg_dataset7_466.jpg,emerg_dataset7_466.jpg,emerg_dataset7,youtube-111_jpg.rf.0bea821a5604655bb871ba878797858a.jpg,e5264392b1c006534c7335c0e4a44e85
Data/emerg_dataset7/emerg_dataset7_467/emerg_dataset7_467.jpg,emerg_dataset7_467.jpg,emerg_dataset7,youtube-111_jpg.rf.c2abe93175656a547e2cfba300bd0677.jpg,36d4701fed575220ae761870b46c3144
Data/emerg_dataset7/emerg_dataset7_468/emerg_dataset7_468.jpg,emerg_dataset7_468.jpg,emerg_dataset7,youtube-111_jpg.rf.d7e23823b7712621370276187fa1a4ea.jpg,857d77b80bbf3ba776cf1577e3236b7f
Data/emerg_dataset7/emerg_dataset7_47/emerg_dataset7_47.jpg,emerg_dataset7_47.jpg,emerg_dataset7,IMG_6715_jpg.rf.61c839069a08c5beed1de5cbd7acd31d.jpg,5b5aba44c987d104547f549592cd9b64
Data/emerg_dataset7/emerg_dataset7_470/emerg_dataset7_470.jpg,emerg_dataset7_470.jpg,emerg_dataset7,youtube-112_jpg.rf.8073609c3cffc8857120d2e70194b3ef.jpg,2fa091b2c721907afe88c68845b932df
Data/emerg_dataset7/emerg_dataset7_471/emerg_dataset7_471.jpg,emerg_dataset7_471.jpg,emerg_dataset7,youtube-112_jpg.rf.c64e9e99965f64c389112d396e6b9250.jpg,43a95c9f8c145fa31f7d9a65fafd79d3
Data/emerg_dataset7/emerg_dataset7_473/emerg_dataset7_473.jpg,emerg_dataset7_473.jpg,emerg_dataset7,youtube-115_jpg.rf.145c930524419d2aaa564ae7c2058812.jpg,20d96892453da9d2006a8cf5d5844dd9
Data/emerg_dataset7/emerg_dataset7_474/emerg_dataset7_474.jpg,emerg_dataset7_474.jpg,emerg_dataset7,youtube-115_jpg.rf.4f9ac1223d617688815b5486b27b2989.jpg,dec68f7fe783b3b2363c7c54de60af3a
Data/emerg_dataset7/emerg_dataset7_476/emerg_dataset7_476.jpg,emerg_dataset7_476.jpg,emerg_dataset7,youtube-118_jpg.rf.1cad6e39a91af3d8bb1b52ad95536891.jpg,ed7cc5cc10c13a0e5d5bd2a823c38aa5
Data/emerg_dataset7/emerg_dataset7_478/emerg_dataset7_478.jpg,emerg_dataset7_478.jpg,emerg_dataset7,youtube-118_jpg.rf.c9545c5c3edb2df32baea341ef7e8fc3.jpg,15f9ae4ca9c1081a0bd096b4d9a01a89
Data/emerg_dataset7/emerg_dataset7_479/emerg_dataset7_479.jpg,emerg_dataset7_479.jpg,emerg_dataset7,youtube-11_jpg.rf.157a1b6ef9c4b528aae75007479828db.jpg,790ad4556d53471599d6dd529c0dbea4
Data/emerg_dataset7/emerg_dataset7_48/emerg_dataset7_48.jpg,emerg_dataset7_48.jpg,emerg_dataset7,IMG_6715_jpg.rf.88d282ff2616efc4fe925750e74c9489.jpg,df2b621d02ff52770455934680224cde
Data/emerg_dataset7/emerg_dataset7_480/emerg_dataset7_480.jpg,emerg_dataset7_480.jpg,emerg_dataset7,youtube-11_jpg.rf.3bf5de8027603b2972dab5fa7191962e.jpg,bcd2edd1d586d1d0e36b48b0505cd356
Data/emerg_dataset7/emerg_dataset7_482/emerg_dataset7_482.jpg,emerg_dataset7_482.jpg,emerg_dataset7,youtube-11_jpg.rf.693dc3edb2fca4c03e62e206748f3bd1.jpg,c09b1f4364e634ad816a36c9c94a449b
Data/emerg_dataset7/emerg_dataset7_485/emerg_dataset7_485.jpg,emerg_dataset7_485.jpg,emerg_dataset7,youtube-11_jpg.rf.b8302448ee2692358e9632239d4c0d48.jpg,ad9ceb073922367ebb287c77ecffa3f8
Data/emerg_dataset7/emerg_dataset7_486/emerg_dataset7_486.jpg,emerg_dataset7_486.jpg,emerg_dataset7,youtube-11_jpg.rf.d45e73973f7263e531d0aac671a31dea.jpg,27fac24ccaf310daa78f5563a87672e5
Data/emerg_dataset7/emerg_dataset7_487/emerg_dataset7_487.jpg,emerg_dataset7_487.jpg,emerg_dataset7,youtube-11_jpg.rf.f0d137f80e7679359ca8f2b9dbd9aa5c.jpg,8ed112c2b7058c845064fcce89ff3c88
Data/emerg_dataset7/emerg_dataset7_488/emerg_dataset7_488.jpg,emerg_dataset7_488.jpg,emerg_dataset7,youtube-120_jpg.rf.0d7a075cc1fdedc5cc4afa666c639eeb.jpg,65f4cb51bee42a761bc8ed52fc45e423
Data/emerg_dataset7/emerg_dataset7_49/emerg_dataset7_49.jpg,emerg_dataset7_49.jpg,emerg_dataset7,IMG_6715_jpg.rf.a60e61f720e4d2a9583e5ca297f69ec8.jpg,bfd9af9d0f49d0f5954bbcfcb734a7c4
Data/emerg_dataset7/emerg_dataset7_490/emerg_dataset7_490.jpg,emerg_dataset7_490.jpg,emerg_dataset7,youtube-120_jpg.rf.7c477368e366ada504b44b8d3d9f956f.jpg,e840a6cef0a62b05450147668f76ea72
Data/emerg_dataset7/emerg_dataset7_491/emerg_dataset7_491.jpg,emerg_dataset7_491.jpg,emerg_dataset7,youtube-122_jpg.rf.38355841b1f5821ceb79f64ef588f072.jpg,cbc611f2b8df15bd43e8e2dd43bfbb7e
Data/emerg_dataset7/emerg_dataset7_492/emerg_dataset7_492.jpg,emerg_dataset7_492.jpg,emerg_dataset7,youtube-122_jpg.rf.9f7daadec5aad7dcc69aa5894d07a752.jpg,af00f32bb135731f2deb78eeb8bb5582
Data/emerg_dataset7/emerg_dataset7_493/emerg_dataset7_493.jpg,emerg_dataset7_493.jpg,emerg_dataset7,youtube-122_jpg.rf.fc4b3ca07bf919b5f24027728b345ddb.jpg,434bd6279b5c5397da69d1487863e787
Data/emerg_dataset7/emerg_dataset7_494/emerg_dataset7_494.jpg,emerg_dataset7_494.jpg,emerg_dataset7,youtube-123_jpg.rf.47e4fbb623fafe803f08bcec2fce4e0f.jpg,5589745e974156c545bbdbc6b0158e9d
Data/emerg_dataset7/emerg_dataset7_496/emerg_dataset7_496.jpg,emerg_dataset7_496.jpg,emerg_dataset7,youtube-123_jpg.rf.fe95f63a983eeededefc9404ab2c7780.jpg,644a99957d20d9a8da8bf7fd30b762a6
Data/emerg_dataset7/emerg_dataset7_497/emerg_dataset7_497.jpg,emerg_dataset7_497.jpg,emerg_dataset7,youtube-124_jpg.rf.596159076bac778c7eebf00ff29f33ac.jpg,066fb67d567d2d29e90a2a33ce51ff8e
Data/emerg_dataset7/emerg_dataset7_498/emerg_dataset7_498.jpg,emerg_dataset7_498.jpg,emerg_dataset7,youtube-124_jpg.rf.73c87da7f5546077e2ba3decbb45d29e.jpg,a29e866af2174f1a1293a7d5987b0e0c
Data/emerg_dataset7/emerg_dataset7_499/emerg_dataset7_499.jpg,emerg_dataset7_499.jpg,emerg_dataset7,youtube-124_jpg.rf.84584de82ae38c746c39b28f5cffe55e.jpg,2fad4b0b56451a8df6b13b0a7c147bba
Data/emerg_dataset7/emerg_dataset7_5/emerg_dataset7_5.jpg,emerg_dataset7_5.jpg,emerg_dataset7,IMG_6689_jpg.rf.59d5208baddd9a1207963b3b1ae774dc.jpg,a4b7007c6347139da648976c379486bf
Data/emerg_dataset7/emerg_dataset7_50/emerg_dataset7_50.jpg,emerg_dataset7_50.jpg,emerg_dataset7,IMG_6716_jpg.rf.2d428a4ca55e1606975a00caf5c813f1.jpg,c33ff9e38e218d9526fdfd2785e30557
Data/emerg_dataset7/emerg_dataset7_501/emerg_dataset7_501.jpg,emerg_dataset7_501.jpg,emerg_dataset7,youtube-124_jpg.rf.e0c70cdfb99e3b88e5521629564f80a6.jpg,1b4015709adec12c5b21c8dbed531889
Data/emerg_dataset7/emerg_dataset7_503/emerg_dataset7_503.jpg,emerg_dataset7_503.jpg,emerg_dataset7,youtube-125_jpg.rf.15583cf97660cc6d7ebeb67d3702dbf0.jpg,4843d47baa31cb81c3d8aac668240582
Data/emerg_dataset7/emerg_dataset7_504/emerg_dataset7_504.jpg,emerg_dataset7_504.jpg,emerg_dataset7,youtube-125_jpg.rf.1aed132603c38f13fa6c65511b759710.jpg,84a9660551bd93203604e6d1a8f232d2
Data/emerg_dataset7/emerg_dataset7_506/emerg_dataset7_506.jpg,emerg_dataset7_506.jpg,emerg_dataset7,youtube-125_jpg.rf.b9f9d23e47e6f5b3fb2ae3eb91f3a3f2.jpg,1c309302390ffb9e8708dd053939bf78
Data/emerg_dataset7/emerg_dataset7_507/emerg_dataset7_507.jpg,emerg_dataset7_507.jpg,emerg_dataset7,youtube-125_jpg.rf.cd1a8699c3779230707b20d7107d145e.jpg,c67c050cbb95fe9062827fb7f6b629cf
Data/emerg_dataset7/emerg_dataset7_508/emerg_dataset7_508.jpg,emerg_dataset7_508.jpg,emerg_dataset7,youtube-125_jpg.rf.fa85875784ada2e83b21106305c246a6.jpg,b98cb1ae4f085d511b50374be0f5b1aa
Data/emerg_dataset7/emerg_dataset7_509/emerg_dataset7_509.jpg,emerg_dataset7_509.jpg,emerg_dataset7,youtube-126_jpg.rf.8e92763a17211101b949a1c73fe4d76a.jpg,7f350a778a282b31d9c1273f9d908a34
Data/emerg_dataset7/emerg_dataset7_51/emerg_dataset7_51.jpg,emerg_dataset7_51.jpg,emerg_dataset7,IMG_6716_jpg.rf.42ff701875e2e1d38cb16fb593824da7.jpg,a743d7240d2ec5926af1d285a5b0f2f8
Data/emerg_dataset7/emerg_dataset7_511/emerg_dataset7_511.jpg,emerg_dataset7_511.jpg,emerg_dataset7,youtube-126_jpg.rf.d1ade0250ce2d87e230604a08c1f212f.jpg,9f72e73351ebfc9df575cf111646bd17
Data/emerg_dataset7/emerg_dataset7_512/emerg_dataset7_512.jpg,emerg_dataset7_512.jpg,emerg_dataset7,youtube-127_jpg.rf.0c21776013946f862ea01e98d12cc291.jpg,46ee98491bdd35cbdfeda2c68b715198
Data/emerg_dataset7/emerg_dataset7_513/emerg_dataset7_513.jpg,emerg_dataset7_513.jpg,emerg_dataset7,youtube-127_jpg.rf.8fcf35a11ecc775dc656a5f5bcd8c871.jpg,b5afa2aa07440d82f98b777f2b38a127
Data/emerg_dataset7/emerg_dataset7_514/emerg_dataset7_514.jpg,emerg_dataset7_514.jpg,emerg_dataset7,youtube-127_jpg.rf.b3beecb1c5bef9d017e13b9f1443cbef.jpg,32985ab48b097f912395365f78a60279
Data/emerg_dataset7/emerg_dataset7_516/emerg_dataset7_516.jpg,emerg_dataset7_516.jpg,emerg_dataset7,youtube-127_jpg.rf.da70e1402711186543cbe39fd4a493d6.jpg,450017417ccd4ae550751deb6b9dd8c5
Data/emerg_dataset7/emerg_dataset7_518/emerg_dataset7_518.jpg,emerg_dataset7_518.jpg,emerg_dataset7,youtube-128_jpg.rf.258ced16e6901490bad2b9de27153a1d.jpg,bca74a75a8c5529700ba2c52ba27e08f
Data/emerg_dataset7/emerg_dataset7_519/emerg_dataset7_519.jpg,emerg_dataset7_519.jpg,emerg_dataset7,youtube-128_jpg.rf.37efa0b111c407cdf138e7c3e906c0b1.jpg,b03afab931f1be4bad21d462b5feee8e
Data/emerg_dataset7/emerg_dataset7_521/emerg_dataset7_521.jpg,emerg_dataset7_521.jpg,emerg_dataset7,youtube-129_jpg.rf.7b1fdfa712d9a2ced3596efc65bab866.jpg,3ceceba97a3433bdbd9f09434e735b38
Data/emerg_dataset7/emerg_dataset7_524/emerg_dataset7_524.jpg,emerg_dataset7_524.jpg,emerg_dataset7,youtube-12_jpg.rf.089ecd8ecdedcc1b55eca66e6cfee8b6.jpg,e62a4893c553582d03835d7b98563778
Data/emerg_dataset7/emerg_dataset7_525/emerg_dataset7_525.jpg,emerg_dataset7_525.jpg,emerg_dataset7,youtube-12_jpg.rf.197164c4bf90c7d5eb37cad92f87f3d1.jpg,429fb889f1c6402c6106938c5a206d3d
Data/emerg_dataset7/emerg_dataset7_526/emerg_dataset7_526.jpg,emerg_dataset7_526.jpg,emerg_dataset7,youtube-12_jpg.rf.23dfdc015273ea4a2ccb96fb1692f28b.jpg,f2f693a3a7983fb7e9df09890c713c15
Data/emerg_dataset7/emerg_dataset7_527/emerg_dataset7_527.jpg,emerg_dataset7_527.jpg,emerg_dataset7,youtube-12_jpg.rf.44bb572a65f05747e013ad491cadfcef.jpg,3a5119af20d3bb1f66d3c2dcd9c8e276
Data/emerg_dataset7/emerg_dataset7_528/emerg_dataset7_528.jpg,emerg_dataset7_528.jpg,emerg_dataset7,youtube-12_jpg.rf.5d875cdeea9c588c10cbf60d0238cd71.jpg,a6df641ff1b1063406c13c716150fea1
Data/emerg_dataset7/emerg_dataset7_529/emerg_dataset7_529.jpg,emerg_dataset7_529.jpg,emerg_dataset7,youtube-12_jpg.rf.6c1a9a80e0df2c518717dc42817c3c23.jpg,30428ce78d58796cf4845003562b101f
Data/emerg_dataset7/emerg_dataset7_53/emerg_dataset7_53.jpg,emerg_dataset7_53.jpg,emerg_dataset7,IMG_6717_jpg.rf.49d0d23cfe29489896be4a7f563fbbe5.jpg,2ada5f068f3a0ccbb222be95707fafed
Data/emerg_dataset7/emerg_dataset7_530/emerg_dataset7_530.jpg,emerg_dataset7_530.jpg,emerg_dataset7,youtube-12_jpg.rf.88bd4a627ed37096a81b5048aab02bdd.jpg,a74312be5648d7f54c85e27874e2dfad
Data/emerg_dataset7/emerg_dataset7_531/emerg_dataset7_531.jpg,emerg_dataset7_531.jpg,emerg_dataset7,youtube-12_jpg.rf.ad7c39d40f169988fe95148b7f4b87e3.jpg,df8f60dfa13e3f50cc8bac7043449dc8
Data/emerg_dataset7/emerg_dataset7_532/emerg_dataset7_532.jpg,emerg_dataset7_532.jpg,emerg_dataset7,youtube-12_jpg.rf.bd8c0fefc80ae8938eac5d4d32eb5d17.jpg,161b4bb989ae0a54e52e5c9def9ce1b3
Data/emerg_dataset7/emerg_dataset7_533/emerg_dataset7_533.jpg,emerg_dataset7_533.jpg,emerg_dataset7,youtube-130_jpg.rf.296d07574623aa0ef7254ab88586aa81.jpg,5f5184228b80ce1712f18d2e27b4424e
Data/emerg_dataset7/emerg_dataset7_534/emerg_dataset7_534.jpg,emerg_dataset7_534.jpg,emerg_dataset7,youtube-130_jpg.rf.57a0351aa32c0c412c16744a0e06fa08.jpg,ce887e70063c46d788eeb3ebd57ecaa1
Data/emerg_dataset7/emerg_dataset7_535/emerg_dataset7_535.jpg,emerg_dataset7_535.jpg,emerg_dataset7,youtube-130_jpg.rf.5e5cb04f27f7e40d80ecd665e6e53f65.jpg,85d2f1a6c38171e4c72e478ce54c3932
Data/emerg_dataset7/emerg_dataset7_536/emerg_dataset7_536.jpg,emerg_dataset7_536.jpg,emerg_dataset7,youtube-130_jpg.rf.a58a6949fa2c4ff605d4b3d037689e0b.jpg,af8a4e06a58b84ecbaea7e23b2b34d4d
Data/emerg_dataset7/emerg_dataset7_537/emerg_dataset7_537.jpg,emerg_dataset7_537.jpg,emerg_dataset7,youtube-130_jpg.rf.bff368ea317e161f343de50d2d22d622.jpg,f2494d42bba079bdb7edcb54422ad591
Data/emerg_dataset7/emerg_dataset7_538/emerg_dataset7_538.jpg,emerg_dataset7_538.jpg,emerg_dataset7,youtube-130_jpg.rf.ed32b93e1bfc082ad891dc0e09b76412.jpg,3e913dc555a27b7a11b2a21017ca4245
Data/emerg_dataset7/emerg_dataset7_54/emerg_dataset7_54.jpg,emerg_dataset7_54.jpg,emerg_dataset7,IMG_6717_jpg.rf.6a35f4e6fb9e849c47cf1a186212b4d5.jpg,5252f69b9aacd50cda9a0ebb4081b6d9
Data/emerg_dataset7/emerg_dataset7_540/emerg_dataset7_540.jpg,emerg_dataset7_540.jpg,emerg_dataset7,youtube-131_jpg.rf.904f7cba553b2d5c1071f08f20312d18.jpg,eb9c86f3f9a23f2db50ffaa66b9cd53d
Data/emerg_dataset7/emerg_dataset7_541/emerg_dataset7_541.jpg,emerg_dataset7_541.jpg,emerg_dataset7,youtube-131_jpg.rf.cb5ed20567162b055a56f6357759f886.jpg,ed56520b587e9697692c0923b90fe52e
Data/emerg_dataset7/emerg_dataset7_542/emerg_dataset7_542.jpg,emerg_dataset7_542.jpg,emerg_dataset7,youtube-131_jpg.rf.e41b6363c3e9fa178bd44bc4f55111d6.jpg,4f95ef5612009aa0a712ed1d772e196e
Data/emerg_dataset7/emerg_dataset7_543/emerg_dataset7_543.jpg,emerg_dataset7_543.jpg,emerg_dataset7,youtube-131_jpg.rf.e7c9dbf761b5430e5e5a907e93fe8036.jpg,87db11903d1265d121d72cf7d2456a76
Data/emerg_dataset7/emerg_dataset7_544/emerg_dataset7_544.jpg,emerg_dataset7_544.jpg,emerg_dataset7,youtube-131_jpg.rf.fdff3eeabe53128b937654309fd16538.jpg,d7a2cac7d3ee0658b5ab0a541a8aac68
Data/emerg_dataset7/emerg_dataset7_547/emerg_dataset7_547.jpg,emerg_dataset7_547.jpg,emerg_dataset7,youtube-132_jpg.rf.c0f7dc6ceeb6e23a3c60d3f6270bf8dc.jpg,a0aae9d173da03f09a6fc1c789951313
Data/emerg_dataset7/emerg_dataset7_549/emerg_dataset7_549.jpg,emerg_dataset7_549.jpg,emerg_dataset7,youtube-133_jpg.rf.89658d96fdef7e794e4cefc608ca07c4.jpg,d3c5668dee0513f45c5e1bc0b2e74312
Data/emerg_dataset7/emerg_dataset7_551/emerg_dataset7_551.jpg,emerg_dataset7_551.jpg,emerg_dataset7,youtube-133_jpg.rf.9709723c41afea0e2a8142cd808e7c69.jpg,9657fa1dfd2ff75c42c4b88b0b1664ba
Data/emerg_dataset7/emerg_dataset7_552/emerg_dataset7_552.jpg,emerg_dataset7_552.jpg,emerg_dataset7,youtube-133_jpg.rf.d30241986580668585a16441ddd6e921.jpg,285296e335641785624eef2168a96ae7
Data/emerg_dataset7/emerg_dataset7_553/emerg_dataset7_553.jpg,emerg_dataset7_553.jpg,emerg_dataset7,youtube-133_jpg.rf.dd9db823ddd44995bd301ad066c8475b.jpg,69c3e6ca05ec0435edc2ace1e2720de9
Data/emerg_dataset7/emerg_dataset7_554/emerg_dataset7_554.jpg,emerg_dataset7_554.jpg,emerg_dataset7,youtube-135_jpg.rf.5753e91f2ead1aae1ad21c8a0e786175.jpg,5d91015f7f6007ed1239ead349bb6a60
Data/emerg_dataset7/emerg_dataset7_555/emerg_dataset7_555.jpg,emerg_dataset7_555.jpg,emerg_dataset7,youtube-135_jpg.rf.baaa1316480c841487770878440dbdb4.jpg,bac8c4e35ada3526fe216b34b70ffbb7
Data/emerg_dataset7/emerg_dataset7_556/emerg_dataset7_556.jpg,emerg_dataset7_556.jpg,emerg_dataset7,youtube-135_jpg.rf.f0044875c6f8a7d3fe8509b187183577.jpg,b442565d28f1baf1dd577f9c4d12bcb4
Data/emerg_dataset7/emerg_dataset7_557/emerg_dataset7_557.jpg,emerg_dataset7_557.jpg,emerg_dataset7,youtube-136_jpg.rf.126f566b8b788c77e6748f9e085a6beb.jpg,d51d3511a63d34c7d61f46fa0b5d8554
Data/emerg_dataset7/emerg_dataset7_558/emerg_dataset7_558.jpg,emerg_dataset7_558.jpg,emerg_dataset7,youtube-136_jpg.rf.5cb952d8dc3661bbd1e87c877437b59c.jpg,6fe1e738ab96bf3f712d7a96eeab1361
Data/emerg_dataset7/emerg_dataset7_559/emerg_dataset7_559.jpg,emerg_dataset7_559.jpg,emerg_dataset7,youtube-136_jpg.rf.f406a1e71cae379bafd62fc050c65a8a.jpg,527bfff44315988347f2dc0d39081671
Data/emerg_dataset7/emerg_dataset7_56/emerg_dataset7_56.jpg,emerg_dataset7_56.jpg,emerg_dataset7,IMG_6718_jpg.rf.01997ea0526235e1a7a4618fbba5fbea.jpg,c985f72a029daf7e3292b44b4900842a
Data/emerg_dataset7/emerg_dataset7_561/emerg_dataset7_561.jpg,emerg_dataset7_561.jpg,emerg_dataset7,youtube-137_jpg.rf.7846401d87f745b2be8c8989a1337e64.jpg,552a5ec5f090804e1cff74841adcded9
Data/emerg_dataset7/emerg_dataset7_562/emerg_dataset7_562.jpg,emerg_dataset7_562.jpg,emerg_dataset7,youtube-137_jpg.rf.890f5c9dcc41e52f3caa9a96ef003eaa.jpg,34040e13e5077ac3ca57c9c8af5c7afb
Data/emerg_dataset7/emerg_dataset7_563/emerg_dataset7_563.jpg,emerg_dataset7_563.jpg,emerg_dataset7,youtube-139_jpg.rf.16535123a5d9732cb84c765e093645e5.jpg,e3fc5111b63ff7824cb5eb40fa313837
Data/emerg_dataset7/emerg_dataset7_564/emerg_dataset7_564.jpg,emerg_dataset7_564.jpg,emerg_dataset7,youtube-139_jpg.rf.5fbc968b43919eab7ad1fc87c84305f3.jpg,1870d716691a885066d34c9eac7d4c24
Data/emerg_dataset7/emerg_dataset7_565/emerg_dataset7_565.jpg,emerg_dataset7_565.jpg,emerg_dataset7,youtube-139_jpg.rf.8494a8638a5f66cd71ebbc93b6b3aed4.jpg,c71e966bd9eca951b11fcabbf739d891
Data/emerg_dataset7/emerg_dataset7_566/emerg_dataset7_566.jpg,emerg_dataset7_566.jpg,emerg_dataset7,youtube-13_jpg.rf.10fc05faa436f6caf380b38f1d3f22cc.jpg,837cce522d38fba4c1214b9cd44a34bc
Data/emerg_dataset7/emerg_dataset7_567/emerg_dataset7_567.jpg,emerg_dataset7_567.jpg,emerg_dataset7,youtube-13_jpg.rf.114b24a51a357eaf893cafb587bb7485.jpg,fdf5122a26fcc092aa2bd84bb4d53406
Data/emerg_dataset7/emerg_dataset7_568/emerg_dataset7_568.jpg,emerg_dataset7_568.jpg,emerg_dataset7,youtube-13_jpg.rf.2e50e13de0a418bada6e4c50826b643b.jpg,840060ce41b8451a5577b2cf793b1129
Data/emerg_dataset7/emerg_dataset7_57/emerg_dataset7_57.jpg,emerg_dataset7_57.jpg,emerg_dataset7,IMG_6718_jpg.rf.7e4abd6d050a7a6b3f7178ef27ae752e.jpg,af8fb70c0d9dc1f136de8cc926476897
Data/emerg_dataset7/emerg_dataset7_570/emerg_dataset7_570.jpg,emerg_dataset7_570.jpg,emerg_dataset7,youtube-13_jpg.rf.625efb0218f176b3fb3ad4fa0ccde41d.jpg,577cebf9d5ce383b8421c2ffab5db96f
Data/emerg_dataset7/emerg_dataset7_571/emerg_dataset7_571.jpg,emerg_dataset7_571.jpg,emerg_dataset7,youtube-13_jpg.rf.7d221d9927a02ce3784d9d6d42511718.jpg,971b7eafe013aa7109de181da0b86798
Data/emerg_dataset7/emerg_dataset7_572/emerg_dataset7_572.jpg,emerg_dataset7_572.jpg,emerg_dataset7,youtube-13_jpg.rf.8110405dfb9077372459dfbdb21f6749.jpg,c8936a011c6ad803b34b4c687e418cde
Data/emerg_dataset7/emerg_dataset7_573/emerg_dataset7_573.jpg,emerg_dataset7_573.jpg,emerg_dataset7,youtube-13_jpg.rf.b506714a75b6377c3c80bcf60ba7f9a5.jpg,9c23ffdc0e9aafbe0f576c8e20b0d6d7
Data/emerg_dataset7/emerg_dataset7_574/emerg_dataset7_574.jpg,emerg_dataset7_574.jpg,emerg_dataset7,youtube-13_jpg.rf.dba8a8261f688e2b9ed82cd60360bf81.jpg,2f4740a705abe49cd45c537008622b93
Data/emerg_dataset7/emerg_dataset7_575/emerg_dataset7_575.jpg,emerg_dataset7_575.jpg,emerg_dataset7,youtube-140_jpg.rf.8339a31e35c19948f7080db0f7196806.jpg,620f5a341bd37068db1a71822982c430
Data/emerg_dataset7/emerg_dataset7_576/emerg_dataset7_576.jpg,emerg_dataset7_576.jpg,emerg_dataset7,youtube-140_jpg.rf.9c221572e6309c8159ba109abe323aef.jpg,2aa8110f16457dc7c0b4e9763135d233
Data/emerg_dataset7/emerg_dataset7_577/emerg_dataset7_577.jpg,emerg_dataset7_577.jpg,emerg_dataset7,youtube-140_jpg.rf.f7fcefad0aa998a8d20ce7b1e65e621f.jpg,352d9afd4333d81e2cb319e5e576ad54
Data/emerg_dataset7/emerg_dataset7_579/emerg_dataset7_579.jpg,emerg_dataset7_579.jpg,emerg_dataset7,youtube-142_jpg.rf.a71f4e83f6c1aece08aef6403c510a72.jpg,189042ac33920fa66090269fab58db02
Data/emerg_dataset7/emerg_dataset7_58/emerg_dataset7_58.jpg,emerg_dataset7_58.jpg,emerg_dataset7,IMG_6718_jpg.rf.8b03ce19251a3fc54231c1295e14ca6b.jpg,7d659877acb3fa8d0756fc1b0ccb5f96
Data/emerg_dataset7/emerg_dataset7_580/emerg_dataset7_580.jpg,emerg_dataset7_580.jpg,emerg_dataset7,youtube-142_jpg.rf.b106c8df5127baafc0a7c566eeab326d.jpg,4a028d24e96421c2dc20695cb34d4af1
Data/emerg_dataset7/emerg_dataset7_582/emerg_dataset7_582.jpg,emerg_dataset7_582.jpg,emerg_dataset7,youtube-143_jpg.rf.6de60b96fbeba00001db81899295cc60.jpg,6441feb6ea4aac1b944ba1de513e1d26
Data/emerg_dataset7/emerg_dataset7_583/emerg_dataset7_583.jpg,emerg_dataset7_583.jpg,emerg_dataset7,youtube-143_jpg.rf.9895f6cd1a9136dbdfd3d9ac51d39927.jpg,02def215034486946999cab61f01f445
Data/emerg_dataset7/emerg_dataset7_584/emerg_dataset7_584.jpg,emerg_dataset7_584.jpg,emerg_dataset7,youtube-144_jpg.rf.1af519c79e9f760b574848bddf37a470.jpg,3412a870b597f2e9fb8edb2f9d1583d1
Data/emerg_dataset7/emerg_dataset7_585/emerg_dataset7_585.jpg,emerg_dataset7_585.jpg,emerg_dataset7,youtube-144_jpg.rf.53de981085e5f90900fcd1a22c426108.jpg,3bb7fa6f3c308627eedf675d75b7fc61
Data/emerg_dataset7/emerg_dataset7_586/emerg_dataset7_586.jpg,emerg_dataset7_586.jpg,emerg_dataset7,youtube-144_jpg.rf.cbaa8d1d700c5967aef948144f59dc27.jpg,70aeacef2ba979213a86a276c2d24d4f
Data/emerg_dataset7/emerg_dataset7_587/emerg_dataset7_587.jpg,emerg_dataset7_587.jpg,emerg_dataset7,youtube-148_jpg.rf.65f3eef2986a0d9e3af9b671a450319c.jpg,85ba3abe0eb258208cbc585aef9edf46
Data/emerg_dataset7/emerg_dataset7_589/emerg_dataset7_589.jpg,emerg_dataset7_589.jpg,emerg_dataset7,youtube-148_jpg.rf.cea4db6a66ab3d514c1ae295db93ef95.jpg,d50d2a9a9e659d5be8fdd2a959328500
Data/emerg_dataset7/emerg_dataset7_59/emerg_dataset7_59.jpg,emerg_dataset7_59.jpg,emerg_dataset7,IMG_7377_jpg.rf.2c74475ad96e5f7e8115071e50ebba97.jpg,b87ad467fe08ff6b9c3b7e107c921032
Data/emerg_dataset7/emerg_dataset7_590/emerg_dataset7_590.jpg,emerg_dataset7_590.jpg,emerg_dataset7,youtube-14_jpg.rf.09cf9c89a1011f6b9858e4e3e90f282d.jpg,ef79c2f4eff6208b62a4ec56e9dfaa84
Data/emerg_dataset7/emerg_dataset7_591/emerg_dataset7_591.jpg,emerg_dataset7_591.jpg,emerg_dataset7,youtube-14_jpg.rf.3af019db99047f264926d60ad0bc51db.jpg,fe3cf3f1f0058b7f81220e5df29fd146
Data/emerg_dataset7/emerg_dataset7_592/emerg_dataset7_592.jpg,emerg_dataset7_592.jpg,emerg_dataset7,youtube-14_jpg.rf.49d50d8d51766adf94e8765a12c90f83.jpg,2e4d152a28833dabfc0c582c5a9122ee
Data/emerg_dataset7/emerg_dataset7_593/emerg_dataset7_593.jpg,emerg_dataset7_593.jpg,emerg_dataset7,youtube-14_jpg.rf.662733fdb4965b5d3019f618674af720.jpg,56f47b5b72b60dee161ab6da8e1ad82c
Data/emerg_dataset7/emerg_dataset7_594/emerg_dataset7_594.jpg,emerg_dataset7_594.jpg,emerg_dataset7,youtube-14_jpg.rf.6a1ac2edfca5d265bad7a2e40be535a8.jpg,2cbdacb31a228fdaf7e379eeddd8fd7b
Data/emerg_dataset7/emerg_dataset7_596/emerg_dataset7_596.jpg,emerg_dataset7_596.jpg,emerg_dataset7,youtube-14_jpg.rf.7120415d7398c90372dd80911b9db2d5.jpg,a5534a473cbebfdee01bc4d67f5a5ce5
Data/emerg_dataset7/emerg_dataset7_597/emerg_dataset7_597.jpg,emerg_dataset7_597.jpg,emerg_dataset7,youtube-14_jpg.rf.8a73271e66c1c12eb6eebaa6bb6059bc.jpg,4cba74cdac03f597942c4f9b6e5b2591
Data/emerg_dataset7/emerg_dataset7_598/emerg_dataset7_598.jpg,emerg_dataset7_598.jpg,emerg_dataset7,youtube-14_jpg.rf.ef14c96b377cb14e8081f89d93ef7769.jpg,2ba54dd55bda66d5db85a05baa2e8fd6
Data/emerg_dataset7/emerg_dataset7_60/emerg_dataset7_60.jpg,emerg_dataset7_60.jpg,emerg_dataset7,IMG_7377_jpg.rf.8a5fb29216cfb9ca035fe4a442ad06a2.jpg,bc8efe849dd3852638e606b7a5577c76
Data/emerg_dataset7/emerg_dataset7_600/emerg_dataset7_600.jpg,emerg_dataset7_600.jpg,emerg_dataset7,youtube-154_jpg.rf.7e070e5cad525ff6502d44b0be903cef.jpg,02b988938ab52605a0c9bda50311395c
Data/emerg_dataset7/emerg_dataset7_601/emerg_dataset7_601.jpg,emerg_dataset7_601.jpg,emerg_dataset7,youtube-154_jpg.rf.a08b0d660590abf7baedf696f06a891b.jpg,65ebbcb6508d1b578e685f4397c345e8
Data/emerg_dataset7/emerg_dataset7_606/emerg_dataset7_606.jpg,emerg_dataset7_606.jpg,emerg_dataset7,youtube-156_jpg.rf.d09e1d820065cb76e09d9498de6a805b.jpg,5f112754406cdfccbde936b6dfd1e1d7
Data/emerg_dataset7/emerg_dataset7_607/emerg_dataset7_607.jpg,emerg_dataset7_607.jpg,emerg_dataset7,youtube-156_jpg.rf.eda012707cfa65e9b6d7c8dee1bdb58b.jpg,c559b33d28abd92ae09f9db08b5f596b
Data/emerg_dataset7/emerg_dataset7_608/emerg_dataset7_608.jpg,emerg_dataset7_608.jpg,emerg_dataset7,youtube-157_jpg.rf.2f7cf9b9be2b88d983a1c8e53e02b4ae.jpg,9334d055e09b1dc741560c82545c11e8
Data/emerg_dataset7/emerg_dataset7_61/emerg_dataset7_61.jpg,emerg_dataset7_61.jpg,emerg_dataset7,IMG_7377_jpg.rf.bbd8ae5d327c71fe4e3bf0dcad6d9622.jpg,ee31b7dcd8922a88d91695a39214b3d2
Data/emerg_dataset7/emerg_dataset7_611/emerg_dataset7_611.jpg,emerg_dataset7_611.jpg,emerg_dataset7,youtube-15_jpg.rf.28bba5a25028ac5680456ae82168c2e9.jpg,d890c65771a1a2b3ddd50af9602d0ea0
Data/emerg_dataset7/emerg_dataset7_612/emerg_dataset7_612.jpg,emerg_dataset7_612.jpg,emerg_dataset7,youtube-15_jpg.rf.5c3a140ca922b1661c59bac88d4ce496.jpg,738fd566914fcbb1e93991c017541ae0
Data/emerg_dataset7/emerg_dataset7_613/emerg_dataset7_613.jpg,emerg_dataset7_613.jpg,emerg_dataset7,youtube-15_jpg.rf.6979a8887f88d14669270c96f32f7491.jpg,724b0d39e9117ed5e772aba9e214f34e
Data/emerg_dataset7/emerg_dataset7_614/emerg_dataset7_614.jpg,emerg_dataset7_614.jpg,emerg_dataset7,youtube-15_jpg.rf.b005c3455d468bea40301d514d7d5ec3.jpg,788daf05af8b267323f3aa9f5db25f94
Data/emerg_dataset7/emerg_dataset7_615/emerg_dataset7_615.jpg,emerg_dataset7_615.jpg,emerg_dataset7,youtube-15_jpg.rf.bd9a354b63b32f65c0d02d1398888c85.jpg,aa20f293e47af22e6d5bde68a017ea71
Data/emerg_dataset7/emerg_dataset7_617/emerg_dataset7_617.jpg,emerg_dataset7_617.jpg,emerg_dataset7,youtube-15_jpg.rf.df2eed37ee23b4cf0b5b842ba0ca9cda.jpg,b981a7ea06eed6370836fdf50020be53
Data/emerg_dataset7/emerg_dataset7_618/emerg_dataset7_618.jpg,emerg_dataset7_618.jpg,emerg_dataset7,youtube-15_jpg.rf.e544513c07e1bc80585bfebb60312061.jpg,a535ee0552cd3b30c069616774eb53dc
Data/emerg_dataset7/emerg_dataset7_619/emerg_dataset7_619.jpg,emerg_dataset7_619.jpg,emerg_dataset7,youtube-15_jpg.rf.f98e18f951934f35c0e9092059431284.jpg,192e55d07d8d5ccf7e27fc1b2267a7f3
Data/emerg_dataset7/emerg_dataset7_62/emerg_dataset7_62.jpg,emerg_dataset7_62.jpg,emerg_dataset7,IMG_7418_jpg.rf.044c0031b50cad20dccdb7f643a8d536.jpg,b4d1a313268278ba4e86aeb9fe01825e
Data/emerg_dataset7/emerg_dataset7_620/emerg_dataset7_620.jpg,emerg_dataset7_620.jpg,emerg_dataset7,youtube-161_jpg.rf.226e6d95b927166b83f10d6d3a2ddc5f.jpg,d9bf2bb541bb7162179e27d1787c1757
Data/emerg_dataset7/emerg_dataset7_621/emerg_dataset7_621.jpg,emerg_dataset7_621.jpg,emerg_dataset7,youtube-161_jpg.rf.2545f75e2f5e03b805a32ff09f117bcc.jpg,f03370b4144d82a7df1b0a7478db4d96
Data/emerg_dataset7/emerg_dataset7_622/emerg_dataset7_622.jpg,emerg_dataset7_622.jpg,emerg_dataset7,youtube-161_jpg.rf.622382986b6d6d03fd7454304d522e09.jpg,bdf9deee2d7b511d7e0234360254f9ba
Data/emerg_dataset7/emerg_dataset7_623/emerg_dataset7_623.jpg,emerg_dataset7_623.jpg,emerg_dataset7,youtube-163_jpg.rf.243aebb34ff0c70acdc4a9cc7f7e14e3.jpg,2a39327db7e84907716c4f3c6787cf7a
Data/emerg_dataset7/emerg_dataset7_624/emerg_dataset7_624.jpg,emerg_dataset7_624.jpg,emerg_dataset7,youtube-163_jpg.rf.7ce0151192604ce99fefbcb85d89054c.jpg,b953a43533531eb77a83bafac3e67017
Data/emerg_dataset7/emerg_dataset7_625/emerg_dataset7_625.jpg,emerg_dataset7_625.jpg,emerg_dataset7,youtube-163_jpg.rf.a85d330c4b9bbbaaf799068e85cd16a0.jpg,b0a16293efe5ea4b1b6a5e55f943eb40
Data/emerg_dataset7/emerg_dataset7_626/emerg_dataset7_626.jpg,emerg_dataset7_626.jpg,emerg_dataset7,youtube-164_jpg.rf.06a34528cf6ca1fb0a3a434e86ff6c26.jpg,37a7268276100f389954f70e171f10b4
Data/emerg_dataset7/emerg_dataset7_627/emerg_dataset7_627.jpg,emerg_dataset7_627.jpg,emerg_dataset7,youtube-164_jpg.rf.0b2db67af430d711f29cf280af5438b3.jpg,6b95eb17242d27bf6ac8e2c7354bca5d
Data/emerg_dataset7/emerg_dataset7_629/emerg_dataset7_629.jpg,emerg_dataset7_629.jpg,emerg_dataset7,youtube-165_jpg.rf.32d9b335ee5886c83535bfe5be785ed5.jpg,4f5b38007b1f0c38ae673a87f28ab014
Data/emerg_dataset7/emerg_dataset7_63/emerg_dataset7_63.jpg,emerg_dataset7_63.jpg,emerg_dataset7,IMG_7418_jpg.rf.1b5d91452b3e8f3f4995cd59d47594e5.jpg,b374ef9655abf77ba901515f39cfee84
Data/emerg_dataset7/emerg_dataset7_630/emerg_dataset7_630.jpg,emerg_dataset7_630.jpg,emerg_dataset7,youtube-165_jpg.rf.4dd5a09fa5aff1e4d0be0ab6b901ee5c.jpg,1d6f92b4fe686310c3128cd82a4d5c6d
Data/emerg_dataset7/emerg_dataset7_631/emerg_dataset7_631.jpg,emerg_dataset7_631.jpg,emerg_dataset7,youtube-165_jpg.rf.846f084a13134f2a1ee70fcf2a217d45.jpg,58aadcde876178dbe1d7fdea3ea1f3e6
Data/emerg_dataset7/emerg_dataset7_632/emerg_dataset7_632.jpg,emerg_dataset7_632.jpg,emerg_dataset7,youtube-166_jpg.rf.95ae8293df75c9968350b598ab304e8a.jpg,2abe3a95b18b73be5e14176f510c9a23
Data/emerg_dataset7/emerg_dataset7_634/emerg_dataset7_634.jpg,emerg_dataset7_634.jpg,emerg_dataset7,youtube-166_jpg.rf.e5311a258980c86bae71af83eeafa758.jpg,91b0d895af602030c28a1390e38c773d
Data/emerg_dataset7/emerg_dataset7_636/emerg_dataset7_636.jpg,emerg_dataset7_636.jpg,emerg_dataset7,youtube-167_jpg.rf.b5a7acbe7bb48c65fa3c7676767d162b.jpg,7f7d7efcb635130a7550f99bd6cdd8ad
Data/emerg_dataset7/emerg_dataset7_637/emerg_dataset7_637.jpg,emerg_dataset7_637.jpg,emerg_dataset7,youtube-167_jpg.rf.f56cbb905c24a4590e9744612602ad1f.jpg,e1e5553a0ce82381b702237644be72a9
Data/emerg_dataset7/emerg_dataset7_638/emerg_dataset7_638.jpg,emerg_dataset7_638.jpg,emerg_dataset7,youtube-169_jpg.rf.252143b669eba86d848fa0d390178e60.jpg,eeee03a12dc96a16f303546b68a3deba
Data/emerg_dataset7/emerg_dataset7_639/emerg_dataset7_639.jpg,emerg_dataset7_639.jpg,emerg_dataset7,youtube-169_jpg.rf.5ccad13c75a228b75ffdf4aa6e235699.jpg,790d5887d83971022f252063db29c9ae
Data/emerg_dataset7/emerg_dataset7_64/emerg_dataset7_64.jpg,emerg_dataset7_64.jpg,emerg_dataset7,IMG_7418_jpg.rf.2a267ada3bd87f55332810c652db4590.jpg,c20a857ea3e5941062a2cff6dba7e3ff
Data/emerg_dataset7/emerg_dataset7_640/emerg_dataset7_640.jpg,emerg_dataset7_640.jpg,emerg_dataset7,youtube-169_jpg.rf.81d2824cbfe1bbc27082146808a6adf4.jpg,bf610c5c7486fc61a270ca773a8035f4
Data/emerg_dataset7/emerg_dataset7_642/emerg_dataset7_642.jpg,emerg_dataset7_642.jpg,emerg_dataset7,youtube-16_jpg.rf.02e878d687fcc5bead74e631d49e8496.jpg,2b74e9c7e217b54f5617cd734ccd1fbb
Data/emerg_dataset7/emerg_dataset7_646/emerg_dataset7_646.jpg,emerg_dataset7_646.jpg,emerg_dataset7,youtube-16_jpg.rf.94b8bd861b860bc393955aadfb42168e.jpg,39b0448926ad72c9410404f9a60a68ce
Data/emerg_dataset7/emerg_dataset7_648/emerg_dataset7_648.jpg,emerg_dataset7_648.jpg,emerg_dataset7,youtube-16_jpg.rf.b1bfb8cd3232340f643a736a5120e56f.jpg,2da92028dce586d63af40e91976c42e2
Data/emerg_dataset7/emerg_dataset7_649/emerg_dataset7_649.jpg,emerg_dataset7_649.jpg,emerg_dataset7,youtube-16_jpg.rf.b94c84d2b307972be1774f5665b0e035.jpg,1faa68b17f27e653a6d45bf7a823e25d
Data/emerg_dataset7/emerg_dataset7_65/emerg_dataset7_65.jpg,emerg_dataset7_65.jpg,emerg_dataset7,IMG_7419_jpg.rf.1f421f42b8e319a61b6910c36579f6cc.jpg,ae6ef7fefc8b73ffdd27f471e9df88a2
Data/emerg_dataset7/emerg_dataset7_650/emerg_dataset7_650.jpg,emerg_dataset7_650.jpg,emerg_dataset7,youtube-16_jpg.rf.e9807bc95b1cdbe0a14ea7edc8e2150d.jpg,3f76e2122f3b18d722d1a542c1663b9f
Data/emerg_dataset7/emerg_dataset7_651/emerg_dataset7_651.jpg,emerg_dataset7_651.jpg,emerg_dataset7,youtube-16_jpg.rf.efc0ed94847e9bb443b326599f833a4e.jpg,765028e9a72496c46d7af2fb9e06011b
Data/emerg_dataset7/emerg_dataset7_652/emerg_dataset7_652.jpg,emerg_dataset7_652.jpg,emerg_dataset7,youtube-16_jpg.rf.f68664ea25f56ce9eb6f688e1c87636d.jpg,17079ac71db5c4c72383a847da30bcf1
Data/emerg_dataset7/emerg_dataset7_653/emerg_dataset7_653.jpg,emerg_dataset7_653.jpg,emerg_dataset7,youtube-170_jpg.rf.6345472e30d5085ef7c19c87d7c7be6a.jpg,a65bcfbabd988bf0fa029379cf6239aa
Data/emerg_dataset7/emerg_dataset7_654/emerg_dataset7_654.jpg,emerg_dataset7_654.jpg,emerg_dataset7,youtube-170_jpg.rf.939c10509e39f0a9e62f0771936f00d4.jpg,be45b5faaaf5d6155ce6f15d8d017411
Data/emerg_dataset7/emerg_dataset7_655/emerg_dataset7_655.jpg,emerg_dataset7_655.jpg,emerg_dataset7,youtube-170_jpg.rf.f5d7675538e9b1c28cf0cd7fb0819d90.jpg,b893a34a48ac9e4e6bdba4123f81b712
Data/emerg_dataset7/emerg_dataset7_656/emerg_dataset7_656.jpg,emerg_dataset7_656.jpg,emerg_dataset7,youtube-172_jpg.rf.3f286d12a559074831fdf803b207608a.jpg,0f90b252c51303678dab1ed9612d6243
Data/emerg_dataset7/emerg_dataset7_657/emerg_dataset7_657.jpg,emerg_dataset7_657.jpg,emerg_dataset7,youtube-172_jpg.rf.a014bae9a04a47e040090466a407f878.jpg,e2b92bf6dcac1beff53618a6d1d64fbc
Data/emerg_dataset7/emerg_dataset7_66/emerg_dataset7_66.jpg,emerg_dataset7_66.jpg,emerg_dataset7,IMG_7419_jpg.rf.f74ad2a15cab6ae5e009d3e6b83a8239.jpg,85d65132ab46c937c0d7e35db4104281
Data/emerg_dataset7/emerg_dataset7_660/emerg_dataset7_660.jpg,emerg_dataset7_660.jpg,emerg_dataset7,youtube-173_jpg.rf.c102205052341a01f6bd186e232c70c8.jpg,bf39fa6738298da2ec0cfacad209597b
Data/emerg_dataset7/emerg_dataset7_662/emerg_dataset7_662.jpg,emerg_dataset7_662.jpg,emerg_dataset7,youtube-174_jpg.rf.10ea596c8a673ab765bbdb8b8064e4d1.jpg,755b7ccdf40d9b59367867736607a3e5
Data/emerg_dataset7/emerg_dataset7_663/emerg_dataset7_663.jpg,emerg_dataset7_663.jpg,emerg_dataset7,youtube-174_jpg.rf.5542c76653f147a7b1b4c3e676c169a9.jpg,a47950b5c2ad12dffac4997c6a103b44
Data/emerg_dataset7/emerg_dataset7_664/emerg_dataset7_664.jpg,emerg_dataset7_664.jpg,emerg_dataset7,youtube-174_jpg.rf.a52a76a1fb30f1a19db9917ad633eb37.jpg,42dd8d94bb4053c03b60f93b10cc855b
Data/emerg_dataset7/emerg_dataset7_666/emerg_dataset7_666.jpg,emerg_dataset7_666.jpg,emerg_dataset7,youtube-175_jpg.rf.7563aeeb11797490e941f6d93aec6306.jpg,f3b5093f5ad482ceb0ef214420855158
Data/emerg_dataset7/emerg_dataset7_667/emerg_dataset7_667.jpg,emerg_dataset7_667.jpg,emerg_dataset7,youtube-175_jpg.rf.f4f5af90477c0d70217c82ee2781b3b0.jpg,e79dcfb397bfad392dfb828d53de5f84
Data/emerg_dataset7/emerg_dataset7_668/emerg_dataset7_668.jpg,emerg_dataset7_668.jpg,emerg_dataset7,youtube-176_jpg.rf.195c5c1dcac20b788f20d0b295df2f25.jpg,a6f2229374a78a9119beb98f05094d18
Data/emerg_dataset7/emerg_dataset7_67/emerg_dataset7_67.jpg,emerg_dataset7_67.jpg,emerg_dataset7,IMG_7419_jpg.rf.fefe78c944202d908963fcb099b85e8d.jpg,653c5612c74097332c18e7393b5d163c
Data/emerg_dataset7/emerg_dataset7_670/emerg_dataset7_670.jpg,emerg_dataset7_670.jpg,emerg_dataset7,youtube-176_jpg.rf.884fcb80a8553f94f7bee9200c5af835.jpg,0c956041935a3d2001e36b16ee56198a
Data/emerg_dataset7/emerg_dataset7_671/emerg_dataset7_671.jpg,emerg_dataset7_671.jpg,emerg_dataset7,youtube-177_jpg.rf.54482e4ab76368b2e4ea024462e18a0b.jpg,2a60eee5174b81128eccf6aa34988b71
Data/emerg_dataset7/emerg_dataset7_672/emerg_dataset7_672.jpg,emerg_dataset7_672.jpg,emerg_dataset7,youtube-177_jpg.rf.8cd5185034e1af948a153802c18e664b.jpg,5d78968418f113103ff62b4a246c9e6a
Data/emerg_dataset7/emerg_dataset7_673/emerg_dataset7_673.jpg,emerg_dataset7_673.jpg,emerg_dataset7,youtube-177_jpg.rf.ec8c944dcf0d70abe137c603158b1f4e.jpg,30bcbc4c4a0290ecfd3bd059867ea0ff
Data/emerg_dataset7/emerg_dataset7_674/emerg_dataset7_674.jpg,emerg_dataset7_674.jpg,emerg_dataset7,youtube-179_jpg.rf.4e9a20b8d728d4bab8ead739b465757c.jpg,30dd899f39f0564beb5cec9e14ccc29d
Data/emerg_dataset7/emerg_dataset7_675/emerg_dataset7_675.jpg,emerg_dataset7_675.jpg,emerg_dataset7,youtube-179_jpg.rf.999fcbe938b93d7ddc1563b67ddc0b4a.jpg,a0e2a0e97b4f0cd8baf7bc4b3d35adae
Data/emerg_dataset7/emerg_dataset7_676/emerg_dataset7_676.jpg,emerg_dataset7_676.jpg,emerg_dataset7,youtube-179_jpg.rf.f4744ab66d5c2ebb1102953378093b44.jpg,eb56a9f20c5243f82bc85b0472fcddd9
Data/emerg_dataset7/emerg_dataset7_677/emerg_dataset7_677.jpg,emerg_dataset7_677.jpg,emerg_dataset7,youtube-17_jpg.rf.06b3d9ab28f7c7fa09ec145e269fdde8.jpg,2a3186da46a73b75084bbd0e1a920200
Data/emerg_dataset7/emerg_dataset7_678/emerg_dataset7_678.jpg,emerg_dataset7_678.jpg,emerg_dataset7,youtube-17_jpg.rf.0a74fac2a34e847b8b313b6caa7810bc.jpg,e96ddcf5cae45d8510cab4b8e566b33e
Data/emerg_dataset7/emerg_dataset7_679/emerg_dataset7_679.jpg,emerg_dataset7_679.jpg,emerg_dataset7,youtube-17_jpg.rf.1430cdd1a57b36739f5ee205dafe94e9.jpg,5b06dee1d8718de96c6f10cc398dfcf1
Data/emerg_dataset7/emerg_dataset7_680/emerg_dataset7_680.jpg,emerg_dataset7_680.jpg,emerg_dataset7,youtube-17_jpg.rf.182e4b84693c9e18e80418027e5a2f24.jpg,566b57a4b9706629483c1ca6dcee29b9
Data/emerg_dataset7/emerg_dataset7_681/emerg_dataset7_681.jpg,emerg_dataset7_681.jpg,emerg_dataset7,youtube-17_jpg.rf.29e15dea8a0c60cfdaef0949929d4b8e.jpg,2f44e0f34536a05236144513285be4f8
Data/emerg_dataset7/emerg_dataset7_682/emerg_dataset7_682.jpg,emerg_dataset7_682.jpg,emerg_dataset7,youtube-17_jpg.rf.3228ee9f74214bd4bf8dfe581b820439.jpg,69cd5b44db5a3ee5bcacfdc9ee5d02c0
Data/emerg_dataset7/emerg_dataset7_683/emerg_dataset7_683.jpg,emerg_dataset7_683.jpg,emerg_dataset7,youtube-17_jpg.rf.3873948cc2dfae441ccc273dfbf00e7e.jpg,a3f7fba402ba4068db5de95f8f75b069
Data/emerg_dataset7/emerg_dataset7_684/emerg_dataset7_684.jpg,emerg_dataset7_684.jpg,emerg_dataset7,youtube-17_jpg.rf.806b41b738aa6bc1b356a88a421658cf.jpg,e37a4e4c8052fb940c4233df4f66d10f
Data/emerg_dataset7/emerg_dataset7_685/emerg_dataset7_685.jpg,emerg_dataset7_685.jpg,emerg_dataset7,youtube-17_jpg.rf.8c082b3c4da82b87274a4d76640a09c5.jpg,6fbacb464a21223173274625b09d6b09
Data/emerg_dataset7/emerg_dataset7_686/emerg_dataset7_686.jpg,emerg_dataset7_686.jpg,emerg_dataset7,youtube-17_jpg.rf.9170daf9babfded346bd7e1416853676.jpg,f196573d8f1339cadb473671702006b4
Data/emerg_dataset7/emerg_dataset7_687/emerg_dataset7_687.jpg,emerg_dataset7_687.jpg,emerg_dataset7,youtube-17_jpg.rf.ceb1797f0b137cacd32dcdc8d9846397.jpg,fc6dc009ab00ac6c55c0a9ee91a41ead
Data/emerg_dataset7/emerg_dataset7_689/emerg_dataset7_689.jpg,emerg_dataset7_689.jpg,emerg_dataset7,youtube-180_jpg.rf.46eeacde504ebb67687b10b91e2f7c04.jpg,76f58cfa29534cf4854b7b3daf1532a4
Data/emerg_dataset7/emerg_dataset7_69/emerg_dataset7_69.jpg,emerg_dataset7_69.jpg,emerg_dataset7,IMG_7420_jpg.rf.5a65fb280c134b5177a66937cdbdb1c2.jpg,dff3eb7876132ce279415949459e9732
Data/emerg_dataset7/emerg_dataset7_691/emerg_dataset7_691.jpg,emerg_dataset7_691.jpg,emerg_dataset7,youtube-180_jpg.rf.931c397f7dea128cb1acb2ee7fa5a406.jpg,a20cc7ca57fc61e7c02611bbeab4f8c5
Data/emerg_dataset7/emerg_dataset7_692/emerg_dataset7_692.jpg,emerg_dataset7_692.jpg,emerg_dataset7,youtube-181_jpg.rf.2704ccca2ce49d36bd04c86aaa919936.jpg,51a03785c6c058b6e3c2c6628937da6b
Data/emerg_dataset7/emerg_dataset7_693/emerg_dataset7_693.jpg,emerg_dataset7_693.jpg,emerg_dataset7,youtube-181_jpg.rf.6d2520e2184a4e581d41566168a2ffea.jpg,72502036b2696f9d0d57db0d3e8fc40c
Data/emerg_dataset7/emerg_dataset7_694/emerg_dataset7_694.jpg,emerg_dataset7_694.jpg,emerg_dataset7,youtube-181_jpg.rf.d1c326541c03815e66a98adb95f0d7f4.jpg,209f555a141dd8ff054ecf8fd9f0349b
Data/emerg_dataset7/emerg_dataset7_695/emerg_dataset7_695.jpg,emerg_dataset7_695.jpg,emerg_dataset7,youtube-182_jpg.rf.3592f43064ecd77df34713c3a361d5a6.jpg,d4d770fb83553d737e9186b35e85de3a
Data/emerg_dataset7/emerg_dataset7_697/emerg_dataset7_697.jpg,emerg_dataset7_697.jpg,emerg_dataset7,youtube-182_jpg.rf.f4c26f1946487c97e24bdd8d1189cb96.jpg,c402ebf638d280dcd9fc22a07cda706a
Data/emerg_dataset7/emerg_dataset7_698/emerg_dataset7_698.jpg,emerg_dataset7_698.jpg,emerg_dataset7,youtube-184_jpg.rf.407748e0ea9167dcb2c8adfd7ac63d1e.jpg,07d424610884620e48e5202446befed9
Data/emerg_dataset7/emerg_dataset7_699/emerg_dataset7_699.jpg,emerg_dataset7_699.jpg,emerg_dataset7,youtube-184_jpg.rf.6b0f9a9138267757d70ed98c9653765b.jpg,dd8084edbac5f421d9f67aa30f8f60a9
Data/emerg_dataset7/emerg_dataset7_7/emerg_dataset7_7.jpg,emerg_dataset7_7.jpg,emerg_dataset7,IMG_6689_jpg.rf.eb589331458198b801bd43c53599bbb0.jpg,0b2ec1e01dd4235be78894b5e07d0adb
Data/emerg_dataset7/emerg_dataset7_70/emerg_dataset7_70.jpg,emerg_dataset7_70.jpg,emerg_dataset7,IMG_7420_jpg.rf.5d7f6ffb6dfbbd885266b4038390c179.jpg,6a338d7622ecb8c0e4298666e332e914
Data/emerg_dataset7/emerg_dataset7_700/emerg_dataset7_700.jpg,emerg_dataset7_700.jpg,emerg_dataset7,youtube-184_jpg.rf.d30544dade9ab553b7f94798512d105e.jpg,ee0b356f14078a761e055df94946efb1
Data/emerg_dataset7/emerg_dataset7_71/emerg_dataset7_71.jpg,emerg_dataset7_71.jpg,emerg_dataset7,IMG_7422_jpg.rf.2d94df899ace414102dda99a546679d1.jpg,c536a8d788f2fd98dc715072ff436f6e
Data/emerg_dataset7/emerg_dataset7_72/emerg_dataset7_72.jpg,emerg_dataset7_72.jpg,emerg_dataset7,IMG_7422_jpg.rf.4956a92f593a409a85526d6a5a04fe23.jpg,e65f3519319eedbf003e22e0bf7dab77
Data/emerg_dataset7/emerg_dataset7_73/emerg_dataset7_73.jpg,emerg_dataset7_73.jpg,emerg_dataset7,IMG_7422_jpg.rf.cf8c4a0e79d4efaf51626e39aba6980f.jpg,b08947ba4827e1650f23745f3ed59667
Data/emerg_dataset7/emerg_dataset7_74/emerg_dataset7_74.jpg,emerg_dataset7_74.jpg,emerg_dataset7,IMG_7426_jpg.rf.3944baa6656436157d3889e13602f195.jpg,2573ed5c4f9955d1241791c61076c178
Data/emerg_dataset7/emerg_dataset7_75/emerg_dataset7_75.jpg,emerg_dataset7_75.jpg,emerg_dataset7,IMG_7426_jpg.rf.cf0ba488ac707273c95f078947e368c4.jpg,8f611c4fce5d658e7e812fdf2c6ebe94
Data/emerg_dataset7/emerg_dataset7_76/emerg_dataset7_76.jpg,emerg_dataset7_76.jpg,emerg_dataset7,IMG_7426_jpg.rf.d528bc0dcc3014dcb0f2a44ff2295585.jpg,c9f6e670a433346141a2bb037336a65e
Data/emerg_dataset7/emerg_dataset7_77/emerg_dataset7_77.jpg,emerg_dataset7_77.jpg,emerg_dataset7,IMG_7429_jpg.rf.1312a7f60e919170c17dd38eaa2403f0.jpg,a01e296ffc502ea315f7fa31a6da80fb
Data/emerg_dataset7/emerg_dataset7_78/emerg_dataset7_78.jpg,emerg_dataset7_78.jpg,emerg_dataset7,IMG_7429_jpg.rf.7460306d02e9c80d0071f8d68d1cf855.jpg,3fd3e0e2f19b8c2a7b6f9250b378219d
Data/emerg_dataset7/emerg_dataset7_79/emerg_dataset7_79.jpg,emerg_dataset7_79.jpg,emerg_dataset7,IMG_7429_jpg.rf.d68fac2696075dc7157c2bcca0b14419.jpg,14c719562690a4819f83a7074287d908
Data/emerg_dataset7/emerg_dataset7_8/emerg_dataset7_8.jpg,emerg_dataset7_8.jpg,emerg_dataset7,IMG_6692_jpg.rf.2da79de5cb57ef7c5dd3930d733af3b7.jpg,b72e1ab4582125b6b722c4ac7db1260d
Data/emerg_dataset7/emerg_dataset7_80/emerg_dataset7_80.jpg,emerg_dataset7_80.jpg,emerg_dataset7,IMG_7430_jpg.rf.210a8db265097234518560ea00117a8b.jpg,d86b96ce3037e438be565560142c261a
Data/emerg_dataset7/emerg_dataset7_81/emerg_dataset7_81.jpg,emerg_dataset7_81.jpg,emerg_dataset7,IMG_7430_jpg.rf.69af8e7a03490f33895654e0541a9a10.jpg,aa5e152f83323db514968378288ce98e
Data/emerg_dataset7/emerg_dataset7_82/emerg_dataset7_82.jpg,emerg_dataset7_82.jpg,emerg_dataset7,IMG_7430_jpg.rf.e7411a7163530cdb26c639948b81be9c.jpg,1b2e65e44a6bca986fab38fe23475d21
Data/emerg_dataset7/emerg_dataset7_83/emerg_dataset7_83.jpg,emerg_dataset7_83.jpg,emerg_dataset7,IMG_7431_jpg.rf.065a09c75c0f7d5a1c0eb1e8f18b2be4.jpg,9c2429d5f3cccf0f6cc48ed45036a4ca
Data/emerg_dataset7/emerg_dataset7_84/emerg_dataset7_84.jpg,emerg_dataset7_84.jpg,emerg_dataset7,IMG_7431_jpg.rf.13fd1710fcda5fe54289cb5bcd81f228.jpg,d151d17c825a2db458fcd0e739a3132c
Data/emerg_dataset7/emerg_dataset7_85/emerg_dataset7_85.jpg,emerg_dataset7_85.jpg,emerg_dataset7,IMG_7431_jpg.rf.61d84f1a1b80075f7211170efec97f0b.jpg,933d64a43e141098079480e94004231a
Data/emerg_dataset7/emerg_dataset7_86/emerg_dataset7_86.jpg,emerg_dataset7_86.jpg,emerg_dataset7,IMG_7433_jpg.rf.0e9e819f84cc8d865644495f78fea535.jpg,66288d789bd4b0ea87fef1cfb6c02b22
Data/emerg_dataset7/emerg_dataset7_87/emerg_dataset7_87.jpg,emerg_dataset7_87.jpg,emerg_dataset7,IMG_7433_jpg.rf.135110312a1bf1f2721dd0e01b5d4245.jpg,97326b3b561dba5a9e9bd3f9bb25bed6
Data/emerg_dataset7/emerg_dataset7_88/emerg_dataset7_88.jpg,emerg_dataset7_88.jpg,emerg_dataset7,IMG_7433_jpg.rf.ba5525290bcaed61c2c9482ef005c134.jpg,7bc71240d674904137cc07b2b998e834
Data/emerg_dataset7/emerg_dataset7_89/emerg_dataset7_89.jpg,emerg_dataset7_89.jpg,emerg_dataset7,IMG_7435_jpg.rf.a4f53fea5f95d3c97d5edec1784468c8.jpg,6025e8468ad1427ed9f5cba529ff8fca
Data/emerg_dataset7/emerg_dataset7_90/emerg_dataset7_90.jpg,emerg_dataset7_90.jpg,emerg_dataset7,IMG_7435_jpg.rf.dd93b466b3742dd1988bd9bda5d3eb1b.jpg,0752d6cffa1bef6c559ed475330fd7f6
Data/emerg_dataset7/emerg_dataset7_91/emerg_dataset7_91.jpg,emerg_dataset7_91.jpg,emerg_dataset7,IMG_7435_jpg.rf.ddb74e668af57cdd753b7819221fd051.jpg,594e16d9a937844c2652e3a92311a70b
Data/emerg_dataset7/emerg_dataset7_92/emerg_dataset7_92.jpg,emerg_dataset7_92.jpg,emerg_dataset7,IMG_7436_jpg.rf.0d0d91b37e5aa20a7a9783cbc43dc441.jpg,63d40594991a519db25aabf1c2ffee3a
Data/emerg_dataset7/emerg_dataset7_93/emerg_dataset7_93.jpg,emerg_dataset7_93.jpg,emerg_dataset7,IMG_7436_jpg.rf.b7393dd1ec0952edba9782b437cffbba.jpg,9eaabf0809dac9b910ab2849f017ebcd
Data/emerg_dataset7/emerg_dataset7_94/emerg_dataset7_94.jpg,emerg_dataset7_94.jpg,emerg_dataset7,IMG_7436_jpg.rf.fd75bad4274a894849d1546097e1c576.jpg,6bef0a1f94830c5df5a9e788b8d3aa14
Data/emerg_dataset7/emerg_dataset7_95/emerg_dataset7_95.jpg,emerg_dataset7_95.jpg,emerg_dataset7,IMG_7437_jpg.rf.7aac07293caa796ac8c289e10e51a18a.jpg,9acd9f45fa9ccf13c1b8928c18cb9378
Data/emerg_dataset7/emerg_dataset7_97/emerg_dataset7_97.jpg,emerg_dataset7_97.jpg,emerg_dataset7,IMG_7437_jpg.rf.d66f29a83efbae6744d7b50d1eb175cf.jpg,47f431911ce787855bb08cec8000b268
Data/emerg_dataset7/emerg_dataset7_99/emerg_dataset7_99.jpg,emerg_dataset7_99.jpg,emerg_dataset7,IMG_7438_jpg.rf.d4996c3e5a4c4dc63624ca9fd469e93c.jpg,7ca19fcb4522becc7c95c29a68b4cc11
Data/emerg_dataset8/emerg_dataset8_1/emerg_dataset8_1.jpg,emerg_dataset8_1.jpg,emerg_dataset8,ambulance31_jpg.rf.67f24d71c3a966224c94d7645e6b5392.jpg,d7745511fcbd4668e61fc2d715d5d1d8
Data/emerg_dataset8/emerg_dataset8_102/emerg_dataset8_102.jpg,emerg_dataset8_102.jpg,emerg_dataset8,ambulance49_jpeg.rf.d731db06ddac43c77b08f53a767312ce.jpg,0479cdd46bf3ab9e053b0e7eff5cff57
Data/emerg_dataset8/emerg_dataset8_103/emerg_dataset8_103.jpg,emerg_dataset8_103.jpg,emerg_dataset8,ambulance4_jpg.rf.34539bc71efbf233e740af78463da1a9.jpg,3f14d587d35c1abd0b093d6022f8a90f
Data/emerg_dataset8/emerg_dataset8_108/emerg_dataset8_108.jpg,emerg_dataset8_108.jpg,emerg_dataset8,ambulance51_jpeg.rf.6f10312065acefd3450a825a3b783118.jpg,dc672abbce1e0aac328adacdc92cfb01
Data/emerg_dataset8/emerg_dataset8_110/emerg_dataset8_110.jpg,emerg_dataset8_110.jpg,emerg_dataset8,ambulance53_jpeg.rf.4a84b577b37d2cd04f1aa71137dcc323.jpg,b724894e4dc87981ff4dbb2caa86461c
Data/emerg_dataset8/emerg_dataset8_113/emerg_dataset8_113.jpg,emerg_dataset8_113.jpg,emerg_dataset8,ambulance54_jpeg.rf.77f679e8eaf0de1a88710923b535631a.jpg,14fb6e14cdbfaeb7e3f20538bfb710ce
Data/emerg_dataset8/emerg_dataset8_116/emerg_dataset8_116.jpg,emerg_dataset8_116.jpg,emerg_dataset8,ambulance55_jpeg.rf.c2e93b6a3fe403072b457483f5a27c6c.jpg,a3b5a961b65dad16f68b07d4377429db
Data/emerg_dataset8/emerg_dataset8_118/emerg_dataset8_118.jpg,emerg_dataset8_118.jpg,emerg_dataset8,ambulance56_jpeg.rf.0831cb63e7fc6c83ba4c0a6a07725a34.jpg,9ebce5e5edd536e52abee7db5f3c17a1
Data/emerg_dataset8/emerg_dataset8_12/emerg_dataset8_12.jpg,emerg_dataset8_12.jpg,emerg_dataset8,ambulance10_jpg.rf.a91127fd7d133900b3b2d39028045b30.jpg,59b6633a6aaab4d462a1f7c17c6de211
Data/emerg_dataset8/emerg_dataset8_122/emerg_dataset8_122.jpg,emerg_dataset8_122.jpg,emerg_dataset8,ambulance57_jpeg.rf.6f40a80207e2bbd9c2d6a4273291b04e.jpg,b36d7918bb6aafa296bc465c65bfe125
Data/emerg_dataset8/emerg_dataset8_125/emerg_dataset8_125.jpg,emerg_dataset8_125.jpg,emerg_dataset8,ambulance58_jpeg.rf.969b0c37fb53f17bbce9eeaeda1e0fd5.jpg,34a164fe14019045b67e3fd3469d92f4
Data/emerg_dataset8/emerg_dataset8_127/emerg_dataset8_127.jpg,emerg_dataset8_127.jpg,emerg_dataset8,ambulance59_jpeg.rf.18bf6c457e9840673ad845fa1c0983e2.jpg,27bcd38696a019ffc6cfedfdf9e371e2
Data/emerg_dataset8/emerg_dataset8_13/emerg_dataset8_13.jpg,emerg_dataset8_13.jpg,emerg_dataset8,ambulance11_jpeg.rf.60dfe93ea1e88c38a8f292e975c01716.jpg,c2ad5baa498461647ae7e3b88cc77d2f
Data/emerg_dataset8/emerg_dataset8_131/emerg_dataset8_131.jpg,emerg_dataset8_131.jpg,emerg_dataset8,ambulance61_jpg.rf.ba076c689549c0865758686bc7c703bf.jpg,6c3733fbf8f192f4fde4ddbd1cc99ebf
Data/emerg_dataset8/emerg_dataset8_135/emerg_dataset8_135.jpg,emerg_dataset8_135.jpg,emerg_dataset8,ambulance62_jpeg.rf.f5e7bce801ce354145c58d24afe07d69.jpg,ac020a573da9515915e4c7db862b887b
Data/emerg_dataset8/emerg_dataset8_137/emerg_dataset8_137.jpg,emerg_dataset8_137.jpg,emerg_dataset8,ambulance63_jpeg.rf.cd5d82b08271757ebdb800c981409b32.jpg,c1c702220ea77d98cc41add81a716de9
Data/emerg_dataset8/emerg_dataset8_139/emerg_dataset8_139.jpg,emerg_dataset8_139.jpg,emerg_dataset8,ambulance64_jpeg.rf.51b26c7982be0d6e71eb0a7a722c7420.jpg,8f23f75c829e88937654c9aeba94ab21
Data/emerg_dataset8/emerg_dataset8_143/emerg_dataset8_143.jpg,emerg_dataset8_143.jpg,emerg_dataset8,ambulance65_jpeg.rf.ae55cf439776c5ec4dc09d714ea27e95.jpg,664ba3e2cb183af669e3d0d4dd628eb2
Data/emerg_dataset8/emerg_dataset8_146/emerg_dataset8_146.jpg,emerg_dataset8_146.jpg,emerg_dataset8,ambulance66_jpg.rf.5e7154bb308df4d5d2b3be32760e9cfb.jpg,deb298284bfdab51ffe24b422d827280
Data/emerg_dataset8/emerg_dataset8_148/emerg_dataset8_148.jpg,emerg_dataset8_148.jpg,emerg_dataset8,ambulance69_jpeg.rf.455badfa6e572b6c85faee1c02b4c0d1.jpg,f62ccb5fe56d429223cb13d9f2ec5bd3
Data/emerg_dataset8/emerg_dataset8_151/emerg_dataset8_151.jpg,emerg_dataset8_151.jpg,emerg_dataset8,ambulance6_jpg.rf.47058b6c3b1219d8868a9f5a24a9d43e.jpg,ae12b7e6b84cf09c1b2c70b5268731ed
Data/emerg_dataset8/emerg_dataset8_156/emerg_dataset8_156.jpg,emerg_dataset8_156.jpg,emerg_dataset8,ambulance70_jpeg.rf.d4334fc72bf0748bed14a45885dc58f5.jpg,c77761216db49c5aab7cdaf762a3f7b4
Data/emerg_dataset8/emerg_dataset8_159/emerg_dataset8_159.jpg,emerg_dataset8_159.jpg,emerg_dataset8,ambulance71_jpeg.rf.b5681ae78a5a6e05801c7f68217901e9.jpg,915f80109172d3d981914e4adb9232af
Data/emerg_dataset8/emerg_dataset8_160/emerg_dataset8_160.jpg,emerg_dataset8_160.jpg,emerg_dataset8,ambulance72_jpeg.rf.185231848efda5bdf25f7ce70977febb.jpg,cd74551a5adbace394fff8001eb35c6e
Data/emerg_dataset8/emerg_dataset8_163/emerg_dataset8_163.jpg,emerg_dataset8_163.jpg,emerg_dataset8,ambulance73_jpeg.rf.2baaa64792b00a8e9eb4c1d758e04a78.jpg,dcc24afed0f2a00df3da73bf77d13445
Data/emerg_dataset8/emerg_dataset8_166/emerg_dataset8_166.jpg,emerg_dataset8_166.jpg,emerg_dataset8,ambulance74_jpeg.rf.769d95928a7756182e4fb99117f987a5.jpg,e10c4fde583868ee25492bd8f6f0fdac
Data/emerg_dataset8/emerg_dataset8_169/emerg_dataset8_169.jpg,emerg_dataset8_169.jpg,emerg_dataset8,ambulance75_jpg.rf.a8a1144cc91012a165c24f84e6226c1e.jpg,5028fea635bd91875dce7987e38ea874
Data/emerg_dataset8/emerg_dataset8_17/emerg_dataset8_17.jpg,emerg_dataset8_17.jpg,emerg_dataset8,ambulance13_jpg.rf.fb19766e9107362278625d1e71f99b52.jpg,78659985864d71e2dbda6410a1f30a27
Data/emerg_dataset8/emerg_dataset8_174/emerg_dataset8_174.jpg,emerg_dataset8_174.jpg,emerg_dataset8,ambulance76_jpg.rf.80eba7a630f1698aa31549b18b41d506.jpg,1cede2cfa2f14452bd97e85d606b0e22
Data/emerg_dataset8/emerg_dataset8_175/emerg_dataset8_175.jpg,emerg_dataset8_175.jpg,emerg_dataset8,ambulance78_png.rf.582e134260cc43c20836e42f10a9c9e8.jpg,524269a2bd54a54c0116915351d5e5a8
Data/emerg_dataset8/emerg_dataset8_177/emerg_dataset8_177.jpg,emerg_dataset8_177.jpg,emerg_dataset8,ambulance79_jpeg.rf.4f465a29dd1b8b1d556b3a0a9d4ab13b.jpg,fe940dc9ed5477c0ed67f91acce427f7
Data/emerg_dataset8/emerg_dataset8_182/emerg_dataset8_182.jpg,emerg_dataset8_182.jpg,emerg_dataset8,ambulance80_jpg.rf.fe5a9e66a3da72b0624f13cc233dfa9e.jpg,ab75fc863eb93ffac65ce5040fa64d5c
Data/emerg_dataset8/emerg_dataset8_184/emerg_dataset8_184.jpg,emerg_dataset8_184.jpg,emerg_dataset8,ambulance82_jpg.rf.4b74f963eab39b273b081eef846f691a.jpg,b9e002d6357e78c32e46a6cebbf43c3b
Data/emerg_dataset8/emerg_dataset8_186/emerg_dataset8_186.jpg,emerg_dataset8_186.jpg,emerg_dataset8,ambulance83_jpg.rf.095aab614e1c21dd62b22542cc80da94.jpg,04acd4de8fc67c0d62f97513eac04351
Data/emerg_dataset8/emerg_dataset8_191/emerg_dataset8_191.jpg,emerg_dataset8_191.jpg,emerg_dataset8,ambulance84_jpg.rf.51ed9fd1466bb98350ba5b2d5a505b9f.jpg,54d6b75d3f2d725e2aaa2cc5e03e184a
Data/emerg_dataset8/emerg_dataset8_193/emerg_dataset8_193.jpg,emerg_dataset8_193.jpg,emerg_dataset8,carabinieri101_jpg.rf.10f345837690098703b0ffe626a63229.jpg,c8acdad9a896703ca01c2b18dc5060a7
Data/emerg_dataset8/emerg_dataset8_196/emerg_dataset8_196.jpg,emerg_dataset8_196.jpg,emerg_dataset8,carabinieri104_jpg.rf.98f7cdd5342223d16ec5f2c831c82f68.jpg,1f6d703b4cd84d69afa39ba0c980539b
Data/emerg_dataset8/emerg_dataset8_199/emerg_dataset8_199.jpg,emerg_dataset8_199.jpg,emerg_dataset8,carabinieri105_png.rf.25489c261cec8fe36308e0de93d4263c.jpg,6105d415be9fa4a2db33e8001413326a
Data/emerg_dataset8/emerg_dataset8_20/emerg_dataset8_20.jpg,emerg_dataset8_20.jpg,emerg_dataset8,ambulance15_jpeg.rf.aa91815d006812f87269bb1de576a8f3.jpg,567880d62098b4522c925b324872c5f6
Data/emerg_dataset8/emerg_dataset8_201/emerg_dataset8_201.jpg,emerg_dataset8_201.jpg,emerg_dataset8,carabinieri12_jpg.rf.5eb1a9f2a13aa19b90e6260e85f00098.jpg,f6f8af7e5204efe449ae3b4917451504
Data/emerg_dataset8/emerg_dataset8_208/emerg_dataset8_208.jpg,emerg_dataset8_208.jpg,emerg_dataset8,carabinieri14_jpg.rf.23e9588c0ab8e87f6a178c0a1f13f4d4.jpg,d326349808f98adac796905814bfccd2
Data/emerg_dataset8/emerg_dataset8_215/emerg_dataset8_215.jpg,emerg_dataset8_215.jpg,emerg_dataset8,carabinieri16_jpg.rf.e01e1188e1891693583601f2596c1fd6.jpg,45410f8669415a9326f46d530fe8a281
Data/emerg_dataset8/emerg_dataset8_217/emerg_dataset8_217.jpg,emerg_dataset8_217.jpg,emerg_dataset8,carabinieri17_jpg.rf.906639324ee93a304957e4fe98b4bd0f.jpg,236657948f72c5813765500e6194d2b5
Data/emerg_dataset8/emerg_dataset8_219/emerg_dataset8_219.jpg,emerg_dataset8_219.jpg,emerg_dataset8,carabinieri18_jpg.rf.0bd45ff6058a924c5a117e7aed5985f1.jpg,22e2755476bb686ed9ac6c75c52606f8
Data/emerg_dataset8/emerg_dataset8_223/emerg_dataset8_223.jpg,emerg_dataset8_223.jpg,emerg_dataset8,carabinieri19_jpeg.rf.7e29dcedbd84cf8e9907ab7bd38fd5a0.jpg,4c8edddb9e2d9e3488cfefc268b9091a
Data/emerg_dataset8/emerg_dataset8_227/emerg_dataset8_227.jpg,emerg_dataset8_227.jpg,emerg_dataset8,carabinieri20_jpg.rf.bfa5a9474d20d0558dd1ef2aae40d63f.jpg,d85140d691694b82d690805f8b84baca
Data/emerg_dataset8/emerg_dataset8_23/emerg_dataset8_23.jpg,emerg_dataset8_23.jpg,emerg_dataset8,ambulance16_jpg.rf.5fdd2bae0bc90f70e5c6afc0cdd9ccce.jpg,2c5cfc75cf67fb3b1a274bb127345472
Data/emerg_dataset8/emerg_dataset8_234/emerg_dataset8_234.jpg,emerg_dataset8_234.jpg,emerg_dataset8,carabinieri24_jpeg.rf.22b15b92221b623881d5202d27ac9591.jpg,b8410d83a3e3b4daa00512ef3517396c
Data/emerg_dataset8/emerg_dataset8_239/emerg_dataset8_239.jpg,emerg_dataset8_239.jpg,emerg_dataset8,carabinieri25_jpg.rf.f0cea4dce5e9c3cda0fee7e8443878d3.jpg,b0429300d3a7b60c22f423792889132a
Data/emerg_dataset8/emerg_dataset8_243/emerg_dataset8_243.jpg,emerg_dataset8_243.jpg,emerg_dataset8,carabinieri2_jpg.rf.641216667b9ce718b3162d119a043dcc.jpg,fbfb00b9b8aaf1b741f933f7dd2d4464
Data/emerg_dataset8/emerg_dataset8_246/emerg_dataset8_246.jpg,emerg_dataset8_246.jpg,emerg_dataset8,carabinieri30_jpg.rf.583b9ba7e4be51e8f6391e5f415f91d3.jpg,a163440e1dc01b1621b150ca8513ab37
Data/emerg_dataset8/emerg_dataset8_251/emerg_dataset8_251.jpg,emerg_dataset8_251.jpg,emerg_dataset8,carabinieri33_jpg.rf.f2cd367e109f87d6ef62f3719d34df76.jpg,b15dbcc4683c250f14b252d7cf97d05b
Data/emerg_dataset8/emerg_dataset8_252/emerg_dataset8_252.jpg,emerg_dataset8_252.jpg,emerg_dataset8,carabinieri35_jpg.rf.58b3621b05873692bcfa8f37c91d1d89.jpg,aefe17f9e7071aa25b87e3981109282f
Data/emerg_dataset8/emerg_dataset8_257/emerg_dataset8_257.jpg,emerg_dataset8_257.jpg,emerg_dataset8,carabinieri37_jpg.rf.be9ce09d2d26f7cc178c822baad5239c.jpg,0b9250cdad9f5aed1020dc8a6b41774b
Data/emerg_dataset8/emerg_dataset8_258/emerg_dataset8_258.jpg,emerg_dataset8_258.jpg,emerg_dataset8,carabinieri38_jpg.rf.4767257441289bc4797c419b4ed0c57b.jpg,8ea936efd0c5ce67c4da66a749f76c3f
Data/emerg_dataset8/emerg_dataset8_26/emerg_dataset8_26.jpg,emerg_dataset8_26.jpg,emerg_dataset8,ambulance17_jpeg.rf.7d379294024fa696a0ec908d194842af.jpg,98d7cac94310eff843dc35f0549d49ad
Data/emerg_dataset8/emerg_dataset8_267/emerg_dataset8_267.jpg,emerg_dataset8_267.jpg,emerg_dataset8,carabinieri43_jpeg.rf.1ec892d42e02cbbec8e988fafe5ca425.jpg,00918226033349d91ce0dd3b1ff7afa0
Data/emerg_dataset8/emerg_dataset8_272/emerg_dataset8_272.jpg,emerg_dataset8_272.jpg,emerg_dataset8,carabinieri44_jpg.rf.f836516803e56dce920ce2ea3904611c.jpg,da4a2f257d150c9e08aff514a4606fd3
Data/emerg_dataset8/emerg_dataset8_279/emerg_dataset8_279.jpg,emerg_dataset8_279.jpg,emerg_dataset8,carabinieri48_jpg.rf.5826927ca1899f3051a675950be9a500.jpg,3d8e47b21299f50142c05cc7c20f5932
Data/emerg_dataset8/emerg_dataset8_282/emerg_dataset8_282.jpg,emerg_dataset8_282.jpg,emerg_dataset8,carabinieri49_jpg.rf.3e2188fb8a048eb11af1601e607b5723.jpg,2cb9119b303d0c3367ff7359bc720271
Data/emerg_dataset8/emerg_dataset8_286/emerg_dataset8_286.jpg,emerg_dataset8_286.jpg,emerg_dataset8,carabinieri50_jpg.rf.afbb0e439c33555e0d489758e387e4bb.jpg,bd602ce21e1009369bfec2eb59cdab2f
Data/emerg_dataset8/emerg_dataset8_288/emerg_dataset8_288.jpg,emerg_dataset8_288.jpg,emerg_dataset8,carabinieri52_jpeg.rf.51b0020caf9c4bdb04616fd9e0c56eb1.jpg,37087db13a95eb3d767f31cba354755b
Data/emerg_dataset8/emerg_dataset8_296/emerg_dataset8_296.jpg,emerg_dataset8_296.jpg,emerg_dataset8,carabinieri55_jpg.rf.6a71e1a6a98bf70846cbb42215ff2bc3.jpg,b92d2855c1cf2ece0fbdf10940b7699c
Data/emerg_dataset8/emerg_dataset8_3/emerg_dataset8_3.jpg,emerg_dataset8_3.jpg,emerg_dataset8,carabinieri29_jpg.rf.48f0cb171ecdfa78675efdc1f7c2120f.jpg,d1e3b2e86c871320a226e5dd20bd7a81
Data/emerg_dataset8/emerg_dataset8_30/emerg_dataset8_30.jpg,emerg_dataset8_30.jpg,emerg_dataset8,ambulance18_jpg.rf.43062c1ad59c7506c69d61a7c1a84929.jpg,4fbead0eb56e98e3fa59c25deb3531ad
Data/emerg_dataset8/emerg_dataset8_304/emerg_dataset8_304.jpg,emerg_dataset8_304.jpg,emerg_dataset8,carabinieri60_jpg.rf.2cbcb68ba52cfea9d6a0a70b0d14f956.jpg,0a47622180442b7924959b43fa8a3b44
Data/emerg_dataset8/emerg_dataset8_306/emerg_dataset8_306.jpg,emerg_dataset8_306.jpg,emerg_dataset8,carabinieri61_jpg.rf.01c8408697107b0c1c65f406cf931adc.jpg,8717e408371510572aa532a2fe215fbd
Data/emerg_dataset8/emerg_dataset8_309/emerg_dataset8_309.jpg,emerg_dataset8_309.jpg,emerg_dataset8,carabinieri62_jpg.rf.5a551d326b41e4a2de005714f5a0dbe2.jpg,dda305e7789c6a056aadb0395db02be6
Data/emerg_dataset8/emerg_dataset8_314/emerg_dataset8_314.jpg,emerg_dataset8_314.jpg,emerg_dataset8,carabinieri64_jpg.rf.7e7a5cbc0b001368786125f3515e4fd0.jpg,d50984e5d36d8fa41e95f2361e61249d
Data/emerg_dataset8/emerg_dataset8_315/emerg_dataset8_315.jpg,emerg_dataset8_315.jpg,emerg_dataset8,carabinieri68_webp.rf.41cdc6730585459f37db93095dbbdb6c.jpg,a47a8fbf307b037720edf0388ebb6931
Data/emerg_dataset8/emerg_dataset8_32/emerg_dataset8_32.jpg,emerg_dataset8_32.jpg,emerg_dataset8,ambulance19_jpeg.rf.3f09b01c0e0ae5fa3ab1548a4bc7c94e.jpg,df90a2c7b81222fe9137c01ec3ea9b37
Data/emerg_dataset8/emerg_dataset8_320/emerg_dataset8_320.jpg,emerg_dataset8_320.jpg,emerg_dataset8,carabinieri69_jpg.rf.e2857c2cff70bf3d4a6c959345bf16e4.jpg,79ce6163523ba570475f9df28d3c6c28
Data/emerg_dataset8/emerg_dataset8_323/emerg_dataset8_323.jpg,emerg_dataset8_323.jpg,emerg_dataset8,carabinieri72_jpg.rf.ddc71bafe90d6650d2c6ecf24e1b4b28.jpg,e8a0c45f25d9827e99eb351bd1c6a941
Data/emerg_dataset8/emerg_dataset8_324/emerg_dataset8_324.jpg,emerg_dataset8_324.jpg,emerg_dataset8,carabinieri73_jpeg.rf.1df3d6c795d23238e82d67ebb2aac1b9.jpg,e240cd82f8a3be478f64fdefe5702239
Data/emerg_dataset8/emerg_dataset8_328/emerg_dataset8_328.jpg,emerg_dataset8_328.jpg,emerg_dataset8,carabinieri74_jpg.rf.19830f556e9fa9ed49a6afedbf02530e.jpg,fa7c9f2310747516c2e8118077ea8172
Data/emerg_dataset8/emerg_dataset8_331/emerg_dataset8_331.jpg,emerg_dataset8_331.jpg,emerg_dataset8,carabinieri77_jpg.rf.445ae81df2904ae007fcbb8053b342aa.jpg,e21f31a52299a0b4cc5039d771e884f7
Data/emerg_dataset8/emerg_dataset8_333/emerg_dataset8_333.jpg,emerg_dataset8_333.jpg,emerg_dataset8,carabinieri78_jpg.rf.133d5886c618f7f9395e62325358da09.jpg,5267230de119eab1b275e82f874bf399
Data/emerg_dataset8/emerg_dataset8_336/emerg_dataset8_336.jpg,emerg_dataset8_336.jpg,emerg_dataset8,carabinieri79_jpg.rf.19eb5ed6c5ffd7bad904532319f8c7fa.jpg,bcb6188c0c00570bf17ebf39902e25b3
Data/emerg_dataset8/emerg_dataset8_341/emerg_dataset8_341.jpg,emerg_dataset8_341.jpg,emerg_dataset8,carabinieri80_jpg.rf.cf6f3dbe9a185d19208059a634d114b2.jpg,3176174029d3b0ae6b8676ebb72b9a5e
Data/emerg_dataset8/emerg_dataset8_343/emerg_dataset8_343.jpg,emerg_dataset8_343.jpg,emerg_dataset8,carabinieri81_jpg.rf.ce45c4ee8119d1934d0ebca288b9484e.jpg,e3fa752560f4ee03f2220897be21cc97
Data/emerg_dataset8/emerg_dataset8_344/emerg_dataset8_344.jpg,emerg_dataset8_344.jpg,emerg_dataset8,carabinieri82_jpg.rf.7e088fc4d9aaaab022b7b7b2d4c67647.jpg,60b591d9fba56178c121de4c1e454a7a
Data/emerg_dataset8/emerg_dataset8_35/emerg_dataset8_35.jpg,emerg_dataset8_35.jpg,emerg_dataset8,ambulance20_jpg.rf.738f9b1bd650760c2c592c0907ec9574.jpg,bea7e56cbf0d674e45d75aa63c4f5908
Data/emerg_dataset8/emerg_dataset8_351/emerg_dataset8_351.jpg,emerg_dataset8_351.jpg,emerg_dataset8,carabinieri85_jpg.rf.53b0fe4a891dbbe7eb8d2b78563d2d77.jpg,f2881092c9ce363ed939e9498cdf3427
Data/emerg_dataset8/emerg_dataset8_353/emerg_dataset8_353.jpg,emerg_dataset8_353.jpg,emerg_dataset8,carabinieri88_jpg.rf.337f8bad7ff8b14ad0b5f82fcb300730.jpg,61c1eaa223503c6a39591c5b7d81f54a
Data/emerg_dataset8/emerg_dataset8_356/emerg_dataset8_356.jpg,emerg_dataset8_356.jpg,emerg_dataset8,carabinieri90_jpg.rf.9364b33d3521e84232659cfe6544bdcb.jpg,53a780567d605b956bb3a696826dfc4e
Data/emerg_dataset8/emerg_dataset8_362/emerg_dataset8_362.jpg,emerg_dataset8_362.jpg,emerg_dataset8,carabinieri95_jpg.rf.3c858aa627dce1f20d4abfd143419281.jpg,525bf777766b1cc6dc9896722417368e
Data/emerg_dataset8/emerg_dataset8_366/emerg_dataset8_366.jpg,emerg_dataset8_366.jpg,emerg_dataset8,carabinieri99_jpg.rf.8cd737ce2b6f43b3fa8aa4d740803a24.jpg,740a3cdc2b4dac8773f2c08a45eb5dd1
Data/emerg_dataset8/emerg_dataset8_37/emerg_dataset8_37.jpg,emerg_dataset8_37.jpg,emerg_dataset8,ambulance21_jpg.rf.25429a7e43c6535c53f6bb2289219070.jpg,4d0ccc2a1379a8a0136e4cb700130dbd
Data/emerg_dataset8/emerg_dataset8_370/emerg_dataset8_370.jpg,emerg_dataset8_370.jpg,emerg_dataset8,carabinieri9_jpg.rf.cb1c5b3ad48758a7af82f8021d1febe8.jpg,0718f29b4a6547888f2bb1e74b5df323
Data/emerg_dataset8/emerg_dataset8_372/emerg_dataset8_372.jpg,emerg_dataset8_372.jpg,emerg_dataset8,V100igiliDelFuoco_jpeg.rf.b225299277e54e5e3a9c06c6bcdc3b80.jpg,ed6a201fa7e68638b26003581d329a1c
Data/emerg_dataset8/emerg_dataset8_376/emerg_dataset8_376.jpg,emerg_dataset8_376.jpg,emerg_dataset8,V102igiliDelFuoco_jpg.rf.f672312b497cfc5345b201ad798b3b2b.jpg,70a1d5ce7a3b63724b8bf3d3015f694f
Data/emerg_dataset8/emerg_dataset8_379/emerg_dataset8_379.jpg,emerg_dataset8_379.jpg,emerg_dataset8,V103igiliDelFuoco_jpg.rf.cd5c43d0ee22e882e742a85acbcddf81.jpg,cbba870159c180284f99eda8dcd8f837
Data/emerg_dataset8/emerg_dataset8_381/emerg_dataset8_381.jpg,emerg_dataset8_381.jpg,emerg_dataset8,V104igiliDelFuoco_jpg.rf.af370ded397cc03c834380a0fc9c823a.jpg,bb89cbc2dfe812a92e01f1356bda5920
Data/emerg_dataset8/emerg_dataset8_382/emerg_dataset8_382.jpg,emerg_dataset8_382.jpg,emerg_dataset8,V104igiliDelFuoco_jpg.rf.fd1f65ff7c33928d8dc45543e410fc12.jpg,b666b8325842fd3a8df5c431f4c85895
Data/emerg_dataset8/emerg_dataset8_385/emerg_dataset8_385.jpg,emerg_dataset8_385.jpg,emerg_dataset8,V105igiliDelFuoco_png.rf.bc97f345c1ef54853dd1bd8eb12d81e7.jpg,781241cd81c333b8dfca6a951ea9753c
Data/emerg_dataset8/emerg_dataset8_389/emerg_dataset8_389.jpg,emerg_dataset8_389.jpg,emerg_dataset8,V110igiliDelFuoco_jpg.rf.0a21a0947837a32914693629547507eb.jpg,39013ecb1664653275bfa5a1c20cd2c2
Data/emerg_dataset8/emerg_dataset8_392/emerg_dataset8_392.jpg,emerg_dataset8_392.jpg,emerg_dataset8,V112igiliDelFuoco_jpeg.rf.0a59d04853d4927a5ed16ed846699b4c.jpg,8866c178049e9e46eeada25678176a25
Data/emerg_dataset8/emerg_dataset8_396/emerg_dataset8_396.jpg,emerg_dataset8_396.jpg,emerg_dataset8,V12igiliDelFuoco_jpg.rf.cbd16e09b0b6d8a06bd4327a14c2335d.jpg,d8984ce435dff7c81d1a9771f5721b11
Data/emerg_dataset8/emerg_dataset8_398/emerg_dataset8_398.jpg,emerg_dataset8_398.jpg,emerg_dataset8,V13igiliDelFuoco_jpg.rf.0c723d3bb30e3a4cab74cd8bef9a1aed.jpg,9df894d33c8de75f6e67a39dff8fba5d
Data/emerg_dataset8/emerg_dataset8_4/emerg_dataset8_4.jpg,emerg_dataset8_4.jpg,emerg_dataset8,carabinieri40_jpg.rf.5e2cf803b499ebc172852cf440c992bf.jpg,bd48b02702689217d2da03bc182cfa43
Data/emerg_dataset8/emerg_dataset8_40/emerg_dataset8_40.jpg,emerg_dataset8_40.jpg,emerg_dataset8,ambulance22_jpg.rf.5a09a64561e98834852c1bdcae6dc3af.jpg,f5846260bf94ff07815faa7e92e8edf7
Data/emerg_dataset8/emerg_dataset8_403/emerg_dataset8_403.jpg,emerg_dataset8_403.jpg,emerg_dataset8,V14igiliDelFuoco_jpg.rf.b1482b8a247d4f57ee55185093f5f47e.jpg,646fdecac4c3007ac91d58646cc0d1d1
Data/emerg_dataset8/emerg_dataset8_406/emerg_dataset8_406.jpg,emerg_dataset8_406.jpg,emerg_dataset8,V15igiliDelFuoco_jpg.rf.d7f0cd3b15ea978f7fdae6321390d3c1.jpg,5519b4c5d813b7bd4120e8360e398bcb
Data/emerg_dataset8/emerg_dataset8_408/emerg_dataset8_408.jpg,emerg_dataset8_408.jpg,emerg_dataset8,V16igiliDelFuoco_jpg.rf.fdde8a0f21e0881125b1e4bf8fc5f560.jpg,be611399be33189719356f37fdf41f1e
Data/emerg_dataset8/emerg_dataset8_411/emerg_dataset8_411.jpg,emerg_dataset8_411.jpg,emerg_dataset8,V18igiliDelFuoco_jpg.rf.d9c2c7e86f91fa7798d2028274603d88.jpg,212967c6ea44ea2c64d0893e6e4f38b1
Data/emerg_dataset8/emerg_dataset8_414/emerg_dataset8_414.jpg,emerg_dataset8_414.jpg,emerg_dataset8,V19igiliDelFuoco_jpg.rf.93d6ebea70c80d41ed0bf66f834bb54f.jpg,4a2e661d51e747c306358d90e92f9b04
Data/emerg_dataset8/emerg_dataset8_416/emerg_dataset8_416.jpg,emerg_dataset8_416.jpg,emerg_dataset8,V1igiliDelFuoco_jpg.rf.9eca213dbc18d21e1f6acefba88403f0.jpg,94c2e02f6bb1b5cc0390c7cfd87f8f54
Data/emerg_dataset8/emerg_dataset8_420/emerg_dataset8_420.jpg,emerg_dataset8_420.jpg,emerg_dataset8,V20igiliDelFuoco_jpg.rf.8a3889ee353212a755c4bf5f3738db3a.jpg,f1c5e62b05ef33fd1b9e563b7c84a018
Data/emerg_dataset8/emerg_dataset8_423/emerg_dataset8_423.jpg,emerg_dataset8_423.jpg,emerg_dataset8,V21igiliDelFuoco_jpg.rf.cb222c21db9f98259ca7733bc369b390.jpg,05da48d7bce44b4885546b1c5e76a0eb
Data/emerg_dataset8/emerg_dataset8_426/emerg_dataset8_426.jpg,emerg_dataset8_426.jpg,emerg_dataset8,V22igiliDelFuoco_jpg.rf.75b0e0ab2ff118cc833568467f585c00.jpg,d42e19360bfede783442ab1973ded440
Data/emerg_dataset8/emerg_dataset8_428/emerg_dataset8_428.jpg,emerg_dataset8_428.jpg,emerg_dataset8,V23igiliDelFuoco_jpg.rf.a21a38fc4da2168b73a17276466f54f0.jpg,15a28b9c6d1cd85ffb4647b00d6a48df
Data/emerg_dataset8/emerg_dataset8_43/emerg_dataset8_43.jpg,emerg_dataset8_43.jpg,emerg_dataset8,ambulance23_jpg.rf.0e464d50441a70dea992b80c29763b30.jpg,613e1247883592f141818a5d6cf44fce
Data/emerg_dataset8/emerg_dataset8_432/emerg_dataset8_432.jpg,emerg_dataset8_432.jpg,emerg_dataset8,V24igiliDelFuoco_jpg.rf.bc84dc5ec5bd3bb0f93330534ef28f06.jpg,4dca0227874661df4a8ab00c9502cbe8
Data/emerg_dataset8/emerg_dataset8_435/emerg_dataset8_435.jpg,emerg_dataset8_435.jpg,emerg_dataset8,V25igiliDelFuoco_jpg.rf.84a5baf85f449997032b7e14cf5f23e0.jpg,84c8f182344b83d000e1dd329269b0c9
Data/emerg_dataset8/emerg_dataset8_437/emerg_dataset8_437.jpg,emerg_dataset8_437.jpg,emerg_dataset8,V29igiliDelFuoco_jpg.rf.2ba314a6704db13486f9c15f61aafcb8.jpg,fe98ad98dc5551f94891452acaa332fb
Data/emerg_dataset8/emerg_dataset8_439/emerg_dataset8_439.jpg,emerg_dataset8_439.jpg,emerg_dataset8,V2igiliDelFuoco_jpg.rf.3c77d0cf006096f3d9af02dcdab8e344.jpg,e1865cc19f826ff9a20d9f0f8f17b828
Data/emerg_dataset8/emerg_dataset8_442/emerg_dataset8_442.jpg,emerg_dataset8_442.jpg,emerg_dataset8,V30igiliDelFuoco_jpg.rf.0e37ca28e6452cde26c2be25e9d28347.jpg,2a6d8db70bea55d75dd5e5f02447f49d
Data/emerg_dataset8/emerg_dataset8_447/emerg_dataset8_447.jpg,emerg_dataset8_447.jpg,emerg_dataset8,V31igiliDelFuoco_jpg.rf.fff8914d63e7afa7f70fb76567661913.jpg,a9bee112b3b6cb92db911af975c920b3
Data/emerg_dataset8/emerg_dataset8_448/emerg_dataset8_448.jpg,emerg_dataset8_448.jpg,emerg_dataset8,V32igiliDelFuoco_jpg.rf.b914428d05380a6eee01f84dca82a246.jpg,fe938e20e9fec022c4f780dd64e2d749
Data/emerg_dataset8/emerg_dataset8_451/emerg_dataset8_451.jpg,emerg_dataset8_451.jpg,emerg_dataset8,V34igiliDelFuoco_jpg.rf.04bceb69a5ab260d56d3e0acebd5809b.jpg,fecbae8f4f90efa6253da28a6ded63b7
Data/emerg_dataset8/emerg_dataset8_456/emerg_dataset8_456.jpg,emerg_dataset8_456.jpg,emerg_dataset8,V35igiliDelFuoco_jpg.rf.9d95973d8171b2845a7fff22eb067a00.jpg,4bf1e4811d01b5a4c9f2e48042991839
Data/emerg_dataset8/emerg_dataset8_457/emerg_dataset8_457.jpg,emerg_dataset8_457.jpg,emerg_dataset8,V36igiliDelFuoco_jpg.rf.09248c2a641d24477210a09ea022b0be.jpg,31d652bbfbcb83e1f8bb92487724b5ec
Data/emerg_dataset8/emerg_dataset8_462/emerg_dataset8_462.jpg,emerg_dataset8_462.jpg,emerg_dataset8,V37igiliDelFuoco_jpg.rf.68baebb04fa751eae8dc7de62cbc09b4.jpg,61e8725c316ab96e7bf4a773865dca08
Data/emerg_dataset8/emerg_dataset8_465/emerg_dataset8_465.jpg,emerg_dataset8_465.jpg,emerg_dataset8,V38igiliDelFuoco_jpg.rf.b9b004cb9d5a327733e27f4162519634.jpg,605017dba6ec3d30888bcab31f148d4a
Data/emerg_dataset8/emerg_dataset8_466/emerg_dataset8_466.jpg,emerg_dataset8_466.jpg,emerg_dataset8,V39igiliDelFuoco_jpg.rf.2798a3a289a532fe877219b00800591a.jpg,6e1f2df077855c42f87a4958172c4e7a
Data/emerg_dataset8/emerg_dataset8_469/emerg_dataset8_469.jpg,emerg_dataset8_469.jpg,emerg_dataset8,V3igiliDelFuoco_jpeg.rf.7b3aef273b56c7936ebd3b0e663701e3.jpg,60d730b958b81419829cfef6a73c2b3c
Data/emerg_dataset8/emerg_dataset8_47/emerg_dataset8_47.jpg,emerg_dataset8_47.jpg,emerg_dataset8,ambulance24_jpg.rf.3fda72f89f7709e22c04d21dae02087f.jpg,cf3343d53bceeb19084e4e7876cf32f4
Data/emerg_dataset8/emerg_dataset8_474/emerg_dataset8_474.jpg,emerg_dataset8_474.jpg,emerg_dataset8,V40igiliDelFuoco_jpg.rf.e08d5938a3ea3619c2f056088f547a38.jpg,d2ecabeef8d1b9e811b19729d8817eb3
Data/emerg_dataset8/emerg_dataset8_476/emerg_dataset8_476.jpg,emerg_dataset8_476.jpg,emerg_dataset8,V41igiliDelFuoco_jpg.rf.dafd6bd482ee5feea5df0d512b920489.jpg,e7f4ec4ecceafc6d9ef8fc97be1b1175
Data/emerg_dataset8/emerg_dataset8_479/emerg_dataset8_479.jpg,emerg_dataset8_479.jpg,emerg_dataset8,V42igiliDelFuoco_jpg.rf.6c33b65fe4d46eb9368cadd90a0ba6d7.jpg,775ff9fd3cd59de040f37d1037956b4e
Data/emerg_dataset8/emerg_dataset8_484/emerg_dataset8_484.jpg,emerg_dataset8_484.jpg,emerg_dataset8,V44igiliDelFuoco_jpg.rf.3934250cfbcd9ed91da213fcd8d7114e.jpg,76997477ed9f31fe57c764bda572ba1f
Data/emerg_dataset8/emerg_dataset8_487/emerg_dataset8_487.jpg,emerg_dataset8_487.jpg,emerg_dataset8,V47igiliDelFuoco_jpg.rf.c71ffd08f16c9e0d24bc58f77ce786b3.jpg,49c743111d1c2e3aa85a9738d8c294a1
Data/emerg_dataset8/emerg_dataset8_492/emerg_dataset8_492.jpg,emerg_dataset8_492.jpg,emerg_dataset8,V49igiliDelFuoco_jpg.rf.0b9b70c7669ae209fc02b8214880620f.jpg,d8e10339f1e99396434313b0ae5f7b71
Data/emerg_dataset8/emerg_dataset8_497/emerg_dataset8_497.jpg,emerg_dataset8_497.jpg,emerg_dataset8,V50igiliDelFuoco_jpg.rf.8a6c7c1eca9385451c87790f86c01ffc.jpg,90c84df9df7efb7b788e89333e46add3
Data/emerg_dataset8/emerg_dataset8_5/emerg_dataset8_5.jpg,emerg_dataset8_5.jpg,emerg_dataset8,carabinieri41_jpeg.rf.1d8d717dab17eed78b2d6c3c00e885ce.jpg,5dc8fcff7f5b05364272853b73cdea55
Data/emerg_dataset8/emerg_dataset8_50/emerg_dataset8_50.jpg,emerg_dataset8_50.jpg,emerg_dataset8,ambulance25_jpg.rf.8fa683e1e38b3c50b9a2404ac4dd5310.jpg,1cf0e350b17998b8cb1855ebbd493cc8
Data/emerg_dataset8/emerg_dataset8_500/emerg_dataset8_500.jpg,emerg_dataset8_500.jpg,emerg_dataset8,V51igiliDelFuoco_jpg.rf.81041884553727a0ad1eedc22bc0b5b2.jpg,1c79e374f41fa63aca3296df4d1fc8b9
Data/emerg_dataset8/emerg_dataset8_502/emerg_dataset8_502.jpg,emerg_dataset8_502.jpg,emerg_dataset8,V52igiliDelFuoco_jpg.rf.ab831e309500fd9f907b9175093d2825.jpg,28e24a7fbd51e69bd1e2858dccf5bb65
Data/emerg_dataset8/emerg_dataset8_505/emerg_dataset8_505.jpg,emerg_dataset8_505.jpg,emerg_dataset8,V56igiliDelFuoco_jpg.rf.8f4b94db2024b9e64add7cc0d5492e35.jpg,9fa5359ccc70dadb10e3ea5644b45c4c
Data/emerg_dataset8/emerg_dataset8_509/emerg_dataset8_509.jpg,emerg_dataset8_509.jpg,emerg_dataset8,V57igiliDelFuoco_jpg.rf.c0d049b58746bc081a224f3782e0c57e.jpg,4de38a1f2bfb85db70a4c86e5897ca69
Data/emerg_dataset8/emerg_dataset8_512/emerg_dataset8_512.jpg,emerg_dataset8_512.jpg,emerg_dataset8,V5igiliDelFuoco_jpg.rf.75af4c7ddfdd1b42da4e1064931ffc2d.jpg,a10a6421c7ae9814d97ce3c424c1f21e
Data/emerg_dataset8/emerg_dataset8_515/emerg_dataset8_515.jpg,emerg_dataset8_515.jpg,emerg_dataset8,V60igiliDelFuoco_jpg.rf.de8482668e48c8e44e29ba8ca175ca6f.jpg,7d9d8c7cf71c6deecb60cd82e49be26b
Data/emerg_dataset8/emerg_dataset8_518/emerg_dataset8_518.jpg,emerg_dataset8_518.jpg,emerg_dataset8,V61igiliDelFuoco_jpg.rf.f23468729c93bdaaa35eead17f1b90d2.jpg,2f9f41570875621e7ee1ad223e287596
Data/emerg_dataset8/emerg_dataset8_520/emerg_dataset8_520.jpg,emerg_dataset8_520.jpg,emerg_dataset8,V62igiliDelFuoco_jpg.rf.eaf8d642828c535fa29baf96c63e7f32.jpg,00afdea038d953fe8134794be7712271
Data/emerg_dataset8/emerg_dataset8_524/emerg_dataset8_524.jpg,emerg_dataset8_524.jpg,emerg_dataset8,V63igiliDelFuoco_jpg.rf.9eab0dcca87009987bcc58291200a962.jpg,b76c34b04b50756cf461a22154ed00ae
Data/emerg_dataset8/emerg_dataset8_527/emerg_dataset8_527.jpg,emerg_dataset8_527.jpg,emerg_dataset8,V64igiliDelFuoco_jpg.rf.ea2efdccf1ef5804ef818ce40599ca21.jpg,8392f5e30cd050b5f66d50c82c94078c
Data/emerg_dataset8/emerg_dataset8_528/emerg_dataset8_528.jpg,emerg_dataset8_528.jpg,emerg_dataset8,V65igiliDelFuoco_jpg.rf.5a6518b1f1562b6b8266fe4498972588.jpg,40bcdaa8a4c0525bdf1968793905e290
Data/emerg_dataset8/emerg_dataset8_53/emerg_dataset8_53.jpg,emerg_dataset8_53.jpg,emerg_dataset8,ambulance26_jpg.rf.dabe71ca8ab11f0ba192225b185548e5.jpg,1eb59069c84cb02253f25818dfcac86a
Data/emerg_dataset8/emerg_dataset8_531/emerg_dataset8_531.jpg,emerg_dataset8_531.jpg,emerg_dataset8,V67igiliDelFuoco_jpg.rf.13296f145fa9b510624ae70d04f72ce2.jpg,f4a7795f9f968b422031df72eb5659c6
Data/emerg_dataset8/emerg_dataset8_536/emerg_dataset8_536.jpg,emerg_dataset8_536.jpg,emerg_dataset8,V69igiliDelFuoco_jpg.rf.aa852a890423cd471f0018bc0d62bf05.jpg,12db002bee86bc2f4b66d4ce94c6df12
Data/emerg_dataset8/emerg_dataset8_538/emerg_dataset8_538.jpg,emerg_dataset8_538.jpg,emerg_dataset8,V6igiliDelFuoco_jpg.rf.ccb1425088e8a339ed2b39d5df4551d6.jpg,aa415c95652f89945ce6f05d587f6d0b
Data/emerg_dataset8/emerg_dataset8_547/emerg_dataset8_547.jpg,emerg_dataset8_547.jpg,emerg_dataset8,V74igiliDelFuoco_jpg.rf.981b1607bb3082984ec014a2c20f25e6.jpg,283bbc80ea1ab44302f1f5d967e52b49
Data/emerg_dataset8/emerg_dataset8_553/emerg_dataset8_553.jpg,emerg_dataset8_553.jpg,emerg_dataset8,V76igiliDelFuoco_jpg.rf.2aae52f9ee70c269bd1d67b4b1ee2331.jpg,6ac3adc9707bb0bbc4a583771a9f2e16
Data/emerg_dataset8/emerg_dataset8_555/emerg_dataset8_555.jpg,emerg_dataset8_555.jpg,emerg_dataset8,V77igiliDelFuoco_jpg.rf.657c36b919867c726fa27e514349a9f4.jpg,9652ff0a77b679b492adc04221aff2f1
Data/emerg_dataset8/emerg_dataset8_558/emerg_dataset8_558.jpg,emerg_dataset8_558.jpg,emerg_dataset8,V79igiliDelFuoco_jpg.rf.4117ce19d1b4fe8e11247f7a894c7208.jpg,8e342a276487a751facf7072fa68975a
Data/emerg_dataset8/emerg_dataset8_56/emerg_dataset8_56.jpg,emerg_dataset8_56.jpg,emerg_dataset8,ambulance27_jpg.rf.5478d3ada3eb1471ddc4ecde558a7453.jpg,08d189985608d0b6148e8ceb201add42
Data/emerg_dataset8/emerg_dataset8_562/emerg_dataset8_562.jpg,emerg_dataset8_562.jpg,emerg_dataset8,V7igiliDelFuoco_jpg.rf.5289d935255bfc17e88cd5f807bcceec.jpg,01e9bc5e6cf69767a9f0eac491d3d401
Data/emerg_dataset8/emerg_dataset8_566/emerg_dataset8_566.jpg,emerg_dataset8_566.jpg,emerg_dataset8,V80igiliDelFuoco_jpg.rf.c0132a7cd754eca0c757d436935b00e9.jpg,f9feb70d751a9095e8ee744d2821c6bd
Data/emerg_dataset8/emerg_dataset8_567/emerg_dataset8_567.jpg,emerg_dataset8_567.jpg,emerg_dataset8,V81igiliDelFuoco_jpg.rf.25d3582d1ab8738f492a8f1abd54ff86.jpg,f2f27189e007b8cedeeced24d2ce6b06
Data/emerg_dataset8/emerg_dataset8_575/emerg_dataset8_575.jpg,emerg_dataset8_575.jpg,emerg_dataset8,V86igiliDelFuoco_jpg.rf.03943726fd932c05fcb8f69b01145583.jpg,03f5f9f4e4ce06c73bbb6fbd8d0282ab
Data/emerg_dataset8/emerg_dataset8_578/emerg_dataset8_578.jpg,emerg_dataset8_578.jpg,emerg_dataset8,V88igiliDelFuoco_jpg.rf.0018399ac48a69172bea7a24d6c0ae7b.jpg,979ed93f4d284d04d3640209b71fc306
Data/emerg_dataset8/emerg_dataset8_585/emerg_dataset8_585.jpg,emerg_dataset8_585.jpg,emerg_dataset8,V91igiliDelFuoco_jpeg.rf.c3486666fa58e9d8440c39c088b60ddd.jpg,d06e8ee41055f66fef687e223d1482c8
Data/emerg_dataset8/emerg_dataset8_588/emerg_dataset8_588.jpg,emerg_dataset8_588.jpg,emerg_dataset8,V94igiliDelFuoco_jpeg.rf.5805af2987ed512a0b6381f36daa281e.jpg,5531d7d6609ebf06f90c9d91e045302e
Data/emerg_dataset8/emerg_dataset8_59/emerg_dataset8_59.jpg,emerg_dataset8_59.jpg,emerg_dataset8,ambulance28_jpg.rf.b4384d94a482f24b37152be076392130.jpg,1fd4cfc86435c22312094ad8882bbabc
Data/emerg_dataset8/emerg_dataset8_591/emerg_dataset8_591.jpg,emerg_dataset8_591.jpg,emerg_dataset8,V95igiliDelFuoco_jpeg.rf.e07d01a52124451b2f5c96004d7b61ce.jpg,37c67d341b0311030f90d6020dfd6791
Data/emerg_dataset8/emerg_dataset8_595/emerg_dataset8_595.jpg,emerg_dataset8_595.jpg,emerg_dataset8,V97igiliDelFuoco_jpeg.rf.feadee6a499d0949857031be4b732cf4.jpg,60abef9154fc6b505ee4c8f0cf71d51c
Data/emerg_dataset8/emerg_dataset8_598/emerg_dataset8_598.jpg,emerg_dataset8_598.jpg,emerg_dataset8,V98igiliDelFuoco_jpeg.rf.a3de1390d8024bb6da1ee1815e73a2e1.jpg,4954ea67841b5c7c29de94f3821767d7
Data/emerg_dataset8/emerg_dataset8_6/emerg_dataset8_6.jpg,emerg_dataset8_6.jpg,emerg_dataset8,carabinieri59_jpg.rf.4ea7784a4ab7ea673c352ddf8d1b3fc4.jpg,c954aef97f63c78035dcba1e79d4b25e
Data/emerg_dataset8/emerg_dataset8_601/emerg_dataset8_601.jpg,emerg_dataset8_601.jpg,emerg_dataset8,V99igiliDelFuoco_jpeg.rf.da8bed6a927cd2f325268ccfe87866b6.jpg,6fb44f38160ec0a2b418a767bbceb900
Data/emerg_dataset8/emerg_dataset8_602/emerg_dataset8_602.jpg,emerg_dataset8_602.jpg,emerg_dataset8,ambulance12_jpg.rf.b860e2b38d1fea501ea8da3119158242.jpg,634c15db7ef4a881d814fba1c1aed95c
Data/emerg_dataset8/emerg_dataset8_603/emerg_dataset8_603.jpg,emerg_dataset8_603.jpg,emerg_dataset8,ambulance14_jpg.rf.e19262b68fbd5876c223b206d8bc39f6.jpg,db0bd47034236b9332bc19d597f8adc5
Data/emerg_dataset8/emerg_dataset8_604/emerg_dataset8_604.jpg,emerg_dataset8_604.jpg,emerg_dataset8,ambulance1_jpg.rf.0564a5e8a72a81a097de2f9d1ac5a06a.jpg,a34fee3a03bfc7055e7a59a286d3e05a
Data/emerg_dataset8/emerg_dataset8_605/emerg_dataset8_605.jpg,emerg_dataset8_605.jpg,emerg_dataset8,ambulance2_jpg.rf.1a62eeaa1dd07fc52ed18c012dc41850.jpg,55b168c3c51bafacc17942862ffea9b6
Data/emerg_dataset8/emerg_dataset8_606/emerg_dataset8_606.jpg,emerg_dataset8_606.jpg,emerg_dataset8,ambulance32_jpg.rf.bafef655ae200a6b031fec5820569ac4.jpg,b76d09da9516fbaa0d01d685a0ee8a58
Data/emerg_dataset8/emerg_dataset8_607/emerg_dataset8_607.jpg,emerg_dataset8_607.jpg,emerg_dataset8,ambulance33_jpg.rf.1a542a644e46a12d3efe96bf53d57898.jpg,73386cde2deff12ffb356f8da2b1eaea
Data/emerg_dataset8/emerg_dataset8_608/emerg_dataset8_608.jpg,emerg_dataset8_608.jpg,emerg_dataset8,ambulance34_jpg.rf.29cd514319046e8ab3322ebc6acea806.jpg,e3d6858682af24f1f36d8c0ed7d7f8bf
Data/emerg_dataset8/emerg_dataset8_609/emerg_dataset8_609.jpg,emerg_dataset8_609.jpg,emerg_dataset8,ambulance39_jpeg.rf.8287ab8d7c14e06ee687e267871836e5.jpg,a4f70e60c48f345435bf241abcc042e1
Data/emerg_dataset8/emerg_dataset8_610/emerg_dataset8_610.jpg,emerg_dataset8_610.jpg,emerg_dataset8,ambulance41_jpeg.rf.a6d2c037142fde36806b49f01fed06bb.jpg,b43a1b5e9c463ca0849a5fa96728db1a
Data/emerg_dataset8/emerg_dataset8_611/emerg_dataset8_611.jpg,emerg_dataset8_611.jpg,emerg_dataset8,ambulance45_jpeg.rf.660cedcc3b6fa117ec4d33cdcee9ff9f.jpg,d3f25b5d66fdc9b2b529e297737514bd
Data/emerg_dataset8/emerg_dataset8_612/emerg_dataset8_612.jpg,emerg_dataset8_612.jpg,emerg_dataset8,ambulance48_jpeg.rf.ad2946df62dcba74e02451a26217a6b6.jpg,8aff5a884a30ad1a975a57c9ed554247
Data/emerg_dataset8/emerg_dataset8_613/emerg_dataset8_613.jpg,emerg_dataset8_613.jpg,emerg_dataset8,ambulance50_jpeg.rf.0dfd91867e0b039a34a596401d373d93.jpg,f515f39ccbd5579a2242aa2b520930f6
Data/emerg_dataset8/emerg_dataset8_614/emerg_dataset8_614.jpg,emerg_dataset8_614.jpg,emerg_dataset8,ambulance52_jpeg.rf.fa78d96a1d4429a773e1d60a4a2e901d.jpg,872bae45dfde1b93c9886871eb483ec7
Data/emerg_dataset8/emerg_dataset8_615/emerg_dataset8_615.jpg,emerg_dataset8_615.jpg,emerg_dataset8,ambulance5_jpeg.rf.6c45ccb575bd89de4c6f2f61eeeed53e.jpg,5a0aa9df3117c8f2c210829f13723c1b
Data/emerg_dataset8/emerg_dataset8_616/emerg_dataset8_616.jpg,emerg_dataset8_616.jpg,emerg_dataset8,ambulance60_jpg.rf.8d0a168feb33ed8c6b13d95c4a5f4342.jpg,68dc61a9798023a96fd8e179547b02d2
Data/emerg_dataset8/emerg_dataset8_617/emerg_dataset8_617.jpg,emerg_dataset8_617.jpg,emerg_dataset8,ambulance67_jpg.rf.b65f127998693a0651e4e126f8701c50.jpg,f0e202e4325eb9d37b37a693909701ef
Data/emerg_dataset8/emerg_dataset8_618/emerg_dataset8_618.jpg,emerg_dataset8_618.jpg,emerg_dataset8,ambulance68_jpeg.rf.a618ebfea35bafb342cd64a13e61b2a9.jpg,452d4197cf015a95a6b1067ab107e759
Data/emerg_dataset8/emerg_dataset8_619/emerg_dataset8_619.jpg,emerg_dataset8_619.jpg,emerg_dataset8,ambulance7_jpg.rf.7f130537c568aca32f40fbe1ac08f018.jpg,cfcec218cdc83add7cdb4f4eb10eb0cc
Data/emerg_dataset8/emerg_dataset8_62/emerg_dataset8_62.jpg,emerg_dataset8_62.jpg,emerg_dataset8,ambulance29_jpg.rf.d9f078c72fa23928e13a787be6abf9f4.jpg,518dbac76f6bb8d3324aad9c2f72b318
Data/emerg_dataset8/emerg_dataset8_621/emerg_dataset8_621.jpg,emerg_dataset8_621.jpg,emerg_dataset8,ambulance86_jpg.rf.131f488e8b66b202be2b2722f341f441.jpg,75a90c29e56023d734a71ff4918318b1
Data/emerg_dataset8/emerg_dataset8_622/emerg_dataset8_622.jpg,emerg_dataset8_622.jpg,emerg_dataset8,ambulance8_jpg.rf.436ed2a9d4b805066e9cc7760134994b.jpg,65298bebe0f2c7de250a6c70c39d914e
Data/emerg_dataset8/emerg_dataset8_623/emerg_dataset8_623.jpg,emerg_dataset8_623.jpg,emerg_dataset8,ambulance9_jpg.rf.43ebffc68be0e47785f13c75f3200ac8.jpg,a8269163c9697902484390dc80f2574f
Data/emerg_dataset8/emerg_dataset8_624/emerg_dataset8_624.jpg,emerg_dataset8_624.jpg,emerg_dataset8,carabinieri1_jpg.rf.7a76f24fc1a3e728dda4f5d092c80f9e.jpg,c17786f4ab77e352d7758335bd3b4f5b
Data/emerg_dataset8/emerg_dataset8_625/emerg_dataset8_625.jpg,emerg_dataset8_625.jpg,emerg_dataset8,carabinieri27_jpg.rf.1b210e7700b91f7b64646d6963092797.jpg,a75a99f1888f1758c8bf9c662fe4b7ff
Data/emerg_dataset8/emerg_dataset8_626/emerg_dataset8_626.jpg,emerg_dataset8_626.jpg,emerg_dataset8,carabinieri32_jpg.rf.192c86bf79e4a6addedd1a3f5fdf9ab0.jpg,ca6ce7c57a8ac87d1b1ad74f89cd752b
Data/emerg_dataset8/emerg_dataset8_627/emerg_dataset8_627.jpg,emerg_dataset8_627.jpg,emerg_dataset8,carabinieri46_jpg.rf.170677897253e94bae846f6fe985483c.jpg,9fa79ee577039ac733f0db5a7b2d92d3
Data/emerg_dataset8/emerg_dataset8_628/emerg_dataset8_628.jpg,emerg_dataset8_628.jpg,emerg_dataset8,carabinieri4_jpeg.rf.a9fdf2c26d2241a032e28f4e0a8c0a48.jpg,3edfab18124131598d569f6b00117da3
Data/emerg_dataset8/emerg_dataset8_629/emerg_dataset8_629.jpg,emerg_dataset8_629.jpg,emerg_dataset8,carabinieri76_jpg.rf.3f62ea7f14b4d9ed8d974ef090b4289f.jpg,ac80cabfff86f8b928c567d9c442eee5
Data/emerg_dataset8/emerg_dataset8_631/emerg_dataset8_631.jpg,emerg_dataset8_631.jpg,emerg_dataset8,carabinieri8_jpg.rf.4fdefb37d1bcb7302701e4a1edfa452b.jpg,2b7f1850d1dfb6d30a55d0a7cfe14eee
Data/emerg_dataset8/emerg_dataset8_632/emerg_dataset8_632.jpg,emerg_dataset8_632.jpg,emerg_dataset8,carabinieri97_jpg.rf.5b8a901a6a5f499dd1e08dce7794ef3c.jpg,e3e2d9dd898d04ba5b0c57e7a66714dc
Data/emerg_dataset8/emerg_dataset8_633/emerg_dataset8_633.jpg,emerg_dataset8_633.jpg,emerg_dataset8,V101igiliDelFuoco_jpeg.rf.ed351787e848ed2f3dbac838b8a67ba7.jpg,00160cc16bc4b437904cc4eb90bde216
Data/emerg_dataset8/emerg_dataset8_634/emerg_dataset8_634.jpg,emerg_dataset8_634.jpg,emerg_dataset8,V107igiliDelFuoco_jpg.rf.d7a206f7c43310983affb66579fbedeb.jpg,9833a84c01ae43ecf5561a1f461cb166
Data/emerg_dataset8/emerg_dataset8_635/emerg_dataset8_635.jpg,emerg_dataset8_635.jpg,emerg_dataset8,V108igiliDelFuoco_jpg.rf.9903b382945ab2f7154a392b410b03ff.jpg,24a8a73f105f5b7cc94711c39e76b534
Data/emerg_dataset8/emerg_dataset8_636/emerg_dataset8_636.jpg,emerg_dataset8_636.jpg,emerg_dataset8,V10igiliDelFuoco_png.rf.d5251db55d3ba95401ac5b0607da47b0.jpg,44dfc9a4d41b9adff61230bb00f424ec
Data/emerg_dataset8/emerg_dataset8_637/emerg_dataset8_637.jpg,emerg_dataset8_637.jpg,emerg_dataset8,V111igiliDelFuoco_jpg.rf.bdc75a764fd9bc7ec1435e6203be5649.jpg,1f93cc2ed099a7e01f697de4e1541cf2
Data/emerg_dataset8/emerg_dataset8_638/emerg_dataset8_638.jpg,emerg_dataset8_638.jpg,emerg_dataset8,V11igiliDelFuoco_jpg.rf.215449ede2fee78b6166f2b69ddbf586.jpg,16da1d79cd6452150d0f849cb5781899
Data/emerg_dataset8/emerg_dataset8_639/emerg_dataset8_639.jpg,emerg_dataset8_639.jpg,emerg_dataset8,V17igiliDelFuoco_jpg.rf.ad461353f8bd94379725252342b2ee8c.jpg,a205517baf18ab0f0c95d4ff3be3fa59
Data/emerg_dataset8/emerg_dataset8_640/emerg_dataset8_640.jpg,emerg_dataset8_640.jpg,emerg_dataset8,V27igiliDelFuoco_jpg.rf.3beadafe261c87818947cf649405f33c.jpg,bf27e10e31758389dadbf3d48ea77dd5
Data/emerg_dataset8/emerg_dataset8_641/emerg_dataset8_641.jpg,emerg_dataset8_641.jpg,emerg_dataset8,V28igiliDelFuoco_jpg.rf.62ce266c8f36a6f64e2dcfae33169b92.jpg,d4c0fac23fc452bc25966b181f6b5169
Data/emerg_dataset8/emerg_dataset8_642/emerg_dataset8_642.jpg,emerg_dataset8_642.jpg,emerg_dataset8,V33igiliDelFuoco_jpg.rf.9ca052bbc58a1e986d05f68735863194.jpg,5135b7064ba8008d5c195a3bf4aa8d2f
Data/emerg_dataset8/emerg_dataset8_643/emerg_dataset8_643.jpg,emerg_dataset8_643.jpg,emerg_dataset8,V45igiliDelFuoco_jpg.rf.2ce5cf2a87e80d56d600984074e28d91.jpg,74f1d67bfb314c58a44600eb7d31a77c
Data/emerg_dataset8/emerg_dataset8_644/emerg_dataset8_644.jpg,emerg_dataset8_644.jpg,emerg_dataset8,V54igiliDelFuoco_jpg.rf.b06e46c55c6dd66714aa8031bac30a6d.jpg,be8ec296f35918c1eebd5f14f7d09551
Data/emerg_dataset8/emerg_dataset8_645/emerg_dataset8_645.jpg,emerg_dataset8_645.jpg,emerg_dataset8,V59igiliDelFuoco_jpg.rf.045f276c124899a9e6ae6e0b4f62d6b8.jpg,583646f5b2848c4180ca21a89245a639
Data/emerg_dataset8/emerg_dataset8_647/emerg_dataset8_647.jpg,emerg_dataset8_647.jpg,emerg_dataset8,V68igiliDelFuoco_jpg.rf.33c48ecaf4bcfd4086dac0542e50a396.jpg,8fa676b326374cd1b3670fca781004e9
Data/emerg_dataset8/emerg_dataset8_648/emerg_dataset8_648.jpg,emerg_dataset8_648.jpg,emerg_dataset8,V71igiliDelFuoco_jpg.rf.53a9d51610f71a10df949b3956986a90.jpg,d6fbc621d101c302bdc2195321e3c0b7
Data/emerg_dataset8/emerg_dataset8_649/emerg_dataset8_649.jpg,emerg_dataset8_649.jpg,emerg_dataset8,V73igiliDelFuoco_jpg.rf.8bc454466e6c6764f08ebefdce5bd4b8.jpg,2e2c2e7a4d884517b4ea209f8dec10b8
Data/emerg_dataset8/emerg_dataset8_65/emerg_dataset8_65.jpg,emerg_dataset8_65.jpg,emerg_dataset8,ambulance30_jpg.rf.2a8c8d5b7e3799475ebb25d7fa8c6952.jpg,3680aa6d322cf415cbb1f2ea7788c135
Data/emerg_dataset8/emerg_dataset8_650/emerg_dataset8_650.jpg,emerg_dataset8_650.jpg,emerg_dataset8,V78igiliDelFuoco_jpg.rf.d9dd53ebb045a93a835608a94307f104.jpg,9797036e8bae61f58bc88102ad517de4
Data/emerg_dataset8/emerg_dataset8_651/emerg_dataset8_651.jpg,emerg_dataset8_651.jpg,emerg_dataset8,V84igiliDelFuoco_jpg.rf.54004b37f80b2f15e4749bd375941443.jpg,a7b176678ae1a967ab49017a8f9bc0b1
Data/emerg_dataset8/emerg_dataset8_653/emerg_dataset8_653.jpg,emerg_dataset8_653.jpg,emerg_dataset8,V90igiliDelFuoco_jpg.rf.75725f395e1fed16a67408c888024bce.jpg,c3e35d6da5c9319fecf68442cb30e261
Data/emerg_dataset8/emerg_dataset8_654/emerg_dataset8_654.jpg,emerg_dataset8_654.jpg,emerg_dataset8,V96igiliDelFuoco_jpeg.rf.7abe5ec30133aabaa6784b7f79c1fe2e.jpg,cd4f49ac422d21df17c9c1ac6239ca31
Data/emerg_dataset8/emerg_dataset8_67/emerg_dataset8_67.jpg,emerg_dataset8_67.jpg,emerg_dataset8,ambulance35_jpg.rf.79b0070ff9bfb5dc1d06b01291c86c1b.jpg,3828e92ea3351556b9f30f594e514eef
Data/emerg_dataset8/emerg_dataset8_7/emerg_dataset8_7.jpg,emerg_dataset8_7.jpg,emerg_dataset8,carabinieri66_jpg.rf.647e8423507dac70e97b742a9471dc7e.jpg,dbd71d4745f36fc3fc7a87d1388ea14b
Data/emerg_dataset8/emerg_dataset8_72/emerg_dataset8_72.jpg,emerg_dataset8_72.jpg,emerg_dataset8,ambulance36_jpg.rf.ae2d973f29c52130f20c00edee691b82.jpg,1746417968258cf499b232d08e06d1a8
Data/emerg_dataset8/emerg_dataset8_73/emerg_dataset8_73.jpg,emerg_dataset8_73.jpg,emerg_dataset8,ambulance37_jpg.rf.0b49c1787fbce425afe4116c6c0db067.jpg,172052742f23768ecfe4c2ca0e6c307a
Data/emerg_dataset8/emerg_dataset8_74/emerg_dataset8_74.jpg,emerg_dataset8_74.jpg,emerg_dataset8,ambulance37_jpg.rf.1842d8faa0fe659ddf09be6cd7982aee.jpg,49dd8141e57249590f8ce43fc7f39f6a
Data/emerg_dataset8/emerg_dataset8_77/emerg_dataset8_77.jpg,emerg_dataset8_77.jpg,emerg_dataset8,ambulance38_jpeg.rf.58193e8ae15da04912c30b0b716dfe4f.jpg,ccd40510fb4c90a0b28c5e801164cc2c
Data/emerg_dataset8/emerg_dataset8_79/emerg_dataset8_79.jpg,emerg_dataset8_79.jpg,emerg_dataset8,ambulance3_jpg.rf.189ba77a0e79fd60f3c0e1452b8ed2ca.jpg,c6ec96bb1139f1f4c072a13c1fd97a74
Data/emerg_dataset8/emerg_dataset8_8/emerg_dataset8_8.jpg,emerg_dataset8_8.jpg,emerg_dataset8,V26igiliDelFuoco_jpg.rf.4201efb4d31dec18449645eabbb1c6c4.jpg,8371a447d2db7e323ab364492d7b6437
Data/emerg_dataset8/emerg_dataset8_83/emerg_dataset8_83.jpg,emerg_dataset8_83.jpg,emerg_dataset8,ambulance40_jpg.rf.9ee68f9facc60501af48556ef37d0830.jpg,ce6164c45ecaa9961f4fdff6c3dcd0b4
Data/emerg_dataset8/emerg_dataset8_87/emerg_dataset8_87.jpg,emerg_dataset8_87.jpg,emerg_dataset8,ambulance42_jpg.rf.c34952bb6a05067f74615be2f4f2b2a1.jpg,50dccedfab7378343a6966c654c3c828
Data/emerg_dataset8/emerg_dataset8_89/emerg_dataset8_89.jpg,emerg_dataset8_89.jpg,emerg_dataset8,ambulance43_jpeg.rf.2c3831fb43e9316a80c6974fd344f8e6.jpg,8f307e8e7dba5b55cb06158333aad8ab
Data/emerg_dataset8/emerg_dataset8_9/emerg_dataset8_9.jpg,emerg_dataset8_9.jpg,emerg_dataset8,V92igiliDelFuoco_jpeg.rf.28362fecdd8ea22fd8c6d9f20b081879.jpg,75f7d7bc6f4c51a534329425db69a29d
Data/emerg_dataset8/emerg_dataset8_92/emerg_dataset8_92.jpg,emerg_dataset8_92.jpg,emerg_dataset8,ambulance44_jpeg.rf.38472bf26305da4a9b49149c13c3bba8.jpg,9dd5a46261fc8caea24992817359295d
Data/emerg_dataset8/emerg_dataset8_94/emerg_dataset8_94.jpg,emerg_dataset8_94.jpg,emerg_dataset8,ambulance46_jpeg.rf.2fb1600dc50edf43ead4f6c8cbf28999.jpg,394499886e5d8bb61ed42886dbc81e46
Data/emerg_dataset8/emerg_dataset8_97/emerg_dataset8_97.jpg,emerg_dataset8_97.jpg,emerg_dataset8,ambulance47_jpeg.rf.4282845afcfef49afe94a5ef87d2ba9f.jpg,45f8308c7a50b82e6dc7b4a9a0950560
Data/emerg_dataset9/emerg_dataset9_1/emerg_dataset9_1.jpg,emerg_dataset9_1.jpg,emerg_dataset9,Download-1-_jpeg.rf.7b338697bc8f66852d72673bc2f774a3.jpg,5cc11082dd6eb7020ddd58768d0be71d
Data/emerg_dataset9/emerg_dataset9_10/emerg_dataset9_10.jpg,emerg_dataset9_10.jpg,emerg_dataset9,Download-18-_jpeg.rf.be558817b3b75e0a60fb52f22dc5c05b.jpg,71e49cd8e27a0cdba2b87404d4031f36
Data/emerg_dataset9/emerg_dataset9_11/emerg_dataset9_11.jpg,emerg_dataset9_11.jpg,emerg_dataset9,Download-19-_jpeg.rf.fa8ace7238a37c0e643221045e109efb.jpg,7e021e840d257aec8b6aae706c190306
Data/emerg_dataset9/emerg_dataset9_12/emerg_dataset9_12.jpg,emerg_dataset9_12.jpg,emerg_dataset9,Download-2-_jpeg.rf.d42d383c6b9ffb4dac87396206749817.jpg,657d96bd93aada14d5a40f97fdc3f648
Data/emerg_dataset9/emerg_dataset9_13/emerg_dataset9_13.jpg,emerg_dataset9_13.jpg,emerg_dataset9,Download-20-_jpeg.rf.a37e70744f57fd00a62eec4b13a8f195.jpg,0ac61d6ec3209482ee34384850df522a
Data/emerg_dataset9/emerg_dataset9_14/emerg_dataset9_14.jpg,emerg_dataset9_14.jpg,emerg_dataset9,Download-21-_jpeg.rf.02ae907704d5c51f19668b2fdd6cacf5.jpg,03672225bd4029f401ca334e86a7fb0c
Data/emerg_dataset9/emerg_dataset9_15/emerg_dataset9_15.jpg,emerg_dataset9_15.jpg,emerg_dataset9,Download-3-_jpeg.rf.00c159b526f166e57106d293e8be2018.jpg,6162bc4e042821f20bac6c2fbab3678c
Data/emerg_dataset9/emerg_dataset9_16/emerg_dataset9_16.jpg,emerg_dataset9_16.jpg,emerg_dataset9,Download-4-_jpeg.rf.2fe2acf9f0c4720d0df489b11aa784f5.jpg,8cc0cf749c918c361ab6c1d61bd4b396
Data/emerg_dataset9/emerg_dataset9_17/emerg_dataset9_17.jpg,emerg_dataset9_17.jpg,emerg_dataset9,Download-5-_jpeg.rf.2d0261fc27613c24bba0023373b0ec87.jpg,a990e404be1bcfe719da0c97699ff85c
Data/emerg_dataset9/emerg_dataset9_18/emerg_dataset9_18.jpg,emerg_dataset9_18.jpg,emerg_dataset9,Download-6-_jpeg.rf.fe570468a1d045da2a81fe1d33bab424.jpg,aeb67f10e57d955fec8e273c39c16a21
Data/emerg_dataset9/emerg_dataset9_19/emerg_dataset9_19.jpg,emerg_dataset9_19.jpg,emerg_dataset9,Download-7-_jpeg.rf.0fc0f132e8d8ee3a22526becb240d683.jpg,00313a4f2c3ea023e3dabe4b9834c3e2
Data/emerg_dataset9/emerg_dataset9_2/emerg_dataset9_2.jpg,emerg_dataset9_2.jpg,emerg_dataset9,Download-10-_jpeg.rf.52837bee33d2d0b5a6c2298eda8c7b36.jpg,19bccc66b0e722523f9470d5005a1ab5
Data/emerg_dataset9/emerg_dataset9_20/emerg_dataset9_20.jpg,emerg_dataset9_20.jpg,emerg_dataset9,Download-8-_jpeg.rf.02a6a1d960b3a328c85a6516ac848c68.jpg,9ef6ad1c89b3dabafd4e66ef69bcb0ef
Data/emerg_dataset9/emerg_dataset9_21/emerg_dataset9_21.jpg,emerg_dataset9_21.jpg,emerg_dataset9,Download-9-_jpeg.rf.0e476358d3f2a39d12535e3fd46512bd.jpg,96b2e44034f9f4baeecafafdc7d698a5
Data/emerg_dataset9/emerg_dataset9_22/emerg_dataset9_22.jpg,emerg_dataset9_22.jpg,emerg_dataset9,Download_jpeg.rf.d1d03e318c0a7a6fe824f234ae100cbf.jpg,d861ccf1515b1f295039c3a34a07e3d9
Data/emerg_dataset9/emerg_dataset9_23/emerg_dataset9_23.jpg,emerg_dataset9_23.jpg,emerg_dataset9,images-1-_jpeg.rf.3b89cb7daa08c3cec156b58817fccf18.jpg,c0e2b4f93e7b950b2eecadf804d08c20
Data/emerg_dataset9/emerg_dataset9_24/emerg_dataset9_24.jpg,emerg_dataset9_24.jpg,emerg_dataset9,images-10-_jpeg.rf.bd20a8826e61daddc6a30208f362be98.jpg,d7693e1c5a59930b7d73fc194bfb601b
Data/emerg_dataset9/emerg_dataset9_25/emerg_dataset9_25.jpg,emerg_dataset9_25.jpg,emerg_dataset9,images-11-_jpeg.rf.4706761c09577fdcb1e47140cfa53607.jpg,4ed9b455dc980d87897a51ed8732a60f
Data/emerg_dataset9/emerg_dataset9_26/emerg_dataset9_26.jpg,emerg_dataset9_26.jpg,emerg_dataset9,images-12-_jpeg.rf.3d06e0fe87013dfe79e53cd24af80beb.jpg,63949de1e53214045bd9879324bccd46
Data/emerg_dataset9/emerg_dataset9_27/emerg_dataset9_27.jpg,emerg_dataset9_27.jpg,emerg_dataset9,images-13-_jpeg.rf.700d44b68ad573ba97fcb587e9841aa7.jpg,6900eb1f8a0ca84ec6e7746983b2d6a6
Data/emerg_dataset9/emerg_dataset9_28/emerg_dataset9_28.jpg,emerg_dataset9_28.jpg,emerg_dataset9,images-14-_jpeg.rf.1cf459070b8de8983ac2888dabb5108b.jpg,08b9993b82bd2e9478b9a73a658294ee
Data/emerg_dataset9/emerg_dataset9_29/emerg_dataset9_29.jpg,emerg_dataset9_29.jpg,emerg_dataset9,images-15-_jpeg.rf.8092319130d6c741e1f11814f345398e.jpg,00e4e4ccbe43f1026370a2a9609c7e70
Data/emerg_dataset9/emerg_dataset9_3/emerg_dataset9_3.jpg,emerg_dataset9_3.jpg,emerg_dataset9,Download-11-_jpeg.rf.72e9046ba7ab35060e9931b210cafa68.jpg,22d8342c543264182dc4a9873ad96d44
Data/emerg_dataset9/emerg_dataset9_30/emerg_dataset9_30.jpg,emerg_dataset9_30.jpg,emerg_dataset9,images-16-_jpeg.rf.e942b5038a8e15418fa1bed50ea84985.jpg,9193a43998fb61e516f067409cf5fc1c
Data/emerg_dataset9/emerg_dataset9_31/emerg_dataset9_31.jpg,emerg_dataset9_31.jpg,emerg_dataset9,images-17-_jpeg.rf.fe4fa88a4d37b34f20dabd2ae1edfba7.jpg,e42ed8450bbb3e6c9bfbbfeb0184f119
Data/emerg_dataset9/emerg_dataset9_32/emerg_dataset9_32.jpg,emerg_dataset9_32.jpg,emerg_dataset9,images-18-_jpeg.rf.b8a8a603742396654b604e63840096f3.jpg,f8fbd4b939db7eed17d095227190ee0e
Data/emerg_dataset9/emerg_dataset9_33/emerg_dataset9_33.jpg,emerg_dataset9_33.jpg,emerg_dataset9,images-19-_jpeg.rf.986909938885d72edc071a3d04a98474.jpg,9227b87663797f36cb008951ce6d4547
Data/emerg_dataset9/emerg_dataset9_34/emerg_dataset9_34.jpg,emerg_dataset9_34.jpg,emerg_dataset9,images-2-_jpeg.rf.159039061f9b8222b2b33a045bd2f47b.jpg,e8dfd658198a85b6efa9bb0590f45a4c
Data/emerg_dataset9/emerg_dataset9_35/emerg_dataset9_35.jpg,emerg_dataset9_35.jpg,emerg_dataset9,images-20-_jpeg.rf.a38e21e551ca619846cc6ccd17d2e4b1.jpg,729eb242a2324377aa30787188c0dd7d
Data/emerg_dataset9/emerg_dataset9_36/emerg_dataset9_36.jpg,emerg_dataset9_36.jpg,emerg_dataset9,images-21-_jpeg.rf.396ad879684df02a914f6dc4cbd8ae05.jpg,ad751d68eae817b225a3e62389e33a90
Data/emerg_dataset9/emerg_dataset9_37/emerg_dataset9_37.jpg,emerg_dataset9_37.jpg,emerg_dataset9,images-22-_jpeg.rf.2d5f2fbcfa5c6af494607a0b2b1ae221.jpg,50715df567c19a0b9ed2a4a193c93e98
Data/emerg_dataset9/emerg_dataset9_38/emerg_dataset9_38.jpg,emerg_dataset9_38.jpg,emerg_dataset9,images-23-_jpeg.rf.f8e30b6409109d706d121629c9b6d78b.jpg,3655af09794dc70fe45df61ec7a34464
Data/emerg_dataset9/emerg_dataset9_39/emerg_dataset9_39.jpg,emerg_dataset9_39.jpg,emerg_dataset9,images-24-_jpeg.rf.b5a10968903f6774ab35b6915624e1c2.jpg,2fa7ad99bd6212a2f3785b6d573dcc8d
Data/emerg_dataset9/emerg_dataset9_4/emerg_dataset9_4.jpg,emerg_dataset9_4.jpg,emerg_dataset9,Download-12-_jpeg.rf.927826cac965d64c5825e8a71b48ca7c.jpg,5e1603e5eeb1534946c3eb4f562ce902
Data/emerg_dataset9/emerg_dataset9_40/emerg_dataset9_40.jpg,emerg_dataset9_40.jpg,emerg_dataset9,images-26-_jpeg.rf.bb40da25d35b45461f46ca198bbc096c.jpg,673f12234889cac6cfe609eab6228390
Data/emerg_dataset9/emerg_dataset9_41/emerg_dataset9_41.jpg,emerg_dataset9_41.jpg,emerg_dataset9,images-27-_jpeg.rf.f9f5db77afd13e00a72c243cb5397a2a.jpg,ac5dc943e05bc8ef6657c3060099396a
Data/emerg_dataset9/emerg_dataset9_42/emerg_dataset9_42.jpg,emerg_dataset9_42.jpg,emerg_dataset9,images-28-_jpeg.rf.65dbd0d7edd668874d7eef5738047749.jpg,80bec4a604a070e28fb7e4c1cb704751
Data/emerg_dataset9/emerg_dataset9_43/emerg_dataset9_43.jpg,emerg_dataset9_43.jpg,emerg_dataset9,images-29-_jpeg.rf.f689eafe35671a4535e1d6a3d8174a52.jpg,94c7f362a1efd64452c56ec9d546bf76
Data/emerg_dataset9/emerg_dataset9_44/emerg_dataset9_44.jpg,emerg_dataset9_44.jpg,emerg_dataset9,images-3-_jpeg.rf.e09c4ddc955d2339e829799edd7751ac.jpg,b75a086a8f8a310da4f6e49c726611bd
Data/emerg_dataset9/emerg_dataset9_45/emerg_dataset9_45.jpg,emerg_dataset9_45.jpg,emerg_dataset9,images-30-_jpeg.rf.907e26f0611f8b5faf905065e63a808f.jpg,517ff736bf0fef3b0178e3f6e759b851
Data/emerg_dataset9/emerg_dataset9_46/emerg_dataset9_46.jpg,emerg_dataset9_46.jpg,emerg_dataset9,images-31-_jpeg.rf.7a595d730efcb688023764c7b140897d.jpg,eedcad4214de7a9169d83637cb453962
Data/emerg_dataset9/emerg_dataset9_47/emerg_dataset9_47.jpg,emerg_dataset9_47.jpg,emerg_dataset9,images-33-_jpeg.rf.af175f0e66e5d5df6a9301754394febe.jpg,92dcbce3b479b2e223c4b3d06cfeb6bf
Data/emerg_dataset9/emerg_dataset9_48/emerg_dataset9_48.jpg,emerg_dataset9_48.jpg,emerg_dataset9,images-34-_jpeg.rf.3ff4428e85924e12403496cb53bb33cc.jpg,584b4f836974cf8aa2bdfcc959cae844
Data/emerg_dataset9/emerg_dataset9_49/emerg_dataset9_49.jpg,emerg_dataset9_49.jpg,emerg_dataset9,images-35-_jpeg.rf.64aceff42d5f55d1227c9954a9121dca.jpg,6d6cb3e4af3ba159fbdfe77dd41e310a
Data/emerg_dataset9/emerg_dataset9_5/emerg_dataset9_5.jpg,emerg_dataset9_5.jpg,emerg_dataset9,Download-13-_jpeg.rf.dc39356266cd405335e6ad761c9f5446.jpg,5f2ad916b7cabb25adea573b5e03ecd5
Data/emerg_dataset9/emerg_dataset9_50/emerg_dataset9_50.jpg,emerg_dataset9_50.jpg,emerg_dataset9,images-36-_jpeg.rf.9ab7ff405d988fbed2f929ed045b6930.jpg,b8cf4362d3b427bb570e85cc16145d9c
Data/emerg_dataset9/emerg_dataset9_51/emerg_dataset9_51.jpg,emerg_dataset9_51.jpg,emerg_dataset9,images-4-_jpeg.rf.7a7204c0c9b0472fc435b2564ef8d423.jpg,e743640792b488e7db76d1b27bcf0bed
Data/emerg_dataset9/emerg_dataset9_52/emerg_dataset9_52.jpg,emerg_dataset9_52.jpg,emerg_dataset9,images-5-_jpeg.rf.39972379309c1ed97d323b2601023e13.jpg,29c81f0bb7edf1a322574999150e28a9
Data/emerg_dataset9/emerg_dataset9_53/emerg_dataset9_53.jpg,emerg_dataset9_53.jpg,emerg_dataset9,images-6-_jpeg.rf.aa49e94c5d571ad3dc9783568256edc7.jpg,0666bd1388aae840945de8e718ea5965
Data/emerg_dataset9/emerg_dataset9_54/emerg_dataset9_54.jpg,emerg_dataset9_54.jpg,emerg_dataset9,images-7-_jpeg.rf.4211816df5ba7e56fefcfbdad9cca4fa.jpg,d5a7b8bc4afd02c6e50e21b189072af6
Data/emerg_dataset9/emerg_dataset9_55/emerg_dataset9_55.jpg,emerg_dataset9_55.jpg,emerg_dataset9,images-8-_jpeg.rf.41504ba0132e836062cba65c5d92ec8a.jpg,509647ea22fb6bd6ab93fe10564d1ef8
Data/emerg_dataset9/emerg_dataset9_56/emerg_dataset9_56.jpg,emerg_dataset9_56.jpg,emerg_dataset9,images-9-_jpeg.rf.6ff9c480ef2a267f846590dbf191ab89.jpg,ece637ac69e3eee17c641902b960889d
Data/emerg_dataset9/emerg_dataset9_57/emerg_dataset9_57.jpg,emerg_dataset9_57.jpg,emerg_dataset9,images_jpeg.rf.740e89a04b0a3617960c58b6d02a1863.jpg,dd12a88bf4498c3930852673bd52603e
Data/emerg_dataset9/emerg_dataset9_6/emerg_dataset9_6.jpg,emerg_dataset9_6.jpg,emerg_dataset9,Download-14-_jpeg.rf.f0fd2544153c9dad0aea92f97e6ddfa0.jpg,8d2e383809447370b39ed7d715b6c385
Data/emerg_dataset9/emerg_dataset9_7/emerg_dataset9_7.jpg,emerg_dataset9_7.jpg,emerg_dataset9,Download-15-_jpeg.rf.6988385a4d79de625b778c7dde0ac855.jpg,0ea667da8173f20089f7aae53f162b4f
Data/emerg_dataset9/emerg_dataset9_8/emerg_dataset9_8.jpg,emerg_dataset9_8.jpg,emerg_dataset9,Download-16-_jpeg.rf.5ddfbf84f0b79eb2f55a8895df9ca7d4.jpg,dec3c438a6f3af8426358d5aa61e585a
Data/emerg_dataset9/emerg_dataset9_9/emerg_dataset9_9.jpg,emerg_dataset9_9.jpg,emerg_dataset9,Download-17-_jpeg.rf.a56559b75c6b2e4dd08140323c1f5ff8.jpg,7dac3483994332dfbde9563fbf4e5eff
