current_path,current_name,dataset_folder,original_name,md5
Data/pcb_dataset1/pcb_dataset1_1/pcb_dataset1_1.jpg,pcb_dataset1_1.jpg,pcb_dataset1,01_missing_hole_04_jpg.rf.8b37ad4100c23a10bebfa46222d94443.jpg,37811f125ddcce44b39cfd0fbbad7529
Data/pcb_dataset1/pcb_dataset1_10/pcb_dataset1_10.jpg,pcb_dataset1_10.jpg,pcb_dataset1,01_open_circuit_11_jpg.rf.be16f560a6b50ef5bde7952a40759430.jpg,f5b677720ec8f388a5ef1e6f4b932d0d
Data/pcb_dataset1/pcb_dataset1_100/pcb_dataset1_100.jpg,pcb_dataset1_100.jpg,pcb_dataset1,04_missing_hole_02_jpg.rf.d64c7327fa018736dfb3796df151aa4c.jpg,927347eec466784728d241864200793a
Data/pcb_dataset1/pcb_dataset1_101/pcb_dataset1_101.jpg,pcb_dataset1_101.jpg,pcb_dataset1,04_missing_hole_03_jpg.rf.f4f0e71af6b6b7332bb59eddb8b2bd92.jpg,0a56486e621ecb8e8489beef8e713300
Data/pcb_dataset1/pcb_dataset1_102/pcb_dataset1_102.jpg,pcb_dataset1_102.jpg,pcb_dataset1,04_missing_hole_04_jpg.rf.548c311285f5091d6609390111f81837.jpg,283401bce845640012ba5c89b8cd02ab
Data/pcb_dataset1/pcb_dataset1_103/pcb_dataset1_103.jpg,pcb_dataset1_103.jpg,pcb_dataset1,04_missing_hole_05_jpg.rf.7cd4a241211037328edc64781e54dbc0.jpg,9254a38c27b79517c273a7e91da50d4a
Data/pcb_dataset1/pcb_dataset1_104/pcb_dataset1_104.jpg,pcb_dataset1_104.jpg,pcb_dataset1,04_missing_hole_06_jpg.rf.359a730c11c7fdacf8479d7be701873f.jpg,6eccaeaa3390d888cafd1f1adc08f312
Data/pcb_dataset1/pcb_dataset1_105/pcb_dataset1_105.jpg,pcb_dataset1_105.jpg,pcb_dataset1,04_missing_hole_07_jpg.rf.e70473677334d718307c71ee34e9bddd.jpg,bcb1af2cf45c7f21587e839a0e46e0ac
Data/pcb_dataset1/pcb_dataset1_106/pcb_dataset1_106.jpg,pcb_dataset1_106.jpg,pcb_dataset1,04_missing_hole_08_jpg.rf.cf17f69cd641fac3818f51d6e11b9e8b.jpg,6f8197e73c12e73d2cc68cfc9a33085d
Data/pcb_dataset1/pcb_dataset1_107/pcb_dataset1_107.jpg,pcb_dataset1_107.jpg,pcb_dataset1,04_missing_hole_09_jpg.rf.af093d56b9f535b8ae63b6025a6ec3a7.jpg,4acaa17b40a4a1927b34e4e79cfe4136
Data/pcb_dataset1/pcb_dataset1_108/pcb_dataset1_108.jpg,pcb_dataset1_108.jpg,pcb_dataset1,04_missing_hole_10_jpg.rf.ecdbe911b4a6f8175c785fdd8e4bbdb5.jpg,f0d7f16467b246369eef39f0af5a4dce
Data/pcb_dataset1/pcb_dataset1_109/pcb_dataset1_109.jpg,pcb_dataset1_109.jpg,pcb_dataset1,04_missing_hole_11_jpg.rf.add64b69d6469eb70dd59e733d5e909e.jpg,460efd81b1fdfbe05c6d547af2bf545b
Data/pcb_dataset1/pcb_dataset1_11/pcb_dataset1_11.jpg,pcb_dataset1_11.jpg,pcb_dataset1,01_open_circuit_12_jpg.rf.15889ea4591e3d252236c141a93ab234.jpg,3e1cf29b8fa9e1eb10782a9d1cb6ccb9
Data/pcb_dataset1/pcb_dataset1_110/pcb_dataset1_110.jpg,pcb_dataset1_110.jpg,pcb_dataset1,04_missing_hole_12_jpg.rf.efc433a4e696b6db6cc9879fba6d8266.jpg,253b777231b04f75545811a7ae22d3d7
Data/pcb_dataset1/pcb_dataset1_111/pcb_dataset1_111.jpg,pcb_dataset1_111.jpg,pcb_dataset1,04_missing_hole_13_jpg.rf.923091e8b9c1c94c5aa0cbc9a875981d.jpg,3531ad3a70016856dbe561fe259b4af3
Data/pcb_dataset1/pcb_dataset1_112/pcb_dataset1_112.jpg,pcb_dataset1_112.jpg,pcb_dataset1,04_missing_hole_14_jpg.rf.5205463300f32305ad38ae860cfc57fa.jpg,43530d7f35c6d9a718e89bd7ebe82289
Data/pcb_dataset1/pcb_dataset1_113/pcb_dataset1_113.jpg,pcb_dataset1_113.jpg,pcb_dataset1,04_missing_hole_16_jpg.rf.de132f4debec8cb8278f9720ed9921a3.jpg,57ebf5577659756e18369f6f1131b033
Data/pcb_dataset1/pcb_dataset1_114/pcb_dataset1_114.jpg,pcb_dataset1_114.jpg,pcb_dataset1,04_missing_hole_18_jpg.rf.d4a23f93f3abc9606dedb97344640feb.jpg,868247e1aa71fc838fcd8ccc2b613cae
Data/pcb_dataset1/pcb_dataset1_115/pcb_dataset1_115.jpg,pcb_dataset1_115.jpg,pcb_dataset1,04_missing_hole_19_jpg.rf.c8044111a5e5ab4112a329b26a45488d.jpg,07f900d3d35125cfd6a6ad59eb82e7cd
Data/pcb_dataset1/pcb_dataset1_116/pcb_dataset1_116.jpg,pcb_dataset1_116.jpg,pcb_dataset1,04_missing_hole_20_jpg.rf.52c48c454334dc237a1a9119b03f4381.jpg,7e6bd237b95e60bb6cfd1acf548a24f7
Data/pcb_dataset1/pcb_dataset1_117/pcb_dataset1_117.jpg,pcb_dataset1_117.jpg,pcb_dataset1,04_mouse_bite_01_jpg.rf.f94fac49070610c63120bfd8cf161cab.jpg,bb48ce9ecb3827b27292d3c12901f62b
Data/pcb_dataset1/pcb_dataset1_118/pcb_dataset1_118.jpg,pcb_dataset1_118.jpg,pcb_dataset1,04_mouse_bite_02_jpg.rf.6fa757957ec76624d30ef22bc2068876.jpg,01021a64713fdf9d194172abf92ae2d8
Data/pcb_dataset1/pcb_dataset1_119/pcb_dataset1_119.jpg,pcb_dataset1_119.jpg,pcb_dataset1,04_mouse_bite_03_jpg.rf.39d23136a8226d9bca2704e97ee0a9b9.jpg,dc47e4d4e6f78576f3353a08d7b87ab7
Data/pcb_dataset1/pcb_dataset1_12/pcb_dataset1_12.jpg,pcb_dataset1_12.jpg,pcb_dataset1,01_open_circuit_15_jpg.rf.53360a0ca126dae83effb1e159af2cf1.jpg,c1b10d56d039b8e9d0b655b135ad130a
Data/pcb_dataset1/pcb_dataset1_120/pcb_dataset1_120.jpg,pcb_dataset1_120.jpg,pcb_dataset1,04_mouse_bite_05_jpg.rf.3277b816041b935db1ebb874bc3d86f0.jpg,92b72f2a93b42885dbefe5038000780d
Data/pcb_dataset1/pcb_dataset1_121/pcb_dataset1_121.jpg,pcb_dataset1_121.jpg,pcb_dataset1,04_mouse_bite_06_jpg.rf.19c941fb049b6b6c7b60eb9cad4be98f.jpg,bfdd991525ef09acae000e58af935328
Data/pcb_dataset1/pcb_dataset1_122/pcb_dataset1_122.jpg,pcb_dataset1_122.jpg,pcb_dataset1,04_mouse_bite_07_jpg.rf.bc95dfa52c071f063c48a1bb08c5b245.jpg,cc740b8d3784a405dfbe469e51a093be
Data/pcb_dataset1/pcb_dataset1_123/pcb_dataset1_123.jpg,pcb_dataset1_123.jpg,pcb_dataset1,04_mouse_bite_11_jpg.rf.baa1f7a46c1d5149165593cce0133043.jpg,c0ac58ff2099ed01bbe208caa6dfe8d7
Data/pcb_dataset1/pcb_dataset1_124/pcb_dataset1_124.jpg,pcb_dataset1_124.jpg,pcb_dataset1,04_mouse_bite_12_jpg.rf.24ac92ff20e2788968ddec60079fe438.jpg,7a46991cb0206baab3d8903c8c822729
Data/pcb_dataset1/pcb_dataset1_125/pcb_dataset1_125.jpg,pcb_dataset1_125.jpg,pcb_dataset1,04_mouse_bite_14_jpg.rf.0fd032e3d557c7884769ec3519d2c219.jpg,bdb13a4bd220f2e74e66cf3aa8b58a0e
Data/pcb_dataset1/pcb_dataset1_126/pcb_dataset1_126.jpg,pcb_dataset1_126.jpg,pcb_dataset1,04_mouse_bite_16_jpg.rf.3e3ee39df4218cf10415edf875f1446f.jpg,2a0ed09da55131d79a927cd5792c41f7
Data/pcb_dataset1/pcb_dataset1_127/pcb_dataset1_127.jpg,pcb_dataset1_127.jpg,pcb_dataset1,04_mouse_bite_17_jpg.rf.10da402fbf65a0c94180255b09218b69.jpg,060db783c79c6b456f661f6e947f624a
Data/pcb_dataset1/pcb_dataset1_128/pcb_dataset1_128.jpg,pcb_dataset1_128.jpg,pcb_dataset1,04_mouse_bite_19_jpg.rf.75c8e4a718da22531a785ebe755e84c1.jpg,01ae2ae66127a3d60e3020242522f74b
Data/pcb_dataset1/pcb_dataset1_129/pcb_dataset1_129.jpg,pcb_dataset1_129.jpg,pcb_dataset1,05_missing_hole_01_jpg.rf.468b7c3d7a53519154093052b46eb510.jpg,493b2e33b06464507060a566936565e7
Data/pcb_dataset1/pcb_dataset1_13/pcb_dataset1_13.jpg,pcb_dataset1_13.jpg,pcb_dataset1,01_open_circuit_18_jpg.rf.46188735e08a97189f8377ec6b603d19.jpg,df11487be15941fbee7cd9fec537a979
Data/pcb_dataset1/pcb_dataset1_130/pcb_dataset1_130.jpg,pcb_dataset1_130.jpg,pcb_dataset1,05_missing_hole_02_jpg.rf.c487fc3d18a93ca6c9c781ce45f5877d.jpg,c240078d5da466e3489f1f050ba48ef7
Data/pcb_dataset1/pcb_dataset1_131/pcb_dataset1_131.jpg,pcb_dataset1_131.jpg,pcb_dataset1,05_missing_hole_03_jpg.rf.f51c8c58fa1067640433b41dcb4032eb.jpg,6471fcc66c15f116f970f5fe1c15ee43
Data/pcb_dataset1/pcb_dataset1_132/pcb_dataset1_132.jpg,pcb_dataset1_132.jpg,pcb_dataset1,05_missing_hole_04_jpg.rf.b2a788c8a653f6a2d37eb114242ca91a.jpg,ee077ce419a7b36afa0b8973aaf09bb4
Data/pcb_dataset1/pcb_dataset1_133/pcb_dataset1_133.jpg,pcb_dataset1_133.jpg,pcb_dataset1,05_missing_hole_05_jpg.rf.c7dab1dfedf3fc2c5de4c9e4157c4a1c.jpg,29e17f9f4e6080dbe215d1f78562aec7
Data/pcb_dataset1/pcb_dataset1_134/pcb_dataset1_134.jpg,pcb_dataset1_134.jpg,pcb_dataset1,05_missing_hole_06_jpg.rf.726a70a418df22858060ea9b9d974394.jpg,cd936eed44f57c78eff924bcce618284
Data/pcb_dataset1/pcb_dataset1_135/pcb_dataset1_135.jpg,pcb_dataset1_135.jpg,pcb_dataset1,05_missing_hole_08_jpg.rf.c3ed40b81123ef914092651d3d892141.jpg,5dcd1b2d28154b617acca06ef9ec629a
Data/pcb_dataset1/pcb_dataset1_136/pcb_dataset1_136.jpg,pcb_dataset1_136.jpg,pcb_dataset1,05_missing_hole_10_jpg.rf.a4e895fb57a8b59e574120e5aadb79a1.jpg,4f1afb5bae91875cff4f59ea87906c9d
Data/pcb_dataset1/pcb_dataset1_137/pcb_dataset1_137.jpg,pcb_dataset1_137.jpg,pcb_dataset1,06_missing_hole_01_jpg.rf.228cda822145a96c35703c91e5ac5b42.jpg,e2f7dcae21197fa3e68044ef9914928c
Data/pcb_dataset1/pcb_dataset1_138/pcb_dataset1_138.jpg,pcb_dataset1_138.jpg,pcb_dataset1,06_missing_hole_02_jpg.rf.2b9b9df3fbec7ac4f36eb80f7715a822.jpg,f7200fbd429c7328d7eb7500cf16dc81
Data/pcb_dataset1/pcb_dataset1_139/pcb_dataset1_139.jpg,pcb_dataset1_139.jpg,pcb_dataset1,06_missing_hole_03_jpg.rf.54d8fbed286d1cb0aaa056fc105e17db.jpg,d6de8f986f0f20d5d2245b211eb8475d
Data/pcb_dataset1/pcb_dataset1_14/pcb_dataset1_14.jpg,pcb_dataset1_14.jpg,pcb_dataset1,01_short_01_jpg.rf.e92967d319459705bd632368890c5a0e.jpg,8ea447443ed232c7fd9322953af7fbff
Data/pcb_dataset1/pcb_dataset1_140/pcb_dataset1_140.jpg,pcb_dataset1_140.jpg,pcb_dataset1,06_missing_hole_05_jpg.rf.517ca0d685ff3a275efab704dad46b1c.jpg,c316fe6c9fbdf6bb62c07f9b7fafc75c
Data/pcb_dataset1/pcb_dataset1_141/pcb_dataset1_141.jpg,pcb_dataset1_141.jpg,pcb_dataset1,06_missing_hole_07_jpg.rf.7fd0e8fdc997c72c571fcb0e9f46474f.jpg,307cc8cf378b65dcad51dea02926ce19
Data/pcb_dataset1/pcb_dataset1_142/pcb_dataset1_142.jpg,pcb_dataset1_142.jpg,pcb_dataset1,06_missing_hole_08_jpg.rf.2dffe0737a43c7a1b5aa6c42360f92a1.jpg,21d8c7132fb4f3bcc0a535739a07755e
Data/pcb_dataset1/pcb_dataset1_143/pcb_dataset1_143.jpg,pcb_dataset1_143.jpg,pcb_dataset1,06_missing_hole_09_jpg.rf.ab152d7836ad073acc534c15cd20390b.jpg,372c2af78938c6ab1ac64a1121089247
Data/pcb_dataset1/pcb_dataset1_144/pcb_dataset1_144.jpg,pcb_dataset1_144.jpg,pcb_dataset1,06_missing_hole_10_jpg.rf.71f945266021de40686c302b1496bc40.jpg,72d484b0cb77acdab7e28f43f68db717
Data/pcb_dataset1/pcb_dataset1_145/pcb_dataset1_145.jpg,pcb_dataset1_145.jpg,pcb_dataset1,07_missing_hole_01_jpg.rf.bced77a94662af39b2a998d5c3ab3f5b.jpg,afd6d41fe3cbc77f2afe8f13d10bee9a
Data/pcb_dataset1/pcb_dataset1_146/pcb_dataset1_146.jpg,pcb_dataset1_146.jpg,pcb_dataset1,07_missing_hole_02_jpg.rf.d6c7eb7f406d2995b58f6b6ffdaff60d.jpg,c24a1866861f282f7c497ce7dfcc99cb
Data/pcb_dataset1/pcb_dataset1_147/pcb_dataset1_147.jpg,pcb_dataset1_147.jpg,pcb_dataset1,07_missing_hole_03_jpg.rf.474dbf50435d3e6b468c18c8f5179001.jpg,892029a30b8b78a4971a2a59d55b40d7
Data/pcb_dataset1/pcb_dataset1_148/pcb_dataset1_148.jpg,pcb_dataset1_148.jpg,pcb_dataset1,07_missing_hole_04_jpg.rf.9eb604f915dc7182f5ba69fd63cee472.jpg,3fca5e0641ad8f6d552dbe1ec2d8875d
Data/pcb_dataset1/pcb_dataset1_149/pcb_dataset1_149.jpg,pcb_dataset1_149.jpg,pcb_dataset1,07_missing_hole_07_jpg.rf.946c9c4b72c2bb751d67001748065ecf.jpg,930af501c604ccda7239d4a7d690a248
Data/pcb_dataset1/pcb_dataset1_15/pcb_dataset1_15.jpg,pcb_dataset1_15.jpg,pcb_dataset1,01_short_09_jpg.rf.c2842ff321df76dcc15a6d652ff4059d.jpg,f73c2eca2507b6ce8de69eb2087398c8
Data/pcb_dataset1/pcb_dataset1_150/pcb_dataset1_150.jpg,pcb_dataset1_150.jpg,pcb_dataset1,07_missing_hole_08_jpg.rf.b83b95a3fd4d7130dc59743fdb55ad6a.jpg,f3447e932593bee370ebd29696b6bdca
Data/pcb_dataset1/pcb_dataset1_151/pcb_dataset1_151.jpg,pcb_dataset1_151.jpg,pcb_dataset1,07_missing_hole_10_jpg.rf.cd8daf6a4631b6fca0e860f977988226.jpg,4941298ed2e70449d31cdff855fff529
Data/pcb_dataset1/pcb_dataset1_152/pcb_dataset1_152.jpg,pcb_dataset1_152.jpg,pcb_dataset1,08_missing_hole_01_jpg.rf.315d79ab1f5a7a2a67bea5c2c45aa770.jpg,42b7f90783877f9c65f1064897698f99
Data/pcb_dataset1/pcb_dataset1_153/pcb_dataset1_153.jpg,pcb_dataset1_153.jpg,pcb_dataset1,08_missing_hole_03_jpg.rf.df9a89bffe409a2b77faee1886ca893e.jpg,8b1747e3a76d09b1558821ab6246f7bd
Data/pcb_dataset1/pcb_dataset1_154/pcb_dataset1_154.jpg,pcb_dataset1_154.jpg,pcb_dataset1,08_missing_hole_04_jpg.rf.be33058c10eb5ec4e98b6cc4bc7bbe3a.jpg,e4533482b7fc1ffa02b002f7fe718583
Data/pcb_dataset1/pcb_dataset1_155/pcb_dataset1_155.jpg,pcb_dataset1_155.jpg,pcb_dataset1,08_missing_hole_05_jpg.rf.acd3afd53cdd6ec91ce86c7e890527cd.jpg,df0505f23aa9d2349e219364c5716c68
Data/pcb_dataset1/pcb_dataset1_156/pcb_dataset1_156.jpg,pcb_dataset1_156.jpg,pcb_dataset1,08_missing_hole_08_jpg.rf.1c7646976c4e36b4a03056cb0df9490f.jpg,0a7c77a3b16d7494285cfe0c69828e73
Data/pcb_dataset1/pcb_dataset1_157/pcb_dataset1_157.jpg,pcb_dataset1_157.jpg,pcb_dataset1,08_missing_hole_09_jpg.rf.4656dac5b01e7fdf3f511791f1cef624.jpg,674ef0d731a4ee5345547c71bb72e328
Data/pcb_dataset1/pcb_dataset1_158/pcb_dataset1_158.jpg,pcb_dataset1_158.jpg,pcb_dataset1,08_missing_hole_10_jpg.rf.47f8c8d937e085437c0374e1b27f3253.jpg,d78cd8810dd3feb4b5a1e8183ec27137
Data/pcb_dataset1/pcb_dataset1_159/pcb_dataset1_159.jpg,pcb_dataset1_159.jpg,pcb_dataset1,09_missing_hole_02_jpg.rf.f7714f03ec393e82e183327e7ab1e8ef.jpg,7ef94b675ee538c533adc9037d514fb0
Data/pcb_dataset1/pcb_dataset1_16/pcb_dataset1_16.jpg,pcb_dataset1_16.jpg,pcb_dataset1,01_short_15_jpg.rf.96540ebc62bda986650c520f960c7805.jpg,db3761213fb1ed1a8f2c91a6a0d99a5b
Data/pcb_dataset1/pcb_dataset1_160/pcb_dataset1_160.jpg,pcb_dataset1_160.jpg,pcb_dataset1,09_missing_hole_04_jpg.rf.41621eec32814d1a72f475e76244c7be.jpg,4f719df6a816f1d91865c91879980adc
Data/pcb_dataset1/pcb_dataset1_161/pcb_dataset1_161.jpg,pcb_dataset1_161.jpg,pcb_dataset1,09_missing_hole_05_jpg.rf.a51fbaeef4ae5393f672cc2e8c9678e4.jpg,92c4de6d345491b792ee7f3f9e194325
Data/pcb_dataset1/pcb_dataset1_162/pcb_dataset1_162.jpg,pcb_dataset1_162.jpg,pcb_dataset1,09_missing_hole_07_jpg.rf.118cb2d090249dbe1f92db379d85d4e2.jpg,c334e4a990baf5a1177ee6b271f53294
Data/pcb_dataset1/pcb_dataset1_163/pcb_dataset1_163.jpg,pcb_dataset1_163.jpg,pcb_dataset1,09_missing_hole_08_jpg.rf.f830d7d4d55d4ac43de1f716d67a04b9.jpg,bc8dbe8da496906cd6582c66a556c14b
Data/pcb_dataset1/pcb_dataset1_164/pcb_dataset1_164.jpg,pcb_dataset1_164.jpg,pcb_dataset1,12_missing_hole_02_jpg.rf.7c88bef2a46b6447a38efeef7dc205b8.jpg,6f854ab57304616e7e33f152f98c660f
Data/pcb_dataset1/pcb_dataset1_165/pcb_dataset1_165.jpg,pcb_dataset1_165.jpg,pcb_dataset1,12_missing_hole_03_jpg.rf.2e4e0e5e6dd1dda8367cbfe6e9f59f25.jpg,660ca53fad716841d4e386a046f65055
Data/pcb_dataset1/pcb_dataset1_166/pcb_dataset1_166.jpg,pcb_dataset1_166.jpg,pcb_dataset1,12_missing_hole_04_jpg.rf.cb4cd11ddcc83840752ac83ea12f5426.jpg,b73edb4c22797cb99341add7a1b44206
Data/pcb_dataset1/pcb_dataset1_167/pcb_dataset1_167.jpg,pcb_dataset1_167.jpg,pcb_dataset1,12_missing_hole_05_jpg.rf.3bc2225c5555d2f4c8d19af0e1423efc.jpg,09fd67928b21a9daee5c0959ed6a40cf
Data/pcb_dataset1/pcb_dataset1_168/pcb_dataset1_168.jpg,pcb_dataset1_168.jpg,pcb_dataset1,12_missing_hole_07_jpg.rf.6b54c049a7bddc7c385f9585df706802.jpg,558d9a3054331ce788fe20b6713b8348
Data/pcb_dataset1/pcb_dataset1_169/pcb_dataset1_169.jpg,pcb_dataset1_169.jpg,pcb_dataset1,12_missing_hole_09_jpg.rf.0836baeb524f76cf197483aee78eedf6.jpg,28541bea66beb183b94e34918ec4b029
Data/pcb_dataset1/pcb_dataset1_17/pcb_dataset1_17.jpg,pcb_dataset1_17.jpg,pcb_dataset1,01_spur_05_jpg.rf.e09c11ccfe6c2ff096f20ef81ecdd11b.jpg,6dcdfbc38aea3d8f04f6126a620850d1
Data/pcb_dataset1/pcb_dataset1_170/pcb_dataset1_170.jpg,pcb_dataset1_170.jpg,pcb_dataset1,12_missing_hole_10_jpg.rf.ede60fdb746586b12527af8310ebb9f4.jpg,8fbf872d04cc488b2fc56a95dc644635
Data/pcb_dataset1/pcb_dataset1_171/pcb_dataset1_171.jpg,pcb_dataset1_171.jpg,pcb_dataset1,01_mouse_bite_05_jpg.rf.89e748d5eb1935d330fac69f45848605.jpg,02a84b4e5ae15fbe8165b4bca6412698
Data/pcb_dataset1/pcb_dataset1_172/pcb_dataset1_172.jpg,pcb_dataset1_172.jpg,pcb_dataset1,01_mouse_bite_14_jpg.rf.219cd47e0397167353011b768c7d95be.jpg,088ad583282b4baa08bb627b7bfef204
Data/pcb_dataset1/pcb_dataset1_173/pcb_dataset1_173.jpg,pcb_dataset1_173.jpg,pcb_dataset1,01_mouse_bite_15_jpg.rf.e92b17d7fc9527a3eab26a255a8d7d8b.jpg,ac803173792213711363a68c2867785a
Data/pcb_dataset1/pcb_dataset1_174/pcb_dataset1_174.jpg,pcb_dataset1_174.jpg,pcb_dataset1,01_mouse_bite_17_jpg.rf.a96acbe2445da457881e5978d6299fcf.jpg,47466efd19e9b621d43bb92750531778
Data/pcb_dataset1/pcb_dataset1_175/pcb_dataset1_175.jpg,pcb_dataset1_175.jpg,pcb_dataset1,01_mouse_bite_18_jpg.rf.c0caae75dd5cab379d3546d149bbd9ad.jpg,75195e6a8db54bdbf35ac0f5c2d49928
Data/pcb_dataset1/pcb_dataset1_176/pcb_dataset1_176.jpg,pcb_dataset1_176.jpg,pcb_dataset1,01_mouse_bite_19_jpg.rf.3c1541d10e0bccd3ea37124ef662226d.jpg,045474d5b886000cb2c81a5c3b05e414
Data/pcb_dataset1/pcb_dataset1_177/pcb_dataset1_177.jpg,pcb_dataset1_177.jpg,pcb_dataset1,01_open_circuit_01_jpg.rf.3a54a883326fba5722f6068fb6f40e64.jpg,fa1edf05b4a4b2b2a9108e5c069eed45
Data/pcb_dataset1/pcb_dataset1_178/pcb_dataset1_178.jpg,pcb_dataset1_178.jpg,pcb_dataset1,01_open_circuit_03_jpg.rf.f06ee9f37755834fa5436158f59d5163.jpg,56e91708cf57f257520e24fe61a123dc
Data/pcb_dataset1/pcb_dataset1_179/pcb_dataset1_179.jpg,pcb_dataset1_179.jpg,pcb_dataset1,01_open_circuit_04_jpg.rf.0cf5bbe0c16c9eef699a23a75547e888.jpg,4f194100046c7e802d3671ce539cf82f
Data/pcb_dataset1/pcb_dataset1_18/pcb_dataset1_18.jpg,pcb_dataset1_18.jpg,pcb_dataset1,01_spur_08_jpg.rf.dccb7efa59e2f3d8867859dba7ce7c87.jpg,005280cbffd37a04c64007aac301cfd0
Data/pcb_dataset1/pcb_dataset1_180/pcb_dataset1_180.jpg,pcb_dataset1_180.jpg,pcb_dataset1,01_open_circuit_05_jpg.rf.7b10a4071fc2edc81e8673e99158e840.jpg,2c18b152d11a7bd5157ae542446ab5fd
Data/pcb_dataset1/pcb_dataset1_181/pcb_dataset1_181.jpg,pcb_dataset1_181.jpg,pcb_dataset1,01_open_circuit_08_jpg.rf.b5822ef39b65505aaa954b24e6d04fad.jpg,a149135a009402ca38427249d450cf89
Data/pcb_dataset1/pcb_dataset1_182/pcb_dataset1_182.jpg,pcb_dataset1_182.jpg,pcb_dataset1,01_open_circuit_09_jpg.rf.02bbf3b3adc86d47a3d4bcbc7affb715.jpg,26ce54a3b406b18067b4c5ee6669689c
Data/pcb_dataset1/pcb_dataset1_183/pcb_dataset1_183.jpg,pcb_dataset1_183.jpg,pcb_dataset1,01_open_circuit_10_jpg.rf.a9b447c74fe8200327502b5ab1b82bd6.jpg,57d21b594da04e71be7d864f8cd7435d
Data/pcb_dataset1/pcb_dataset1_184/pcb_dataset1_184.jpg,pcb_dataset1_184.jpg,pcb_dataset1,01_open_circuit_13_jpg.rf.176276029dd492aeb31d185b9cd57049.jpg,c50a3e31a1abdc0d3faef681466bc73a
Data/pcb_dataset1/pcb_dataset1_185/pcb_dataset1_185.jpg,pcb_dataset1_185.jpg,pcb_dataset1,01_open_circuit_14_jpg.rf.c08b016b8dc9e28ba356548ae930b5d8.jpg,69bbd1fa1c785d919197d3d11b262b67
Data/pcb_dataset1/pcb_dataset1_186/pcb_dataset1_186.jpg,pcb_dataset1_186.jpg,pcb_dataset1,01_open_circuit_16_jpg.rf.6e6622f0d7e62a7eaf402167739b0220.jpg,72f5b63151dfbfc58a4b5a7e7eb8fd1e
Data/pcb_dataset1/pcb_dataset1_187/pcb_dataset1_187.jpg,pcb_dataset1_187.jpg,pcb_dataset1,01_open_circuit_17_jpg.rf.092c4e943f7e79515a826a9029e55217.jpg,86e8226f76c27b788110ea3553282285
Data/pcb_dataset1/pcb_dataset1_188/pcb_dataset1_188.jpg,pcb_dataset1_188.jpg,pcb_dataset1,01_open_circuit_19_jpg.rf.3ee381e502c5dae4e916765c1316daf4.jpg,f8a05b52810cf372f8a4f805e1f769ea
Data/pcb_dataset1/pcb_dataset1_189/pcb_dataset1_189.jpg,pcb_dataset1_189.jpg,pcb_dataset1,01_open_circuit_20_jpg.rf.73a87aa70aae6df50488547fa828327d.jpg,ef4a0603fa6e70472b44a7bedffb7b6d
Data/pcb_dataset1/pcb_dataset1_19/pcb_dataset1_19.jpg,pcb_dataset1_19.jpg,pcb_dataset1,01_spur_09_jpg.rf.75b659042f7a6380dfb62bd5fb3eb4b2.jpg,d5648902366e413474f0f25de588ce9d
Data/pcb_dataset1/pcb_dataset1_190/pcb_dataset1_190.jpg,pcb_dataset1_190.jpg,pcb_dataset1,01_short_02_jpg.rf.c72c1199374894fa47dc8bf22fe30f13.jpg,f3e33aacb070176f41699b110d4e5d03
Data/pcb_dataset1/pcb_dataset1_191/pcb_dataset1_191.jpg,pcb_dataset1_191.jpg,pcb_dataset1,01_short_03_jpg.rf.db61f0e80cfd2f0868b1b33d6a98ae63.jpg,2c27714969067fcdccb1050e89469715
Data/pcb_dataset1/pcb_dataset1_192/pcb_dataset1_192.jpg,pcb_dataset1_192.jpg,pcb_dataset1,01_short_04_jpg.rf.9739bc46e4d5cea99afd3e3c9337e162.jpg,4c41eaa500eba523cdf118bb9458f298
Data/pcb_dataset1/pcb_dataset1_193/pcb_dataset1_193.jpg,pcb_dataset1_193.jpg,pcb_dataset1,01_short_05_jpg.rf.b057b3dbf03169a43905b27822c89fde.jpg,5e8aec27681aae564c610b00fda3ca2c
Data/pcb_dataset1/pcb_dataset1_194/pcb_dataset1_194.jpg,pcb_dataset1_194.jpg,pcb_dataset1,01_short_06_jpg.rf.5fed16621067ccb053c88204219d218a.jpg,ff1eb61082a891597693ae99ab4985d7
Data/pcb_dataset1/pcb_dataset1_195/pcb_dataset1_195.jpg,pcb_dataset1_195.jpg,pcb_dataset1,01_short_07_jpg.rf.3d2c38868445d34d584137bf5b863ffa.jpg,c946bcece74721df63f739c45205f6a1
Data/pcb_dataset1/pcb_dataset1_196/pcb_dataset1_196.jpg,pcb_dataset1_196.jpg,pcb_dataset1,01_short_08_jpg.rf.5cbde96f143e7ce27e739fc988521d02.jpg,064b083b0b91a6d62427fc80da463c47
Data/pcb_dataset1/pcb_dataset1_197/pcb_dataset1_197.jpg,pcb_dataset1_197.jpg,pcb_dataset1,01_short_10_jpg.rf.ed54212ab4ab924990a8be9bcb5dfa5e.jpg,9e8a7610b33fa700a80df64e701285c6
Data/pcb_dataset1/pcb_dataset1_198/pcb_dataset1_198.jpg,pcb_dataset1_198.jpg,pcb_dataset1,01_short_11_jpg.rf.46116e619763a3a9f183b7f41503fa04.jpg,e21bc5908f6a395e988af48bc487020b
Data/pcb_dataset1/pcb_dataset1_199/pcb_dataset1_199.jpg,pcb_dataset1_199.jpg,pcb_dataset1,01_short_12_jpg.rf.8d6cce18a7c6a6775a6699eb0e989e57.jpg,718f971382109dae3711f70ba7f7587d
Data/pcb_dataset1/pcb_dataset1_2/pcb_dataset1_2.jpg,pcb_dataset1_2.jpg,pcb_dataset1,01_missing_hole_12_jpg.rf.3de97186aa1946b27f27631bc5838bbe.jpg,05e243397f54c5ac18de45d3e6c951b9
Data/pcb_dataset1/pcb_dataset1_20/pcb_dataset1_20.jpg,pcb_dataset1_20.jpg,pcb_dataset1,01_spur_14_jpg.rf.68174e77d8a75d0197cdcc6ee0a466e3.jpg,87f7e45a36b9d45ad0ea716413edde1d
Data/pcb_dataset1/pcb_dataset1_200/pcb_dataset1_200.jpg,pcb_dataset1_200.jpg,pcb_dataset1,01_short_13_jpg.rf.9ea434347d7d6045bb7065fc5523703a.jpg,d6fb0a25cd7374871d6eeeff0e71355a
Data/pcb_dataset1/pcb_dataset1_201/pcb_dataset1_201.jpg,pcb_dataset1_201.jpg,pcb_dataset1,01_short_14_jpg.rf.648952467c9695703173d07659b4e858.jpg,e9c4832f828c29d64ddf4847647bb3a4
Data/pcb_dataset1/pcb_dataset1_202/pcb_dataset1_202.jpg,pcb_dataset1_202.jpg,pcb_dataset1,01_short_16_jpg.rf.2545cde32fc2875bceef7a949a9bd4ce.jpg,67c23681bb71227b41a36c8f0048644d
Data/pcb_dataset1/pcb_dataset1_203/pcb_dataset1_203.jpg,pcb_dataset1_203.jpg,pcb_dataset1,01_short_17_jpg.rf.488c54c91e8fe568ea9e99be2fcc6c60.jpg,369488d9f607bf580ddcdf6f079b69f2
Data/pcb_dataset1/pcb_dataset1_204/pcb_dataset1_204.jpg,pcb_dataset1_204.jpg,pcb_dataset1,01_short_18_jpg.rf.6ba5350cbd31930c8d5cf71fd5bd634c.jpg,40348acf65c80e224888f9ae7264ee1f
Data/pcb_dataset1/pcb_dataset1_205/pcb_dataset1_205.jpg,pcb_dataset1_205.jpg,pcb_dataset1,01_short_19_jpg.rf.911be0b417dbfcc03795d50acfc4357b.jpg,3aaea1b31a757e067947c7ebfcb7382b
Data/pcb_dataset1/pcb_dataset1_206/pcb_dataset1_206.jpg,pcb_dataset1_206.jpg,pcb_dataset1,01_short_20_jpg.rf.bb4facef229c98ba70cecbd6f16d56e7.jpg,57233f4053650ec6a89943c3ac703846
Data/pcb_dataset1/pcb_dataset1_207/pcb_dataset1_207.jpg,pcb_dataset1_207.jpg,pcb_dataset1,01_spur_01_jpg.rf.9aa09f4da58aebcc7d1de4a03c799480.jpg,ee5987781714975a89779792071a0935
Data/pcb_dataset1/pcb_dataset1_208/pcb_dataset1_208.jpg,pcb_dataset1_208.jpg,pcb_dataset1,01_spur_02_jpg.rf.8d03ee3a9d9f3623348d24373ad04ba7.jpg,4e1750dc53dd59a4f7988eddb41bcbda
Data/pcb_dataset1/pcb_dataset1_209/pcb_dataset1_209.jpg,pcb_dataset1_209.jpg,pcb_dataset1,01_spur_03_jpg.rf.7262ac0415cce7456eb1f759e6fa3f85.jpg,a5e927bacd1b825dc020094f7971548f
Data/pcb_dataset1/pcb_dataset1_21/pcb_dataset1_21.jpg,pcb_dataset1_21.jpg,pcb_dataset1,01_spur_15_jpg.rf.660c9902185c8c6c1deef90d3b013ad3.jpg,1c4305a6d73af318fe440b37944c2d17
Data/pcb_dataset1/pcb_dataset1_210/pcb_dataset1_210.jpg,pcb_dataset1_210.jpg,pcb_dataset1,01_spur_04_jpg.rf.5d701e8f51a34e85c623a54316e1bc39.jpg,d0832da250ef21f57fb8359f07648a15
Data/pcb_dataset1/pcb_dataset1_211/pcb_dataset1_211.jpg,pcb_dataset1_211.jpg,pcb_dataset1,01_spur_06_jpg.rf.603566bb4822d386bfefbba09b8ff16f.jpg,21a4bfdbd908c3b912c69f701775bc34
Data/pcb_dataset1/pcb_dataset1_212/pcb_dataset1_212.jpg,pcb_dataset1_212.jpg,pcb_dataset1,01_spur_07_jpg.rf.9dd489abe5484fc9e5624ae54186bf0c.jpg,53234b74162f1c9185d5235fb69cf4a3
Data/pcb_dataset1/pcb_dataset1_213/pcb_dataset1_213.jpg,pcb_dataset1_213.jpg,pcb_dataset1,01_spur_10_jpg.rf.03cd35f70fc0780df2fc91e8b351b67e.jpg,69f5eea5eea2a84881a6a4fd99c1ff65
Data/pcb_dataset1/pcb_dataset1_214/pcb_dataset1_214.jpg,pcb_dataset1_214.jpg,pcb_dataset1,01_spur_11_jpg.rf.046a7e8c1f9cd2843e4844d92b5126bb.jpg,0fdf3a9a138e0f33f4b17aed8cb1b6f0
Data/pcb_dataset1/pcb_dataset1_215/pcb_dataset1_215.jpg,pcb_dataset1_215.jpg,pcb_dataset1,01_spur_12_jpg.rf.eddd85131a41b5caed34c607658c2b49.jpg,f6fd58b480b6d8bc4939e9ef1749d28b
Data/pcb_dataset1/pcb_dataset1_216/pcb_dataset1_216.jpg,pcb_dataset1_216.jpg,pcb_dataset1,01_spur_13_jpg.rf.309b0534b2bea9439cfd866fa3e44c96.jpg,5e32ccc81119740e1c00085604816ad6
Data/pcb_dataset1/pcb_dataset1_217/pcb_dataset1_217.jpg,pcb_dataset1_217.jpg,pcb_dataset1,01_spur_16_jpg.rf.3ece9b8b05d496bc74eeecbdfa1ef123.jpg,5389ee69d1910c1288221e55980536b7
Data/pcb_dataset1/pcb_dataset1_218/pcb_dataset1_218.jpg,pcb_dataset1_218.jpg,pcb_dataset1,01_spur_18_jpg.rf.a59ca41324e316d4891924b50a06d41c.jpg,36ae3c7cc62ca554550a2e23cea16a87
Data/pcb_dataset1/pcb_dataset1_219/pcb_dataset1_219.jpg,pcb_dataset1_219.jpg,pcb_dataset1,01_spur_19_jpg.rf.c656f4431beb0967f39c78332a5d2e5a.jpg,8c9cd93dbc7c159407bba120396ebd15
Data/pcb_dataset1/pcb_dataset1_22/pcb_dataset1_22.jpg,pcb_dataset1_22.jpg,pcb_dataset1,01_spur_17_jpg.rf.fbffd2218ec3320acbb427d53734d42b.jpg,8f0007ed1808484db1b6fbe344925f4b
Data/pcb_dataset1/pcb_dataset1_220/pcb_dataset1_220.jpg,pcb_dataset1_220.jpg,pcb_dataset1,01_spur_20_jpg.rf.ef877d9c8255313b5eb41dcf826e9fb2.jpg,f7754e0186ddfbdc19b13868674081b5
Data/pcb_dataset1/pcb_dataset1_221/pcb_dataset1_221.jpg,pcb_dataset1_221.jpg,pcb_dataset1,04_missing_hole_15_jpg.rf.4c20d42bf196e3b3aba8a829a26898b9.jpg,0ed097e38363abfcd419d1eb63e59e98
Data/pcb_dataset1/pcb_dataset1_222/pcb_dataset1_222.jpg,pcb_dataset1_222.jpg,pcb_dataset1,04_missing_hole_17_jpg.rf.0fc6f6729c3e0c49ef56618809f66b18.jpg,3c238b911f0dc77e21acd5158f2184db
Data/pcb_dataset1/pcb_dataset1_223/pcb_dataset1_223.jpg,pcb_dataset1_223.jpg,pcb_dataset1,04_mouse_bite_04_jpg.rf.30462407ee4596e2637a850cdff6cbba.jpg,a770d4d76fb8e37f44750ab0c139e710
Data/pcb_dataset1/pcb_dataset1_224/pcb_dataset1_224.jpg,pcb_dataset1_224.jpg,pcb_dataset1,04_mouse_bite_08_jpg.rf.04010644118f1413b331d43c1f719dfc.jpg,a39332da87379418b90a37d98d84000c
Data/pcb_dataset1/pcb_dataset1_225/pcb_dataset1_225.jpg,pcb_dataset1_225.jpg,pcb_dataset1,04_mouse_bite_09_jpg.rf.be2d8432423c06dcd16a4288ceb7ae64.jpg,3278101ee1d0926180c7cbb4a4700b77
Data/pcb_dataset1/pcb_dataset1_226/pcb_dataset1_226.jpg,pcb_dataset1_226.jpg,pcb_dataset1,04_mouse_bite_13_jpg.rf.0f48183035806abe0514c530115f8b2d.jpg,0fc592745299c179be5bb2f652e3b3a9
Data/pcb_dataset1/pcb_dataset1_227/pcb_dataset1_227.jpg,pcb_dataset1_227.jpg,pcb_dataset1,04_mouse_bite_18_jpg.rf.f45c13baf2ce5f367b0046f2f6fbbe38.jpg,3cab9704cf02d11e076df4e46394d141
Data/pcb_dataset1/pcb_dataset1_228/pcb_dataset1_228.jpg,pcb_dataset1_228.jpg,pcb_dataset1,04_mouse_bite_20_jpg.rf.15e376ac603959319b7b2c800c98d099.jpg,cb9fd0cb2bdfd73a8e316527c6229748
Data/pcb_dataset1/pcb_dataset1_229/pcb_dataset1_229.jpg,pcb_dataset1_229.jpg,pcb_dataset1,04_open_circuit_01_jpg.rf.1526c7bed3a1841c90a35873e3605f25.jpg,7db03e91e84e5329f8239e25a63822cd
Data/pcb_dataset1/pcb_dataset1_23/pcb_dataset1_23.jpg,pcb_dataset1_23.jpg,pcb_dataset1,04_mouse_bite_10_jpg.rf.94c0a23b7452957970cd32a29b4ee95b.jpg,3461081d66258a6e4e9cb9e2fd59aa49
Data/pcb_dataset1/pcb_dataset1_230/pcb_dataset1_230.jpg,pcb_dataset1_230.jpg,pcb_dataset1,04_open_circuit_02_jpg.rf.3e61292f24807536ae137fc49f0a121d.jpg,ccd17912cb8282ea0fb9718552edfaea
Data/pcb_dataset1/pcb_dataset1_231/pcb_dataset1_231.jpg,pcb_dataset1_231.jpg,pcb_dataset1,04_open_circuit_03_jpg.rf.43d3e23f969fe25cbb932dd496272ffd.jpg,32825f0c2f855181a6a19aaef509eceb
Data/pcb_dataset1/pcb_dataset1_232/pcb_dataset1_232.jpg,pcb_dataset1_232.jpg,pcb_dataset1,04_open_circuit_04_jpg.rf.e4a1f1ea6545d7c3b1d64b0fba0ad32d.jpg,716d48ce5ee837be2a6ff5f9515eca85
Data/pcb_dataset1/pcb_dataset1_233/pcb_dataset1_233.jpg,pcb_dataset1_233.jpg,pcb_dataset1,04_open_circuit_05_jpg.rf.f52eebf964b627e4be6ca15828abea33.jpg,fcc4769cf13e3efdf6d50afd237a171c
Data/pcb_dataset1/pcb_dataset1_234/pcb_dataset1_234.jpg,pcb_dataset1_234.jpg,pcb_dataset1,04_open_circuit_06_jpg.rf.5dc4af563807fbc4923eaed67f8f278f.jpg,d60f0b7875986cad6d876940c716da48
Data/pcb_dataset1/pcb_dataset1_235/pcb_dataset1_235.jpg,pcb_dataset1_235.jpg,pcb_dataset1,04_open_circuit_07_jpg.rf.6d0115f183c68ab532a5e0cabf5a0ee3.jpg,247876863b1d902df14da8d2d14719db
Data/pcb_dataset1/pcb_dataset1_236/pcb_dataset1_236.jpg,pcb_dataset1_236.jpg,pcb_dataset1,04_open_circuit_08_jpg.rf.d220b18ebe7ce9971377a8b2af42a9a1.jpg,3b781a103ffb51d9a29a928e40ee916f
Data/pcb_dataset1/pcb_dataset1_237/pcb_dataset1_237.jpg,pcb_dataset1_237.jpg,pcb_dataset1,04_open_circuit_09_jpg.rf.9813446c666691e07532291c15c0991b.jpg,700e5a71c8b4721dfe4d7e80af1c580b
Data/pcb_dataset1/pcb_dataset1_238/pcb_dataset1_238.jpg,pcb_dataset1_238.jpg,pcb_dataset1,04_open_circuit_10_jpg.rf.6f3602c4ebbb73c06a47bbb8c9b03a84.jpg,7375985d07d9c7881bbed88cd85759c3
Data/pcb_dataset1/pcb_dataset1_239/pcb_dataset1_239.jpg,pcb_dataset1_239.jpg,pcb_dataset1,04_open_circuit_11_jpg.rf.635ca236b21d279a006ef272861530ed.jpg,baaebbe2cd7e106ba2058ddb56ad267a
Data/pcb_dataset1/pcb_dataset1_24/pcb_dataset1_24.jpg,pcb_dataset1_24.jpg,pcb_dataset1,04_mouse_bite_15_jpg.rf.e5f2f28af24f21c43d54a8de404d7568.jpg,4c5b3ad648eba873735c7795b65b8a1d
Data/pcb_dataset1/pcb_dataset1_240/pcb_dataset1_240.jpg,pcb_dataset1_240.jpg,pcb_dataset1,04_open_circuit_12_jpg.rf.caad14927848c3952cb095a543d41c4c.jpg,3724837f5c3fcc2212e7c33ab34a371d
Data/pcb_dataset1/pcb_dataset1_241/pcb_dataset1_241.jpg,pcb_dataset1_241.jpg,pcb_dataset1,04_open_circuit_13_jpg.rf.0c30c201b150948b73995027a0d10575.jpg,f833d7c9319904e7b2c45946f3b447e8
Data/pcb_dataset1/pcb_dataset1_242/pcb_dataset1_242.jpg,pcb_dataset1_242.jpg,pcb_dataset1,04_open_circuit_14_jpg.rf.bf894ea86bf18114a7013d861d9ebbb6.jpg,2d8525b2cf45bb77a0682e09ea990c89
Data/pcb_dataset1/pcb_dataset1_243/pcb_dataset1_243.jpg,pcb_dataset1_243.jpg,pcb_dataset1,04_open_circuit_15_jpg.rf.72e5f9d693f23f3a658caba91acdbb07.jpg,15813a00e6ef98ad434529fed1cce346
Data/pcb_dataset1/pcb_dataset1_244/pcb_dataset1_244.jpg,pcb_dataset1_244.jpg,pcb_dataset1,04_open_circuit_16_jpg.rf.29186a864e03bc9093afbf701b9b40a3.jpg,1dc8a1ac7b7a0920a41beb481dbf3e21
Data/pcb_dataset1/pcb_dataset1_245/pcb_dataset1_245.jpg,pcb_dataset1_245.jpg,pcb_dataset1,04_open_circuit_17_jpg.rf.c6141b26b43388a663bdc3f4a7702e8f.jpg,47d960e934d7c9261ba11ca980c63484
Data/pcb_dataset1/pcb_dataset1_246/pcb_dataset1_246.jpg,pcb_dataset1_246.jpg,pcb_dataset1,04_open_circuit_18_jpg.rf.3f0f343c8721a5de38edb6fb9c31a61c.jpg,b65c855eb794421bf24838b7298312f5
Data/pcb_dataset1/pcb_dataset1_247/pcb_dataset1_247.jpg,pcb_dataset1_247.jpg,pcb_dataset1,04_open_circuit_19_jpg.rf.2dbda8e01830ffa496a9732b8c9f672c.jpg,365a5b20df672595ae1e289e649700d1
Data/pcb_dataset1/pcb_dataset1_248/pcb_dataset1_248.jpg,pcb_dataset1_248.jpg,pcb_dataset1,04_open_circuit_20_jpg.rf.4f0a122acde1e2fa16cf38a67d2fe5e2.jpg,42afe21798e0a95842772d48af367f16
Data/pcb_dataset1/pcb_dataset1_249/pcb_dataset1_249.jpg,pcb_dataset1_249.jpg,pcb_dataset1,04_short_01_jpg.rf.8a990a441fa17fa6a50b167f22650185.jpg,d71c79450524ad2f218722a74c68b974
Data/pcb_dataset1/pcb_dataset1_25/pcb_dataset1_25.jpg,pcb_dataset1_25.jpg,pcb_dataset1,04_spur_06_jpg.rf.44b01420d567519da9bf8385d897c24e.jpg,7da422de46c06c8508d4cd92ce2f834e
Data/pcb_dataset1/pcb_dataset1_250/pcb_dataset1_250.jpg,pcb_dataset1_250.jpg,pcb_dataset1,04_short_02_jpg.rf.fa5d803458aa32e83ae5307366226568.jpg,9601c8f54b7c0a1c606bde37761232d3
Data/pcb_dataset1/pcb_dataset1_251/pcb_dataset1_251.jpg,pcb_dataset1_251.jpg,pcb_dataset1,04_short_03_jpg.rf.72cf834bc6b456ef7d8af47d5af4ceca.jpg,937bfea94765c4920b6d3f7425818175
Data/pcb_dataset1/pcb_dataset1_252/pcb_dataset1_252.jpg,pcb_dataset1_252.jpg,pcb_dataset1,04_short_04_jpg.rf.5c365e733930189d139966a87598069b.jpg,52ed452f407ab8acbf389bda18630b4d
Data/pcb_dataset1/pcb_dataset1_253/pcb_dataset1_253.jpg,pcb_dataset1_253.jpg,pcb_dataset1,04_short_05_jpg.rf.85fe980ee050d5f66a6c53baef95f33f.jpg,c28a8b2318db997cc1b0bf0cbfe3bc63
Data/pcb_dataset1/pcb_dataset1_254/pcb_dataset1_254.jpg,pcb_dataset1_254.jpg,pcb_dataset1,04_short_06_jpg.rf.1d73cbec752016c902283eb4336576cf.jpg,2c160437171725387b294c34ebbd42a6
Data/pcb_dataset1/pcb_dataset1_255/pcb_dataset1_255.jpg,pcb_dataset1_255.jpg,pcb_dataset1,04_short_07_jpg.rf.08fbdcae641cbf9133b0868182d98626.jpg,93377d1dd197bbdee58bdca334ba53c3
Data/pcb_dataset1/pcb_dataset1_256/pcb_dataset1_256.jpg,pcb_dataset1_256.jpg,pcb_dataset1,04_short_08_jpg.rf.01d25da40a590c974be047dea8ba3184.jpg,628eebc84b5acb25465ebed0d4a166d3
Data/pcb_dataset1/pcb_dataset1_257/pcb_dataset1_257.jpg,pcb_dataset1_257.jpg,pcb_dataset1,04_short_09_jpg.rf.8ea5773b074c3749cfbf1a3e79a25eb9.jpg,84848e3a6ddf05f5cc4ce5a65032b829
Data/pcb_dataset1/pcb_dataset1_258/pcb_dataset1_258.jpg,pcb_dataset1_258.jpg,pcb_dataset1,04_short_10_jpg.rf.17e51898d2c37edc6a5a451ce61102e5.jpg,f9fc3d2387fad05062a737baac230e78
Data/pcb_dataset1/pcb_dataset1_259/pcb_dataset1_259.jpg,pcb_dataset1_259.jpg,pcb_dataset1,04_short_11_jpg.rf.d5d3926fb773861b9424c2f7f273485d.jpg,1cfbf476f56049c5704a410b65f082ce
Data/pcb_dataset1/pcb_dataset1_26/pcb_dataset1_26.jpg,pcb_dataset1_26.jpg,pcb_dataset1,04_spur_08_jpg.rf.98834d4573058f5ce3688dbb53b8c031.jpg,5a94f7cd4f1021636b653bc50b391e11
Data/pcb_dataset1/pcb_dataset1_260/pcb_dataset1_260.jpg,pcb_dataset1_260.jpg,pcb_dataset1,04_short_12_jpg.rf.f95331eb8cb5e9591033b0661919847f.jpg,e6f2a970bc807b0064ddccbdd783d890
Data/pcb_dataset1/pcb_dataset1_261/pcb_dataset1_261.jpg,pcb_dataset1_261.jpg,pcb_dataset1,04_short_13_jpg.rf.b30125704e33edff25277bf55f779bdf.jpg,216221b13acd912181f2b85e46f62352
Data/pcb_dataset1/pcb_dataset1_262/pcb_dataset1_262.jpg,pcb_dataset1_262.jpg,pcb_dataset1,04_short_14_jpg.rf.542cf01a4d8b47fdc82174eba26a8091.jpg,8d796362107be50e53c6a1f5fc72e854
Data/pcb_dataset1/pcb_dataset1_263/pcb_dataset1_263.jpg,pcb_dataset1_263.jpg,pcb_dataset1,04_short_15_jpg.rf.8f7aa6d55e71eb6532837f41dc4da1dc.jpg,9725c5cc05a4014ac418124977c8d771
Data/pcb_dataset1/pcb_dataset1_264/pcb_dataset1_264.jpg,pcb_dataset1_264.jpg,pcb_dataset1,04_short_16_jpg.rf.c691f79db3749d848b124edf2c6ee411.jpg,646d1ea5cb6f38880a3ba5e1f7e7aab4
Data/pcb_dataset1/pcb_dataset1_265/pcb_dataset1_265.jpg,pcb_dataset1_265.jpg,pcb_dataset1,04_short_17_jpg.rf.3ab65fa8ae1aa769fe1be152c843b2e7.jpg,972e300c7ed3f398fb596d81d5dba43e
Data/pcb_dataset1/pcb_dataset1_266/pcb_dataset1_266.jpg,pcb_dataset1_266.jpg,pcb_dataset1,04_short_18_jpg.rf.a5c9333ec69d242d6a3ab3db6e09d376.jpg,064c02daca88dfca437ade350c607c56
Data/pcb_dataset1/pcb_dataset1_267/pcb_dataset1_267.jpg,pcb_dataset1_267.jpg,pcb_dataset1,04_short_19_jpg.rf.e95eaa8a33c491d416d633d0bf240599.jpg,e8935a5f3fa559255dc7143c1731d5a1
Data/pcb_dataset1/pcb_dataset1_268/pcb_dataset1_268.jpg,pcb_dataset1_268.jpg,pcb_dataset1,04_short_20_jpg.rf.f56ad626f00287b7fe3a7666d3c026ad.jpg,68a23f71d298e574de7ec3ca5242bffb
Data/pcb_dataset1/pcb_dataset1_269/pcb_dataset1_269.jpg,pcb_dataset1_269.jpg,pcb_dataset1,04_spur_01_jpg.rf.b3e72719fb67cc52e70540ca0ba433a1.jpg,1c047a1f4f6676a4cdc6a8bfb01cc308
Data/pcb_dataset1/pcb_dataset1_27/pcb_dataset1_27.jpg,pcb_dataset1_27.jpg,pcb_dataset1,04_spur_11_jpg.rf.fb0d5fb48a3b97a9303dc6725bf8d256.jpg,c90fe25729b8840eb45cff92ad8afc5d
Data/pcb_dataset1/pcb_dataset1_270/pcb_dataset1_270.jpg,pcb_dataset1_270.jpg,pcb_dataset1,04_spur_02_jpg.rf.26694b13f257781d19027025fd295f6d.jpg,1c1df8a8669568c0e9aa8536dc4c51dd
Data/pcb_dataset1/pcb_dataset1_271/pcb_dataset1_271.jpg,pcb_dataset1_271.jpg,pcb_dataset1,04_spur_03_jpg.rf.6df96ee0668c8087304f267d4169479d.jpg,0f51608bcecde75c3a9ae2422949e8bd
Data/pcb_dataset1/pcb_dataset1_272/pcb_dataset1_272.jpg,pcb_dataset1_272.jpg,pcb_dataset1,04_spur_04_jpg.rf.0703134446b545d388461ee3d43a195e.jpg,293b8df73018773c1d3b88f489cf795b
Data/pcb_dataset1/pcb_dataset1_273/pcb_dataset1_273.jpg,pcb_dataset1_273.jpg,pcb_dataset1,04_spur_05_jpg.rf.cc59c74e1fce136199f09519b2d02dc2.jpg,0a639c44fd438c0731487441a73d8744
Data/pcb_dataset1/pcb_dataset1_274/pcb_dataset1_274.jpg,pcb_dataset1_274.jpg,pcb_dataset1,04_spur_07_jpg.rf.0535808a5bfcb0c9a926ae26e71dc6bb.jpg,7e9f71fadc50b71ee521c132bc9fe928
Data/pcb_dataset1/pcb_dataset1_275/pcb_dataset1_275.jpg,pcb_dataset1_275.jpg,pcb_dataset1,04_spur_09_jpg.rf.1681b45a5d59ef12349baa7463661ae4.jpg,a5613aea8bc8a49f696da67ccb88f97d
Data/pcb_dataset1/pcb_dataset1_276/pcb_dataset1_276.jpg,pcb_dataset1_276.jpg,pcb_dataset1,04_spur_10_jpg.rf.fe2725934a7f73cff8d19ac238d72711.jpg,744fee28e9d8d843fe2e8e9fb088b537
Data/pcb_dataset1/pcb_dataset1_277/pcb_dataset1_277.jpg,pcb_dataset1_277.jpg,pcb_dataset1,04_spur_13_jpg.rf.11924dae4d549c69fc46ed7cc96bae3d.jpg,a2240ce8c637ade9251709f557b958ad
Data/pcb_dataset1/pcb_dataset1_278/pcb_dataset1_278.jpg,pcb_dataset1_278.jpg,pcb_dataset1,04_spur_14_jpg.rf.e81f1720a7fa134b4ea8731d2f0774bd.jpg,689738f9846c51777caf3800eaaa01ea
Data/pcb_dataset1/pcb_dataset1_279/pcb_dataset1_279.jpg,pcb_dataset1_279.jpg,pcb_dataset1,04_spur_16_jpg.rf.c9c4b44665692a9567933956da6ebfca.jpg,ee6dcf40be2799a68459f3d26eae4361
Data/pcb_dataset1/pcb_dataset1_28/pcb_dataset1_28.jpg,pcb_dataset1_28.jpg,pcb_dataset1,04_spur_12_jpg.rf.bc220268bdcd9488f87fd96004c7de14.jpg,660d34a6c5bdf73492aa93be40dbb69a
Data/pcb_dataset1/pcb_dataset1_280/pcb_dataset1_280.jpg,pcb_dataset1_280.jpg,pcb_dataset1,04_spur_18_jpg.rf.546e868797ab6067868df290baf02c53.jpg,6d34c57f341a0e26a21a1870ddf5aab6
Data/pcb_dataset1/pcb_dataset1_281/pcb_dataset1_281.jpg,pcb_dataset1_281.jpg,pcb_dataset1,04_spur_19_jpg.rf.04255d5084b037dea40db3106ade010e.jpg,78a988378cecd5e1a787255fc0f0c94f
Data/pcb_dataset1/pcb_dataset1_282/pcb_dataset1_282.jpg,pcb_dataset1_282.jpg,pcb_dataset1,04_spur_20_jpg.rf.15bdb07cf64163e4fc5ad4ab7486be9a.jpg,0da8e70e2ad59012b62554830cf95803
Data/pcb_dataset1/pcb_dataset1_283/pcb_dataset1_283.jpg,pcb_dataset1_283.jpg,pcb_dataset1,05_missing_hole_07_jpg.rf.3bf3b2bc886e42fa8a2cc527216d63de.jpg,24a9aea7c20ef738fe85681c00b164d3
Data/pcb_dataset1/pcb_dataset1_284/pcb_dataset1_284.jpg,pcb_dataset1_284.jpg,pcb_dataset1,05_mouse_bite_01_jpg.rf.90a797621f0e635a33027edf32334fc4.jpg,3dddc6c11ceb164152d5903e106e347f
Data/pcb_dataset1/pcb_dataset1_285/pcb_dataset1_285.jpg,pcb_dataset1_285.jpg,pcb_dataset1,05_mouse_bite_02_jpg.rf.a1349b3d54849de9a76dbfa3e9a37f87.jpg,f01c7e3a83be75929d6e19f0011976b0
Data/pcb_dataset1/pcb_dataset1_286/pcb_dataset1_286.jpg,pcb_dataset1_286.jpg,pcb_dataset1,05_mouse_bite_03_jpg.rf.ef31c09781409f071392fda1ed4510fa.jpg,d23eec0e01dbd73c3b541d163c7bde6a
Data/pcb_dataset1/pcb_dataset1_287/pcb_dataset1_287.jpg,pcb_dataset1_287.jpg,pcb_dataset1,05_mouse_bite_04_jpg.rf.04b519a738737d8168b585aded2aeea5.jpg,b188ed907d8a17739379d6b6533b7bff
Data/pcb_dataset1/pcb_dataset1_288/pcb_dataset1_288.jpg,pcb_dataset1_288.jpg,pcb_dataset1,05_mouse_bite_05_jpg.rf.4884aef0e5f6b37869043e8aba8493a2.jpg,3eff7114845fbff9c642d9d9c69e66dc
Data/pcb_dataset1/pcb_dataset1_289/pcb_dataset1_289.jpg,pcb_dataset1_289.jpg,pcb_dataset1,05_mouse_bite_06_jpg.rf.b121d4b15833ff590e6be527dc3d899a.jpg,6fe0415bfd0fbe6e389da77ce903d762
Data/pcb_dataset1/pcb_dataset1_29/pcb_dataset1_29.jpg,pcb_dataset1_29.jpg,pcb_dataset1,04_spur_15_jpg.rf.b5d958b6833b8132b5aec5b889754d51.jpg,f94a7b3620bb4076b475c6240d7a1003
Data/pcb_dataset1/pcb_dataset1_290/pcb_dataset1_290.jpg,pcb_dataset1_290.jpg,pcb_dataset1,05_mouse_bite_07_jpg.rf.07a6a08266ce0db5d9d885803a9e218b.jpg,2c6506975ab62c2aac58e1042c41de08
Data/pcb_dataset1/pcb_dataset1_291/pcb_dataset1_291.jpg,pcb_dataset1_291.jpg,pcb_dataset1,05_mouse_bite_08_jpg.rf.c7e22067268f52659d8d99eb4ec53e3e.jpg,113e26c38cdb7ef3fa728ffe44eb28f7
Data/pcb_dataset1/pcb_dataset1_292/pcb_dataset1_292.jpg,pcb_dataset1_292.jpg,pcb_dataset1,05_mouse_bite_09_jpg.rf.547b9a6fbdf697573a86e1e26c5974df.jpg,a47882ffd535a62706a6735a7151c074
Data/pcb_dataset1/pcb_dataset1_293/pcb_dataset1_293.jpg,pcb_dataset1_293.jpg,pcb_dataset1,05_mouse_bite_10_jpg.rf.a06c9fcec9c0de31276007077df94854.jpg,1756de50766146b11b6f22f613700dc4
Data/pcb_dataset1/pcb_dataset1_294/pcb_dataset1_294.jpg,pcb_dataset1_294.jpg,pcb_dataset1,05_open_circuit_01_jpg.rf.c93d8cc561638c8dd4c48332a2db6801.jpg,012c76aa19e2060de77731cb70e4d282
Data/pcb_dataset1/pcb_dataset1_295/pcb_dataset1_295.jpg,pcb_dataset1_295.jpg,pcb_dataset1,05_open_circuit_03_jpg.rf.09f7d304ba6209a06c9b6d5c499b95e0.jpg,e627b9e02ab42fa756cbe442f8288365
Data/pcb_dataset1/pcb_dataset1_296/pcb_dataset1_296.jpg,pcb_dataset1_296.jpg,pcb_dataset1,05_open_circuit_04_jpg.rf.b4b9b8b7c90ac7826ffda5c14435a634.jpg,506cf53596bfd4bab7699ce1579bc181
Data/pcb_dataset1/pcb_dataset1_297/pcb_dataset1_297.jpg,pcb_dataset1_297.jpg,pcb_dataset1,05_open_circuit_05_jpg.rf.ad334ac63f3920636488dabd1b9c51bf.jpg,ecd50c8701c34113c4ab040aadf37b43
Data/pcb_dataset1/pcb_dataset1_298/pcb_dataset1_298.jpg,pcb_dataset1_298.jpg,pcb_dataset1,05_open_circuit_06_jpg.rf.79899550d060bb059800f050f4ab1e35.jpg,cf0152ea64c8ead5dd2e5d59799b6968
Data/pcb_dataset1/pcb_dataset1_299/pcb_dataset1_299.jpg,pcb_dataset1_299.jpg,pcb_dataset1,05_open_circuit_08_jpg.rf.9e07670a82667270d924a695948c8042.jpg,587bac03e416b0f42902d8648533fdff
Data/pcb_dataset1/pcb_dataset1_3/pcb_dataset1_3.jpg,pcb_dataset1_3.jpg,pcb_dataset1,01_missing_hole_18_jpg.rf.e54f3c0a39bee5e34b4cce5470687628.jpg,9f91b82dd8e8c3ce4c2cb583bf54299e
Data/pcb_dataset1/pcb_dataset1_30/pcb_dataset1_30.jpg,pcb_dataset1_30.jpg,pcb_dataset1,04_spur_17_jpg.rf.b9e46cf9a925fb7e47e9dbadd94bac2a.jpg,db85afdace070cd25e43746ed4079fea
Data/pcb_dataset1/pcb_dataset1_300/pcb_dataset1_300.jpg,pcb_dataset1_300.jpg,pcb_dataset1,05_open_circuit_10_jpg.rf.1f47aa47bd4725ee769aac951e900f6f.jpg,53bcf726518e190ce14e77f0edd7bc21
Data/pcb_dataset1/pcb_dataset1_301/pcb_dataset1_301.jpg,pcb_dataset1_301.jpg,pcb_dataset1,05_short_01_jpg.rf.ea3f6d4f9cdb6219bc28e6475f41e1ed.jpg,f84f67632ffebb239b312131d3a6fa30
Data/pcb_dataset1/pcb_dataset1_302/pcb_dataset1_302.jpg,pcb_dataset1_302.jpg,pcb_dataset1,05_short_02_jpg.rf.77cbced2c3266cd0a5eddf3fd6ca7429.jpg,853e78f5e1840c467ee69521bc568e9f
Data/pcb_dataset1/pcb_dataset1_303/pcb_dataset1_303.jpg,pcb_dataset1_303.jpg,pcb_dataset1,05_short_03_jpg.rf.60724f38e0c3700beb7e741889568f57.jpg,5b434ed0cc0d9aa19dbd50e77e0f6c66
Data/pcb_dataset1/pcb_dataset1_304/pcb_dataset1_304.jpg,pcb_dataset1_304.jpg,pcb_dataset1,05_short_04_jpg.rf.bc965098bb6f84b3a56ced5f01ff6a82.jpg,47fcf0db9cc444d17d57a827999bd643
Data/pcb_dataset1/pcb_dataset1_305/pcb_dataset1_305.jpg,pcb_dataset1_305.jpg,pcb_dataset1,05_short_06_jpg.rf.1c4a60d010f354e6153dbc6c378e5d2f.jpg,3c114287f61414b284c05eb7c882ccdf
Data/pcb_dataset1/pcb_dataset1_306/pcb_dataset1_306.jpg,pcb_dataset1_306.jpg,pcb_dataset1,05_short_07_jpg.rf.2ebc4ee0aaf6979e354c6bf83550fd4b.jpg,0f6146f4adc19a54de8359c2a530afa2
Data/pcb_dataset1/pcb_dataset1_307/pcb_dataset1_307.jpg,pcb_dataset1_307.jpg,pcb_dataset1,05_short_09_jpg.rf.deebfb177b69bf848cdb4423207bffe8.jpg,e03b1661523cd95e4fac8b4b82155849
Data/pcb_dataset1/pcb_dataset1_308/pcb_dataset1_308.jpg,pcb_dataset1_308.jpg,pcb_dataset1,05_short_10_jpg.rf.1e3df60dbde2ed0215263960b627407e.jpg,808322e7c07036cf6ed313b4c7ca07b2
Data/pcb_dataset1/pcb_dataset1_309/pcb_dataset1_309.jpg,pcb_dataset1_309.jpg,pcb_dataset1,05_spur_01_jpg.rf.f977b78ded202b7e67efb0c42cf08963.jpg,3e70d804a1e77d76a11aa7e5ea41a050
Data/pcb_dataset1/pcb_dataset1_31/pcb_dataset1_31.jpg,pcb_dataset1_31.jpg,pcb_dataset1,05_missing_hole_09_jpg.rf.8059f2990e5c0a2811c9bd3c86538ab5.jpg,d43994142820e9a0e61a6669c83589ab
Data/pcb_dataset1/pcb_dataset1_310/pcb_dataset1_310.jpg,pcb_dataset1_310.jpg,pcb_dataset1,05_spur_02_jpg.rf.29bb617a15f5f5b50e498c7abaa578ab.jpg,3443e9ab199fd8f3b209a2daf6473fe7
Data/pcb_dataset1/pcb_dataset1_311/pcb_dataset1_311.jpg,pcb_dataset1_311.jpg,pcb_dataset1,05_spur_03_jpg.rf.5ad32e59437cfb79ae1eb798b5ae2123.jpg,f3339ae8130b2bbff4a93c205c5d8acc
Data/pcb_dataset1/pcb_dataset1_312/pcb_dataset1_312.jpg,pcb_dataset1_312.jpg,pcb_dataset1,05_spur_04_jpg.rf.26d847b563512a6586c4c4e7aba7fc03.jpg,e48062bd4bc425287ed483ddd67f0919
Data/pcb_dataset1/pcb_dataset1_313/pcb_dataset1_313.jpg,pcb_dataset1_313.jpg,pcb_dataset1,05_spur_05_jpg.rf.e07969b7ed6fbcdf2dbca47a9ebadcbf.jpg,d1d0e4fb96da1b7449a10bb1fc60ba70
Data/pcb_dataset1/pcb_dataset1_314/pcb_dataset1_314.jpg,pcb_dataset1_314.jpg,pcb_dataset1,05_spur_07_jpg.rf.e04401ad8c1185333bb08e74ab7c1b9e.jpg,2761934a32e989dea2896eb88185139d
Data/pcb_dataset1/pcb_dataset1_315/pcb_dataset1_315.jpg,pcb_dataset1_315.jpg,pcb_dataset1,05_spur_08_jpg.rf.42b14db07c6b5f54c12440c8ff19c0ac.jpg,1671d41e4d80ff8501109de3d3821d4b
Data/pcb_dataset1/pcb_dataset1_316/pcb_dataset1_316.jpg,pcb_dataset1_316.jpg,pcb_dataset1,05_spur_09_jpg.rf.01e7e4fda2fe136f6c1bdb72a0a17ae1.jpg,1966a6a3e9c3b23975af30e6c0d03d00
Data/pcb_dataset1/pcb_dataset1_317/pcb_dataset1_317.jpg,pcb_dataset1_317.jpg,pcb_dataset1,06_missing_hole_04_jpg.rf.38936973a42b91263508b27a74caf6df.jpg,52fc35ffc98f58b81019bb45d7163157
Data/pcb_dataset1/pcb_dataset1_318/pcb_dataset1_318.jpg,pcb_dataset1_318.jpg,pcb_dataset1,06_missing_hole_06_jpg.rf.6894278b3a94fa665e96d2a16e07d677.jpg,969b2dcc3b258cffc5dde799cd3c5284
Data/pcb_dataset1/pcb_dataset1_319/pcb_dataset1_319.jpg,pcb_dataset1_319.jpg,pcb_dataset1,06_mouse_bite_03_jpg.rf.d36e741fa070158c4338a426233ddb8a.jpg,40228eef66b25ce11ae1a8cd3b679521
Data/pcb_dataset1/pcb_dataset1_32/pcb_dataset1_32.jpg,pcb_dataset1_32.jpg,pcb_dataset1,05_open_circuit_02_jpg.rf.14c3a7dbcedc045e53ff30595a227374.jpg,77c4c8b8d384e6e451ad12f24a32e12b
Data/pcb_dataset1/pcb_dataset1_320/pcb_dataset1_320.jpg,pcb_dataset1_320.jpg,pcb_dataset1,06_mouse_bite_04_jpg.rf.4a3e41d9641e613285d3857e86211ae3.jpg,88fa29c823ba1c6352f760e57ea0c06d
Data/pcb_dataset1/pcb_dataset1_321/pcb_dataset1_321.jpg,pcb_dataset1_321.jpg,pcb_dataset1,06_mouse_bite_05_jpg.rf.d970464da5c7866cc10569d2218dae50.jpg,2e9a9f5f1b1031c6c08abcf715478ced
Data/pcb_dataset1/pcb_dataset1_322/pcb_dataset1_322.jpg,pcb_dataset1_322.jpg,pcb_dataset1,06_mouse_bite_07_jpg.rf.e0b47646024bdd248525664edb250e9c.jpg,2cf0ec75c521aec6356aefc8391fa924
Data/pcb_dataset1/pcb_dataset1_323/pcb_dataset1_323.jpg,pcb_dataset1_323.jpg,pcb_dataset1,06_mouse_bite_08_jpg.rf.ad7edc616086204fc472a5c91058611f.jpg,dd57ae5c7f4a60c1607a423348077bd7
Data/pcb_dataset1/pcb_dataset1_324/pcb_dataset1_324.jpg,pcb_dataset1_324.jpg,pcb_dataset1,06_mouse_bite_09_jpg.rf.7e4d3a35044fcfe63de6dc9455a9c49c.jpg,b2dee0705892c386b5670637c512e759
Data/pcb_dataset1/pcb_dataset1_325/pcb_dataset1_325.jpg,pcb_dataset1_325.jpg,pcb_dataset1,06_mouse_bite_10_jpg.rf.af7a38976ca413fe8a00126b1bbb308e.jpg,2f29d63fccc20a90542b5dffc9bafa72
Data/pcb_dataset1/pcb_dataset1_326/pcb_dataset1_326.jpg,pcb_dataset1_326.jpg,pcb_dataset1,06_open_circuit_01_jpg.rf.94d0015429d9d4bf69e4ae0131cade11.jpg,bd4dcbbbb6f8f86a8af67e1360dc522c
Data/pcb_dataset1/pcb_dataset1_327/pcb_dataset1_327.jpg,pcb_dataset1_327.jpg,pcb_dataset1,06_open_circuit_02_jpg.rf.9bd165e350ca82f0ff2ca4076b9bca85.jpg,96e76dc00c70eea1d5253c367fe196de
Data/pcb_dataset1/pcb_dataset1_328/pcb_dataset1_328.jpg,pcb_dataset1_328.jpg,pcb_dataset1,06_open_circuit_03_jpg.rf.f76eea6f0ffd79559df16670d78d02fc.jpg,fc15c02b3d39dd67b9896bf4305e5abf
Data/pcb_dataset1/pcb_dataset1_329/pcb_dataset1_329.jpg,pcb_dataset1_329.jpg,pcb_dataset1,06_open_circuit_04_jpg.rf.664f225f59e8ad12f052c1f49faff829.jpg,6b01b2cdd0d548c6691a159b2aaf1e97
Data/pcb_dataset1/pcb_dataset1_33/pcb_dataset1_33.jpg,pcb_dataset1_33.jpg,pcb_dataset1,05_open_circuit_07_jpg.rf.bdc4452d8b9ee48f5e58106c5dd3c2a8.jpg,dc7aebcb433745af9574d2a720083429
Data/pcb_dataset1/pcb_dataset1_330/pcb_dataset1_330.jpg,pcb_dataset1_330.jpg,pcb_dataset1,06_open_circuit_06_jpg.rf.a67a807f121219eef9e65f46a8cde9ce.jpg,325b1d77ce5b30a18605734d744da674
Data/pcb_dataset1/pcb_dataset1_331/pcb_dataset1_331.jpg,pcb_dataset1_331.jpg,pcb_dataset1,06_open_circuit_07_jpg.rf.3779c1aa845a15f6acbf480304bf514d.jpg,44641ad9256485940127e6082df49d58
Data/pcb_dataset1/pcb_dataset1_332/pcb_dataset1_332.jpg,pcb_dataset1_332.jpg,pcb_dataset1,06_open_circuit_08_jpg.rf.0be3f07a3c28f46b26e7b3b2fcae5d1f.jpg,6a8ad6a1814e0b25126d18a97a54f87e
Data/pcb_dataset1/pcb_dataset1_333/pcb_dataset1_333.jpg,pcb_dataset1_333.jpg,pcb_dataset1,06_open_circuit_09_jpg.rf.2d50012a5b03f15ad66de287bb457fe7.jpg,73e9a801d2f2077764ddc5f0a43080b7
Data/pcb_dataset1/pcb_dataset1_334/pcb_dataset1_334.jpg,pcb_dataset1_334.jpg,pcb_dataset1,06_open_circuit_10_jpg.rf.2c2a7ba30542b5bf31212aaa2197b931.jpg,05a49e08470a3848472b57a8f83f4792
Data/pcb_dataset1/pcb_dataset1_335/pcb_dataset1_335.jpg,pcb_dataset1_335.jpg,pcb_dataset1,06_short_01_jpg.rf.5fd106a6157e5bd9dd9238e78e69562b.jpg,ac82aa7d94df3b2214cc785559acd83d
Data/pcb_dataset1/pcb_dataset1_336/pcb_dataset1_336.jpg,pcb_dataset1_336.jpg,pcb_dataset1,06_short_02_jpg.rf.65abdd0f0ce2085b6528843313f529a7.jpg,6fa45025ed5de293a9ad306922779ef4
Data/pcb_dataset1/pcb_dataset1_337/pcb_dataset1_337.jpg,pcb_dataset1_337.jpg,pcb_dataset1,06_short_03_jpg.rf.ab04a413814f05dfe0717d6511567f56.jpg,40859c40e669c1f745d51a454da7dc34
Data/pcb_dataset1/pcb_dataset1_338/pcb_dataset1_338.jpg,pcb_dataset1_338.jpg,pcb_dataset1,06_short_04_jpg.rf.6a392da4bc67b4c1aca1652e34781f87.jpg,edaf29ebd4a66237ef97a75dae03ad7a
Data/pcb_dataset1/pcb_dataset1_339/pcb_dataset1_339.jpg,pcb_dataset1_339.jpg,pcb_dataset1,06_short_05_jpg.rf.78e52210212a66901940ac02463ce518.jpg,5cbd26eb19772ab0aaafd708536f15aa
Data/pcb_dataset1/pcb_dataset1_34/pcb_dataset1_34.jpg,pcb_dataset1_34.jpg,pcb_dataset1,05_open_circuit_09_jpg.rf.5dade91d5095202960685b6a356d972f.jpg,7bbb276bad2e2d3d19fddf1a7fc619c5
Data/pcb_dataset1/pcb_dataset1_340/pcb_dataset1_340.jpg,pcb_dataset1_340.jpg,pcb_dataset1,06_short_07_jpg.rf.59e732716923a691f6272fda7e097157.jpg,6cd3ddc9d3dee298e3b8a3c3981b28e3
Data/pcb_dataset1/pcb_dataset1_341/pcb_dataset1_341.jpg,pcb_dataset1_341.jpg,pcb_dataset1,06_short_08_jpg.rf.7591e77342c5b23d6402628373df5c7d.jpg,0e89fbe1031e50803f6d931900029260
Data/pcb_dataset1/pcb_dataset1_342/pcb_dataset1_342.jpg,pcb_dataset1_342.jpg,pcb_dataset1,06_short_09_jpg.rf.84bf2df1393ff31f93cfc8103ec4bdc6.jpg,72caedb844ddc43cddb1f18bd664b656
Data/pcb_dataset1/pcb_dataset1_343/pcb_dataset1_343.jpg,pcb_dataset1_343.jpg,pcb_dataset1,06_short_10_jpg.rf.1838613a638bb499be13b2f3680be037.jpg,4ec110f688a4a13034e001f2210d1fbe
Data/pcb_dataset1/pcb_dataset1_344/pcb_dataset1_344.jpg,pcb_dataset1_344.jpg,pcb_dataset1,06_short_11_jpg.rf.d25bb08dbc800f9a3f3192d10828d7c0.jpg,10203dee1c0dfcf106782e57e7bdbb97
Data/pcb_dataset1/pcb_dataset1_345/pcb_dataset1_345.jpg,pcb_dataset1_345.jpg,pcb_dataset1,06_spur_01_jpg.rf.766171969244080381cc7f60f8083082.jpg,db81c44e30e9ac522e582bee7e48238a
Data/pcb_dataset1/pcb_dataset1_346/pcb_dataset1_346.jpg,pcb_dataset1_346.jpg,pcb_dataset1,06_spur_02_jpg.rf.ac85226866a0f316861192e749fb0b98.jpg,bad685491fef90520b66a4f27bd6248b
Data/pcb_dataset1/pcb_dataset1_347/pcb_dataset1_347.jpg,pcb_dataset1_347.jpg,pcb_dataset1,06_spur_03_jpg.rf.ae7680d9fdaa86576e6bf808b3f40c3d.jpg,73f249b2bb619347062782cb99b2a2ef
Data/pcb_dataset1/pcb_dataset1_348/pcb_dataset1_348.jpg,pcb_dataset1_348.jpg,pcb_dataset1,06_spur_04_jpg.rf.f869b8ef765dcb3f49b4f8e17379be33.jpg,2dea43b48e2bff4829d942851231df44
Data/pcb_dataset1/pcb_dataset1_349/pcb_dataset1_349.jpg,pcb_dataset1_349.jpg,pcb_dataset1,06_spur_05_jpg.rf.89205598f812fce2fa924dccc1261c43.jpg,32d4a17d5aa2cbfc6eebda3fb00ae496
Data/pcb_dataset1/pcb_dataset1_35/pcb_dataset1_35.jpg,pcb_dataset1_35.jpg,pcb_dataset1,05_short_05_jpg.rf.12c61eb122de9b97b155f48800404201.jpg,adf25a5d92db2ce7a5a5617deba1acb7
Data/pcb_dataset1/pcb_dataset1_350/pcb_dataset1_350.jpg,pcb_dataset1_350.jpg,pcb_dataset1,06_spur_06_jpg.rf.f28f4f64b84c375917b3e8ccd9519504.jpg,ccd8b1408b00eb8df9cba94e03b6e3e9
Data/pcb_dataset1/pcb_dataset1_351/pcb_dataset1_351.jpg,pcb_dataset1_351.jpg,pcb_dataset1,06_spur_07_jpg.rf.142f3f325c7c91dc21f865c311eea000.jpg,bed51d65d8472ae94d9424a77acfb126
Data/pcb_dataset1/pcb_dataset1_352/pcb_dataset1_352.jpg,pcb_dataset1_352.jpg,pcb_dataset1,06_spur_08_jpg.rf.785672297604a5af68c39461c57d216c.jpg,3f4ee2701ac4f6f51a3d52a21df5d725
Data/pcb_dataset1/pcb_dataset1_353/pcb_dataset1_353.jpg,pcb_dataset1_353.jpg,pcb_dataset1,06_spur_09_jpg.rf.c381c213d4461738c0ffa1e8dc414bc4.jpg,ab075bbcb15723ca573c4ae7c7629e4b
Data/pcb_dataset1/pcb_dataset1_354/pcb_dataset1_354.jpg,pcb_dataset1_354.jpg,pcb_dataset1,06_spur_10_jpg.rf.4dadc7ffbebe70cc7c2d7053b3f713ca.jpg,0138dc0927c96751e22d446951c6a90e
Data/pcb_dataset1/pcb_dataset1_355/pcb_dataset1_355.jpg,pcb_dataset1_355.jpg,pcb_dataset1,07_missing_hole_05_jpg.rf.4a995e7760798b9af49738844e7f77e7.jpg,87d3fde80a0961c642e7769699944eae
Data/pcb_dataset1/pcb_dataset1_356/pcb_dataset1_356.jpg,pcb_dataset1_356.jpg,pcb_dataset1,07_missing_hole_06_jpg.rf.4ec76428ecba61db671c6071867a8e41.jpg,80537b571b239f755a4f8a61a118b7dc
Data/pcb_dataset1/pcb_dataset1_357/pcb_dataset1_357.jpg,pcb_dataset1_357.jpg,pcb_dataset1,07_missing_hole_09_jpg.rf.a5bef711c680abb204bee0d0507b5f24.jpg,f00120d86a384047b6bc0d7561518a18
Data/pcb_dataset1/pcb_dataset1_358/pcb_dataset1_358.jpg,pcb_dataset1_358.jpg,pcb_dataset1,07_mouse_bite_01_jpg.rf.86587cd14b29a551c4b28b3389659fa6.jpg,fb263c10daff0b03bf5e476c0b9e0906
Data/pcb_dataset1/pcb_dataset1_359/pcb_dataset1_359.jpg,pcb_dataset1_359.jpg,pcb_dataset1,07_mouse_bite_02_jpg.rf.a4a014d4dd82a150ec9ae8c572ba35c1.jpg,584c6607f8b71a66244ef1c58223723a
Data/pcb_dataset1/pcb_dataset1_36/pcb_dataset1_36.jpg,pcb_dataset1_36.jpg,pcb_dataset1,05_short_08_jpg.rf.99a55f642fe5dc92346db76b7f6f9f20.jpg,526e390de89735e069faa816f24bd42c
Data/pcb_dataset1/pcb_dataset1_360/pcb_dataset1_360.jpg,pcb_dataset1_360.jpg,pcb_dataset1,07_mouse_bite_03_jpg.rf.9916c82ae35828d81d41ce73b11bedc7.jpg,6793689175bfa9830c5377baa4793aca
Data/pcb_dataset1/pcb_dataset1_361/pcb_dataset1_361.jpg,pcb_dataset1_361.jpg,pcb_dataset1,07_mouse_bite_04_jpg.rf.1bacf533c6a10c2b32f2af4411d64f80.jpg,75f1948ba34a887627cf43abd6e9ade9
Data/pcb_dataset1/pcb_dataset1_362/pcb_dataset1_362.jpg,pcb_dataset1_362.jpg,pcb_dataset1,07_mouse_bite_05_jpg.rf.80856bee786a0968596693428ec8433e.jpg,7d52e3fa38589a326ff6b7f023169b1f
Data/pcb_dataset1/pcb_dataset1_363/pcb_dataset1_363.jpg,pcb_dataset1_363.jpg,pcb_dataset1,07_mouse_bite_06_jpg.rf.eadda5fb589c375b0ef96283aaacb2ee.jpg,56cd779175ba8677af980d6f1af18c7e
Data/pcb_dataset1/pcb_dataset1_364/pcb_dataset1_364.jpg,pcb_dataset1_364.jpg,pcb_dataset1,07_mouse_bite_07_jpg.rf.c2b3fc79fb551404767b55c7056f110c.jpg,36977f8ab435f9e6d6a6dbc84624d449
Data/pcb_dataset1/pcb_dataset1_365/pcb_dataset1_365.jpg,pcb_dataset1_365.jpg,pcb_dataset1,07_mouse_bite_08_jpg.rf.e09487d978bdaacd3a7898e9975436cf.jpg,9e103fd14200ca9d0dbb69d896ad7f05
Data/pcb_dataset1/pcb_dataset1_366/pcb_dataset1_366.jpg,pcb_dataset1_366.jpg,pcb_dataset1,07_mouse_bite_09_jpg.rf.b4cc97ec6fa9beaefaa6ec28bc41e851.jpg,7f92ea6cbec9079e3ba4462800aad95a
Data/pcb_dataset1/pcb_dataset1_367/pcb_dataset1_367.jpg,pcb_dataset1_367.jpg,pcb_dataset1,07_mouse_bite_10_jpg.rf.d2f8b020a230bfbe85d4314c2299d33a.jpg,e77e0c34d1d2bf2a5a32fc2ee90d21bc
Data/pcb_dataset1/pcb_dataset1_368/pcb_dataset1_368.jpg,pcb_dataset1_368.jpg,pcb_dataset1,07_open_circuit_01_jpg.rf.b11f223f4309329621cca151ee33e71d.jpg,3f51650d19b708aeb7c3e6cca76bae2a
Data/pcb_dataset1/pcb_dataset1_369/pcb_dataset1_369.jpg,pcb_dataset1_369.jpg,pcb_dataset1,07_open_circuit_02_jpg.rf.e51caa316953b39735769710cef012f9.jpg,54f91abc84e1bce3f1c1753afec00689
Data/pcb_dataset1/pcb_dataset1_37/pcb_dataset1_37.jpg,pcb_dataset1_37.jpg,pcb_dataset1,05_spur_06_jpg.rf.90fb43588d242f69a6c4c7d5ceb64ad2.jpg,740e9dd453398ad9bbd004beb13f79e1
Data/pcb_dataset1/pcb_dataset1_370/pcb_dataset1_370.jpg,pcb_dataset1_370.jpg,pcb_dataset1,07_open_circuit_03_jpg.rf.f55482128a2ed739d87329baf525d75b.jpg,44e170621eb44f42472b23ac029a9501
Data/pcb_dataset1/pcb_dataset1_371/pcb_dataset1_371.jpg,pcb_dataset1_371.jpg,pcb_dataset1,07_open_circuit_04_jpg.rf.acd0b783b17686bd518b8c425be5415a.jpg,7b9be56332f5631b009f7d0153701444
Data/pcb_dataset1/pcb_dataset1_372/pcb_dataset1_372.jpg,pcb_dataset1_372.jpg,pcb_dataset1,07_open_circuit_05_jpg.rf.92b5df735c3aea88d8a760dafc79f9ea.jpg,b14ce5ea7d2f90117004d5a057abb4ab
Data/pcb_dataset1/pcb_dataset1_373/pcb_dataset1_373.jpg,pcb_dataset1_373.jpg,pcb_dataset1,07_open_circuit_06_jpg.rf.02aa2046226a8ba563c3d9c74f284ef4.jpg,126d2859004e357deaf5118b8e7c8017
Data/pcb_dataset1/pcb_dataset1_374/pcb_dataset1_374.jpg,pcb_dataset1_374.jpg,pcb_dataset1,07_open_circuit_07_jpg.rf.a8832dbf5db98987d9ce87a02be301c8.jpg,71afd8261af7f9f1215dad846fe08388
Data/pcb_dataset1/pcb_dataset1_375/pcb_dataset1_375.jpg,pcb_dataset1_375.jpg,pcb_dataset1,07_open_circuit_08_jpg.rf.97f566ef95aaf667d327158d4d3c08ac.jpg,54bc6702d36fb9beb5cc271055387196
Data/pcb_dataset1/pcb_dataset1_376/pcb_dataset1_376.jpg,pcb_dataset1_376.jpg,pcb_dataset1,07_open_circuit_09_jpg.rf.1f7ba66696a2e0244850a1f9d309832b.jpg,fced361ea1b30b666743d5ef29c756f3
Data/pcb_dataset1/pcb_dataset1_377/pcb_dataset1_377.jpg,pcb_dataset1_377.jpg,pcb_dataset1,07_open_circuit_10_jpg.rf.4669090187cb34d1476d451ad9e10ee2.jpg,d1792ed6c4a0c103db4ec7c4395abb99
Data/pcb_dataset1/pcb_dataset1_378/pcb_dataset1_378.jpg,pcb_dataset1_378.jpg,pcb_dataset1,07_short_01_jpg.rf.4c432d73767f24cbe06cedeb32614b5e.jpg,625dc0b45df4a91f36efff6a725ecf9e
Data/pcb_dataset1/pcb_dataset1_379/pcb_dataset1_379.jpg,pcb_dataset1_379.jpg,pcb_dataset1,07_short_02_jpg.rf.d99ef59eba6d27ac03b10138f8e3a4f9.jpg,6d16b0dcd44f0ac2e223ac818017c7b6
Data/pcb_dataset1/pcb_dataset1_38/pcb_dataset1_38.jpg,pcb_dataset1_38.jpg,pcb_dataset1,05_spur_10_jpg.rf.4ce70d6eab40ca47b050a3fc71d61238.jpg,0041446c616b4d3afe4c166e24e3af47
Data/pcb_dataset1/pcb_dataset1_380/pcb_dataset1_380.jpg,pcb_dataset1_380.jpg,pcb_dataset1,07_short_04_jpg.rf.261d3c83841f6c9868b2d72653aa233d.jpg,cd5fd7cccdddbc508e36f0002dee8590
Data/pcb_dataset1/pcb_dataset1_381/pcb_dataset1_381.jpg,pcb_dataset1_381.jpg,pcb_dataset1,07_short_05_jpg.rf.48184544222130066c5417e97b93bfc3.jpg,6d6059b1585be0070b62f04b6968c7a5
Data/pcb_dataset1/pcb_dataset1_382/pcb_dataset1_382.jpg,pcb_dataset1_382.jpg,pcb_dataset1,07_short_06_jpg.rf.853e386a515cd79c8ecb15b667d25cfa.jpg,0d84b422df62b153416c19591c58beef
Data/pcb_dataset1/pcb_dataset1_383/pcb_dataset1_383.jpg,pcb_dataset1_383.jpg,pcb_dataset1,07_short_07_jpg.rf.5f2c398581c5058284293c306c1714a8.jpg,1f6f67520f9da3bbc86464144ddc88ce
Data/pcb_dataset1/pcb_dataset1_384/pcb_dataset1_384.jpg,pcb_dataset1_384.jpg,pcb_dataset1,07_short_08_jpg.rf.015cc92c52c35306b46f79b17e4e15a2.jpg,601f2a61e223a408adc8f71f80542e7d
Data/pcb_dataset1/pcb_dataset1_385/pcb_dataset1_385.jpg,pcb_dataset1_385.jpg,pcb_dataset1,07_short_09_jpg.rf.8d70bdd74526e39dd0573882066087c5.jpg,9b6d8dfa7b3a7562356db6e25c9ede4e
Data/pcb_dataset1/pcb_dataset1_386/pcb_dataset1_386.jpg,pcb_dataset1_386.jpg,pcb_dataset1,07_short_10_jpg.rf.cc67958e76050d9336ccc4ec138937a6.jpg,2d6c754007935bdff65dd59802f3a335
Data/pcb_dataset1/pcb_dataset1_387/pcb_dataset1_387.jpg,pcb_dataset1_387.jpg,pcb_dataset1,07_spur_01_jpg.rf.f5bb1fd92b4745b3445fcc5d65e9580c.jpg,c527cf47e3482ae3e5617809f72c14d1
Data/pcb_dataset1/pcb_dataset1_388/pcb_dataset1_388.jpg,pcb_dataset1_388.jpg,pcb_dataset1,07_spur_02_jpg.rf.263143fdf18d3b5f905da440f4790303.jpg,3e88f9587279fcb6c062b97fa7f09d4f
Data/pcb_dataset1/pcb_dataset1_389/pcb_dataset1_389.jpg,pcb_dataset1_389.jpg,pcb_dataset1,07_spur_03_jpg.rf.8320fc25ecff524c43c1ad5a1c7a6606.jpg,66e0fc9507f3c30c6b1e66896c2e18dc
Data/pcb_dataset1/pcb_dataset1_39/pcb_dataset1_39.jpg,pcb_dataset1_39.jpg,pcb_dataset1,06_mouse_bite_01_jpg.rf.d38bb1179d8d3b95db010e3ad1dec9dd.jpg,74d504c369455e5634232467a43eec5f
Data/pcb_dataset1/pcb_dataset1_390/pcb_dataset1_390.jpg,pcb_dataset1_390.jpg,pcb_dataset1,07_spur_04_jpg.rf.6ad2b6239508fa6f77cdc4be2d4fae37.jpg,8290bc390921e3babe6e91ddc0e55d40
Data/pcb_dataset1/pcb_dataset1_391/pcb_dataset1_391.jpg,pcb_dataset1_391.jpg,pcb_dataset1,07_spur_05_jpg.rf.2634be69a6b21eca19eb2707adbe16b3.jpg,12d845600800e367aaed8d6e849b866d
Data/pcb_dataset1/pcb_dataset1_392/pcb_dataset1_392.jpg,pcb_dataset1_392.jpg,pcb_dataset1,07_spur_06_jpg.rf.4e5416faf434eca8ae038776a44793c9.jpg,a39662142bc5302d7a93d59506b68f2b
Data/pcb_dataset1/pcb_dataset1_393/pcb_dataset1_393.jpg,pcb_dataset1_393.jpg,pcb_dataset1,07_spur_07_jpg.rf.0f6d7e26cb5d1a7ef7e5c5b0742188c7.jpg,a54aa56e6da7f156dfbf10467378f972
Data/pcb_dataset1/pcb_dataset1_394/pcb_dataset1_394.jpg,pcb_dataset1_394.jpg,pcb_dataset1,07_spur_08_jpg.rf.bc0dc841b99fa124cf1d4f2b090fd865.jpg,95bf0060967148fe9cdb1ffd446a789e
Data/pcb_dataset1/pcb_dataset1_395/pcb_dataset1_395.jpg,pcb_dataset1_395.jpg,pcb_dataset1,07_spur_09_jpg.rf.d48b405ee228faec21143088f8581840.jpg,b2938728e8c3dbf3e94ac7f8a8360f75
Data/pcb_dataset1/pcb_dataset1_396/pcb_dataset1_396.jpg,pcb_dataset1_396.jpg,pcb_dataset1,07_spur_10_jpg.rf.172b18c16fcf2e42df2ca2543ced4359.jpg,d231974b01ab06e733197f2a3992fc69
Data/pcb_dataset1/pcb_dataset1_397/pcb_dataset1_397.jpg,pcb_dataset1_397.jpg,pcb_dataset1,08_missing_hole_06_jpg.rf.c8557128597c82f2be6dac3745687187.jpg,f01c3632d90fbfb88ce90942ecdfd1c5
Data/pcb_dataset1/pcb_dataset1_398/pcb_dataset1_398.jpg,pcb_dataset1_398.jpg,pcb_dataset1,08_mouse_bite_01_jpg.rf.749091ada4966d5a4245478df2a558f0.jpg,90ecb113eda81dac9d30143863cd7478
Data/pcb_dataset1/pcb_dataset1_399/pcb_dataset1_399.jpg,pcb_dataset1_399.jpg,pcb_dataset1,08_mouse_bite_02_jpg.rf.ad219ae82d7dd41e323bbd71f7e0c144.jpg,f87fa3bd247e44bf0aa4cdd8f1ceb71a
Data/pcb_dataset1/pcb_dataset1_4/pcb_dataset1_4.jpg,pcb_dataset1_4.jpg,pcb_dataset1,01_mouse_bite_10_jpg.rf.68af7c35e8d09aa74397183889797b6c.jpg,20e0d17ff84fa6ffcdd6a8c85bdbd986
Data/pcb_dataset1/pcb_dataset1_40/pcb_dataset1_40.jpg,pcb_dataset1_40.jpg,pcb_dataset1,06_mouse_bite_02_jpg.rf.01f7eba6b9e92a8f3d28e247b7149a7e.jpg,cfa66af2fc720ca3e7cc1f1172f022a7
Data/pcb_dataset1/pcb_dataset1_400/pcb_dataset1_400.jpg,pcb_dataset1_400.jpg,pcb_dataset1,08_mouse_bite_03_jpg.rf.c7330b51305dc46fa3812a245a43bf49.jpg,47c4436a9abece4b3789d81bf3a10635
Data/pcb_dataset1/pcb_dataset1_401/pcb_dataset1_401.jpg,pcb_dataset1_401.jpg,pcb_dataset1,08_mouse_bite_05_jpg.rf.ac2b016b795a9ff25ce9ceedff9c081b.jpg,bdb2d8fa1cad3bf19b7a703bc2ee13bb
Data/pcb_dataset1/pcb_dataset1_402/pcb_dataset1_402.jpg,pcb_dataset1_402.jpg,pcb_dataset1,08_mouse_bite_06_jpg.rf.7b6252079593aea1d5132c44f7c6734e.jpg,7e4ed8dda087dbd46832e85f66212716
Data/pcb_dataset1/pcb_dataset1_403/pcb_dataset1_403.jpg,pcb_dataset1_403.jpg,pcb_dataset1,08_mouse_bite_07_jpg.rf.b417bc95d42074be8ac253609542b0a7.jpg,dbbe789668c1429968514810d2ed830a
Data/pcb_dataset1/pcb_dataset1_404/pcb_dataset1_404.jpg,pcb_dataset1_404.jpg,pcb_dataset1,08_mouse_bite_08_jpg.rf.a6cf5199e07ccacf8c9d758339cd808a.jpg,6dce67c691168fcbf63d93f051b67d88
Data/pcb_dataset1/pcb_dataset1_405/pcb_dataset1_405.jpg,pcb_dataset1_405.jpg,pcb_dataset1,08_mouse_bite_09_jpg.rf.584fc3d4a30cceea1791da1f75913dd8.jpg,80e82b8b267863521880452471f6b2ab
Data/pcb_dataset1/pcb_dataset1_406/pcb_dataset1_406.jpg,pcb_dataset1_406.jpg,pcb_dataset1,08_mouse_bite_10_jpg.rf.62bd679e73b9a237b97885426ed2136f.jpg,61b90029a9883fc6fd944cc03806661e
Data/pcb_dataset1/pcb_dataset1_407/pcb_dataset1_407.jpg,pcb_dataset1_407.jpg,pcb_dataset1,08_open_circuit_01_jpg.rf.1c212ddf95acb9df1158a377418abd5a.jpg,06399e325ab13c0200d3e8d454ca6b3e
Data/pcb_dataset1/pcb_dataset1_408/pcb_dataset1_408.jpg,pcb_dataset1_408.jpg,pcb_dataset1,08_open_circuit_02_jpg.rf.ed91b897da427e91bfc115986161c532.jpg,9a54fc207d6f0f082bbdb03c001f001b
Data/pcb_dataset1/pcb_dataset1_409/pcb_dataset1_409.jpg,pcb_dataset1_409.jpg,pcb_dataset1,08_open_circuit_03_jpg.rf.f2e940348ba793fc2e9b0875f91050e1.jpg,66b1b4e99e739ab3a9013ebded4e02d5
Data/pcb_dataset1/pcb_dataset1_41/pcb_dataset1_41.jpg,pcb_dataset1_41.jpg,pcb_dataset1,06_mouse_bite_06_jpg.rf.5ccfcf3513279a7ddd81edc132d80ffa.jpg,445c30da2853d374a0a8b8d667e92dcd
Data/pcb_dataset1/pcb_dataset1_410/pcb_dataset1_410.jpg,pcb_dataset1_410.jpg,pcb_dataset1,08_open_circuit_04_jpg.rf.a574a7a06bb289f56aa33a88aa714e1b.jpg,5dc33b435df3b999ff913ba064bb4fbd
Data/pcb_dataset1/pcb_dataset1_411/pcb_dataset1_411.jpg,pcb_dataset1_411.jpg,pcb_dataset1,08_open_circuit_05_jpg.rf.3bcbfe125ffdaab27b01bbd6f0581967.jpg,ff482f6b1b53290c00c87afb3f4b9d30
Data/pcb_dataset1/pcb_dataset1_412/pcb_dataset1_412.jpg,pcb_dataset1_412.jpg,pcb_dataset1,08_open_circuit_06_jpg.rf.6956cbc4e1f9cddb176343fbbe48d031.jpg,af174dad9a4ad624a7c64ab5f63e6030
Data/pcb_dataset1/pcb_dataset1_413/pcb_dataset1_413.jpg,pcb_dataset1_413.jpg,pcb_dataset1,08_open_circuit_07_jpg.rf.f8329a48f5b7753fc4f5664ecf9f759a.jpg,041b85c3763e718487b5ab35eaac424e
Data/pcb_dataset1/pcb_dataset1_414/pcb_dataset1_414.jpg,pcb_dataset1_414.jpg,pcb_dataset1,08_open_circuit_08_jpg.rf.49e92813d7a2551a0ee44138c71e05c2.jpg,45c59bbc389fe3a5de9f78173c6ada60
Data/pcb_dataset1/pcb_dataset1_415/pcb_dataset1_415.jpg,pcb_dataset1_415.jpg,pcb_dataset1,08_open_circuit_09_jpg.rf.5ed1ea43942c48f4cbbb11095d84467d.jpg,41149da0143604ef58cf4d931c5c355d
Data/pcb_dataset1/pcb_dataset1_416/pcb_dataset1_416.jpg,pcb_dataset1_416.jpg,pcb_dataset1,08_open_circuit_10_jpg.rf.0bedba8f1be93e786e7658d92950186e.jpg,060554c2427ea5d8e2cefa0d92fa69cc
Data/pcb_dataset1/pcb_dataset1_417/pcb_dataset1_417.jpg,pcb_dataset1_417.jpg,pcb_dataset1,08_short_02_jpg.rf.cc11937d55fedfc07696ded2a5eed140.jpg,fc11d9c9a24040497108abaa2e48d0df
Data/pcb_dataset1/pcb_dataset1_418/pcb_dataset1_418.jpg,pcb_dataset1_418.jpg,pcb_dataset1,08_short_03_jpg.rf.175928ea7fe2a0606118c74050e5d1ed.jpg,e6f193f1337901e174b722043ef81063
Data/pcb_dataset1/pcb_dataset1_419/pcb_dataset1_419.jpg,pcb_dataset1_419.jpg,pcb_dataset1,08_short_04_jpg.rf.0b7b3c96e4cd2f01d0422ca1db23dfca.jpg,eca9abb41f0b0235ef244e64d146d155
Data/pcb_dataset1/pcb_dataset1_42/pcb_dataset1_42.jpg,pcb_dataset1_42.jpg,pcb_dataset1,06_open_circuit_05_jpg.rf.f3a50b219ec2073ac5c2230da7c5797f.jpg,e5283e178457b3b5335e3cb4661fe042
Data/pcb_dataset1/pcb_dataset1_420/pcb_dataset1_420.jpg,pcb_dataset1_420.jpg,pcb_dataset1,08_short_05_jpg.rf.a52c8ac267114251f7dfe1ac73bb3620.jpg,ef208e38e2a638c6e0e1accf63cdc2df
Data/pcb_dataset1/pcb_dataset1_421/pcb_dataset1_421.jpg,pcb_dataset1_421.jpg,pcb_dataset1,08_short_06_jpg.rf.9508d3009b2b9814257f1ca5bd8bc8bb.jpg,0942512a9781e449d10897a90325371e
Data/pcb_dataset1/pcb_dataset1_422/pcb_dataset1_422.jpg,pcb_dataset1_422.jpg,pcb_dataset1,08_short_07_jpg.rf.f7b4fa697c6b25125ed025ff84352d38.jpg,ae3f770c5be79816935b2dc180e96787
Data/pcb_dataset1/pcb_dataset1_423/pcb_dataset1_423.jpg,pcb_dataset1_423.jpg,pcb_dataset1,08_short_08_jpg.rf.15d83ec1047049dec9317968075f70eb.jpg,9def39e78fa6375d5b2fa756e86734ce
Data/pcb_dataset1/pcb_dataset1_424/pcb_dataset1_424.jpg,pcb_dataset1_424.jpg,pcb_dataset1,08_short_09_jpg.rf.84265f04e463dbf87be7cf4b315b6ce3.jpg,80f09f70cbcae647ca573f2805ed4362
Data/pcb_dataset1/pcb_dataset1_425/pcb_dataset1_425.jpg,pcb_dataset1_425.jpg,pcb_dataset1,08_short_10_jpg.rf.2bd183dee0d4fa7c4b79cfaca4e08452.jpg,7b84c22e947e54e8d86c87f9e38b8f07
Data/pcb_dataset1/pcb_dataset1_426/pcb_dataset1_426.jpg,pcb_dataset1_426.jpg,pcb_dataset1,08_spur_01_jpg.rf.3b8179ea646549528560221c7cc7027a.jpg,50242d08f5f63a2e88926788bd06a423
Data/pcb_dataset1/pcb_dataset1_427/pcb_dataset1_427.jpg,pcb_dataset1_427.jpg,pcb_dataset1,08_spur_02_jpg.rf.95e4fa2f2c120a2ddf166bdd96bb4692.jpg,cbe972d107446e992ae3b5dee8c4071d
Data/pcb_dataset1/pcb_dataset1_428/pcb_dataset1_428.jpg,pcb_dataset1_428.jpg,pcb_dataset1,08_spur_03_jpg.rf.7481ec2a1f436b546684106d766f6f9f.jpg,133c7c96026a84aacd3d678bffbc3719
Data/pcb_dataset1/pcb_dataset1_429/pcb_dataset1_429.jpg,pcb_dataset1_429.jpg,pcb_dataset1,08_spur_04_jpg.rf.9ac8f03160996cadf8996d56d91b5f0a.jpg,b3dbcfce652353f09000fdaa7c1681f6
Data/pcb_dataset1/pcb_dataset1_43/pcb_dataset1_43.jpg,pcb_dataset1_43.jpg,pcb_dataset1,06_short_06_jpg.rf.e8f231a75c2b05fc1ee0caf7a303bc5c.jpg,1dc5e8974b24885a392ac92d94db68e7
Data/pcb_dataset1/pcb_dataset1_430/pcb_dataset1_430.jpg,pcb_dataset1_430.jpg,pcb_dataset1,08_spur_05_jpg.rf.3d4afe945497d3a5ab3e16a2ab241c79.jpg,f5d4d27bf4675e1d4b696b15a0246e3a
Data/pcb_dataset1/pcb_dataset1_431/pcb_dataset1_431.jpg,pcb_dataset1_431.jpg,pcb_dataset1,08_spur_06_jpg.rf.fa7fc576606099993a8a8fc675668fab.jpg,18b6555de76c83244df6a889a7f6e282
Data/pcb_dataset1/pcb_dataset1_432/pcb_dataset1_432.jpg,pcb_dataset1_432.jpg,pcb_dataset1,08_spur_08_jpg.rf.9eaf9403aa2b78391c1e80a2662adc78.jpg,aabbca4f6f5213965273c56567b13625
Data/pcb_dataset1/pcb_dataset1_433/pcb_dataset1_433.jpg,pcb_dataset1_433.jpg,pcb_dataset1,08_spur_09_jpg.rf.1b4788c3c1859f900fad182fcb1b20ca.jpg,02905c7c0ba62415ff11ab536fd561f2
Data/pcb_dataset1/pcb_dataset1_434/pcb_dataset1_434.jpg,pcb_dataset1_434.jpg,pcb_dataset1,08_spur_10_jpg.rf.44200b792cd150d6cfcb16080c819dc9.jpg,b6f8cee9175545833386632c8835cfef
Data/pcb_dataset1/pcb_dataset1_435/pcb_dataset1_435.jpg,pcb_dataset1_435.jpg,pcb_dataset1,09_missing_hole_01_jpg.rf.e2815caee9b04f29fc882088b46e82c2.jpg,5191e66267665d1ac280f041c04815db
Data/pcb_dataset1/pcb_dataset1_436/pcb_dataset1_436.jpg,pcb_dataset1_436.jpg,pcb_dataset1,09_missing_hole_06_jpg.rf.cd6a0f3524ec4ab8bebb09be6f2fe156.jpg,c658aaa9fa17e9b187d5d7edc551bf8b
Data/pcb_dataset1/pcb_dataset1_437/pcb_dataset1_437.jpg,pcb_dataset1_437.jpg,pcb_dataset1,09_missing_hole_09_jpg.rf.3835ec12f74380695676dca4f646d8d8.jpg,00ab6e99aae3c7ff5585e2be4faccf02
Data/pcb_dataset1/pcb_dataset1_438/pcb_dataset1_438.jpg,pcb_dataset1_438.jpg,pcb_dataset1,09_missing_hole_10_jpg.rf.ac1075eddf9793cec75f2bc923db4dd1.jpg,374021c24ffc7cd3e2ff7d2df1002e65
Data/pcb_dataset1/pcb_dataset1_439/pcb_dataset1_439.jpg,pcb_dataset1_439.jpg,pcb_dataset1,09_mouse_bite_01_jpg.rf.552637f30cdfadf73f4f9524b5c872cd.jpg,7ac4835f0bdc80270d7e0ee87c9c6bb2
Data/pcb_dataset1/pcb_dataset1_44/pcb_dataset1_44.jpg,pcb_dataset1_44.jpg,pcb_dataset1,07_short_03_jpg.rf.3fac2abea64fbbc6a5427813af73ca94.jpg,19a60be2683eed3a695bf332c7dda9e2
Data/pcb_dataset1/pcb_dataset1_440/pcb_dataset1_440.jpg,pcb_dataset1_440.jpg,pcb_dataset1,09_mouse_bite_02_jpg.rf.987ecf0a7e953fd013b84b0b58ab5b70.jpg,955eb73c7ed4c9075aad5aa942a78c17
Data/pcb_dataset1/pcb_dataset1_441/pcb_dataset1_441.jpg,pcb_dataset1_441.jpg,pcb_dataset1,09_mouse_bite_03_jpg.rf.7ce48deee47e994da0752b11c82223cd.jpg,ccfa832c185869a4318d5d07e47c455c
Data/pcb_dataset1/pcb_dataset1_442/pcb_dataset1_442.jpg,pcb_dataset1_442.jpg,pcb_dataset1,09_mouse_bite_04_jpg.rf.ee421770e5cc63eb06b4023845d75fe4.jpg,bbf62f37f076d065f2ab7839100e9a68
Data/pcb_dataset1/pcb_dataset1_443/pcb_dataset1_443.jpg,pcb_dataset1_443.jpg,pcb_dataset1,09_mouse_bite_05_jpg.rf.58c834d6a5754ab8faaf6ea30eb58846.jpg,48dfc4991f7b7fe900abf1df0894e996
Data/pcb_dataset1/pcb_dataset1_444/pcb_dataset1_444.jpg,pcb_dataset1_444.jpg,pcb_dataset1,09_mouse_bite_06_jpg.rf.0c188edabfa985bfdc4081723bebe564.jpg,8c33d184cd02caea3270b93ff4ad35b5
Data/pcb_dataset1/pcb_dataset1_445/pcb_dataset1_445.jpg,pcb_dataset1_445.jpg,pcb_dataset1,09_mouse_bite_07_jpg.rf.aa8557bd535a243c7551ae508199c9f3.jpg,539ddda6707c57b5621df478248381ab
Data/pcb_dataset1/pcb_dataset1_446/pcb_dataset1_446.jpg,pcb_dataset1_446.jpg,pcb_dataset1,09_mouse_bite_08_jpg.rf.20719efab628d8ec4a7ebfa3783c17f6.jpg,ff0042f18621266b04cf45753f463178
Data/pcb_dataset1/pcb_dataset1_447/pcb_dataset1_447.jpg,pcb_dataset1_447.jpg,pcb_dataset1,09_mouse_bite_09_jpg.rf.221be71b44b1352ccfbde9fadfbab028.jpg,7866de4a1cfdbe044ae53b13e992960d
Data/pcb_dataset1/pcb_dataset1_448/pcb_dataset1_448.jpg,pcb_dataset1_448.jpg,pcb_dataset1,09_mouse_bite_10_jpg.rf.cb0904c48eef13162866ab5e3ac3b8f0.jpg,3d7e945fe6e0fa5c24d92ce6ce56d6c1
Data/pcb_dataset1/pcb_dataset1_449/pcb_dataset1_449.jpg,pcb_dataset1_449.jpg,pcb_dataset1,09_open_circuit_01_jpg.rf.7084fc808358e0f5784bcac73b51350a.jpg,c2cebeebbf4865b699b49da27b19f60c
Data/pcb_dataset1/pcb_dataset1_45/pcb_dataset1_45.jpg,pcb_dataset1_45.jpg,pcb_dataset1,08_missing_hole_02_jpg.rf.0a16c006d88b98419afa3b0d517da548.jpg,d75110a29f0cc9abdf001cfa1428aed1
Data/pcb_dataset1/pcb_dataset1_450/pcb_dataset1_450.jpg,pcb_dataset1_450.jpg,pcb_dataset1,09_open_circuit_02_jpg.rf.ecc711d510a73df48efc09b363731f45.jpg,7f27f4c6c08e17466c79b45a98ef32f9
Data/pcb_dataset1/pcb_dataset1_451/pcb_dataset1_451.jpg,pcb_dataset1_451.jpg,pcb_dataset1,09_open_circuit_03_jpg.rf.a3d72fda3890de36ae0eead61b3f1cd2.jpg,cc8975c7208d8233afae0ff8e2897fb9
Data/pcb_dataset1/pcb_dataset1_452/pcb_dataset1_452.jpg,pcb_dataset1_452.jpg,pcb_dataset1,09_open_circuit_04_jpg.rf.abf7c03697ecf553f235af5c3429a146.jpg,bcbf26f77ac82b0658b3b9dd9b9506ce
Data/pcb_dataset1/pcb_dataset1_453/pcb_dataset1_453.jpg,pcb_dataset1_453.jpg,pcb_dataset1,09_open_circuit_05_jpg.rf.49997ffab59c4b71c015c83e1e872cbf.jpg,cee45e55217cd0b07d5e131cca578fa0
Data/pcb_dataset1/pcb_dataset1_454/pcb_dataset1_454.jpg,pcb_dataset1_454.jpg,pcb_dataset1,09_open_circuit_06_jpg.rf.6f93d07242bb349b942e1bd15fdcafb3.jpg,d8c0c5a169ce22c95ed047987e3ec4c4
Data/pcb_dataset1/pcb_dataset1_455/pcb_dataset1_455.jpg,pcb_dataset1_455.jpg,pcb_dataset1,09_open_circuit_07_jpg.rf.dd01a242a7e08292f7d14a2bff8cc042.jpg,0768c126d7c946e814e78c26a2b2b5e7
Data/pcb_dataset1/pcb_dataset1_456/pcb_dataset1_456.jpg,pcb_dataset1_456.jpg,pcb_dataset1,09_open_circuit_08_jpg.rf.13375bd6c875795de5da60c044367312.jpg,0434f504e0fb69a7dee2ca42f7e0781b
Data/pcb_dataset1/pcb_dataset1_457/pcb_dataset1_457.jpg,pcb_dataset1_457.jpg,pcb_dataset1,09_open_circuit_10_jpg.rf.051377715d6f557c47a277247d82d052.jpg,60d3e8dbf47573028f403b7c56704553
Data/pcb_dataset1/pcb_dataset1_458/pcb_dataset1_458.jpg,pcb_dataset1_458.jpg,pcb_dataset1,09_short_01_jpg.rf.cef5884c25ee46ede7a59b7d34761c2f.jpg,fd5e1b3ca274c8f6ff3f212193e1e08f
Data/pcb_dataset1/pcb_dataset1_459/pcb_dataset1_459.jpg,pcb_dataset1_459.jpg,pcb_dataset1,09_short_02_jpg.rf.b095084f8c6b0ff2e169161ae8705ed6.jpg,257292345d4c94311f340d7edba0cf5c
Data/pcb_dataset1/pcb_dataset1_46/pcb_dataset1_46.jpg,pcb_dataset1_46.jpg,pcb_dataset1,08_missing_hole_07_jpg.rf.070a764b5ad4bcf49f8baefbbbf1741a.jpg,80ec80a035a08aaef130c5130fe6fab2
Data/pcb_dataset1/pcb_dataset1_460/pcb_dataset1_460.jpg,pcb_dataset1_460.jpg,pcb_dataset1,09_short_03_jpg.rf.35ea9ffba931ca9f4ba80140f297fcc7.jpg,2719d8b15a5e81c2ed54c728886501cf
Data/pcb_dataset1/pcb_dataset1_461/pcb_dataset1_461.jpg,pcb_dataset1_461.jpg,pcb_dataset1,09_short_04_jpg.rf.4e374955ef771cf82a644b0f42298939.jpg,cd2bbcdd94fa0ec9770eb46c72d372e2
Data/pcb_dataset1/pcb_dataset1_462/pcb_dataset1_462.jpg,pcb_dataset1_462.jpg,pcb_dataset1,09_short_05_jpg.rf.7617087e61ec63218bb225bd1b2072c9.jpg,6f0929b1c5f90094349115bb64020f2a
Data/pcb_dataset1/pcb_dataset1_463/pcb_dataset1_463.jpg,pcb_dataset1_463.jpg,pcb_dataset1,09_short_07_jpg.rf.9b279d86b16f34079e40219981aec948.jpg,2a6f0d1062a684df13957e15df7d80c2
Data/pcb_dataset1/pcb_dataset1_464/pcb_dataset1_464.jpg,pcb_dataset1_464.jpg,pcb_dataset1,09_short_08_jpg.rf.7eeb5dd31ebd6edd66d1e09ee3c80b12.jpg,da62f927f6dd24f12a4356df98281f7f
Data/pcb_dataset1/pcb_dataset1_465/pcb_dataset1_465.jpg,pcb_dataset1_465.jpg,pcb_dataset1,09_short_09_jpg.rf.fb052383451a1ad05ce70a12d5d9e67b.jpg,50f32c7142fe2793bcaa70df10918f13
Data/pcb_dataset1/pcb_dataset1_466/pcb_dataset1_466.jpg,pcb_dataset1_466.jpg,pcb_dataset1,09_short_10_jpg.rf.e1bc693903b9ee9f21fb770db2dcb470.jpg,317558e6751ea4430c8aaadad0ee9a50
Data/pcb_dataset1/pcb_dataset1_467/pcb_dataset1_467.jpg,pcb_dataset1_467.jpg,pcb_dataset1,09_spur_01_jpg.rf.25e187a0b3b6cadb344cb63ef6ed21d3.jpg,04d9489e6dbcb7a3af129b0d503528d5
Data/pcb_dataset1/pcb_dataset1_468/pcb_dataset1_468.jpg,pcb_dataset1_468.jpg,pcb_dataset1,09_spur_02_jpg.rf.7a7ae471116db705a0d758027ee258f6.jpg,6f722a00d884b32897ce82635e2f55ac
Data/pcb_dataset1/pcb_dataset1_469/pcb_dataset1_469.jpg,pcb_dataset1_469.jpg,pcb_dataset1,09_spur_03_jpg.rf.461b9cdf7fc70def839a1102252b1073.jpg,553c272ab551864bad9ec74953014189
Data/pcb_dataset1/pcb_dataset1_47/pcb_dataset1_47.jpg,pcb_dataset1_47.jpg,pcb_dataset1,08_mouse_bite_04_jpg.rf.5c412d6d6ae57194708c11727a77000b.jpg,941f2e21c4eb0d3cbab88899a6b42f66
Data/pcb_dataset1/pcb_dataset1_470/pcb_dataset1_470.jpg,pcb_dataset1_470.jpg,pcb_dataset1,09_spur_04_jpg.rf.e571eba20645911ee69087b3393bffdd.jpg,2b9cece15ae69ecf1e76b51da3a485dd
Data/pcb_dataset1/pcb_dataset1_471/pcb_dataset1_471.jpg,pcb_dataset1_471.jpg,pcb_dataset1,09_spur_05_jpg.rf.15287945bd519290739baba3c3fbf137.jpg,6eb3a26bf9c427906253c08d8dc8c468
Data/pcb_dataset1/pcb_dataset1_472/pcb_dataset1_472.jpg,pcb_dataset1_472.jpg,pcb_dataset1,09_spur_07_jpg.rf.ce921f1fc192775dba2b2fb8762d27c3.jpg,22b8fa0d9761772d522cd007d96b1031
Data/pcb_dataset1/pcb_dataset1_473/pcb_dataset1_473.jpg,pcb_dataset1_473.jpg,pcb_dataset1,09_spur_09_jpg.rf.6e97eb7978658fa2eb20d869e9903cdb.jpg,30f34d18378b6674496337854cc6e0f4
Data/pcb_dataset1/pcb_dataset1_474/pcb_dataset1_474.jpg,pcb_dataset1_474.jpg,pcb_dataset1,09_spur_10_jpg.rf.ee7cf9cc75c9eabbf0d92bbe4c85ed95.jpg,c567db06d37bd55913c337d7a1833ef0
Data/pcb_dataset1/pcb_dataset1_475/pcb_dataset1_475.jpg,pcb_dataset1_475.jpg,pcb_dataset1,10_missing_hole_01_jpg.rf.460dfa45e89382342115314aa81cf86f.jpg,a7e4f98af61f897327a36d9b307d69e1
Data/pcb_dataset1/pcb_dataset1_476/pcb_dataset1_476.jpg,pcb_dataset1_476.jpg,pcb_dataset1,10_missing_hole_02_jpg.rf.681ff2f6421fc1f4364b5640bdf1f240.jpg,d4ff5ff399ae9a2be240ff1b308c9d6b
Data/pcb_dataset1/pcb_dataset1_477/pcb_dataset1_477.jpg,pcb_dataset1_477.jpg,pcb_dataset1,10_missing_hole_03_jpg.rf.9fd011f3d729416dd92cde1c1d8361c0.jpg,4f9b00360a752f2ca0942868a526ebf3
Data/pcb_dataset1/pcb_dataset1_478/pcb_dataset1_478.jpg,pcb_dataset1_478.jpg,pcb_dataset1,10_missing_hole_04_jpg.rf.f94d42191bd4e3dc82183a4c8ba14788.jpg,9b4be74baae037c08b72e690d170142e
Data/pcb_dataset1/pcb_dataset1_479/pcb_dataset1_479.jpg,pcb_dataset1_479.jpg,pcb_dataset1,10_missing_hole_05_jpg.rf.6a3d467b4aa390c87b722330f7a5362a.jpg,a461ba4a98f9ff5a997487ec43e93e19
Data/pcb_dataset1/pcb_dataset1_48/pcb_dataset1_48.jpg,pcb_dataset1_48.jpg,pcb_dataset1,08_short_01_jpg.rf.fb5fad220e5c22a65097d87e5ed1b52d.jpg,c2c357818ba66461850c47f96a3f4555
Data/pcb_dataset1/pcb_dataset1_480/pcb_dataset1_480.jpg,pcb_dataset1_480.jpg,pcb_dataset1,10_mouse_bite_01_jpg.rf.c25a5e74cd8e3947f565e856a4facde1.jpg,01f6bf94ca74021b9391e727c42913fa
Data/pcb_dataset1/pcb_dataset1_481/pcb_dataset1_481.jpg,pcb_dataset1_481.jpg,pcb_dataset1,10_mouse_bite_02_jpg.rf.5235535e049404d83087ce47009954dc.jpg,658c99621519a3db9c8c6e87f33b04fb
Data/pcb_dataset1/pcb_dataset1_482/pcb_dataset1_482.jpg,pcb_dataset1_482.jpg,pcb_dataset1,10_mouse_bite_03_jpg.rf.49385bd1cbd893e522308491f7db41e2.jpg,1fa737d60b988b16366123aed62c1831
Data/pcb_dataset1/pcb_dataset1_483/pcb_dataset1_483.jpg,pcb_dataset1_483.jpg,pcb_dataset1,10_mouse_bite_04_jpg.rf.bbb87241d7c2789e29fa9a202c40f3d1.jpg,efa2b7a76570616ab0a3b7fb2b8c4105
Data/pcb_dataset1/pcb_dataset1_484/pcb_dataset1_484.jpg,pcb_dataset1_484.jpg,pcb_dataset1,10_mouse_bite_05_jpg.rf.c80795ee6e586e08199d01b8b5f7186f.jpg,09c8cbbcec18fa4ee734942e06a74ba0
Data/pcb_dataset1/pcb_dataset1_485/pcb_dataset1_485.jpg,pcb_dataset1_485.jpg,pcb_dataset1,10_open_circuit_01_jpg.rf.108a6f9af08ee8e327b93523dfabcf8a.jpg,d6ef18ae3d39312949f2605ca9b7cff4
Data/pcb_dataset1/pcb_dataset1_486/pcb_dataset1_486.jpg,pcb_dataset1_486.jpg,pcb_dataset1,10_open_circuit_02_jpg.rf.0fc17029b6547bd1b11c60b6db6f1734.jpg,9f0431376c3bb8bed57e1239f1c1603c
Data/pcb_dataset1/pcb_dataset1_487/pcb_dataset1_487.jpg,pcb_dataset1_487.jpg,pcb_dataset1,10_open_circuit_03_jpg.rf.4d6e6051b27d11ce7c68132211b6ecbd.jpg,b24a769e5d394ff9073a2d9c1abd50f2
Data/pcb_dataset1/pcb_dataset1_488/pcb_dataset1_488.jpg,pcb_dataset1_488.jpg,pcb_dataset1,10_open_circuit_04_jpg.rf.4ad21464ae4f54d0efa6a1ebd8daa642.jpg,4d872892fccc841a34f6ec338003cb96
Data/pcb_dataset1/pcb_dataset1_489/pcb_dataset1_489.jpg,pcb_dataset1_489.jpg,pcb_dataset1,10_open_circuit_05_jpg.rf.fb5440d000fb1ca4f8167d68b79a6909.jpg,a8666058963163c9c0b63f1b32fd13cc
Data/pcb_dataset1/pcb_dataset1_49/pcb_dataset1_49.jpg,pcb_dataset1_49.jpg,pcb_dataset1,08_spur_07_jpg.rf.c30d669c0516d7129563e657d3bc1944.jpg,343f4c6d48f3341296194aed87719ac5
Data/pcb_dataset1/pcb_dataset1_490/pcb_dataset1_490.jpg,pcb_dataset1_490.jpg,pcb_dataset1,10_open_circuit_06_jpg.rf.0c4878bd60149339d66188dc6fed8662.jpg,f2256c6f9b189bced11295a4166cae87
Data/pcb_dataset1/pcb_dataset1_491/pcb_dataset1_491.jpg,pcb_dataset1_491.jpg,pcb_dataset1,10_short_01_jpg.rf.055de9440fa2bff76034f73ac16c559a.jpg,95c5ca736691cfe0620d61dccb51fdb4
Data/pcb_dataset1/pcb_dataset1_492/pcb_dataset1_492.jpg,pcb_dataset1_492.jpg,pcb_dataset1,10_short_02_jpg.rf.f8ec54ed4f2e01d55ae91890a51a891c.jpg,ec024c0b648d4b99f0ed93dae336baa1
Data/pcb_dataset1/pcb_dataset1_493/pcb_dataset1_493.jpg,pcb_dataset1_493.jpg,pcb_dataset1,10_short_03_jpg.rf.94ef1a555d7ea26a2c18bea43354e89f.jpg,2a557d41095b6f98cdaf349c5c3ec267
Data/pcb_dataset1/pcb_dataset1_494/pcb_dataset1_494.jpg,pcb_dataset1_494.jpg,pcb_dataset1,10_short_04_jpg.rf.bb55cd5f4b4d953fd419a4bdd0ba86a0.jpg,ad067344e2ebd37d6513a3123ed18887
Data/pcb_dataset1/pcb_dataset1_495/pcb_dataset1_495.jpg,pcb_dataset1_495.jpg,pcb_dataset1,10_spur_01_jpg.rf.3469962bb48d969b794fdce2f8adc0db.jpg,1acfde30896547666828eff54e790a4c
Data/pcb_dataset1/pcb_dataset1_496/pcb_dataset1_496.jpg,pcb_dataset1_496.jpg,pcb_dataset1,10_spur_02_jpg.rf.4a0a3c8c4478c3aecd1d33964b1dd0b3.jpg,5b654a1dada39f394dfacdf186efa79b
Data/pcb_dataset1/pcb_dataset1_497/pcb_dataset1_497.jpg,pcb_dataset1_497.jpg,pcb_dataset1,10_spur_03_jpg.rf.767f4a84fb24e39c78a195cff1e0062e.jpg,b5416bb1531cf28102cdf6b89eb6d4bf
Data/pcb_dataset1/pcb_dataset1_498/pcb_dataset1_498.jpg,pcb_dataset1_498.jpg,pcb_dataset1,10_spur_04_jpg.rf.eb539a7033c97c14338fe8e584450f42.jpg,4ec44aa53e6491c67a96b55a88b65cf9
Data/pcb_dataset1/pcb_dataset1_499/pcb_dataset1_499.jpg,pcb_dataset1_499.jpg,pcb_dataset1,10_spur_05_jpg.rf.6acb6ba53154bac4d1e414fe0d8f5d03.jpg,0540d3439a5473ed19c1e6af78d81486
Data/pcb_dataset1/pcb_dataset1_5/pcb_dataset1_5.jpg,pcb_dataset1_5.jpg,pcb_dataset1,01_mouse_bite_11_jpg.rf.fab0dbb00f93076f0304c237ea538c6d.jpg,e6fd1a4508dd865d1bdfb5f0fdd58348
Data/pcb_dataset1/pcb_dataset1_50/pcb_dataset1_50.jpg,pcb_dataset1_50.jpg,pcb_dataset1,09_missing_hole_03_jpg.rf.6600e0be76bac83bd764ad62067ffebd.jpg,9a908c27cb2b76642774afc7272cb3ea
Data/pcb_dataset1/pcb_dataset1_500/pcb_dataset1_500.jpg,pcb_dataset1_500.jpg,pcb_dataset1,11_missing_hole_01_jpg.rf.fa8c4b1554e30d29deeba55bb9887309.jpg,0f79fb8fffa40549746c501dc6bd975a
Data/pcb_dataset1/pcb_dataset1_501/pcb_dataset1_501.jpg,pcb_dataset1_501.jpg,pcb_dataset1,11_missing_hole_02_jpg.rf.58cac2d163d046f71e3cc437138723fb.jpg,669d95d4f2ec6581e4c0b4772eddfb95
Data/pcb_dataset1/pcb_dataset1_502/pcb_dataset1_502.jpg,pcb_dataset1_502.jpg,pcb_dataset1,11_missing_hole_03_jpg.rf.f7e85e0887404b0f1937e5fef2dd75a2.jpg,ff4dec83d3dcb81df66bc79929dd7caa
Data/pcb_dataset1/pcb_dataset1_503/pcb_dataset1_503.jpg,pcb_dataset1_503.jpg,pcb_dataset1,11_missing_hole_06_jpg.rf.8ecbcf25455ba89f380f16bcccc2ba44.jpg,a831f8fb5f0e4ca6f81e737cc1f2dbfc
Data/pcb_dataset1/pcb_dataset1_504/pcb_dataset1_504.jpg,pcb_dataset1_504.jpg,pcb_dataset1,11_missing_hole_07_jpg.rf.67348c5eb089a317ada7e85d3d95f3de.jpg,081f66fa951d9ff175643b19f6132f1e
Data/pcb_dataset1/pcb_dataset1_505/pcb_dataset1_505.jpg,pcb_dataset1_505.jpg,pcb_dataset1,11_missing_hole_08_jpg.rf.3492080478e4cfe49e0ba64b086992e2.jpg,ceacf4700ffd51cd0c80ba18b270ce20
Data/pcb_dataset1/pcb_dataset1_506/pcb_dataset1_506.jpg,pcb_dataset1_506.jpg,pcb_dataset1,11_missing_hole_09_jpg.rf.668fec401b879bb6dbabcd163443b6b4.jpg,00f29d767ff692790fb80ffd32e903df
Data/pcb_dataset1/pcb_dataset1_507/pcb_dataset1_507.jpg,pcb_dataset1_507.jpg,pcb_dataset1,11_missing_hole_10_jpg.rf.f3465115ea51d384502ea96631dc3ebe.jpg,bb0aaa847af2aad2b4312fa9c22e9272
Data/pcb_dataset1/pcb_dataset1_508/pcb_dataset1_508.jpg,pcb_dataset1_508.jpg,pcb_dataset1,11_mouse_bite_02_jpg.rf.293ba35a545ac2dd5dc3aee570c35d81.jpg,790b7e6f8158bc55e3fa34fce9060361
Data/pcb_dataset1/pcb_dataset1_509/pcb_dataset1_509.jpg,pcb_dataset1_509.jpg,pcb_dataset1,11_mouse_bite_04_jpg.rf.2eb0e1373292bdaa0aa9383e157c6605.jpg,80fa31ce8be47e7a7132c85cd399d27e
Data/pcb_dataset1/pcb_dataset1_51/pcb_dataset1_51.jpg,pcb_dataset1_51.jpg,pcb_dataset1,09_open_circuit_09_jpg.rf.08fe7b4cbd7c671f25a5dbd76c7bf00d.jpg,75ed53a7ab8ed00a36fed4841770952c
Data/pcb_dataset1/pcb_dataset1_510/pcb_dataset1_510.jpg,pcb_dataset1_510.jpg,pcb_dataset1,11_mouse_bite_08_jpg.rf.68031acff1fd9541ff8ed9ec93a6e908.jpg,5189591d0f0c6d04599bc47714b39fd1
Data/pcb_dataset1/pcb_dataset1_511/pcb_dataset1_511.jpg,pcb_dataset1_511.jpg,pcb_dataset1,11_mouse_bite_09_jpg.rf.389338bd8c6777c501019921f90fdee2.jpg,ca6469c4ae55939e60a651445aca55a9
Data/pcb_dataset1/pcb_dataset1_512/pcb_dataset1_512.jpg,pcb_dataset1_512.jpg,pcb_dataset1,11_mouse_bite_10_jpg.rf.ef7612049a5ff79545569897e687e737.jpg,9848d709d3c876836ae8441a3c75f8c5
Data/pcb_dataset1/pcb_dataset1_513/pcb_dataset1_513.jpg,pcb_dataset1_513.jpg,pcb_dataset1,11_open_circuit_01_jpg.rf.25f65700d19c7ea0f51412759e419be1.jpg,d0b97ec2d5e815a8176c381bfb3b52b9
Data/pcb_dataset1/pcb_dataset1_514/pcb_dataset1_514.jpg,pcb_dataset1_514.jpg,pcb_dataset1,11_open_circuit_02_jpg.rf.bb5bfdd16ba60c17a955c21ff725fbff.jpg,66e7636f59fea9eb5a44adf9ad1ccb6f
Data/pcb_dataset1/pcb_dataset1_515/pcb_dataset1_515.jpg,pcb_dataset1_515.jpg,pcb_dataset1,11_open_circuit_03_jpg.rf.9938441cd25ed17c634326de53133e41.jpg,36e9c66342807ba924436c22f3c2142a
Data/pcb_dataset1/pcb_dataset1_516/pcb_dataset1_516.jpg,pcb_dataset1_516.jpg,pcb_dataset1,11_open_circuit_04_jpg.rf.bcbdefa749ea794786d622556622cef8.jpg,d470594f63b654aceb090142955e9a93
Data/pcb_dataset1/pcb_dataset1_517/pcb_dataset1_517.jpg,pcb_dataset1_517.jpg,pcb_dataset1,11_open_circuit_05_jpg.rf.5dd4bbc6f1eb4af2bea06f62e60b34cb.jpg,e93815312a6ef71afff547d397391aae
Data/pcb_dataset1/pcb_dataset1_518/pcb_dataset1_518.jpg,pcb_dataset1_518.jpg,pcb_dataset1,11_open_circuit_06_jpg.rf.ebcf3f0fe313679cec541a6708bff52e.jpg,f6bc6b3d3c66d569c6edd7f03e79e05d
Data/pcb_dataset1/pcb_dataset1_519/pcb_dataset1_519.jpg,pcb_dataset1_519.jpg,pcb_dataset1,11_open_circuit_07_jpg.rf.a8037aa220b80832f6feb89a6ad015e7.jpg,b4508668f0d00882144f71fddb7b382e
Data/pcb_dataset1/pcb_dataset1_52/pcb_dataset1_52.jpg,pcb_dataset1_52.jpg,pcb_dataset1,09_short_06_jpg.rf.30f4f27292b3a1d306ba7979e326bb40.jpg,8094841b22a92e3cf72659e57a36cee4
Data/pcb_dataset1/pcb_dataset1_520/pcb_dataset1_520.jpg,pcb_dataset1_520.jpg,pcb_dataset1,11_open_circuit_08_jpg.rf.a0f2993f32f54cb4a28c91d898955f5d.jpg,788c6181cde5b33f29c7956db1168910
Data/pcb_dataset1/pcb_dataset1_521/pcb_dataset1_521.jpg,pcb_dataset1_521.jpg,pcb_dataset1,11_open_circuit_09_jpg.rf.4c31e5e8a98bcfe270f8b1dc08cbf6b5.jpg,eaefc0751131b6358f4ad4492019070c
Data/pcb_dataset1/pcb_dataset1_522/pcb_dataset1_522.jpg,pcb_dataset1_522.jpg,pcb_dataset1,11_open_circuit_10_jpg.rf.678aa5568fdd8b7bba464d7098edd3dd.jpg,f670b7172c87f8e3d22789cc579ce22b
Data/pcb_dataset1/pcb_dataset1_523/pcb_dataset1_523.jpg,pcb_dataset1_523.jpg,pcb_dataset1,11_short_02_jpg.rf.da47b0920aefe1d502a51cf4bd657fc6.jpg,f0951e133ab31a30c7a44df682825cd3
Data/pcb_dataset1/pcb_dataset1_524/pcb_dataset1_524.jpg,pcb_dataset1_524.jpg,pcb_dataset1,11_short_03_jpg.rf.ae60680da950edd33096dc7d58a6c466.jpg,afcac12d5f25e726e183d9ade08a46a2
Data/pcb_dataset1/pcb_dataset1_525/pcb_dataset1_525.jpg,pcb_dataset1_525.jpg,pcb_dataset1,11_short_04_jpg.rf.f034ad2883e238ece7dde7b8eedc4a44.jpg,8172285fd465638c1a0831db27f30d6e
Data/pcb_dataset1/pcb_dataset1_526/pcb_dataset1_526.jpg,pcb_dataset1_526.jpg,pcb_dataset1,11_short_05_jpg.rf.a134a85d5612f3d2460dd9d7d033a36a.jpg,0996c228446f3087552517d0234c579b
Data/pcb_dataset1/pcb_dataset1_527/pcb_dataset1_527.jpg,pcb_dataset1_527.jpg,pcb_dataset1,11_short_06_jpg.rf.bb6e7eb69b0bd39039ed26abae4fdc94.jpg,2d69a1aa8c31605ca0ccfa99dc64da70
Data/pcb_dataset1/pcb_dataset1_528/pcb_dataset1_528.jpg,pcb_dataset1_528.jpg,pcb_dataset1,11_short_07_jpg.rf.82a596b85fd3f4331c1e09f08cdd6f06.jpg,3a7c6b7839b743d736a19e4ca9281ec9
Data/pcb_dataset1/pcb_dataset1_529/pcb_dataset1_529.jpg,pcb_dataset1_529.jpg,pcb_dataset1,11_short_08_jpg.rf.9b40228ec55acaf647fc6feda87e1893.jpg,4dc1897aafc81fe0707a644ce69b61c5
Data/pcb_dataset1/pcb_dataset1_53/pcb_dataset1_53.jpg,pcb_dataset1_53.jpg,pcb_dataset1,09_spur_06_jpg.rf.d845d3c18b501b7096a9476bdd2034b7.jpg,323c01c47bf8f6083ffe40959365a317
Data/pcb_dataset1/pcb_dataset1_530/pcb_dataset1_530.jpg,pcb_dataset1_530.jpg,pcb_dataset1,11_short_09_jpg.rf.0192261356ab25fe8a2cead0bba51889.jpg,3bbfe03df940d76031f609de2f749fd2
Data/pcb_dataset1/pcb_dataset1_531/pcb_dataset1_531.jpg,pcb_dataset1_531.jpg,pcb_dataset1,11_short_10_jpg.rf.b94e083baf88bbfdb366da69486f1ab8.jpg,8f28758210a868333f014a520d15a5cf
Data/pcb_dataset1/pcb_dataset1_532/pcb_dataset1_532.jpg,pcb_dataset1_532.jpg,pcb_dataset1,11_spur_01_jpg.rf.b5d6d8909068e01e6b5326d3e3440338.jpg,a74c7c622a3587ab6a7be4448e577aa8
Data/pcb_dataset1/pcb_dataset1_533/pcb_dataset1_533.jpg,pcb_dataset1_533.jpg,pcb_dataset1,11_spur_02_jpg.rf.a981c3b487b3a94d8c7dae87706dc4cd.jpg,6a13e9779a09864cd48ea2350a619435
Data/pcb_dataset1/pcb_dataset1_534/pcb_dataset1_534.jpg,pcb_dataset1_534.jpg,pcb_dataset1,11_spur_03_jpg.rf.efcfad570eefe645797cf26402fbbf79.jpg,bf4ea3f11f7d3851a72bf8d4be1487e2
Data/pcb_dataset1/pcb_dataset1_535/pcb_dataset1_535.jpg,pcb_dataset1_535.jpg,pcb_dataset1,11_spur_04_jpg.rf.f179a81ab2b600408a81aed4fdec02a0.jpg,ce0328db0b750b6a029e2a8cedec42ec
Data/pcb_dataset1/pcb_dataset1_536/pcb_dataset1_536.jpg,pcb_dataset1_536.jpg,pcb_dataset1,11_spur_05_jpg.rf.6c8fa76804d3e8e10de629452d749305.jpg,e783b861f469deb95a268e18c567d872
Data/pcb_dataset1/pcb_dataset1_537/pcb_dataset1_537.jpg,pcb_dataset1_537.jpg,pcb_dataset1,11_spur_06_jpg.rf.c9b2ae4253993c021fdceaadeee703b3.jpg,7d11ef414038e90c2c4e019d52f66f57
Data/pcb_dataset1/pcb_dataset1_538/pcb_dataset1_538.jpg,pcb_dataset1_538.jpg,pcb_dataset1,11_spur_07_jpg.rf.80d11aba38b366b384239229490564ab.jpg,c9c22944f7bfc7aa4ae314dff5df3eca
Data/pcb_dataset1/pcb_dataset1_539/pcb_dataset1_539.jpg,pcb_dataset1_539.jpg,pcb_dataset1,11_spur_08_jpg.rf.c4240bca505ed114c7d6c6a186502566.jpg,5a5c95b8d883188fc60afb6ea2b0d434
Data/pcb_dataset1/pcb_dataset1_54/pcb_dataset1_54.jpg,pcb_dataset1_54.jpg,pcb_dataset1,09_spur_08_jpg.rf.0d0d85d275b99bcc7f235b984514a4e7.jpg,5680623fe82aeaf1043fc9f892b7fe6d
Data/pcb_dataset1/pcb_dataset1_540/pcb_dataset1_540.jpg,pcb_dataset1_540.jpg,pcb_dataset1,11_spur_09_jpg.rf.da3691585f2cd84e4606f36fd8f64443.jpg,dc1f626c4c0ae8a7ecd8cf25d2420a67
Data/pcb_dataset1/pcb_dataset1_541/pcb_dataset1_541.jpg,pcb_dataset1_541.jpg,pcb_dataset1,11_spur_10_jpg.rf.3e40d59abe69f414d39e16beaa11836e.jpg,17df2637783bbdb9f47b5fe04d7aba31
Data/pcb_dataset1/pcb_dataset1_542/pcb_dataset1_542.jpg,pcb_dataset1_542.jpg,pcb_dataset1,12_mouse_bite_01_jpg.rf.25bd09df99ffe82272e64934a2efbb30.jpg,85aafed14d3b951c85f89741aed88064
Data/pcb_dataset1/pcb_dataset1_543/pcb_dataset1_543.jpg,pcb_dataset1_543.jpg,pcb_dataset1,12_mouse_bite_02_jpg.rf.c437b010a9dbc91450d32694ff833649.jpg,3429555851f3ec261de9f8eccea0723e
Data/pcb_dataset1/pcb_dataset1_544/pcb_dataset1_544.jpg,pcb_dataset1_544.jpg,pcb_dataset1,12_mouse_bite_03_jpg.rf.8481fa9f9637cc2daa76aad707a3b880.jpg,c188dea7eba226a5f91289dfc2ac94b4
Data/pcb_dataset1/pcb_dataset1_545/pcb_dataset1_545.jpg,pcb_dataset1_545.jpg,pcb_dataset1,12_mouse_bite_04_jpg.rf.4cb658d755e5ae47029ead96ebec610d.jpg,df94505d7ecd1553c3b0a1b3d898dbc6
Data/pcb_dataset1/pcb_dataset1_546/pcb_dataset1_546.jpg,pcb_dataset1_546.jpg,pcb_dataset1,12_mouse_bite_05_jpg.rf.17ea768549a208f0ddbd520f7677fda6.jpg,50cf39611335f1bc95675dc96fa38029
Data/pcb_dataset1/pcb_dataset1_547/pcb_dataset1_547.jpg,pcb_dataset1_547.jpg,pcb_dataset1,12_mouse_bite_06_jpg.rf.6fe3f3e25f03f3755b7da1a8ca834512.jpg,9f3fb52c9849cb51ed03936d2b8c7972
Data/pcb_dataset1/pcb_dataset1_548/pcb_dataset1_548.jpg,pcb_dataset1_548.jpg,pcb_dataset1,12_mouse_bite_07_jpg.rf.5a0c9ebec821c3badb113b029e493224.jpg,9c18a594ed382374ffe89018a014703f
Data/pcb_dataset1/pcb_dataset1_549/pcb_dataset1_549.jpg,pcb_dataset1_549.jpg,pcb_dataset1,12_mouse_bite_08_jpg.rf.ab4351749c4ab0401fbc5f9d6ffcd6cb.jpg,25677e0c5575b8fe636c7d4bfb250a85
Data/pcb_dataset1/pcb_dataset1_55/pcb_dataset1_55.jpg,pcb_dataset1_55.jpg,pcb_dataset1,10_short_05_jpg.rf.4a323eb76a0c42108086dd6fb2c193fc.jpg,9633dd6537491edadb56e134f06e41a0
Data/pcb_dataset1/pcb_dataset1_550/pcb_dataset1_550.jpg,pcb_dataset1_550.jpg,pcb_dataset1,12_mouse_bite_09_jpg.rf.248539006134f6d3a74da5a833ce8353.jpg,efd49b2e05f0526423befe4f48f071c6
Data/pcb_dataset1/pcb_dataset1_551/pcb_dataset1_551.jpg,pcb_dataset1_551.jpg,pcb_dataset1,12_mouse_bite_10_jpg.rf.a92b3a65e937af359f3bed8f9a1d0693.jpg,2c4b092432833c432c591b6fc0fc6267
Data/pcb_dataset1/pcb_dataset1_552/pcb_dataset1_552.jpg,pcb_dataset1_552.jpg,pcb_dataset1,12_open_circuit_01_jpg.rf.3f1e17045ea09cf0fb68d4023284d624.jpg,2be8d7404c08cb213352eb456ced9445
Data/pcb_dataset1/pcb_dataset1_553/pcb_dataset1_553.jpg,pcb_dataset1_553.jpg,pcb_dataset1,12_open_circuit_02_jpg.rf.2e3124c276ed69ea95dcaa6f42c9be3c.jpg,27b71163917818c31f65d12b014dad97
Data/pcb_dataset1/pcb_dataset1_554/pcb_dataset1_554.jpg,pcb_dataset1_554.jpg,pcb_dataset1,12_open_circuit_03_jpg.rf.ae111be0e2ff171231baff3850f445a8.jpg,4efb6311576d7b1f0c58f1ef674d3751
Data/pcb_dataset1/pcb_dataset1_555/pcb_dataset1_555.jpg,pcb_dataset1_555.jpg,pcb_dataset1,12_open_circuit_04_jpg.rf.b513d8dff8fe18206c0e8b9fbae0a084.jpg,ac55ba276747ae12d674b816c111edfb
Data/pcb_dataset1/pcb_dataset1_556/pcb_dataset1_556.jpg,pcb_dataset1_556.jpg,pcb_dataset1,12_open_circuit_05_jpg.rf.6666979e2960925072e998e9ddca2e76.jpg,6908f7337d61be3b5d9aff3a9e93dc46
Data/pcb_dataset1/pcb_dataset1_557/pcb_dataset1_557.jpg,pcb_dataset1_557.jpg,pcb_dataset1,12_open_circuit_07_jpg.rf.f33bc06328b273da86e3f918474f26bd.jpg,2b496b0f8aa773c38ec73ecfbad01735
Data/pcb_dataset1/pcb_dataset1_558/pcb_dataset1_558.jpg,pcb_dataset1_558.jpg,pcb_dataset1,12_open_circuit_08_jpg.rf.6de2525359481fde0f407d74fbaf1988.jpg,3c1387c04b9afce8c2a48597ae51d710
Data/pcb_dataset1/pcb_dataset1_559/pcb_dataset1_559.jpg,pcb_dataset1_559.jpg,pcb_dataset1,12_open_circuit_09_jpg.rf.6bd222367bfb77a868ab1e2d0682c70e.jpg,890c3c2d564e4c4fbabab59a73098e1c
Data/pcb_dataset1/pcb_dataset1_56/pcb_dataset1_56.jpg,pcb_dataset1_56.jpg,pcb_dataset1,11_missing_hole_04_jpg.rf.7d22f46e02534f43352bdb2c08027a7f.jpg,a09dcaa36ef128e13394c2fd244e84a2
Data/pcb_dataset1/pcb_dataset1_560/pcb_dataset1_560.jpg,pcb_dataset1_560.jpg,pcb_dataset1,12_open_circuit_10_jpg.rf.f86c3777c6efd4bc344aa8237c5a3062.jpg,13a510383d6451256803589bfec6f483
Data/pcb_dataset1/pcb_dataset1_561/pcb_dataset1_561.jpg,pcb_dataset1_561.jpg,pcb_dataset1,12_short_02_jpg.rf.e2995700ec963ecd35ddbc8fcd5673e1.jpg,a47618d532e305d4062d986de20f173a
Data/pcb_dataset1/pcb_dataset1_562/pcb_dataset1_562.jpg,pcb_dataset1_562.jpg,pcb_dataset1,12_short_03_jpg.rf.8b2e8a02842dab8004fa301c9003cd7d.jpg,a531c6f5e666d85825e6b2fb4a0f27c3
Data/pcb_dataset1/pcb_dataset1_563/pcb_dataset1_563.jpg,pcb_dataset1_563.jpg,pcb_dataset1,12_short_04_jpg.rf.ca4f6b5c15b8dc0923148daede780652.jpg,542cebd55a00f561a830d8a2f1201c21
Data/pcb_dataset1/pcb_dataset1_564/pcb_dataset1_564.jpg,pcb_dataset1_564.jpg,pcb_dataset1,12_short_05_jpg.rf.6b4601610c0ec7b44a948d77d447972c.jpg,7d8f02f9f6261876311bd29dcd0cb133
Data/pcb_dataset1/pcb_dataset1_565/pcb_dataset1_565.jpg,pcb_dataset1_565.jpg,pcb_dataset1,12_short_06_jpg.rf.e3ac926825c14c85d28da930712946cd.jpg,61bacefaf01e9332fc9098c0349fa741
Data/pcb_dataset1/pcb_dataset1_566/pcb_dataset1_566.jpg,pcb_dataset1_566.jpg,pcb_dataset1,12_short_07_jpg.rf.f7f6f95e865fb38238b91cefb3ab9243.jpg,7fd1e4090190353ba8fd59a2ede7578c
Data/pcb_dataset1/pcb_dataset1_567/pcb_dataset1_567.jpg,pcb_dataset1_567.jpg,pcb_dataset1,12_short_09_jpg.rf.2d0700a8ec86aee4a1267347d13feeb0.jpg,6fae441f8f3dbd4772d0df8ab943ffc6
Data/pcb_dataset1/pcb_dataset1_568/pcb_dataset1_568.jpg,pcb_dataset1_568.jpg,pcb_dataset1,12_short_10_jpg.rf.4f2ae9e7f90e41dfce10738e88080d90.jpg,c443a46ad45317b800774189bfd5203d
Data/pcb_dataset1/pcb_dataset1_569/pcb_dataset1_569.jpg,pcb_dataset1_569.jpg,pcb_dataset1,12_spur_02_jpg.rf.d621af288c4b85332658ee64cca45307.jpg,e802d0897a7d5850f6c4b0d1a4d88947
Data/pcb_dataset1/pcb_dataset1_57/pcb_dataset1_57.jpg,pcb_dataset1_57.jpg,pcb_dataset1,11_missing_hole_05_jpg.rf.d8a4a2b06610cbeb4cdd18ae5c4afb6b.jpg,44eafff3c2edcbe3947a9496c7ee8170
Data/pcb_dataset1/pcb_dataset1_570/pcb_dataset1_570.jpg,pcb_dataset1_570.jpg,pcb_dataset1,12_spur_03_jpg.rf.65daa01fbf44a8cb741a28ef725e4c38.jpg,16942421445e32d8bc94bd0a5542135f
Data/pcb_dataset1/pcb_dataset1_571/pcb_dataset1_571.jpg,pcb_dataset1_571.jpg,pcb_dataset1,12_spur_04_jpg.rf.aa586759e4114174f57445a76870fc67.jpg,d7fd8438329c4eb20c942dade8d55e7c
Data/pcb_dataset1/pcb_dataset1_572/pcb_dataset1_572.jpg,pcb_dataset1_572.jpg,pcb_dataset1,12_spur_05_jpg.rf.3dc78c530847a34207b11f060ca1e9c8.jpg,5c37c4545a82817bd06681a209d7145f
Data/pcb_dataset1/pcb_dataset1_573/pcb_dataset1_573.jpg,pcb_dataset1_573.jpg,pcb_dataset1,12_spur_06_jpg.rf.20574f25e69554cfba994cb3a33fa20b.jpg,c88928a8aa9e1b94baef760be95c6048
Data/pcb_dataset1/pcb_dataset1_574/pcb_dataset1_574.jpg,pcb_dataset1_574.jpg,pcb_dataset1,12_spur_07_jpg.rf.81ffe167244c65588ffa28378765dc53.jpg,a973e7b9f30db546a6aa5e883c9b42a6
Data/pcb_dataset1/pcb_dataset1_575/pcb_dataset1_575.jpg,pcb_dataset1_575.jpg,pcb_dataset1,12_spur_08_jpg.rf.7d402733b47026ca49bd733e99c2b1bc.jpg,e7412148cad78631e9087c0a963adf83
Data/pcb_dataset1/pcb_dataset1_576/pcb_dataset1_576.jpg,pcb_dataset1_576.jpg,pcb_dataset1,12_spur_09_jpg.rf.c38136c038aacf2a2521fc75a2efdfbe.jpg,0e7ec75eca047b625fed66bc8b2e4c45
Data/pcb_dataset1/pcb_dataset1_577/pcb_dataset1_577.jpg,pcb_dataset1_577.jpg,pcb_dataset1,12_spur_10_jpg.rf.6337471b7d76be6278fdc739241ef4fd.jpg,efd34a26ba23e0aea2404b29f18539bb
Data/pcb_dataset1/pcb_dataset1_58/pcb_dataset1_58.jpg,pcb_dataset1_58.jpg,pcb_dataset1,11_mouse_bite_01_jpg.rf.c96bd696ab200364e06559b1c94a219a.jpg,f86c324245fd03052b642ba7a90bc679
Data/pcb_dataset1/pcb_dataset1_59/pcb_dataset1_59.jpg,pcb_dataset1_59.jpg,pcb_dataset1,11_mouse_bite_03_jpg.rf.b489b0603d7ccda0845da662e74a1e95.jpg,c54ff9ac93ced355f1b7ae974ea7a316
Data/pcb_dataset1/pcb_dataset1_6/pcb_dataset1_6.jpg,pcb_dataset1_6.jpg,pcb_dataset1,01_mouse_bite_12_jpg.rf.9957f6fd499820c09f87fdd3a619b4f7.jpg,d479524b1b846ac1b549bc7655c803b4
Data/pcb_dataset1/pcb_dataset1_60/pcb_dataset1_60.jpg,pcb_dataset1_60.jpg,pcb_dataset1,11_mouse_bite_05_jpg.rf.5b31b5dde41b57f79a6d3aedd48bc1ce.jpg,aa71343d2ee1e3ddd40d7d5e692dc860
Data/pcb_dataset1/pcb_dataset1_61/pcb_dataset1_61.jpg,pcb_dataset1_61.jpg,pcb_dataset1,11_mouse_bite_06_jpg.rf.b07614247f4211387601cbe8ec936c49.jpg,880853f8286be3876ba745d53066a481
Data/pcb_dataset1/pcb_dataset1_62/pcb_dataset1_62.jpg,pcb_dataset1_62.jpg,pcb_dataset1,11_mouse_bite_07_jpg.rf.d35109353e342032cc53f2b5f2c34c38.jpg,c38848dd2d4040f9a95266119ca3f003
Data/pcb_dataset1/pcb_dataset1_63/pcb_dataset1_63.jpg,pcb_dataset1_63.jpg,pcb_dataset1,11_short_01_jpg.rf.cd989e4808bf881213eafaafe21262f4.jpg,c6d175e7f20f630dfc104c4f7ab371bf
Data/pcb_dataset1/pcb_dataset1_64/pcb_dataset1_64.jpg,pcb_dataset1_64.jpg,pcb_dataset1,12_missing_hole_01_jpg.rf.032eb7fc6aade43d7592db66535c07c9.jpg,9bb10e8af72217554e9a30e9fd1bb0df
Data/pcb_dataset1/pcb_dataset1_65/pcb_dataset1_65.jpg,pcb_dataset1_65.jpg,pcb_dataset1,12_missing_hole_06_jpg.rf.fe832aa49945a64be1a73391e739cb67.jpg,87fa68d0163ba830926db1777e447edf
Data/pcb_dataset1/pcb_dataset1_66/pcb_dataset1_66.jpg,pcb_dataset1_66.jpg,pcb_dataset1,12_missing_hole_08_jpg.rf.b9a8846c70717193b0ddea3b6f2a6e47.jpg,39d8cb05d0b406eb2d2d0a311629dbc6
Data/pcb_dataset1/pcb_dataset1_67/pcb_dataset1_67.jpg,pcb_dataset1_67.jpg,pcb_dataset1,12_open_circuit_06_jpg.rf.8f92b2916b12c5c672ced2f0330aa58e.jpg,90ec0ad344d4882f923b5cbe6ab76e1e
Data/pcb_dataset1/pcb_dataset1_68/pcb_dataset1_68.jpg,pcb_dataset1_68.jpg,pcb_dataset1,12_short_01_jpg.rf.aaf5ca2b93f8698e640103e964e98a8d.jpg,29308e4531514ee4c1ab9dca3572f88e
Data/pcb_dataset1/pcb_dataset1_69/pcb_dataset1_69.jpg,pcb_dataset1_69.jpg,pcb_dataset1,12_short_08_jpg.rf.96f475d619dd4d731ea3363a1d5c8fd3.jpg,aa8c9cec55028f048943a1f8f4bd4270
Data/pcb_dataset1/pcb_dataset1_7/pcb_dataset1_7.jpg,pcb_dataset1_7.jpg,pcb_dataset1,01_open_circuit_02_jpg.rf.7a88cb7690b8d194714ba58a3ebf4d31.jpg,ec7ef35647a6a63c2ce76082875de132
Data/pcb_dataset1/pcb_dataset1_70/pcb_dataset1_70.jpg,pcb_dataset1_70.jpg,pcb_dataset1,12_spur_01_jpg.rf.5e68dfc8f2d0d63470e47c2ac9f99508.jpg,60d216f81a8593c891009a759a08eefc
Data/pcb_dataset1/pcb_dataset1_71/pcb_dataset1_71.jpg,pcb_dataset1_71.jpg,pcb_dataset1,01_missing_hole_01_jpg.rf.a7fa92ac71e492a627a3a98e875bd1c1.jpg,9d13ca1864b44818dd9048f3fc76d57d
Data/pcb_dataset1/pcb_dataset1_72/pcb_dataset1_72.jpg,pcb_dataset1_72.jpg,pcb_dataset1,01_missing_hole_02_jpg.rf.6a7e0c3d4b97f183732dfd3de9a5c7fd.jpg,fd9b7d92dadbe5c6dcf767fcac59488e
Data/pcb_dataset1/pcb_dataset1_73/pcb_dataset1_73.jpg,pcb_dataset1_73.jpg,pcb_dataset1,01_missing_hole_03_jpg.rf.ea3061774ebe476f5376b891ee7e403d.jpg,11d3010dbb1f17354491f87a0be5441e
Data/pcb_dataset1/pcb_dataset1_74/pcb_dataset1_74.jpg,pcb_dataset1_74.jpg,pcb_dataset1,01_missing_hole_05_jpg.rf.30b0e4452e7cb49aba45855ee32a35ed.jpg,8ff1b703896a23105a9bba84eae7935c
Data/pcb_dataset1/pcb_dataset1_75/pcb_dataset1_75.jpg,pcb_dataset1_75.jpg,pcb_dataset1,01_missing_hole_06_jpg.rf.0391f7ec486eaa06eca66c16bf81f1d9.jpg,f781fccd2ad86d935b103e75a7b84ab2
Data/pcb_dataset1/pcb_dataset1_76/pcb_dataset1_76.jpg,pcb_dataset1_76.jpg,pcb_dataset1,01_missing_hole_07_jpg.rf.4beaaf14fc2ff6d47967ead5d8649ec9.jpg,e474c964404bb9c14e74ae031c4fcd85
Data/pcb_dataset1/pcb_dataset1_77/pcb_dataset1_77.jpg,pcb_dataset1_77.jpg,pcb_dataset1,01_missing_hole_08_jpg.rf.a55c12f869907a8ffb496aac1f413bd3.jpg,3e2cdbd056a7d10b5782f3b740e969fb
Data/pcb_dataset1/pcb_dataset1_78/pcb_dataset1_78.jpg,pcb_dataset1_78.jpg,pcb_dataset1,01_missing_hole_09_jpg.rf.091a3f3b2267ee286d1a1f905169a3c9.jpg,6b2687383eea5c565926ac06953b3398
Data/pcb_dataset1/pcb_dataset1_79/pcb_dataset1_79.jpg,pcb_dataset1_79.jpg,pcb_dataset1,01_missing_hole_10_jpg.rf.4c9209a8b3a2992fcd0d53da3ca5a277.jpg,057cacd4924d10c0c9aad5665e82ac2b
Data/pcb_dataset1/pcb_dataset1_8/pcb_dataset1_8.jpg,pcb_dataset1_8.jpg,pcb_dataset1,01_open_circuit_06_jpg.rf.3e95abaaa952bbcf59d450f781c45fdc.jpg,8395e529868e444f74444b2468cc0346
Data/pcb_dataset1/pcb_dataset1_80/pcb_dataset1_80.jpg,pcb_dataset1_80.jpg,pcb_dataset1,01_missing_hole_11_jpg.rf.3e4edc8c3690ce4890ce93a83d58de80.jpg,2261c03b60654e64740985ec251acd73
Data/pcb_dataset1/pcb_dataset1_81/pcb_dataset1_81.jpg,pcb_dataset1_81.jpg,pcb_dataset1,01_missing_hole_13_jpg.rf.dd825acf79afedbd416945233914109e.jpg,8cac647461c1847ccf7fea672aa75ff5
Data/pcb_dataset1/pcb_dataset1_82/pcb_dataset1_82.jpg,pcb_dataset1_82.jpg,pcb_dataset1,01_missing_hole_14_jpg.rf.609b709a9f240bdc907abc9713440fa4.jpg,3aa22267d9519458282bad90a65b6435
Data/pcb_dataset1/pcb_dataset1_83/pcb_dataset1_83.jpg,pcb_dataset1_83.jpg,pcb_dataset1,01_missing_hole_15_jpg.rf.118b4172838d48de5c99c24b1023a0e1.jpg,d4581f53ba79ad85739f546ad3d118ce
Data/pcb_dataset1/pcb_dataset1_84/pcb_dataset1_84.jpg,pcb_dataset1_84.jpg,pcb_dataset1,01_missing_hole_16_jpg.rf.7dfc087227745a3210741780184f07dd.jpg,627c2cd55af7601a0ffa59ec14449eb3
Data/pcb_dataset1/pcb_dataset1_85/pcb_dataset1_85.jpg,pcb_dataset1_85.jpg,pcb_dataset1,01_missing_hole_17_jpg.rf.4f3a0ec7cccd2608317fc8d9fef17bd5.jpg,b4c2985aad87f96fbd4bd324d97bffd4
Data/pcb_dataset1/pcb_dataset1_86/pcb_dataset1_86.jpg,pcb_dataset1_86.jpg,pcb_dataset1,01_missing_hole_19_jpg.rf.2e76de4ba6eb455e32af198f3f08f7a6.jpg,8e3b6a25aa33d8c9cdc45eb763c9eb5f
Data/pcb_dataset1/pcb_dataset1_87/pcb_dataset1_87.jpg,pcb_dataset1_87.jpg,pcb_dataset1,01_missing_hole_20_jpg.rf.d1128eda0687c4193826d69d17efc5e7.jpg,02cfec5346713d99138afb3153a6f435
Data/pcb_dataset1/pcb_dataset1_88/pcb_dataset1_88.jpg,pcb_dataset1_88.jpg,pcb_dataset1,01_mouse_bite_01_jpg.rf.3812e78d4cb7019369c864e8a44e6b89.jpg,d2017aa49178f0beb006542f951fc7dc
Data/pcb_dataset1/pcb_dataset1_89/pcb_dataset1_89.jpg,pcb_dataset1_89.jpg,pcb_dataset1,01_mouse_bite_02_jpg.rf.41305e4b7ec1bf29a331ae88858c20aa.jpg,fbb4dcb33645ca3612462cfe5863cbb6
Data/pcb_dataset1/pcb_dataset1_9/pcb_dataset1_9.jpg,pcb_dataset1_9.jpg,pcb_dataset1,01_open_circuit_07_jpg.rf.0be96f25008ee26c1efbb2d35ddac671.jpg,3c1d4927b106c600237528a7221ac91f
Data/pcb_dataset1/pcb_dataset1_90/pcb_dataset1_90.jpg,pcb_dataset1_90.jpg,pcb_dataset1,01_mouse_bite_03_jpg.rf.d22550b3d29b4afc090144f601fd85b3.jpg,71bf53813cdb6173a089b3122579c731
Data/pcb_dataset1/pcb_dataset1_91/pcb_dataset1_91.jpg,pcb_dataset1_91.jpg,pcb_dataset1,01_mouse_bite_04_jpg.rf.2c72a9f5f6278bf292e70dbd8685bbd9.jpg,dc03b41f502170390251cfcc0abacd52
Data/pcb_dataset1/pcb_dataset1_92/pcb_dataset1_92.jpg,pcb_dataset1_92.jpg,pcb_dataset1,01_mouse_bite_06_jpg.rf.6bad6d6b6b226b612ced943fa838fc29.jpg,e8cd04cac733413572098b4d8543f076
Data/pcb_dataset1/pcb_dataset1_93/pcb_dataset1_93.jpg,pcb_dataset1_93.jpg,pcb_dataset1,01_mouse_bite_07_jpg.rf.ee1c964846f97fd4e8b5ddbab1ed662b.jpg,9acd9d3679ac9088a524a988f8d0feac
Data/pcb_dataset1/pcb_dataset1_94/pcb_dataset1_94.jpg,pcb_dataset1_94.jpg,pcb_dataset1,01_mouse_bite_08_jpg.rf.e3a363172ac44c8248b724e0476e8502.jpg,371d90d4164e32a871276ebc38c73ce9
Data/pcb_dataset1/pcb_dataset1_95/pcb_dataset1_95.jpg,pcb_dataset1_95.jpg,pcb_dataset1,01_mouse_bite_09_jpg.rf.e71f0ebf58bf26230de2349c7bd4a28e.jpg,c87c943ab4041ac9255d536a55421a34
Data/pcb_dataset1/pcb_dataset1_96/pcb_dataset1_96.jpg,pcb_dataset1_96.jpg,pcb_dataset1,01_mouse_bite_13_jpg.rf.39bef0518515dde8620f6bc8bbba9b94.jpg,d3960f2f7c6006439c9d6c7f646a3c5a
Data/pcb_dataset1/pcb_dataset1_97/pcb_dataset1_97.jpg,pcb_dataset1_97.jpg,pcb_dataset1,01_mouse_bite_16_jpg.rf.8a23f3b7b2a4128c8383e54062e70665.jpg,307d3c10cc16b8c36cf718458039319a
Data/pcb_dataset1/pcb_dataset1_98/pcb_dataset1_98.jpg,pcb_dataset1_98.jpg,pcb_dataset1,01_mouse_bite_20_jpg.rf.fb6c368a3f229a2d7b66a5495e4cb245.jpg,cb7df72fd6880209ebc825ff3ea63ef6
Data/pcb_dataset1/pcb_dataset1_99/pcb_dataset1_99.jpg,pcb_dataset1_99.jpg,pcb_dataset1,04_missing_hole_01_jpg.rf.c4b68b39392f909a9af68b3dae91b4c4.jpg,5cbc4b8ad229605c1d9fcfa9a46b0e44
Data/pcb_dataset2/pcb_dataset2_1/pcb_dataset2_1.jpg,pcb_dataset2_1.jpg,pcb_dataset2,00041011_test_jpg.rf.acf7070cfa85684cbf21ec96da2e98a8.jpg,512d183171d59c12cd638292f541f31b
Data/pcb_dataset2/pcb_dataset2_10/pcb_dataset2_10.jpg,pcb_dataset2_10.jpg,pcb_dataset2,00041045_test_jpg.rf.8641415d5787800574abd38424626620.jpg,5b019c5f605f3e6ab67b6f88f6344584
Data/pcb_dataset2/pcb_dataset2_100/pcb_dataset2_100.jpg,pcb_dataset2_100.jpg,pcb_dataset2,13000000_test_jpg.rf.73f40ab8b58ac271b593b3f7c71d3ccb.jpg,55d76ee04c2f1dd130cab4fa4cc67930
Data/pcb_dataset2/pcb_dataset2_1000/pcb_dataset2_1000.jpg,pcb_dataset2_1000.jpg,pcb_dataset2,20085245_test_jpg.rf.6b42cf087233eef5ae048e156d418582.jpg,1135c82687aaec9e20c6c9adcc094d61
Data/pcb_dataset2/pcb_dataset2_1001/pcb_dataset2_1001.jpg,pcb_dataset2_1001.jpg,pcb_dataset2,20085246_test_jpg.rf.0f23d3e0684073197237fe26a2e0719f.jpg,2ca9d92032b311de9561695d40ef7f0f
Data/pcb_dataset2/pcb_dataset2_1002/pcb_dataset2_1002.jpg,pcb_dataset2_1002.jpg,pcb_dataset2,20085247_test_jpg.rf.a5bcee8449ff073b6cc78e5339817091.jpg,eb187c5865d9b37deadd1a818f04054b
Data/pcb_dataset2/pcb_dataset2_1003/pcb_dataset2_1003.jpg,pcb_dataset2_1003.jpg,pcb_dataset2,20085248_test_jpg.rf.2291afaa63c09bba97133d69b2be16e4.jpg,0a29c088f301771cb1a48f5ca1262be1
Data/pcb_dataset2/pcb_dataset2_1004/pcb_dataset2_1004.jpg,pcb_dataset2_1004.jpg,pcb_dataset2,20085249_test_jpg.rf.3cae5e3666f0891b2b824c1dd5c8ca3f.jpg,0d6ab063252e4306d860a976d5d85a33
Data/pcb_dataset2/pcb_dataset2_1005/pcb_dataset2_1005.jpg,pcb_dataset2_1005.jpg,pcb_dataset2,20085250_test_jpg.rf.4fc90161ea6197ec428d3374abe3442d.jpg,1bcb055edccd30e7c74fac8bb10861b0
Data/pcb_dataset2/pcb_dataset2_1006/pcb_dataset2_1006.jpg,pcb_dataset2_1006.jpg,pcb_dataset2,20085251_test_jpg.rf.24cfb0223cdb33e1e38d3b31b32b1b5c.jpg,c433474d0d498bc243ba4d67d145ed18
Data/pcb_dataset2/pcb_dataset2_1007/pcb_dataset2_1007.jpg,pcb_dataset2_1007.jpg,pcb_dataset2,20085252_test_jpg.rf.4ae36ba3a06a422fafd1e7574075f9f7.jpg,6f80a5bf98467ce6074fec8e63902b3f
Data/pcb_dataset2/pcb_dataset2_1008/pcb_dataset2_1008.jpg,pcb_dataset2_1008.jpg,pcb_dataset2,20085253_test_jpg.rf.fcce0159d173b1499e344c5e74dc00e6.jpg,a797244ba20a773ad8a829ad5a1d79bb
Data/pcb_dataset2/pcb_dataset2_1009/pcb_dataset2_1009.jpg,pcb_dataset2_1009.jpg,pcb_dataset2,20085254_test_jpg.rf.29839b610e4c6d80f784e2761998959b.jpg,8a5ce63514a668e26c53cd0db66f8506
Data/pcb_dataset2/pcb_dataset2_101/pcb_dataset2_101.jpg,pcb_dataset2_101.jpg,pcb_dataset2,13000007_test_jpg.rf.17ee3d2903187e2dc3c379bf6359fbfe.jpg,d6fe95588211d45119b87b0990b851c7
Data/pcb_dataset2/pcb_dataset2_1010/pcb_dataset2_1010.jpg,pcb_dataset2_1010.jpg,pcb_dataset2,20085256_test_jpg.rf.e567bf3af9aa4d5ff76489c9cc3bfe88.jpg,a2becae8f7a8aa1c033c35ca8cb96875
Data/pcb_dataset2/pcb_dataset2_1011/pcb_dataset2_1011.jpg,pcb_dataset2_1011.jpg,pcb_dataset2,20085257_test_jpg.rf.871a6fca5bf75a304b9005e13f3eb336.jpg,f10123dee35cdbc81e2e48d50ec622c4
Data/pcb_dataset2/pcb_dataset2_1012/pcb_dataset2_1012.jpg,pcb_dataset2_1012.jpg,pcb_dataset2,20085258_test_jpg.rf.48ce5b853ba7df000d849996a2db1265.jpg,d6516861cf03f8113a09abd498e0d48d
Data/pcb_dataset2/pcb_dataset2_1013/pcb_dataset2_1013.jpg,pcb_dataset2_1013.jpg,pcb_dataset2,20085259_test_jpg.rf.9a78d5c5f49ea20472ddb6b01ac86410.jpg,9734454783a68a997ead74be1254c9e0
Data/pcb_dataset2/pcb_dataset2_1014/pcb_dataset2_1014.jpg,pcb_dataset2_1014.jpg,pcb_dataset2,20085260_test_jpg.rf.ea12094c9cf698de4bebaa4373767656.jpg,66852c83503fbbe53c50c77ab04bdcc9
Data/pcb_dataset2/pcb_dataset2_1015/pcb_dataset2_1015.jpg,pcb_dataset2_1015.jpg,pcb_dataset2,20085262_test_jpg.rf.0b153925a297dee0b244ac8e378acb7d.jpg,c4c4dbca71af87448cf0bc56736efda1
Data/pcb_dataset2/pcb_dataset2_1016/pcb_dataset2_1016.jpg,pcb_dataset2_1016.jpg,pcb_dataset2,20085263_test_jpg.rf.33e22ec4ef247e9b89b56f728a77b31a.jpg,210f1d1485d2d9d55a0d7d0e6287ac2e
Data/pcb_dataset2/pcb_dataset2_1017/pcb_dataset2_1017.jpg,pcb_dataset2_1017.jpg,pcb_dataset2,20085264_test_jpg.rf.455880849eb73ee2dd749af74f05f73f.jpg,85aa0958c238ac25dc06592e1e0b107c
Data/pcb_dataset2/pcb_dataset2_1018/pcb_dataset2_1018.jpg,pcb_dataset2_1018.jpg,pcb_dataset2,20085265_test_jpg.rf.ce3ea96001e6e255b61b805e087bb10b.jpg,293fe5b89397bf1ddf3a05ee73b9677f
Data/pcb_dataset2/pcb_dataset2_1019/pcb_dataset2_1019.jpg,pcb_dataset2_1019.jpg,pcb_dataset2,20085266_test_jpg.rf.3578635f65ae86761d5ed81d0b992261.jpg,d604bf45404871f57b098356c09a6c44
Data/pcb_dataset2/pcb_dataset2_102/pcb_dataset2_102.jpg,pcb_dataset2_102.jpg,pcb_dataset2,13000009_test_jpg.rf.37ed8b8ad90695bfeb1a631f54db1f87.jpg,fe040beb82aea777ed14c139601df855
Data/pcb_dataset2/pcb_dataset2_1020/pcb_dataset2_1020.jpg,pcb_dataset2_1020.jpg,pcb_dataset2,20085267_test_jpg.rf.26e47b574cc8153648310ab62bc759d2.jpg,f41d0aa028c031998a3c84fc4a9184ec
Data/pcb_dataset2/pcb_dataset2_1021/pcb_dataset2_1021.jpg,pcb_dataset2_1021.jpg,pcb_dataset2,20085268_test_jpg.rf.c952de713fd6596e1f6441ef1552129e.jpg,4e385f331af9578c90a8f4ceff52d43e
Data/pcb_dataset2/pcb_dataset2_1022/pcb_dataset2_1022.jpg,pcb_dataset2_1022.jpg,pcb_dataset2,20085269_test_jpg.rf.90059b85d8cbcb1ea8b9f10496e8ee5b.jpg,322b4441a57506b722df4d2a75d35620
Data/pcb_dataset2/pcb_dataset2_1023/pcb_dataset2_1023.jpg,pcb_dataset2_1023.jpg,pcb_dataset2,20085270_test_jpg.rf.90f10ea15b8c8d3575c0e3a4df63d21d.jpg,1800a10a39a86c992371a5194d848725
Data/pcb_dataset2/pcb_dataset2_1024/pcb_dataset2_1024.jpg,pcb_dataset2_1024.jpg,pcb_dataset2,20085271_test_jpg.rf.22d060bd8ac2714f84a4a75400798ac2.jpg,320fbbbf18cdfd26d46476fbaa642e5c
Data/pcb_dataset2/pcb_dataset2_1025/pcb_dataset2_1025.jpg,pcb_dataset2_1025.jpg,pcb_dataset2,20085272_test_jpg.rf.8de6fb9c6664e750cf8ffe0de97f4864.jpg,21607e95d98439f5bd38efcf3ba7a02f
Data/pcb_dataset2/pcb_dataset2_1026/pcb_dataset2_1026.jpg,pcb_dataset2_1026.jpg,pcb_dataset2,20085273_test_jpg.rf.dd8bc08d108cba95314d63005f7d2827.jpg,c2809b86a4c8bb73a4093978dc1da6ae
Data/pcb_dataset2/pcb_dataset2_1027/pcb_dataset2_1027.jpg,pcb_dataset2_1027.jpg,pcb_dataset2,20085274_test_jpg.rf.70e9b9d026ff3855d3d8038591818efc.jpg,227fcf36615917e81be19e3b5aab6a91
Data/pcb_dataset2/pcb_dataset2_1028/pcb_dataset2_1028.jpg,pcb_dataset2_1028.jpg,pcb_dataset2,20085275_test_jpg.rf.8737d9ada5ed32a4a8294542da5117dc.jpg,96447a2b81089ac8bb6553ec81241afa
Data/pcb_dataset2/pcb_dataset2_1029/pcb_dataset2_1029.jpg,pcb_dataset2_1029.jpg,pcb_dataset2,20085276_test_jpg.rf.33f1df81bb66bd7c8618ebb9a4b2de17.jpg,bd829b3f6f14dcf0f73c3059ebdf99c3
Data/pcb_dataset2/pcb_dataset2_103/pcb_dataset2_103.jpg,pcb_dataset2_103.jpg,pcb_dataset2,13000012_test_jpg.rf.7ac306b80d76a0a4ac595cf23c0811c5.jpg,e8fb1778c67ec3ba0db5c3de3fce9a7d
Data/pcb_dataset2/pcb_dataset2_1030/pcb_dataset2_1030.jpg,pcb_dataset2_1030.jpg,pcb_dataset2,20085277_test_jpg.rf.3efeebdb078a349659353e7fc9325258.jpg,3c6e343441ef54aaed7a89125d9a0bd2
Data/pcb_dataset2/pcb_dataset2_1031/pcb_dataset2_1031.jpg,pcb_dataset2_1031.jpg,pcb_dataset2,20085279_test_jpg.rf.6825b1fd2a806bc3b8944d353b152c02.jpg,838a6da4daaa4c03ce34900bf0f7e1d2
Data/pcb_dataset2/pcb_dataset2_1032/pcb_dataset2_1032.jpg,pcb_dataset2_1032.jpg,pcb_dataset2,20085280_test_jpg.rf.8d61dc2250afe5d755dccfb8072b9f62.jpg,ee46c14110a699e7df3cef62ab7870b0
Data/pcb_dataset2/pcb_dataset2_1033/pcb_dataset2_1033.jpg,pcb_dataset2_1033.jpg,pcb_dataset2,20085281_test_jpg.rf.7c18ed97f9c2862988c3001c0b341463.jpg,54d03e1c62f83e7c804d009363978a04
Data/pcb_dataset2/pcb_dataset2_1034/pcb_dataset2_1034.jpg,pcb_dataset2_1034.jpg,pcb_dataset2,20085282_test_jpg.rf.a37aecb86d49cd4328b060455c597cf3.jpg,5730e27b73a8826ab11b2aa4411cbf77
Data/pcb_dataset2/pcb_dataset2_1035/pcb_dataset2_1035.jpg,pcb_dataset2_1035.jpg,pcb_dataset2,20085283_test_jpg.rf.d1077299dfdbe00f14db6629954be24f.jpg,27420ceb524cc09172ecf756fdb4ae61
Data/pcb_dataset2/pcb_dataset2_1036/pcb_dataset2_1036.jpg,pcb_dataset2_1036.jpg,pcb_dataset2,20085284_test_jpg.rf.10f2185d7d32f538be5ddc2116578f2a.jpg,5404423ae527cc0f52e280c22f88138e
Data/pcb_dataset2/pcb_dataset2_1037/pcb_dataset2_1037.jpg,pcb_dataset2_1037.jpg,pcb_dataset2,20085285_test_jpg.rf.3300bb4c12332805cb5d39eb0ee6bc96.jpg,3ed685f0fc7cf50bae22d428f1ff6b13
Data/pcb_dataset2/pcb_dataset2_1038/pcb_dataset2_1038.jpg,pcb_dataset2_1038.jpg,pcb_dataset2,20085286_test_jpg.rf.4f59f78b5d72231deba86e616b24c69b.jpg,e0557627def07b536b2e8488278c6489
Data/pcb_dataset2/pcb_dataset2_1039/pcb_dataset2_1039.jpg,pcb_dataset2_1039.jpg,pcb_dataset2,20085287_test_jpg.rf.0063c4cfb3341658d557efe8a82c1d83.jpg,d9157d40a0054fa23e20d3c7e3dab974
Data/pcb_dataset2/pcb_dataset2_104/pcb_dataset2_104.jpg,pcb_dataset2_104.jpg,pcb_dataset2,13000016_test_jpg.rf.e96e458df88d3bbc13aff748a289030c.jpg,84a524ba1878e84b5bd552221100b4b1
Data/pcb_dataset2/pcb_dataset2_1040/pcb_dataset2_1040.jpg,pcb_dataset2_1040.jpg,pcb_dataset2,20085288_test_jpg.rf.fa27b74c28713079abdda5f553e72e45.jpg,2ffcfa05177b176dbd6ea45f3f225e48
Data/pcb_dataset2/pcb_dataset2_1041/pcb_dataset2_1041.jpg,pcb_dataset2_1041.jpg,pcb_dataset2,20085289_test_jpg.rf.ad33f63a29e236782aa1c651f1af0f11.jpg,40f83769e5dc04f761dfd94879968087
Data/pcb_dataset2/pcb_dataset2_1042/pcb_dataset2_1042.jpg,pcb_dataset2_1042.jpg,pcb_dataset2,20085291_test_jpg.rf.91f246e6d5917894caf087873d263a90.jpg,ad82cb674a2a28571d0015a9ba3223d8
Data/pcb_dataset2/pcb_dataset2_1043/pcb_dataset2_1043.jpg,pcb_dataset2_1043.jpg,pcb_dataset2,20085292_test_jpg.rf.c09238a033bcfbed351de1b5d1e154bd.jpg,c05542c6f077c6b9f75d17136ba17415
Data/pcb_dataset2/pcb_dataset2_1044/pcb_dataset2_1044.jpg,pcb_dataset2_1044.jpg,pcb_dataset2,20085293_test_jpg.rf.1ff5d0e461b6b9ae70678f8f5f3b8943.jpg,6581b84c52fe6b21f739211f4aa882fe
Data/pcb_dataset2/pcb_dataset2_1045/pcb_dataset2_1045.jpg,pcb_dataset2_1045.jpg,pcb_dataset2,20085294_test_jpg.rf.c2373ac867b7d32d91df58b84b494c27.jpg,361e7684d725960978677dd4711a43e4
Data/pcb_dataset2/pcb_dataset2_1046/pcb_dataset2_1046.jpg,pcb_dataset2_1046.jpg,pcb_dataset2,20085295_test_jpg.rf.cb006f5db33154d7f2785d2ea0135a26.jpg,f36248d68ac55f276ebdfee676a385b2
Data/pcb_dataset2/pcb_dataset2_1047/pcb_dataset2_1047.jpg,pcb_dataset2_1047.jpg,pcb_dataset2,20085296_test_jpg.rf.b2664903ed9b58c275ab8bac35d14e19.jpg,1accb687b1204ed628b44bc8a9bef267
Data/pcb_dataset2/pcb_dataset2_1048/pcb_dataset2_1048.jpg,pcb_dataset2_1048.jpg,pcb_dataset2,20085297_test_jpg.rf.d17370dd22311de04812f60619f3bb29.jpg,deb665f8e1f4e54f75c05bf0a166b391
Data/pcb_dataset2/pcb_dataset2_1049/pcb_dataset2_1049.jpg,pcb_dataset2_1049.jpg,pcb_dataset2,20085298_test_jpg.rf.b3750f40e5d3fdf30364c2d6d562847e.jpg,47d311db1f82039ae77e85e10e839139
Data/pcb_dataset2/pcb_dataset2_105/pcb_dataset2_105.jpg,pcb_dataset2_105.jpg,pcb_dataset2,13000027_test_jpg.rf.a20134cbe5c15b2254dfff6e2a439061.jpg,86b6e3138e267e7a2ed3addf9fa54470
Data/pcb_dataset2/pcb_dataset2_1050/pcb_dataset2_1050.jpg,pcb_dataset2_1050.jpg,pcb_dataset2,20085299_test_jpg.rf.d5d20e859b9cb2669ad6bee25bb08ecd.jpg,8edea1f2abc17200b39f25ef46bf41dd
Data/pcb_dataset2/pcb_dataset2_1051/pcb_dataset2_1051.jpg,pcb_dataset2_1051.jpg,pcb_dataset2,20085300_test_jpg.rf.880d9eecbd90188c79f9417fd3cd6cc2.jpg,8c0fab6edd56bceacedf560cca039ede
Data/pcb_dataset2/pcb_dataset2_1052/pcb_dataset2_1052.jpg,pcb_dataset2_1052.jpg,pcb_dataset2,20085301_test_jpg.rf.00a0d46f26883aa8354e5c54b85e321e.jpg,32964a6f7050b9a398ffcc5e81f5d933
Data/pcb_dataset2/pcb_dataset2_1053/pcb_dataset2_1053.jpg,pcb_dataset2_1053.jpg,pcb_dataset2,20085302_test_jpg.rf.1e06a68eafe6d1448525c06f6d6ffe55.jpg,dfc0895e0c395c42836d2c3e470ada27
Data/pcb_dataset2/pcb_dataset2_1054/pcb_dataset2_1054.jpg,pcb_dataset2_1054.jpg,pcb_dataset2,20085303_test_jpg.rf.3859bcb1d4c1aa2415a3eedf342c0751.jpg,de8f53cf15be4d215ce4389c589c552c
Data/pcb_dataset2/pcb_dataset2_1055/pcb_dataset2_1055.jpg,pcb_dataset2_1055.jpg,pcb_dataset2,20085304_test_jpg.rf.2fbfa9be70d1a15f957ab5af90ce70b6.jpg,329d0c153efb2b792ee048eb044bdd21
Data/pcb_dataset2/pcb_dataset2_1056/pcb_dataset2_1056.jpg,pcb_dataset2_1056.jpg,pcb_dataset2,20085305_test_jpg.rf.a388a5febd1ca00426d82793e8da16af.jpg,dad44c9fa05cb86a3aa94ffbb5afa797
Data/pcb_dataset2/pcb_dataset2_1057/pcb_dataset2_1057.jpg,pcb_dataset2_1057.jpg,pcb_dataset2,20085306_test_jpg.rf.2425a470e383d2980f1a03a346992439.jpg,e8636246e9ba509749afda46c7d9ee98
Data/pcb_dataset2/pcb_dataset2_1058/pcb_dataset2_1058.jpg,pcb_dataset2_1058.jpg,pcb_dataset2,20085307_test_jpg.rf.45baad9aa31cb3561e5ca859fd9dcc5b.jpg,79f8e5a609ef219b74af51fc703a4839
Data/pcb_dataset2/pcb_dataset2_1059/pcb_dataset2_1059.jpg,pcb_dataset2_1059.jpg,pcb_dataset2,20085308_test_jpg.rf.37f1f45ff8a34928f8280df8ffea7165.jpg,c9369560440944734d4472ccc94f7e23
Data/pcb_dataset2/pcb_dataset2_106/pcb_dataset2_106.jpg,pcb_dataset2_106.jpg,pcb_dataset2,13000040_test_jpg.rf.b349db1ba2bb04094dd732bffa21612f.jpg,6bb0fe670dcb708b89995b361a098a60
Data/pcb_dataset2/pcb_dataset2_1060/pcb_dataset2_1060.jpg,pcb_dataset2_1060.jpg,pcb_dataset2,20085309_test_jpg.rf.e9331edbcd4dea8e7f34be5570c8460c.jpg,e6e352bcccedd2a29d900b3cc835560a
Data/pcb_dataset2/pcb_dataset2_1061/pcb_dataset2_1061.jpg,pcb_dataset2_1061.jpg,pcb_dataset2,20085310_test_jpg.rf.940443194b08e2ba06ef60bc6e2dd97d.jpg,5b38835c6f11a6fa5b189f97bc9b4b9d
Data/pcb_dataset2/pcb_dataset2_1062/pcb_dataset2_1062.jpg,pcb_dataset2_1062.jpg,pcb_dataset2,20085312_test_jpg.rf.f9e36fe7bf251ac38b234a4a6a085a87.jpg,c70813758aba1c9de0f87768a766ca5d
Data/pcb_dataset2/pcb_dataset2_1063/pcb_dataset2_1063.jpg,pcb_dataset2_1063.jpg,pcb_dataset2,20085313_test_jpg.rf.dc24918d759c523340790daa54f293eb.jpg,7eeb5752fa57075202d1350c02172d0e
Data/pcb_dataset2/pcb_dataset2_1064/pcb_dataset2_1064.jpg,pcb_dataset2_1064.jpg,pcb_dataset2,20085314_test_jpg.rf.75cf60f0dc5c232b88a13df4785825d7.jpg,d9f5e9d3af56936df308fb57a78e1295
Data/pcb_dataset2/pcb_dataset2_1065/pcb_dataset2_1065.jpg,pcb_dataset2_1065.jpg,pcb_dataset2,20085315_test_jpg.rf.7c35f51c7adf886480f0b36e9daafb4d.jpg,6aa6866edcf35995127ca7f085adde9c
Data/pcb_dataset2/pcb_dataset2_1066/pcb_dataset2_1066.jpg,pcb_dataset2_1066.jpg,pcb_dataset2,20085316_test_jpg.rf.54709f0dc6d29da18bb34892c6f72504.jpg,a600a4bf07936084b47bb65b2822cf12
Data/pcb_dataset2/pcb_dataset2_1067/pcb_dataset2_1067.jpg,pcb_dataset2_1067.jpg,pcb_dataset2,20085318_test_jpg.rf.e25a2912ca475e16ffd06ed8116eb862.jpg,bae4f2275b5e43f2b49f0fcef5f1e141
Data/pcb_dataset2/pcb_dataset2_1068/pcb_dataset2_1068.jpg,pcb_dataset2_1068.jpg,pcb_dataset2,20085319_test_jpg.rf.e060650bea297bd44c8c46683de1cdf6.jpg,39631dbc26e31e7093e0cf3173949ea2
Data/pcb_dataset2/pcb_dataset2_1069/pcb_dataset2_1069.jpg,pcb_dataset2_1069.jpg,pcb_dataset2,20085320_test_jpg.rf.d6ac0c0f886d0c3ba33be9cad3c4f633.jpg,b905495617ab7db2f70926c735b10f48
Data/pcb_dataset2/pcb_dataset2_107/pcb_dataset2_107.jpg,pcb_dataset2_107.jpg,pcb_dataset2,13000042_test_jpg.rf.be0609559b4b42ddf17688a05ed45036.jpg,979518d1592ff7dc86eec532a79f054a
Data/pcb_dataset2/pcb_dataset2_1070/pcb_dataset2_1070.jpg,pcb_dataset2_1070.jpg,pcb_dataset2,20085321_test_jpg.rf.6abe9e9ea3222b35fe2f5fcc5984f7e0.jpg,6007a39fc835e33e62fa4ff35ebc129d
Data/pcb_dataset2/pcb_dataset2_1071/pcb_dataset2_1071.jpg,pcb_dataset2_1071.jpg,pcb_dataset2,20085322_test_jpg.rf.c8bf23af32a1610dcd99ac694e928697.jpg,943ac1cd6df64671da6b1fe4ba7d520f
Data/pcb_dataset2/pcb_dataset2_1072/pcb_dataset2_1072.jpg,pcb_dataset2_1072.jpg,pcb_dataset2,20085323_test_jpg.rf.ab609e3a5928aa6806a1ef7d57c5c755.jpg,14a3c51947940d0aa2c43064eb79a2b7
Data/pcb_dataset2/pcb_dataset2_1073/pcb_dataset2_1073.jpg,pcb_dataset2_1073.jpg,pcb_dataset2,20085324_test_jpg.rf.66c137573105e173f93c1a70af471c1a.jpg,7839cdc82988ff8cb4d1e20805a6f666
Data/pcb_dataset2/pcb_dataset2_1074/pcb_dataset2_1074.jpg,pcb_dataset2_1074.jpg,pcb_dataset2,44000012_test_jpg.rf.a5d681f5fa5bc1b25e0f43ee8db1fdc0.jpg,aa83ec42a7366895bbfedddb16e8663c
Data/pcb_dataset2/pcb_dataset2_1075/pcb_dataset2_1075.jpg,pcb_dataset2_1075.jpg,pcb_dataset2,44000013_test_jpg.rf.40f243abc86b5c99bb700077dd8a3fa0.jpg,ca48f6041c65a57b81b5a30ea215bbef
Data/pcb_dataset2/pcb_dataset2_1076/pcb_dataset2_1076.jpg,pcb_dataset2_1076.jpg,pcb_dataset2,44000014_test_jpg.rf.be15a7f3446a7569dceab96bcdf0e0fc.jpg,25d056dd2c080cddcccc3b96fc0d9e23
Data/pcb_dataset2/pcb_dataset2_1077/pcb_dataset2_1077.jpg,pcb_dataset2_1077.jpg,pcb_dataset2,44000015_test_jpg.rf.486c8a500d3c2d1f7a71536594347444.jpg,b05ee62a385659927fc476dceca80302
Data/pcb_dataset2/pcb_dataset2_1078/pcb_dataset2_1078.jpg,pcb_dataset2_1078.jpg,pcb_dataset2,44000016_test_jpg.rf.9b29a934872a3f524d5e4d6b866293cc.jpg,472de8fa06bafac3e53d8d2d92b58aa9
Data/pcb_dataset2/pcb_dataset2_1079/pcb_dataset2_1079.jpg,pcb_dataset2_1079.jpg,pcb_dataset2,44000017_test_jpg.rf.5ac4a55cb447074eb5c0f2ac809c0980.jpg,e695e4e4da16047593ab88b9252e7871
Data/pcb_dataset2/pcb_dataset2_108/pcb_dataset2_108.jpg,pcb_dataset2_108.jpg,pcb_dataset2,13000048_test_jpg.rf.317e82a75d3b78223ac29196ba79e7b4.jpg,999f318d2fc806d81b18971f97fb13d4
Data/pcb_dataset2/pcb_dataset2_1080/pcb_dataset2_1080.jpg,pcb_dataset2_1080.jpg,pcb_dataset2,44000018_test_jpg.rf.42eb97f8bd5cdf31fe869e1009b84ce6.jpg,44a186fa21cf795deab38db0db4454df
Data/pcb_dataset2/pcb_dataset2_1081/pcb_dataset2_1081.jpg,pcb_dataset2_1081.jpg,pcb_dataset2,44000019_test_jpg.rf.3c8b48391cad2be29aa11c0d6d852335.jpg,18d60607a0102c4e685a71b0dd0384ce
Data/pcb_dataset2/pcb_dataset2_1082/pcb_dataset2_1082.jpg,pcb_dataset2_1082.jpg,pcb_dataset2,44000020_test_jpg.rf.3f4bde1fbf9229f16f8843b9ec022733.jpg,84d7ff643658ac16ae201e285bb94733
Data/pcb_dataset2/pcb_dataset2_1083/pcb_dataset2_1083.jpg,pcb_dataset2_1083.jpg,pcb_dataset2,44000021_test_jpg.rf.ed1ff58caaf70e44c97afb40d5aac4d1.jpg,d74180310a7e7783fa2d7ce7589b4362
Data/pcb_dataset2/pcb_dataset2_1084/pcb_dataset2_1084.jpg,pcb_dataset2_1084.jpg,pcb_dataset2,44000022_test_jpg.rf.1710463650af5ac95bfc56025ad52e83.jpg,750ee02146f4939115bab6b55c6ee25c
Data/pcb_dataset2/pcb_dataset2_1085/pcb_dataset2_1085.jpg,pcb_dataset2_1085.jpg,pcb_dataset2,44000023_test_jpg.rf.2e7f2fbe5a2b6a90669e95049ea172f0.jpg,48f72eeda252b927d6e9a0f4e66b1aed
Data/pcb_dataset2/pcb_dataset2_1086/pcb_dataset2_1086.jpg,pcb_dataset2_1086.jpg,pcb_dataset2,44000024_test_jpg.rf.2d830355791d8a237969aa11ea6161bf.jpg,548e98fe3c04d80d444c0da03c747216
Data/pcb_dataset2/pcb_dataset2_1087/pcb_dataset2_1087.jpg,pcb_dataset2_1087.jpg,pcb_dataset2,44000026_test_jpg.rf.d8b9f68cc8dced106fee78f498af63e3.jpg,9a14a27f1c5eba9b44ed1f9cf9a6593e
Data/pcb_dataset2/pcb_dataset2_1088/pcb_dataset2_1088.jpg,pcb_dataset2_1088.jpg,pcb_dataset2,44000027_test_jpg.rf.2feebfd0c10188d5c5d94e2f68138d32.jpg,d1905692e2659d8774d9143faa053d96
Data/pcb_dataset2/pcb_dataset2_1089/pcb_dataset2_1089.jpg,pcb_dataset2_1089.jpg,pcb_dataset2,44000028_test_jpg.rf.2e1cf2c9d27170ca60646f780c77accd.jpg,b275b22c8ecca877515d2823067c62ea
Data/pcb_dataset2/pcb_dataset2_109/pcb_dataset2_109.jpg,pcb_dataset2_109.jpg,pcb_dataset2,13000050_test_jpg.rf.9087269c1f0acf44a6d9b225728474d8.jpg,f630b7fb9e1b1512023ef05b87810459
Data/pcb_dataset2/pcb_dataset2_1090/pcb_dataset2_1090.jpg,pcb_dataset2_1090.jpg,pcb_dataset2,44000029_test_jpg.rf.59aeb91f8f53a2ce78c2c4985f683e15.jpg,80b2988fd128e5f11ed582d0189e368c
Data/pcb_dataset2/pcb_dataset2_1091/pcb_dataset2_1091.jpg,pcb_dataset2_1091.jpg,pcb_dataset2,44000030_test_jpg.rf.cfb54565fa1cb633cff6a4f513b3fe90.jpg,95fd576fb960cc04fedbb56badc58dc5
Data/pcb_dataset2/pcb_dataset2_1092/pcb_dataset2_1092.jpg,pcb_dataset2_1092.jpg,pcb_dataset2,44000031_test_jpg.rf.3cdf6e1dd01c0cda471d6b27c7b70f40.jpg,5fecef8c127a692a5ff7c7cb3d1b8386
Data/pcb_dataset2/pcb_dataset2_1093/pcb_dataset2_1093.jpg,pcb_dataset2_1093.jpg,pcb_dataset2,44000032_test_jpg.rf.60b83164291b2993a6c3b376b551ee19.jpg,870817f2129d98f6b2796327cb9edfc0
Data/pcb_dataset2/pcb_dataset2_1094/pcb_dataset2_1094.jpg,pcb_dataset2_1094.jpg,pcb_dataset2,44000033_test_jpg.rf.af2e90764c069eef6e2972fb3b63dde0.jpg,09644f0c2c18772cb1015dd8bdc223d6
Data/pcb_dataset2/pcb_dataset2_1095/pcb_dataset2_1095.jpg,pcb_dataset2_1095.jpg,pcb_dataset2,44000034_test_jpg.rf.7d31512ff6e9e0b3837a101cde4ff6bf.jpg,29c1a00afec2f7b708122a689c960c99
Data/pcb_dataset2/pcb_dataset2_1096/pcb_dataset2_1096.jpg,pcb_dataset2_1096.jpg,pcb_dataset2,44000037_test_jpg.rf.71ceac0b2e50b7c996da00141c5ee1c3.jpg,bfeff1fa43945bb2da3c082a7c2c2274
Data/pcb_dataset2/pcb_dataset2_1097/pcb_dataset2_1097.jpg,pcb_dataset2_1097.jpg,pcb_dataset2,44000038_test_jpg.rf.16971440f06e3bfb3fd42b4a6e3ba270.jpg,efe048158baf0d83a28cd5cfd9b57e3a
Data/pcb_dataset2/pcb_dataset2_1098/pcb_dataset2_1098.jpg,pcb_dataset2_1098.jpg,pcb_dataset2,44000039_test_jpg.rf.a73aff86789a48b25ac189e7fc01edee.jpg,5a28eebd93ebbf45f807c7969efc4482
Data/pcb_dataset2/pcb_dataset2_1099/pcb_dataset2_1099.jpg,pcb_dataset2_1099.jpg,pcb_dataset2,44000040_test_jpg.rf.8e2e367055fec941056d221604da91dd.jpg,20a4ef7214a5c74870f587acb0a3501b
Data/pcb_dataset2/pcb_dataset2_11/pcb_dataset2_11.jpg,pcb_dataset2_11.jpg,pcb_dataset2,00041046_test_jpg.rf.dc11aad8120ba8190a4af76c569d1a31.jpg,407253e0675fda01feedfb919d4fdfe7
Data/pcb_dataset2/pcb_dataset2_110/pcb_dataset2_110.jpg,pcb_dataset2_110.jpg,pcb_dataset2,13000059_test_jpg.rf.9bf002ed9bde33fdb53de541e031758e.jpg,861292068318524c2ab22f783f497f7b
Data/pcb_dataset2/pcb_dataset2_1100/pcb_dataset2_1100.jpg,pcb_dataset2_1100.jpg,pcb_dataset2,44000042_test_jpg.rf.9b966f4d6736f4cd44db757016082ded.jpg,4169d9914e9b697f6705d245fc919b82
Data/pcb_dataset2/pcb_dataset2_1101/pcb_dataset2_1101.jpg,pcb_dataset2_1101.jpg,pcb_dataset2,44000043_test_jpg.rf.4fcf67a106568b35964712be165c52c2.jpg,c524a5e75e52ac8cc2ad8702b8aea02b
Data/pcb_dataset2/pcb_dataset2_1102/pcb_dataset2_1102.jpg,pcb_dataset2_1102.jpg,pcb_dataset2,44000044_test_jpg.rf.9990f2905eade5abd05be2afd1346f56.jpg,29c56aac935b5f189968d8559fde2d32
Data/pcb_dataset2/pcb_dataset2_1103/pcb_dataset2_1103.jpg,pcb_dataset2_1103.jpg,pcb_dataset2,44000045_test_jpg.rf.449efb705806656ca11d777b46c2ed91.jpg,834e0c6b78439d5a51ace2f55d3dad0f
Data/pcb_dataset2/pcb_dataset2_1104/pcb_dataset2_1104.jpg,pcb_dataset2_1104.jpg,pcb_dataset2,44000046_test_jpg.rf.25b0e9fac993c2ee4689229481bff6a3.jpg,9d4d0ac6654279b0ab358e2c520759b3
Data/pcb_dataset2/pcb_dataset2_1105/pcb_dataset2_1105.jpg,pcb_dataset2_1105.jpg,pcb_dataset2,44000048_test_jpg.rf.df44a6561812c183be9cf900d7d74baa.jpg,584c1351e9c0d19c3f2a7f37679175ce
Data/pcb_dataset2/pcb_dataset2_1106/pcb_dataset2_1106.jpg,pcb_dataset2_1106.jpg,pcb_dataset2,44000049_test_jpg.rf.286abf5e6b314183e307afb8b5ad336b.jpg,7a8effc3286eb10cd7b7a3a4b8d51ea9
Data/pcb_dataset2/pcb_dataset2_1107/pcb_dataset2_1107.jpg,pcb_dataset2_1107.jpg,pcb_dataset2,44000050_test_jpg.rf.95a52ea744bdd586ccaecfe9e47d7bea.jpg,dbf128af6258bc038a9c9c9ea6af90e0
Data/pcb_dataset2/pcb_dataset2_1108/pcb_dataset2_1108.jpg,pcb_dataset2_1108.jpg,pcb_dataset2,44000051_test_jpg.rf.2e191a5b3c3f88ebbfa30f639696df9b.jpg,32195cdb24559eb25c2c49ce1a804e55
Data/pcb_dataset2/pcb_dataset2_1109/pcb_dataset2_1109.jpg,pcb_dataset2_1109.jpg,pcb_dataset2,44000052_test_jpg.rf.c48b2bcbcb3657e3ab2b0a265a626493.jpg,1b318960553f4f1178536126a1b4c23e
Data/pcb_dataset2/pcb_dataset2_111/pcb_dataset2_111.jpg,pcb_dataset2_111.jpg,pcb_dataset2,13000062_test_jpg.rf.1bd140e33d0ad11dbfa036fc0e823f0e.jpg,3d71ab3e79e26514e9807b6c62ded244
Data/pcb_dataset2/pcb_dataset2_1110/pcb_dataset2_1110.jpg,pcb_dataset2_1110.jpg,pcb_dataset2,44000053_test_jpg.rf.dfb69e0831c7901fdc87b8b792b35125.jpg,333d91a237c951b0ab4655ffea6d602e
Data/pcb_dataset2/pcb_dataset2_1111/pcb_dataset2_1111.jpg,pcb_dataset2_1111.jpg,pcb_dataset2,44000054_test_jpg.rf.2c54619479afd3b6b03635673efced86.jpg,c35ced8ae26043dd767f2e2d6ad6b01e
Data/pcb_dataset2/pcb_dataset2_1112/pcb_dataset2_1112.jpg,pcb_dataset2_1112.jpg,pcb_dataset2,44000055_test_jpg.rf.1208f353be77343061bb1ec1c82ded79.jpg,3f1a785e4e00e52628d6fe643c5162a7
Data/pcb_dataset2/pcb_dataset2_1113/pcb_dataset2_1113.jpg,pcb_dataset2_1113.jpg,pcb_dataset2,44000056_test_jpg.rf.5730cc8607c47fe6b44b8d017ad4b2e7.jpg,21d21769c564435323563ec1afca3d12
Data/pcb_dataset2/pcb_dataset2_1114/pcb_dataset2_1114.jpg,pcb_dataset2_1114.jpg,pcb_dataset2,44000057_test_jpg.rf.d0428241fa41b35cce0dc969537dc50c.jpg,59d6c71fba936b6f8dade5d3798d69e8
Data/pcb_dataset2/pcb_dataset2_1115/pcb_dataset2_1115.jpg,pcb_dataset2_1115.jpg,pcb_dataset2,44000058_test_jpg.rf.fac4cf07768c05695ee2fe3977154ca4.jpg,4f207dc639ae71e6c0acc95e3e4a3e1e
Data/pcb_dataset2/pcb_dataset2_1116/pcb_dataset2_1116.jpg,pcb_dataset2_1116.jpg,pcb_dataset2,44000059_test_jpg.rf.67f63ae044080b528868d14ac5e5924a.jpg,94b9a328dce3eff64d52bd4553faecda
Data/pcb_dataset2/pcb_dataset2_1117/pcb_dataset2_1117.jpg,pcb_dataset2_1117.jpg,pcb_dataset2,44000062_test_jpg.rf.8f94e59d823d5849fb2baf82b5bf774c.jpg,268dfaf7a0fa4fa7cbcb834b9be3e93f
Data/pcb_dataset2/pcb_dataset2_1118/pcb_dataset2_1118.jpg,pcb_dataset2_1118.jpg,pcb_dataset2,44000064_test_jpg.rf.d1d686e354c6e4ae957403f3bade16b3.jpg,9bca94a31fba1373f420c5aa28a52c7e
Data/pcb_dataset2/pcb_dataset2_1119/pcb_dataset2_1119.jpg,pcb_dataset2_1119.jpg,pcb_dataset2,44000065_test_jpg.rf.ab49448cf657a9e39fedf3ce53669be3.jpg,c19b661da33bd4f7c59a411912c96496
Data/pcb_dataset2/pcb_dataset2_112/pcb_dataset2_112.jpg,pcb_dataset2_112.jpg,pcb_dataset2,13000063_test_jpg.rf.d4d10a5abccebca673d4f3fde781e010.jpg,bc5a7472bcb84ce347c40159df9bb096
Data/pcb_dataset2/pcb_dataset2_1120/pcb_dataset2_1120.jpg,pcb_dataset2_1120.jpg,pcb_dataset2,44000066_test_jpg.rf.d8fe47fb30d537b6673b8bf3c20ffaed.jpg,5c5a71292631941abd42ac3f596d7fae
Data/pcb_dataset2/pcb_dataset2_1121/pcb_dataset2_1121.jpg,pcb_dataset2_1121.jpg,pcb_dataset2,44000067_test_jpg.rf.f123e57f5e3556ce4aa8897f8d31d859.jpg,a458f44d3c3ec32680bc9e2d13228ec6
Data/pcb_dataset2/pcb_dataset2_1122/pcb_dataset2_1122.jpg,pcb_dataset2_1122.jpg,pcb_dataset2,44000069_test_jpg.rf.113e4b4cc5db339876d5868a4861ac58.jpg,92d77ee564fc57e3448cd4aed4e7f26a
Data/pcb_dataset2/pcb_dataset2_1123/pcb_dataset2_1123.jpg,pcb_dataset2_1123.jpg,pcb_dataset2,44000070_test_jpg.rf.43171bd16a0b0ab6c54cbc8fb0afe831.jpg,acdac18449c41ddf25c5af8a67151eb3
Data/pcb_dataset2/pcb_dataset2_1124/pcb_dataset2_1124.jpg,pcb_dataset2_1124.jpg,pcb_dataset2,44000072_test_jpg.rf.54b3be8b89ee51350620b8656019cf45.jpg,a3c466646aa77084470113e2b40da182
Data/pcb_dataset2/pcb_dataset2_1125/pcb_dataset2_1125.jpg,pcb_dataset2_1125.jpg,pcb_dataset2,44000073_test_jpg.rf.72d62a5d8a7a117a02aea1c8b7dbe042.jpg,55c4720335803e669eb8c57fb87b3014
Data/pcb_dataset2/pcb_dataset2_1126/pcb_dataset2_1126.jpg,pcb_dataset2_1126.jpg,pcb_dataset2,44000074_test_jpg.rf.43fa24fb7b0a90b804c8a718cb40efb9.jpg,8d87bc3ca9d155a8cc8b3f07f76ad872
Data/pcb_dataset2/pcb_dataset2_1127/pcb_dataset2_1127.jpg,pcb_dataset2_1127.jpg,pcb_dataset2,44000075_test_jpg.rf.3bc3bb7d8e5b2f2140713d94752baae6.jpg,caad008e735ebe965e4cae2a1248106c
Data/pcb_dataset2/pcb_dataset2_1128/pcb_dataset2_1128.jpg,pcb_dataset2_1128.jpg,pcb_dataset2,44000076_test_jpg.rf.13403361cb69e375a21ea088ffcf0fd1.jpg,b9c5327c6187ad234942ae03575fc440
Data/pcb_dataset2/pcb_dataset2_1129/pcb_dataset2_1129.jpg,pcb_dataset2_1129.jpg,pcb_dataset2,44000077_test_jpg.rf.d2927df8c39c10921a9758617123c294.jpg,94d8db21fe452a1b05c4e86e7f927bfb
Data/pcb_dataset2/pcb_dataset2_113/pcb_dataset2_113.jpg,pcb_dataset2_113.jpg,pcb_dataset2,13000064_test_jpg.rf.7238b1a4d469a6068a27af9dab9ccf0c.jpg,b663f511e149ba904e5a04742b70a4a9
Data/pcb_dataset2/pcb_dataset2_1130/pcb_dataset2_1130.jpg,pcb_dataset2_1130.jpg,pcb_dataset2,44000078_test_jpg.rf.0b81f40e1f57a05086e94e51a14fdc3b.jpg,c5d5544f94290d9ed2910699f4a44c2f
Data/pcb_dataset2/pcb_dataset2_1131/pcb_dataset2_1131.jpg,pcb_dataset2_1131.jpg,pcb_dataset2,44000079_test_jpg.rf.a673615c806e061e134162abc06e6e40.jpg,a29f82502d00e2244916de9faa0c1438
Data/pcb_dataset2/pcb_dataset2_1132/pcb_dataset2_1132.jpg,pcb_dataset2_1132.jpg,pcb_dataset2,44000080_test_jpg.rf.b90d1baea5eead42482ba41d78478718.jpg,a1fdc55a37092c68dc84f28bfe8838fe
Data/pcb_dataset2/pcb_dataset2_1133/pcb_dataset2_1133.jpg,pcb_dataset2_1133.jpg,pcb_dataset2,44000081_test_jpg.rf.1c2f63b31ef79f458be2195cb40e1156.jpg,88a863a08a4240833da0028e9b773879
Data/pcb_dataset2/pcb_dataset2_1134/pcb_dataset2_1134.jpg,pcb_dataset2_1134.jpg,pcb_dataset2,44000082_test_jpg.rf.d88df9fbaf2eca2e80926ea8559bf443.jpg,c48068577fa87ffeb9c255c2a23051c1
Data/pcb_dataset2/pcb_dataset2_1135/pcb_dataset2_1135.jpg,pcb_dataset2_1135.jpg,pcb_dataset2,44000083_test_jpg.rf.246d97278c1d712063813a6da4c58253.jpg,2d31bc25764a6d9c4eeb35100e56e309
Data/pcb_dataset2/pcb_dataset2_1136/pcb_dataset2_1136.jpg,pcb_dataset2_1136.jpg,pcb_dataset2,44000084_test_jpg.rf.18c1d2b36e7bcc05d2f4f09b46a3924f.jpg,f0634ee72f630342c8c601f66eec8025
Data/pcb_dataset2/pcb_dataset2_1137/pcb_dataset2_1137.jpg,pcb_dataset2_1137.jpg,pcb_dataset2,44000085_test_jpg.rf.2c51c73e0246a571594ece6826f7a644.jpg,8d9df914845047a3bbb62f2e1c7fc6b0
Data/pcb_dataset2/pcb_dataset2_1138/pcb_dataset2_1138.jpg,pcb_dataset2_1138.jpg,pcb_dataset2,44000087_test_jpg.rf.2c8396a3c3fdbf1286c52d74919f2fab.jpg,358ceb47638aecc695dcdc44002a6cbb
Data/pcb_dataset2/pcb_dataset2_1139/pcb_dataset2_1139.jpg,pcb_dataset2_1139.jpg,pcb_dataset2,44000090_test_jpg.rf.5806d0512699474bcaab1277e29dbb7b.jpg,bf987338c9af673d8a70a7a463415390
Data/pcb_dataset2/pcb_dataset2_114/pcb_dataset2_114.jpg,pcb_dataset2_114.jpg,pcb_dataset2,13000065_test_jpg.rf.f2bf6cfa77a1ccd827e172886cd9b327.jpg,58e3f8f23c788169a8b8d59e3f3a61d3
Data/pcb_dataset2/pcb_dataset2_1140/pcb_dataset2_1140.jpg,pcb_dataset2_1140.jpg,pcb_dataset2,44000091_test_jpg.rf.101417588c86f5a4f783e8c77be76825.jpg,39932593a40cee06a8d89bbf986c7017
Data/pcb_dataset2/pcb_dataset2_1141/pcb_dataset2_1141.jpg,pcb_dataset2_1141.jpg,pcb_dataset2,44000092_test_jpg.rf.1611a826152180f0e393e6d9edb1c6e8.jpg,23885aa73306348f5807007695fb5ebc
Data/pcb_dataset2/pcb_dataset2_1142/pcb_dataset2_1142.jpg,pcb_dataset2_1142.jpg,pcb_dataset2,44000093_test_jpg.rf.e130672b11b1e909ca430b8234a1e55e.jpg,8410cf96751fe94ff40df74fa974aece
Data/pcb_dataset2/pcb_dataset2_1143/pcb_dataset2_1143.jpg,pcb_dataset2_1143.jpg,pcb_dataset2,44000094_test_jpg.rf.e32d2769d0868aadee0bf4f6ed7595d4.jpg,63c92599a870018548fafc1963e3b8a3
Data/pcb_dataset2/pcb_dataset2_1144/pcb_dataset2_1144.jpg,pcb_dataset2_1144.jpg,pcb_dataset2,44000095_test_jpg.rf.f1f5cbfaf04bf5f1727bddda90572777.jpg,2dfc133b7d8717f0c0753dd28c5e7491
Data/pcb_dataset2/pcb_dataset2_1145/pcb_dataset2_1145.jpg,pcb_dataset2_1145.jpg,pcb_dataset2,44000096_test_jpg.rf.4b21a724fd7e00874137a9c1567f960c.jpg,01e66f5440739f919ed87c88eb96195d
Data/pcb_dataset2/pcb_dataset2_1146/pcb_dataset2_1146.jpg,pcb_dataset2_1146.jpg,pcb_dataset2,44000097_test_jpg.rf.694090dd13089530620be6f08f554cfd.jpg,ea0d95688683e6edf9942b4e8c158bdd
Data/pcb_dataset2/pcb_dataset2_1147/pcb_dataset2_1147.jpg,pcb_dataset2_1147.jpg,pcb_dataset2,44000098_test_jpg.rf.63fa517bc1bef8c164c9a82210d6aeaf.jpg,7ea298bc78734bc8653e8733f8b0a753
Data/pcb_dataset2/pcb_dataset2_1148/pcb_dataset2_1148.jpg,pcb_dataset2_1148.jpg,pcb_dataset2,44000100_test_jpg.rf.7944625bbfb2735e544e0a5ed1f534df.jpg,5a2cd1c89ce1aa736f4bb9312e985645
Data/pcb_dataset2/pcb_dataset2_1149/pcb_dataset2_1149.jpg,pcb_dataset2_1149.jpg,pcb_dataset2,44000101_test_jpg.rf.ed22046f7ead9af27aaf43367fe49a0b.jpg,c87ec65aa1bcc61b23408c6116536e15
Data/pcb_dataset2/pcb_dataset2_115/pcb_dataset2_115.jpg,pcb_dataset2_115.jpg,pcb_dataset2,13000072_test_jpg.rf.510ddf64b3434acaa2443c4f1062b429.jpg,8bff1586c6f858725ef90e4b69db953e
Data/pcb_dataset2/pcb_dataset2_1150/pcb_dataset2_1150.jpg,pcb_dataset2_1150.jpg,pcb_dataset2,44000102_test_jpg.rf.4e16b23207bf37ef061f09ec01ad8ae9.jpg,42eee245d2ebfee4bc333b63eff151bd
Data/pcb_dataset2/pcb_dataset2_1151/pcb_dataset2_1151.jpg,pcb_dataset2_1151.jpg,pcb_dataset2,44000103_test_jpg.rf.5f2bcfaa38e67948b2f9e9471a05db6a.jpg,27d7c8586d1deb03ee162bd2d3664189
Data/pcb_dataset2/pcb_dataset2_1152/pcb_dataset2_1152.jpg,pcb_dataset2_1152.jpg,pcb_dataset2,44000104_test_jpg.rf.685dede7a7c7c1a9e1a783c1e87382b0.jpg,0dcefc080bc89d0e59e6dd29b04c7fdc
Data/pcb_dataset2/pcb_dataset2_1153/pcb_dataset2_1153.jpg,pcb_dataset2_1153.jpg,pcb_dataset2,44000105_test_jpg.rf.11ea156d718a2dedd1dbf6e399cc37e4.jpg,43a514f5bd4d57055ba7be2c26ab0fb3
Data/pcb_dataset2/pcb_dataset2_1154/pcb_dataset2_1154.jpg,pcb_dataset2_1154.jpg,pcb_dataset2,44000108_test_jpg.rf.6f9294a480af9e94239d405cb64ac5a1.jpg,7f1c23b17f73a72b28e1e080d8e8c089
Data/pcb_dataset2/pcb_dataset2_1155/pcb_dataset2_1155.jpg,pcb_dataset2_1155.jpg,pcb_dataset2,44000109_test_jpg.rf.9403abeca66353962f71f240ccecc514.jpg,27ea1aec21f63154a05369eabe39b509
Data/pcb_dataset2/pcb_dataset2_1156/pcb_dataset2_1156.jpg,pcb_dataset2_1156.jpg,pcb_dataset2,44000110_test_jpg.rf.e2bc2781dd4c272ef3c333e5b5372aca.jpg,592bde457e0db764a0fa166586fec1b4
Data/pcb_dataset2/pcb_dataset2_1157/pcb_dataset2_1157.jpg,pcb_dataset2_1157.jpg,pcb_dataset2,44000111_test_jpg.rf.15a5165fb19794cc4e8f966266bb1b00.jpg,88732c72cd67700ea1eb1530d4e22610
Data/pcb_dataset2/pcb_dataset2_1158/pcb_dataset2_1158.jpg,pcb_dataset2_1158.jpg,pcb_dataset2,44000112_test_jpg.rf.142493154a3cce8476e8a9fc3736f7d3.jpg,b7da75e71666eecb122d799790f13a05
Data/pcb_dataset2/pcb_dataset2_1159/pcb_dataset2_1159.jpg,pcb_dataset2_1159.jpg,pcb_dataset2,44000113_test_jpg.rf.f0a96167be4f49ecc9caef42bb3bebe1.jpg,f4e97efc9d261787ecf29ec2939c2a7e
Data/pcb_dataset2/pcb_dataset2_116/pcb_dataset2_116.jpg,pcb_dataset2_116.jpg,pcb_dataset2,13000074_test_jpg.rf.64f92e1926bafedbbb2880de48b9ef35.jpg,9e1bd76a287afd97ab771705752bc1b7
Data/pcb_dataset2/pcb_dataset2_1160/pcb_dataset2_1160.jpg,pcb_dataset2_1160.jpg,pcb_dataset2,50600000_test_jpg.rf.c9e466fd37fdd139b15e78ff36e99048.jpg,0b2b14745c0a5c7294cca5584b3fcda9
Data/pcb_dataset2/pcb_dataset2_1161/pcb_dataset2_1161.jpg,pcb_dataset2_1161.jpg,pcb_dataset2,50600001_test_jpg.rf.c38554ff507cceccea5aad40b8e80474.jpg,3e262b7f3578b4750c64646ce58dfe52
Data/pcb_dataset2/pcb_dataset2_1162/pcb_dataset2_1162.jpg,pcb_dataset2_1162.jpg,pcb_dataset2,50600002_test_jpg.rf.5301cb64be23e77598b002f0b0764e27.jpg,411f469d83d30f3b1874c3f57a7ce6b9
Data/pcb_dataset2/pcb_dataset2_1163/pcb_dataset2_1163.jpg,pcb_dataset2_1163.jpg,pcb_dataset2,50600003_test_jpg.rf.7a0096958bad1abdc42c0d310f8d5359.jpg,9a733791722dd07900bdb15df853be4e
Data/pcb_dataset2/pcb_dataset2_1164/pcb_dataset2_1164.jpg,pcb_dataset2_1164.jpg,pcb_dataset2,50600004_test_jpg.rf.f8f80e996743fc26123ef6ebf86c5a7b.jpg,664bfcf2700aa0fca11cbe81caed9448
Data/pcb_dataset2/pcb_dataset2_1165/pcb_dataset2_1165.jpg,pcb_dataset2_1165.jpg,pcb_dataset2,50600005_test_jpg.rf.25f72e50e93441aa576257644aa8b3e5.jpg,d28062c4eca10a34e8ac8f4741f0fa6b
Data/pcb_dataset2/pcb_dataset2_1166/pcb_dataset2_1166.jpg,pcb_dataset2_1166.jpg,pcb_dataset2,50600006_test_jpg.rf.215cef8c11c52fd598ea1e9131ea65a3.jpg,ea323b712573f73b608a0dccfdf91512
Data/pcb_dataset2/pcb_dataset2_1167/pcb_dataset2_1167.jpg,pcb_dataset2_1167.jpg,pcb_dataset2,50600007_test_jpg.rf.e77df03b8f30659e58d1d26735124c39.jpg,ad558bf9fd39b9ee2fa54b9c7c2e6f4b
Data/pcb_dataset2/pcb_dataset2_1168/pcb_dataset2_1168.jpg,pcb_dataset2_1168.jpg,pcb_dataset2,50600008_test_jpg.rf.e5c1ca13ab7e74bd69688521978629d0.jpg,d0123c91333107f9a29cfcd952d722d3
Data/pcb_dataset2/pcb_dataset2_1169/pcb_dataset2_1169.jpg,pcb_dataset2_1169.jpg,pcb_dataset2,50600010_test_jpg.rf.75842b8baf8ddbe3dc01381288c8e8d5.jpg,b279c0e603ae787356b89dd0ef5480a9
Data/pcb_dataset2/pcb_dataset2_117/pcb_dataset2_117.jpg,pcb_dataset2_117.jpg,pcb_dataset2,13000075_test_jpg.rf.ea210a53efdd9a07688410f44d1564ff.jpg,dec5cab15a8e416a085d4c0e1b55448b
Data/pcb_dataset2/pcb_dataset2_1170/pcb_dataset2_1170.jpg,pcb_dataset2_1170.jpg,pcb_dataset2,50600011_test_jpg.rf.efee3d070d8fd93a9e9695a7ccd2bbc2.jpg,5b4831a7e7aebfed98fee6b27f45f54c
Data/pcb_dataset2/pcb_dataset2_1171/pcb_dataset2_1171.jpg,pcb_dataset2_1171.jpg,pcb_dataset2,50600013_test_jpg.rf.cb3c499ca26f4ef2a17c73db7bed6660.jpg,202ec3ce4879617c12835217ceee93a6
Data/pcb_dataset2/pcb_dataset2_1172/pcb_dataset2_1172.jpg,pcb_dataset2_1172.jpg,pcb_dataset2,50600014_test_jpg.rf.5d9a6139f0a679e7f7fee898d5e452b5.jpg,49fbab6ddd5eed0a65507095449753cb
Data/pcb_dataset2/pcb_dataset2_1173/pcb_dataset2_1173.jpg,pcb_dataset2_1173.jpg,pcb_dataset2,50600015_test_jpg.rf.2cb4da22e44b799254219ee09fed4288.jpg,11dacfc345ab1c676be7c1eab0d64b50
Data/pcb_dataset2/pcb_dataset2_1174/pcb_dataset2_1174.jpg,pcb_dataset2_1174.jpg,pcb_dataset2,50600017_test_jpg.rf.117b5a70284ab502369264aa17dc162c.jpg,7f1624e6ffb403fcbccce8714d2b99d6
Data/pcb_dataset2/pcb_dataset2_1175/pcb_dataset2_1175.jpg,pcb_dataset2_1175.jpg,pcb_dataset2,50600018_test_jpg.rf.57cf693a83c3262fd1f1e4dff119f55a.jpg,07597c48ec642a67a10f053bbd0ba739
Data/pcb_dataset2/pcb_dataset2_1176/pcb_dataset2_1176.jpg,pcb_dataset2_1176.jpg,pcb_dataset2,50600019_test_jpg.rf.2f3cb90df3e2d31142650d4ea3675e95.jpg,5518064808cbc011d8c016b69e1a2690
Data/pcb_dataset2/pcb_dataset2_1177/pcb_dataset2_1177.jpg,pcb_dataset2_1177.jpg,pcb_dataset2,50600020_test_jpg.rf.fc89245f82634d9641c87c9ae2c4646a.jpg,39e69cf807dde9ee4d6e525aa6991911
Data/pcb_dataset2/pcb_dataset2_1178/pcb_dataset2_1178.jpg,pcb_dataset2_1178.jpg,pcb_dataset2,50600023_test_jpg.rf.4cc840f35fc5bbdae7fa4d201ddfd3dd.jpg,ced06230538ff1f1a947dae940912391
Data/pcb_dataset2/pcb_dataset2_1179/pcb_dataset2_1179.jpg,pcb_dataset2_1179.jpg,pcb_dataset2,50600025_test_jpg.rf.16605dc76b5e5c5a749f519839376603.jpg,b8cb703e7bc76488e34685c9d85a06bd
Data/pcb_dataset2/pcb_dataset2_118/pcb_dataset2_118.jpg,pcb_dataset2_118.jpg,pcb_dataset2,13000078_test_jpg.rf.f7182c30ea9b9367a0ab0b8e63b11433.jpg,f86619d709e0eac9ac2ab1220af64a0f
Data/pcb_dataset2/pcb_dataset2_1180/pcb_dataset2_1180.jpg,pcb_dataset2_1180.jpg,pcb_dataset2,50600026_test_jpg.rf.440e5b584c5d4cada081220d3675fc73.jpg,ef725f9624a0d1e0784016bd86739001
Data/pcb_dataset2/pcb_dataset2_1181/pcb_dataset2_1181.jpg,pcb_dataset2_1181.jpg,pcb_dataset2,50600027_test_jpg.rf.65ceed1292f227cc2c5cdc78c781ac34.jpg,63195eaa7a6f71f1c5dd4bdf3b6f5cc7
Data/pcb_dataset2/pcb_dataset2_1182/pcb_dataset2_1182.jpg,pcb_dataset2_1182.jpg,pcb_dataset2,50600029_test_jpg.rf.f865598efbeb9f4db41f201ae24ad933.jpg,32695a27e24d9305771717671e4be1a6
Data/pcb_dataset2/pcb_dataset2_1183/pcb_dataset2_1183.jpg,pcb_dataset2_1183.jpg,pcb_dataset2,50600035_test_jpg.rf.bf065811ce14dfd907649fff4e82c9a2.jpg,766ce9ab0dd41b47da01fb7e6aabc620
Data/pcb_dataset2/pcb_dataset2_1184/pcb_dataset2_1184.jpg,pcb_dataset2_1184.jpg,pcb_dataset2,50600036_test_jpg.rf.1cc53860d9c989582d36dd7a0593210d.jpg,7a5b0e35dafb037be960b41801249be6
Data/pcb_dataset2/pcb_dataset2_1185/pcb_dataset2_1185.jpg,pcb_dataset2_1185.jpg,pcb_dataset2,50600042_test_jpg.rf.b31b8e3d37579621276ef55893c42636.jpg,4c5e2cf86d9c900d628d93d99f8428dd
Data/pcb_dataset2/pcb_dataset2_1186/pcb_dataset2_1186.jpg,pcb_dataset2_1186.jpg,pcb_dataset2,50600044_test_jpg.rf.1fa4415cc4bfb260022074b17b9a0a4e.jpg,5dcac374ef4f040f8e3dc29e7d84bedc
Data/pcb_dataset2/pcb_dataset2_1187/pcb_dataset2_1187.jpg,pcb_dataset2_1187.jpg,pcb_dataset2,50600045_test_jpg.rf.190b180b75fd9d5d0e5b7e31d8840f7f.jpg,e0dd4612a74f605895b7b5e173521799
Data/pcb_dataset2/pcb_dataset2_1188/pcb_dataset2_1188.jpg,pcb_dataset2_1188.jpg,pcb_dataset2,50600046_test_jpg.rf.ed809ffea74b39f0fa9e56061066092c.jpg,18197ebcab64e9577c6d9782abc24b79
Data/pcb_dataset2/pcb_dataset2_1189/pcb_dataset2_1189.jpg,pcb_dataset2_1189.jpg,pcb_dataset2,50600047_test_jpg.rf.7256c894f5074ab771eec60ff7eb46b6.jpg,8f84008b219de215602a5abbe2c781a8
Data/pcb_dataset2/pcb_dataset2_119/pcb_dataset2_119.jpg,pcb_dataset2_119.jpg,pcb_dataset2,13000079_test_jpg.rf.7d9612a7134935a490ea91f7c97a3a37.jpg,66aa496150549ec511518a47742736b8
Data/pcb_dataset2/pcb_dataset2_1190/pcb_dataset2_1190.jpg,pcb_dataset2_1190.jpg,pcb_dataset2,50600049_test_jpg.rf.5ea54327af586effdbcd899c1bda5d84.jpg,3e8383c41df2d621ff491814d25d551c
Data/pcb_dataset2/pcb_dataset2_1191/pcb_dataset2_1191.jpg,pcb_dataset2_1191.jpg,pcb_dataset2,50600050_test_jpg.rf.2e10672325ea0830d03091e9a80ff156.jpg,267123b3c693c7babf9723f8c59b4a28
Data/pcb_dataset2/pcb_dataset2_1192/pcb_dataset2_1192.jpg,pcb_dataset2_1192.jpg,pcb_dataset2,50600053_test_jpg.rf.efcca16464f9af725e1b76906bff2175.jpg,ff5b2306f4911980f39d0bd5cc81e0fa
Data/pcb_dataset2/pcb_dataset2_1193/pcb_dataset2_1193.jpg,pcb_dataset2_1193.jpg,pcb_dataset2,50600054_test_jpg.rf.537c71da744419aa73c25fc1cc3e173a.jpg,e1aae2d3d63d5a880673cca3db7045da
Data/pcb_dataset2/pcb_dataset2_1194/pcb_dataset2_1194.jpg,pcb_dataset2_1194.jpg,pcb_dataset2,50600056_test_jpg.rf.0116b00d47a01ac8c85562ad15a9c905.jpg,b07d75abc0a74686f2fb923e0d4721fb
Data/pcb_dataset2/pcb_dataset2_1195/pcb_dataset2_1195.jpg,pcb_dataset2_1195.jpg,pcb_dataset2,50600057_test_jpg.rf.ebebd5bd4c13161cb8e7e2b375d9869a.jpg,815a0a362e4f4f472e10d117d61745ee
Data/pcb_dataset2/pcb_dataset2_1196/pcb_dataset2_1196.jpg,pcb_dataset2_1196.jpg,pcb_dataset2,50600059_test_jpg.rf.2abdf9db5c52e728e107acefebba9dc9.jpg,b961277c0a2c980a222f0db425d3026a
Data/pcb_dataset2/pcb_dataset2_1197/pcb_dataset2_1197.jpg,pcb_dataset2_1197.jpg,pcb_dataset2,90100013_test_jpg.rf.8a74b1226842d8460f62ab6e1a784a8e.jpg,27ad412a95c36b72b25c2bc527af3932
Data/pcb_dataset2/pcb_dataset2_1198/pcb_dataset2_1198.jpg,pcb_dataset2_1198.jpg,pcb_dataset2,90100029_test_jpg.rf.5cc18e1c6eed45b330d38f2b6b91ccf4.jpg,1bb0f87730de123eb06084fff7ec1bc4
Data/pcb_dataset2/pcb_dataset2_1199/pcb_dataset2_1199.jpg,pcb_dataset2_1199.jpg,pcb_dataset2,90100030_test_jpg.rf.69eacfd7d41877b969e4961be5e0815a.jpg,58722dfd9b936b6d9622891fdd7ce590
Data/pcb_dataset2/pcb_dataset2_12/pcb_dataset2_12.jpg,pcb_dataset2_12.jpg,pcb_dataset2,00041050_test_jpg.rf.2f9c061f5e6638b7a14069bb12f9133f.jpg,549e8fbdb2405f72f92a55ff808d3699
Data/pcb_dataset2/pcb_dataset2_120/pcb_dataset2_120.jpg,pcb_dataset2_120.jpg,pcb_dataset2,13000085_test_jpg.rf.2424078e99c0eabfb62d4199d6ff43ce.jpg,8be7d5ea30443f6a882a8148eca9163f
Data/pcb_dataset2/pcb_dataset2_1200/pcb_dataset2_1200.jpg,pcb_dataset2_1200.jpg,pcb_dataset2,90100032_test_jpg.rf.51f6077b63a49a3e595102ac27d47934.jpg,b9c55090a598a300824265345a2a727f
Data/pcb_dataset2/pcb_dataset2_1201/pcb_dataset2_1201.jpg,pcb_dataset2_1201.jpg,pcb_dataset2,90100033_test_jpg.rf.faf5736b3634f448ae863c5ca1e2c4bb.jpg,33e9527bb0782b34155db43b9a140019
Data/pcb_dataset2/pcb_dataset2_1202/pcb_dataset2_1202.jpg,pcb_dataset2_1202.jpg,pcb_dataset2,90100037_test_jpg.rf.ebd71f0d81a3bb7397b7dc39f0757ee4.jpg,add3a3fb5f33534b30f9c4065ab6aa78
Data/pcb_dataset2/pcb_dataset2_1203/pcb_dataset2_1203.jpg,pcb_dataset2_1203.jpg,pcb_dataset2,90100038_test_jpg.rf.77cd4a7914a3569d92c4a12b28e40f9c.jpg,728455676c616b062623b74cda4afbf7
Data/pcb_dataset2/pcb_dataset2_1204/pcb_dataset2_1204.jpg,pcb_dataset2_1204.jpg,pcb_dataset2,90100040_test_jpg.rf.3399cefb889859ebc1b4b611b9d6ad5e.jpg,31c67be10e5c214a9eed4f276ec48716
Data/pcb_dataset2/pcb_dataset2_1205/pcb_dataset2_1205.jpg,pcb_dataset2_1205.jpg,pcb_dataset2,90100042_test_jpg.rf.e86538c82775c4aa246ef3ab9e3b2757.jpg,a679ebd9effe3e005c32e13971b7ac5c
Data/pcb_dataset2/pcb_dataset2_1206/pcb_dataset2_1206.jpg,pcb_dataset2_1206.jpg,pcb_dataset2,90100045_test_jpg.rf.3da34b64b085ddb2b954fb9da79d538b.jpg,59d3ad9ff8d67c1b3d136e70f64e0178
Data/pcb_dataset2/pcb_dataset2_1207/pcb_dataset2_1207.jpg,pcb_dataset2_1207.jpg,pcb_dataset2,90100048_test_jpg.rf.0dc2295244ab6979ecf691c5100a1082.jpg,5c6128f220ab670edeeae91c27814fdb
Data/pcb_dataset2/pcb_dataset2_1208/pcb_dataset2_1208.jpg,pcb_dataset2_1208.jpg,pcb_dataset2,90100049_test_jpg.rf.453bc6cbc9d13f3769d389c98c824f01.jpg,98f2c79246640a8f106f7f3a6386da31
Data/pcb_dataset2/pcb_dataset2_1209/pcb_dataset2_1209.jpg,pcb_dataset2_1209.jpg,pcb_dataset2,90100050_test_jpg.rf.d8e4eb042661b65be17ce31883135727.jpg,c0f9d053151b971d3a4de2845150e095
Data/pcb_dataset2/pcb_dataset2_121/pcb_dataset2_121.jpg,pcb_dataset2_121.jpg,pcb_dataset2,13000088_test_jpg.rf.65e92c9c7513a223b5096d3000e5b6af.jpg,7776ea0a386c3d4827f61b0cc9bcb6bc
Data/pcb_dataset2/pcb_dataset2_1210/pcb_dataset2_1210.jpg,pcb_dataset2_1210.jpg,pcb_dataset2,90100056_test_jpg.rf.162d256b1f88aed10c14f52b57580ef6.jpg,db2b808db12f34090ac6e4d0d0a1c73a
Data/pcb_dataset2/pcb_dataset2_1211/pcb_dataset2_1211.jpg,pcb_dataset2_1211.jpg,pcb_dataset2,90100057_test_jpg.rf.b4668ee5bb1a11f035c87228fe643cd0.jpg,0a00a463737f78648059f23ae6bbaa95
Data/pcb_dataset2/pcb_dataset2_1212/pcb_dataset2_1212.jpg,pcb_dataset2_1212.jpg,pcb_dataset2,90100061_test_jpg.rf.b2888eeaf43b8fa30ab4f4bc1b12434c.jpg,84367abb879ff455266c043c13c1afcf
Data/pcb_dataset2/pcb_dataset2_1213/pcb_dataset2_1213.jpg,pcb_dataset2_1213.jpg,pcb_dataset2,90100062_test_jpg.rf.5c6fd702079f461653ee545ccba94a67.jpg,92c5a0e51b1f4c23e84deec51d1869de
Data/pcb_dataset2/pcb_dataset2_1214/pcb_dataset2_1214.jpg,pcb_dataset2_1214.jpg,pcb_dataset2,90100064_test_jpg.rf.2d11db165b41549a6e179b0ee2194628.jpg,77ef7fb285dff2840b0f004b542c095d
Data/pcb_dataset2/pcb_dataset2_1215/pcb_dataset2_1215.jpg,pcb_dataset2_1215.jpg,pcb_dataset2,90100065_test_jpg.rf.70d8ae8d62fd40e480e32dc30d1b5379.jpg,324a9c047a28b4b73844fe208d283292
Data/pcb_dataset2/pcb_dataset2_1216/pcb_dataset2_1216.jpg,pcb_dataset2_1216.jpg,pcb_dataset2,90100066_test_jpg.rf.4ee7fa97e037d6190c22b0f4d8403e73.jpg,882caf09986e65a9ba0633c196e811eb
Data/pcb_dataset2/pcb_dataset2_1217/pcb_dataset2_1217.jpg,pcb_dataset2_1217.jpg,pcb_dataset2,90100069_test_jpg.rf.f00308c05fa9dda4e39e59aadb6e1f98.jpg,21678fd93649e47c19d5dab2fced85ad
Data/pcb_dataset2/pcb_dataset2_1218/pcb_dataset2_1218.jpg,pcb_dataset2_1218.jpg,pcb_dataset2,90100070_test_jpg.rf.3d22ca7185a456531512e3ecffacfdc9.jpg,3c48994748ada73a9c6681e89ddbc9ce
Data/pcb_dataset2/pcb_dataset2_1219/pcb_dataset2_1219.jpg,pcb_dataset2_1219.jpg,pcb_dataset2,90100072_test_jpg.rf.38935cb33d42f26ebf3117ba31a5b8af.jpg,430c6b775b162cf1ac511e25ce0bb2bc
Data/pcb_dataset2/pcb_dataset2_122/pcb_dataset2_122.jpg,pcb_dataset2_122.jpg,pcb_dataset2,13000090_test_jpg.rf.bb7b881088876353b58704ec13622f0c.jpg,d162c00f2b0efad34bb79f2e06d29936
Data/pcb_dataset2/pcb_dataset2_1220/pcb_dataset2_1220.jpg,pcb_dataset2_1220.jpg,pcb_dataset2,90100073_test_jpg.rf.0f63ee519fea5cfec98e5dd7a5e4e7f0.jpg,f693e3f8bedd86e7831ad1812174d25e
Data/pcb_dataset2/pcb_dataset2_1221/pcb_dataset2_1221.jpg,pcb_dataset2_1221.jpg,pcb_dataset2,90100075_test_jpg.rf.a52715451623e7883e7bba200c9dfb6d.jpg,bde8e08a922c18a6452b900437e11beb
Data/pcb_dataset2/pcb_dataset2_1222/pcb_dataset2_1222.jpg,pcb_dataset2_1222.jpg,pcb_dataset2,90100078_test_jpg.rf.ee71252fa06d159a7a13adf05b3ee02a.jpg,01b4ada22cc61c22fd53cc53370fe9a1
Data/pcb_dataset2/pcb_dataset2_1223/pcb_dataset2_1223.jpg,pcb_dataset2_1223.jpg,pcb_dataset2,90100081_test_jpg.rf.675218c4c21e91961a4f6b100948afe3.jpg,cf746e729613bda1d7a080984aa420e8
Data/pcb_dataset2/pcb_dataset2_1224/pcb_dataset2_1224.jpg,pcb_dataset2_1224.jpg,pcb_dataset2,90100082_test_jpg.rf.91a0dee9225ad7402c793bc0a7f1320c.jpg,22018c4ac22f2fa6224021a477c10c1d
Data/pcb_dataset2/pcb_dataset2_1225/pcb_dataset2_1225.jpg,pcb_dataset2_1225.jpg,pcb_dataset2,90100083_test_jpg.rf.4caf0ecdacb2057ee52da6ed63404edf.jpg,7ecd47ab18f78b3ccf9f0552ca45c2ff
Data/pcb_dataset2/pcb_dataset2_1226/pcb_dataset2_1226.jpg,pcb_dataset2_1226.jpg,pcb_dataset2,90100084_test_jpg.rf.96e25708bbe81ac3b540dee27a54aa2a.jpg,3071a448f70d08fe2eb6b8fa1d78335d
Data/pcb_dataset2/pcb_dataset2_1227/pcb_dataset2_1227.jpg,pcb_dataset2_1227.jpg,pcb_dataset2,92000000_test_jpg.rf.508ab4a68647391b79807c99d9ca9b7b.jpg,5090bd06a01212823d8374ba7e499560
Data/pcb_dataset2/pcb_dataset2_1228/pcb_dataset2_1228.jpg,pcb_dataset2_1228.jpg,pcb_dataset2,92000001_test_jpg.rf.3723a95e1d7bdfd73c3d08f3411c2240.jpg,d5fc2ee38c18be20832990fc7fc9fc7e
Data/pcb_dataset2/pcb_dataset2_1229/pcb_dataset2_1229.jpg,pcb_dataset2_1229.jpg,pcb_dataset2,92000002_test_jpg.rf.54bb59fb748267b2ba7041f8ea070022.jpg,65dba5c88b6cfc21e3dccc5976f7aea0
Data/pcb_dataset2/pcb_dataset2_123/pcb_dataset2_123.jpg,pcb_dataset2_123.jpg,pcb_dataset2,13000091_test_jpg.rf.a2896b1e8ed1ebc1658ebfa3c62c40a9.jpg,7669f00947e3ecdfc87d320ff9ca3cf1
Data/pcb_dataset2/pcb_dataset2_1230/pcb_dataset2_1230.jpg,pcb_dataset2_1230.jpg,pcb_dataset2,92000003_test_jpg.rf.397ec9fd0faaecbd9820090fa61373b2.jpg,5e740d1533ca876d629753b00e4393c4
Data/pcb_dataset2/pcb_dataset2_1231/pcb_dataset2_1231.jpg,pcb_dataset2_1231.jpg,pcb_dataset2,92000004_test_jpg.rf.f523013a1ec1c76b59313e6882485da8.jpg,cf4a0bd2297fda520fa0a6b603fcc8fa
Data/pcb_dataset2/pcb_dataset2_1232/pcb_dataset2_1232.jpg,pcb_dataset2_1232.jpg,pcb_dataset2,92000005_test_jpg.rf.cf2c45ea0a61047fa32d79b459a712b2.jpg,85eade10ae17b088c6709358e217906e
Data/pcb_dataset2/pcb_dataset2_1233/pcb_dataset2_1233.jpg,pcb_dataset2_1233.jpg,pcb_dataset2,92000006_test_jpg.rf.1bfdc6e9dcdab3b6e452f71e99857bf9.jpg,5b59c4a0d418483782a5bdf41a24de16
Data/pcb_dataset2/pcb_dataset2_1234/pcb_dataset2_1234.jpg,pcb_dataset2_1234.jpg,pcb_dataset2,92000007_test_jpg.rf.5dcd606a7b91eae0a9cb6a23d492dc5b.jpg,913a105489541fc800bf58952dadfaa0
Data/pcb_dataset2/pcb_dataset2_1235/pcb_dataset2_1235.jpg,pcb_dataset2_1235.jpg,pcb_dataset2,92000008_test_jpg.rf.8717572a560cfb841a5bf09a822c17d3.jpg,dbf26aeff95c74b6ec4a705d7e641a31
Data/pcb_dataset2/pcb_dataset2_1236/pcb_dataset2_1236.jpg,pcb_dataset2_1236.jpg,pcb_dataset2,92000009_test_jpg.rf.64cee2f2b3135fd4316f82a683d71d5a.jpg,3f4ad1e6bec3a5850fb1a1b79530793b
Data/pcb_dataset2/pcb_dataset2_1237/pcb_dataset2_1237.jpg,pcb_dataset2_1237.jpg,pcb_dataset2,92000010_test_jpg.rf.27910b41f9ffb7b797cd5e1cb87227a9.jpg,602c48a0a4d9d258a31cfd4db525c4f6
Data/pcb_dataset2/pcb_dataset2_1238/pcb_dataset2_1238.jpg,pcb_dataset2_1238.jpg,pcb_dataset2,92000011_test_jpg.rf.7f3d2f070926a0606064838b49210ea3.jpg,f83b82ec521b0bff1ee0ab4f5fb2d5e7
Data/pcb_dataset2/pcb_dataset2_1239/pcb_dataset2_1239.jpg,pcb_dataset2_1239.jpg,pcb_dataset2,92000012_test_jpg.rf.2f28abd4ea378a0fcc371284e5c16b3c.jpg,ca5f90f0334077d99d63aeda957bc26c
Data/pcb_dataset2/pcb_dataset2_124/pcb_dataset2_124.jpg,pcb_dataset2_124.jpg,pcb_dataset2,13000099_test_jpg.rf.91d92319239942c1ba258a68607022c2.jpg,5f0560329a447de8d8c59d866e8e94c1
Data/pcb_dataset2/pcb_dataset2_1240/pcb_dataset2_1240.jpg,pcb_dataset2_1240.jpg,pcb_dataset2,92000013_test_jpg.rf.2ff63fd16e59e1a3780a8d99019ad096.jpg,632c035a9d90bc107fd4fa11a068d79a
Data/pcb_dataset2/pcb_dataset2_1241/pcb_dataset2_1241.jpg,pcb_dataset2_1241.jpg,pcb_dataset2,92000014_test_jpg.rf.a97bd458313ce44baec543c04855ea10.jpg,d9fb3ae2b7ee591b6ffbf0157a9b3ff5
Data/pcb_dataset2/pcb_dataset2_1242/pcb_dataset2_1242.jpg,pcb_dataset2_1242.jpg,pcb_dataset2,92000015_test_jpg.rf.7e143ecdb0f01b666f853c0fdc2581d3.jpg,fca491f6f58292cd7a3e1bd0ce4c8df3
Data/pcb_dataset2/pcb_dataset2_1243/pcb_dataset2_1243.jpg,pcb_dataset2_1243.jpg,pcb_dataset2,92000016_test_jpg.rf.c3c458a61513693de443a162ed1917bc.jpg,4b16670d439979def806e343e6825ba5
Data/pcb_dataset2/pcb_dataset2_1244/pcb_dataset2_1244.jpg,pcb_dataset2_1244.jpg,pcb_dataset2,92000017_test_jpg.rf.f150ed846a2155828929b8d6b1bee25b.jpg,f04aa157ea3dc69e8032b496dfaeacdd
Data/pcb_dataset2/pcb_dataset2_1245/pcb_dataset2_1245.jpg,pcb_dataset2_1245.jpg,pcb_dataset2,92000018_test_jpg.rf.91cc787455715a7f90da6a88059a39e4.jpg,3f7f0e6d027d46dbce6ad0c62b8969b7
Data/pcb_dataset2/pcb_dataset2_1246/pcb_dataset2_1246.jpg,pcb_dataset2_1246.jpg,pcb_dataset2,92000019_test_jpg.rf.403b258c3a150963495ced0fadc880ed.jpg,7a7545d6273c2ac2ee62d9f2a24e98b4
Data/pcb_dataset2/pcb_dataset2_1247/pcb_dataset2_1247.jpg,pcb_dataset2_1247.jpg,pcb_dataset2,92000020_test_jpg.rf.3eeb7d0911a4c5592d30c76f55649ac3.jpg,7cc320cf366463fa4a8ef8af75be42c0
Data/pcb_dataset2/pcb_dataset2_1248/pcb_dataset2_1248.jpg,pcb_dataset2_1248.jpg,pcb_dataset2,92000021_test_jpg.rf.9e7bd9b5b5475ed141a2d8bf028d7124.jpg,bb7d9e257476064c8b281bfe696361fd
Data/pcb_dataset2/pcb_dataset2_1249/pcb_dataset2_1249.jpg,pcb_dataset2_1249.jpg,pcb_dataset2,92000022_test_jpg.rf.d6bb8fd1c0c6c98a9ad875337ffe1302.jpg,62d8abf69eada16db6936e2cc68c17bc
Data/pcb_dataset2/pcb_dataset2_125/pcb_dataset2_125.jpg,pcb_dataset2_125.jpg,pcb_dataset2,13000103_test_jpg.rf.28eff3eb62ce0087441f5167fd91d918.jpg,74de6595c49f849aa919cc3a6c8c7360
Data/pcb_dataset2/pcb_dataset2_1250/pcb_dataset2_1250.jpg,pcb_dataset2_1250.jpg,pcb_dataset2,92000023_test_jpg.rf.fe9c8ae317b519f7f0ac9fcd6a550d69.jpg,e38c21985e95d700494ef884c86110fe
Data/pcb_dataset2/pcb_dataset2_1251/pcb_dataset2_1251.jpg,pcb_dataset2_1251.jpg,pcb_dataset2,92000024_test_jpg.rf.9fd70e7bce6ca2953c63dc97baad28f6.jpg,259d8b446b5572b957e6d27c42d6d447
Data/pcb_dataset2/pcb_dataset2_1252/pcb_dataset2_1252.jpg,pcb_dataset2_1252.jpg,pcb_dataset2,92000025_test_jpg.rf.4a32356e4f0c90575e4cbb2c687eb90a.jpg,37fc90adffd10e31a27701358430ae25
Data/pcb_dataset2/pcb_dataset2_1253/pcb_dataset2_1253.jpg,pcb_dataset2_1253.jpg,pcb_dataset2,92000026_test_jpg.rf.19ff4008851e1d54736ba231a65231da.jpg,18588b6a19063005e35fe83c90491a5f
Data/pcb_dataset2/pcb_dataset2_1254/pcb_dataset2_1254.jpg,pcb_dataset2_1254.jpg,pcb_dataset2,92000027_test_jpg.rf.916a1150d9fb5d93061a3d355e5e5310.jpg,82888a9c4c1f2ce401a321fb278f4d64
Data/pcb_dataset2/pcb_dataset2_1255/pcb_dataset2_1255.jpg,pcb_dataset2_1255.jpg,pcb_dataset2,92000028_test_jpg.rf.ec57614a6d7659a2ca44666329322cc5.jpg,31b04dad2d2e492b9c0ddd089ff4dd77
Data/pcb_dataset2/pcb_dataset2_1256/pcb_dataset2_1256.jpg,pcb_dataset2_1256.jpg,pcb_dataset2,92000029_test_jpg.rf.05dcad9e5287abc221aad64c1420a907.jpg,c7ae7b8146fd61102bae5dd86d5526a5
Data/pcb_dataset2/pcb_dataset2_1257/pcb_dataset2_1257.jpg,pcb_dataset2_1257.jpg,pcb_dataset2,92000030_test_jpg.rf.30568ccde1284d8dd8643218c32e9a35.jpg,e4740e0143239241d531f01640a0ec46
Data/pcb_dataset2/pcb_dataset2_1258/pcb_dataset2_1258.jpg,pcb_dataset2_1258.jpg,pcb_dataset2,92000031_test_jpg.rf.357067abf61c547a1f8f3ff24f147f4b.jpg,d09f69f835d3ed504d57c5942a4d1de5
Data/pcb_dataset2/pcb_dataset2_1259/pcb_dataset2_1259.jpg,pcb_dataset2_1259.jpg,pcb_dataset2,92000032_test_jpg.rf.e3dc5b2eb7fc3b0d81f5b6184131a5c4.jpg,c8788d876cd1bb336eeeb5234a8848af
Data/pcb_dataset2/pcb_dataset2_126/pcb_dataset2_126.jpg,pcb_dataset2_126.jpg,pcb_dataset2,13000110_test_jpg.rf.b31bb0a3e21b086067c9710c67f32227.jpg,9b182c06814050cb6f584e8bb30b3932
Data/pcb_dataset2/pcb_dataset2_1260/pcb_dataset2_1260.jpg,pcb_dataset2_1260.jpg,pcb_dataset2,92000033_test_jpg.rf.321ad01ff44f9a0a208d334fd019840f.jpg,02f06a6a514de045628575851efa5e98
Data/pcb_dataset2/pcb_dataset2_1261/pcb_dataset2_1261.jpg,pcb_dataset2_1261.jpg,pcb_dataset2,92000034_test_jpg.rf.6ba0b3e0e232fa95e71da29e12f8f3db.jpg,c587d2c993e5c01e144e27755e1c15b7
Data/pcb_dataset2/pcb_dataset2_1262/pcb_dataset2_1262.jpg,pcb_dataset2_1262.jpg,pcb_dataset2,92000035_test_jpg.rf.bd6a8e976b552e4f70ba65312743208f.jpg,d94d78f1929d8856690f483b7fc6de73
Data/pcb_dataset2/pcb_dataset2_1263/pcb_dataset2_1263.jpg,pcb_dataset2_1263.jpg,pcb_dataset2,92000036_test_jpg.rf.d65567149ab75da91de6ae1d3e5b1d33.jpg,7aa0ba60ae3ed7180e34f065b482c12d
Data/pcb_dataset2/pcb_dataset2_1264/pcb_dataset2_1264.jpg,pcb_dataset2_1264.jpg,pcb_dataset2,92000037_test_jpg.rf.ee7e7e4eef673c8d7edd3d63649abad4.jpg,8059fa4e93166d0f5692264bd75df1d4
Data/pcb_dataset2/pcb_dataset2_1265/pcb_dataset2_1265.jpg,pcb_dataset2_1265.jpg,pcb_dataset2,92000038_test_jpg.rf.83da432369138c007f0cfe88dea2cfdf.jpg,23ca565f4da368e4bb12e34dd57096d2
Data/pcb_dataset2/pcb_dataset2_1266/pcb_dataset2_1266.jpg,pcb_dataset2_1266.jpg,pcb_dataset2,92000039_test_jpg.rf.1d5bc5ca8fe536d4d2eec7ec74d15f3d.jpg,d8bbd16b104beb39e123fcfcf93157a8
Data/pcb_dataset2/pcb_dataset2_1267/pcb_dataset2_1267.jpg,pcb_dataset2_1267.jpg,pcb_dataset2,92000040_test_jpg.rf.2adb95b004eb0f4c091cc1430c7cb33c.jpg,e59245363a9aa164992b292b31401ec4
Data/pcb_dataset2/pcb_dataset2_1268/pcb_dataset2_1268.jpg,pcb_dataset2_1268.jpg,pcb_dataset2,92000041_test_jpg.rf.0723cd8d6ecb3aeba23e76068244f5cb.jpg,f5b188e9c4523e3fe398953ab97b4e33
Data/pcb_dataset2/pcb_dataset2_1269/pcb_dataset2_1269.jpg,pcb_dataset2_1269.jpg,pcb_dataset2,92000042_test_jpg.rf.bb857343620a7d8e7f58d3a3edf5b2e4.jpg,61c9ce1257f118aeaa52d9700b5b819b
Data/pcb_dataset2/pcb_dataset2_127/pcb_dataset2_127.jpg,pcb_dataset2_127.jpg,pcb_dataset2,13000111_test_jpg.rf.a5b4fd565ad5153c603be3b2c64e8db9.jpg,9dc3995d8095d0e25ebe1c4dee3a5a88
Data/pcb_dataset2/pcb_dataset2_1270/pcb_dataset2_1270.jpg,pcb_dataset2_1270.jpg,pcb_dataset2,92000043_test_jpg.rf.5c956749db9bc4923eca82abb169395c.jpg,c733fa06fe2e77e8b44f85c18e898b58
Data/pcb_dataset2/pcb_dataset2_1271/pcb_dataset2_1271.jpg,pcb_dataset2_1271.jpg,pcb_dataset2,92000044_test_jpg.rf.070084c19d4e414aa935d00ab390b423.jpg,fb60fa92ed8b779acd8432cb428c2442
Data/pcb_dataset2/pcb_dataset2_1272/pcb_dataset2_1272.jpg,pcb_dataset2_1272.jpg,pcb_dataset2,92000045_test_jpg.rf.fbaeb1dac7a2bc09e49d7a9e275a5cd7.jpg,b20ca24158b7184518f71c38efbe7408
Data/pcb_dataset2/pcb_dataset2_1273/pcb_dataset2_1273.jpg,pcb_dataset2_1273.jpg,pcb_dataset2,92000046_test_jpg.rf.7d663117697242bfe8a70d454ebf75fc.jpg,943498c0acee0dd34c5f176df16a4178
Data/pcb_dataset2/pcb_dataset2_1274/pcb_dataset2_1274.jpg,pcb_dataset2_1274.jpg,pcb_dataset2,92000047_test_jpg.rf.7585d604fd4482a9638253c897e67287.jpg,802e915df0a8ec0ae1d01c105174b26b
Data/pcb_dataset2/pcb_dataset2_1275/pcb_dataset2_1275.jpg,pcb_dataset2_1275.jpg,pcb_dataset2,92000048_test_jpg.rf.ec7a159f38e75c8b0f4361b66bdb9434.jpg,fee6ef406bc0c8ec50d9ee4a2be12019
Data/pcb_dataset2/pcb_dataset2_1276/pcb_dataset2_1276.jpg,pcb_dataset2_1276.jpg,pcb_dataset2,92000049_test_jpg.rf.16159d715a50f7db723a7105ac50408d.jpg,a0d0dc54d3168a504b03973b74e3e68f
Data/pcb_dataset2/pcb_dataset2_1277/pcb_dataset2_1277.jpg,pcb_dataset2_1277.jpg,pcb_dataset2,92000050_test_jpg.rf.39f54889a94c9b88968df074e4ba8d0c.jpg,c6b7c6255d0c57fa64dd5370722110f9
Data/pcb_dataset2/pcb_dataset2_1278/pcb_dataset2_1278.jpg,pcb_dataset2_1278.jpg,pcb_dataset2,92000051_test_jpg.rf.665a39118b23d5ed940daa7a3e564bc9.jpg,dcab8cedf41015b53e6c511f9b48cae2
Data/pcb_dataset2/pcb_dataset2_1279/pcb_dataset2_1279.jpg,pcb_dataset2_1279.jpg,pcb_dataset2,92000052_test_jpg.rf.c7e57a241f1fb2c720120de813116926.jpg,b4f28013b351948ceb2b409194ab1020
Data/pcb_dataset2/pcb_dataset2_128/pcb_dataset2_128.jpg,pcb_dataset2_128.jpg,pcb_dataset2,13000125_test_jpg.rf.a5ac298fdceca2781acb9e3e5710faa9.jpg,4698af9735cd4f99d6e3dcc44910718d
Data/pcb_dataset2/pcb_dataset2_1280/pcb_dataset2_1280.jpg,pcb_dataset2_1280.jpg,pcb_dataset2,92000053_test_jpg.rf.c0831d03a14b25be382578ed939075ba.jpg,013eebebd0b60ea8d5baa3e7fe3576b6
Data/pcb_dataset2/pcb_dataset2_1281/pcb_dataset2_1281.jpg,pcb_dataset2_1281.jpg,pcb_dataset2,92000054_test_jpg.rf.b25428d71822d3818d4f0d4b4e14908d.jpg,2a0db8e16de88decc504ffddd0e54a8f
Data/pcb_dataset2/pcb_dataset2_1282/pcb_dataset2_1282.jpg,pcb_dataset2_1282.jpg,pcb_dataset2,92000055_test_jpg.rf.1374fb5be5acbad48289fcd721669d98.jpg,2ac9a2213589577e8ff3cbf61ce2a8a1
Data/pcb_dataset2/pcb_dataset2_1283/pcb_dataset2_1283.jpg,pcb_dataset2_1283.jpg,pcb_dataset2,92000056_test_jpg.rf.9b6763e69983151cc5a333eaea27b76d.jpg,d42ce452b628bd47cb58779d26a8946b
Data/pcb_dataset2/pcb_dataset2_1284/pcb_dataset2_1284.jpg,pcb_dataset2_1284.jpg,pcb_dataset2,92000057_test_jpg.rf.e768030a1e6113754a5c4199cb0b9387.jpg,0e220f6c1e912447f7cae40065d2bf97
Data/pcb_dataset2/pcb_dataset2_1285/pcb_dataset2_1285.jpg,pcb_dataset2_1285.jpg,pcb_dataset2,92000058_test_jpg.rf.0ea36bb8ecc9771b951da4a3d1860aad.jpg,27c66b993638a70306af0438e8572de6
Data/pcb_dataset2/pcb_dataset2_1286/pcb_dataset2_1286.jpg,pcb_dataset2_1286.jpg,pcb_dataset2,92000059_test_jpg.rf.63ab792f6369f0f21f6b61d5b83c1065.jpg,efec3f78a9f496139671f98c4ff63af3
Data/pcb_dataset2/pcb_dataset2_1287/pcb_dataset2_1287.jpg,pcb_dataset2_1287.jpg,pcb_dataset2,92000060_test_jpg.rf.bcd826d2b117c9dac7341164ab9b0b44.jpg,cf3536c8e0acb060cfb988e2b914992b
Data/pcb_dataset2/pcb_dataset2_1288/pcb_dataset2_1288.jpg,pcb_dataset2_1288.jpg,pcb_dataset2,92000061_test_jpg.rf.0a4afa007b11a55beea3249e1a10a829.jpg,519f0da63bf21736ffb9a2615892869f
Data/pcb_dataset2/pcb_dataset2_1289/pcb_dataset2_1289.jpg,pcb_dataset2_1289.jpg,pcb_dataset2,92000062_test_jpg.rf.d076e7360548274876a024def64216fd.jpg,cec0d070cd5043bfa52db89b9282a1db
Data/pcb_dataset2/pcb_dataset2_129/pcb_dataset2_129.jpg,pcb_dataset2_129.jpg,pcb_dataset2,13000130_test_jpg.rf.56d595e32a91b376d51f60901040b469.jpg,13d9a0db311a3a6a65db204ebb76db79
Data/pcb_dataset2/pcb_dataset2_1290/pcb_dataset2_1290.jpg,pcb_dataset2_1290.jpg,pcb_dataset2,92000063_test_jpg.rf.a4854295de525018065fc827d400cc54.jpg,5dee02f22f631a4c5ce6299d9a321b2f
Data/pcb_dataset2/pcb_dataset2_1291/pcb_dataset2_1291.jpg,pcb_dataset2_1291.jpg,pcb_dataset2,92000064_test_jpg.rf.b4b01d2171261a342a78f1edcb2c8b67.jpg,6a318857abe5bb61631661914652476f
Data/pcb_dataset2/pcb_dataset2_1292/pcb_dataset2_1292.jpg,pcb_dataset2_1292.jpg,pcb_dataset2,92000065_test_jpg.rf.86cb7f0aa0e1359f9f944ce6cd69ca51.jpg,46904e6caf3dfb5c34b56747dd0ce92e
Data/pcb_dataset2/pcb_dataset2_1293/pcb_dataset2_1293.jpg,pcb_dataset2_1293.jpg,pcb_dataset2,92000066_test_jpg.rf.663ae01797e238f3a12822930494beb8.jpg,425f9d67db8e5ce1cedeab861ed30bcf
Data/pcb_dataset2/pcb_dataset2_1294/pcb_dataset2_1294.jpg,pcb_dataset2_1294.jpg,pcb_dataset2,92000067_test_jpg.rf.07847fe46cf3f1b843b99a538be7f13a.jpg,db1892690e994bbfe269a2b68e5e9a62
Data/pcb_dataset2/pcb_dataset2_1295/pcb_dataset2_1295.jpg,pcb_dataset2_1295.jpg,pcb_dataset2,92000068_test_jpg.rf.864bf3b66325cd0e0e700fad1c4258c4.jpg,5421816f0a71b35f432eb98ad8bbc6a0
Data/pcb_dataset2/pcb_dataset2_1296/pcb_dataset2_1296.jpg,pcb_dataset2_1296.jpg,pcb_dataset2,92000069_test_jpg.rf.187427290c1b935720b4f2b1ba582805.jpg,ddbe6b79df0f0703ac4c91756723e2c3
Data/pcb_dataset2/pcb_dataset2_1297/pcb_dataset2_1297.jpg,pcb_dataset2_1297.jpg,pcb_dataset2,92000070_test_jpg.rf.d24fb67bd85c29fa56f27643d699ff8d.jpg,63c0e70ffd6d9d2732f15358fcedac3b
Data/pcb_dataset2/pcb_dataset2_1298/pcb_dataset2_1298.jpg,pcb_dataset2_1298.jpg,pcb_dataset2,92000071_test_jpg.rf.f8d1bac3e005b3ea3348be45db0ba5fd.jpg,4f47a13bfa06dbdb9d41ab4e620886ef
Data/pcb_dataset2/pcb_dataset2_1299/pcb_dataset2_1299.jpg,pcb_dataset2_1299.jpg,pcb_dataset2,92000072_test_jpg.rf.18dacf8d308b99953fdbbca295ad91b1.jpg,c390fc6ff4878bf79f8d656ae6784bd5
Data/pcb_dataset2/pcb_dataset2_13/pcb_dataset2_13.jpg,pcb_dataset2_13.jpg,pcb_dataset2,00041055_test_jpg.rf.c70994a0cec3424e429d084276717009.jpg,ca9a68215c04071f7fa63ca24c0a1561
Data/pcb_dataset2/pcb_dataset2_130/pcb_dataset2_130.jpg,pcb_dataset2_130.jpg,pcb_dataset2,13000140_test_jpg.rf.94e297a0ef725b00857a0e163f6b1d2c.jpg,1bc07b0a5a2f9d2bbfd8d8e37833a5c1
Data/pcb_dataset2/pcb_dataset2_1300/pcb_dataset2_1300.jpg,pcb_dataset2_1300.jpg,pcb_dataset2,92000073_test_jpg.rf.3a9a5bcd4f613ba35f71319f34e17550.jpg,fa6776abcc6eb1c828af444d76e451af
Data/pcb_dataset2/pcb_dataset2_1301/pcb_dataset2_1301.jpg,pcb_dataset2_1301.jpg,pcb_dataset2,92000074_test_jpg.rf.895ed3dc16771cd1e77503e0824ffeb4.jpg,bd1fc83cd22ae1108df78f8f0b92df5a
Data/pcb_dataset2/pcb_dataset2_1302/pcb_dataset2_1302.jpg,pcb_dataset2_1302.jpg,pcb_dataset2,92000075_test_jpg.rf.4b164d725ae4a865e0262500e999f46a.jpg,95a421e4cea386c58a785a157d36b16a
Data/pcb_dataset2/pcb_dataset2_1303/pcb_dataset2_1303.jpg,pcb_dataset2_1303.jpg,pcb_dataset2,92000076_test_jpg.rf.237bb7fe7764a8524eca7e49b29dd25a.jpg,ea484717e1acfa5cf6c64cc694ac96db
Data/pcb_dataset2/pcb_dataset2_1304/pcb_dataset2_1304.jpg,pcb_dataset2_1304.jpg,pcb_dataset2,92000077_test_jpg.rf.ef03fb8525691db5e3a9ae51e75817de.jpg,375254618da9c093d255e436a41bd106
Data/pcb_dataset2/pcb_dataset2_1305/pcb_dataset2_1305.jpg,pcb_dataset2_1305.jpg,pcb_dataset2,92000078_test_jpg.rf.67543246721e9d7de50570c9d2d8013c.jpg,ffb4e60bbfae4ee7489f246b48b6ba84
Data/pcb_dataset2/pcb_dataset2_1306/pcb_dataset2_1306.jpg,pcb_dataset2_1306.jpg,pcb_dataset2,92000079_test_jpg.rf.7b3dbda4b5827dd74392c7c0d930a418.jpg,37fc2704a3168100c314bdd5ef5ab7ab
Data/pcb_dataset2/pcb_dataset2_1307/pcb_dataset2_1307.jpg,pcb_dataset2_1307.jpg,pcb_dataset2,92000080_test_jpg.rf.0cd2e55cc6025a859c4fa12b514b0d0f.jpg,7e6d718d45777929d6ba977f4eff505b
Data/pcb_dataset2/pcb_dataset2_1308/pcb_dataset2_1308.jpg,pcb_dataset2_1308.jpg,pcb_dataset2,92000081_test_jpg.rf.ad8e1e6baada8b64d6ad5cd8a46957c2.jpg,31ab144b840f52bb3e9e410ef47c667f
Data/pcb_dataset2/pcb_dataset2_1309/pcb_dataset2_1309.jpg,pcb_dataset2_1309.jpg,pcb_dataset2,92000082_test_jpg.rf.52422c77e2e32662378900d294ce4f7f.jpg,6e5559f1610d1905098bd9e93c612f5a
Data/pcb_dataset2/pcb_dataset2_131/pcb_dataset2_131.jpg,pcb_dataset2_131.jpg,pcb_dataset2,13000144_test_jpg.rf.ac3e8e49f3801c0f528597bf04bc0631.jpg,38154d08d6292e0f0c9d9237c6b36240
Data/pcb_dataset2/pcb_dataset2_1310/pcb_dataset2_1310.jpg,pcb_dataset2_1310.jpg,pcb_dataset2,92000083_test_jpg.rf.5753295b3f7f82739b17b8a4d0ca047e.jpg,c152dc91329a6a358a625f464b74d958
Data/pcb_dataset2/pcb_dataset2_1311/pcb_dataset2_1311.jpg,pcb_dataset2_1311.jpg,pcb_dataset2,92000084_test_jpg.rf.3495f6281ebaf86524e0810bcdb53762.jpg,efa328fcd1702c13044c9ea6408f84a6
Data/pcb_dataset2/pcb_dataset2_1312/pcb_dataset2_1312.jpg,pcb_dataset2_1312.jpg,pcb_dataset2,92000085_test_jpg.rf.3d6f6286ebe4a6c68533e606e34bf4b0.jpg,9710a985c4e382dc7dc98e2a56115f8c
Data/pcb_dataset2/pcb_dataset2_1313/pcb_dataset2_1313.jpg,pcb_dataset2_1313.jpg,pcb_dataset2,92000086_test_jpg.rf.4447e53db9454ad5516e0fa1172d423c.jpg,ededfdb5b1ea9346deb1f1e95178a4dc
Data/pcb_dataset2/pcb_dataset2_1314/pcb_dataset2_1314.jpg,pcb_dataset2_1314.jpg,pcb_dataset2,92000087_test_jpg.rf.500dceb74d8107ebe69d4521336ef46e.jpg,12030f2daa1f50d72c3a805d517ff496
Data/pcb_dataset2/pcb_dataset2_1315/pcb_dataset2_1315.jpg,pcb_dataset2_1315.jpg,pcb_dataset2,92000088_test_jpg.rf.6becf68ac5be07d6a7318390fadf9ad0.jpg,69db171fd1a84c6795d5239a62b2cac4
Data/pcb_dataset2/pcb_dataset2_1316/pcb_dataset2_1316.jpg,pcb_dataset2_1316.jpg,pcb_dataset2,92000089_test_jpg.rf.2a568489b7b9627c2e28cfd72142d7d0.jpg,9e8d9378c435cf832847bb16648567be
Data/pcb_dataset2/pcb_dataset2_1317/pcb_dataset2_1317.jpg,pcb_dataset2_1317.jpg,pcb_dataset2,92000090_test_jpg.rf.af9fe1cd379d2ab763e412704cc7f529.jpg,a4bff904a1050e7b3b6c0a10cdfabeff
Data/pcb_dataset2/pcb_dataset2_1318/pcb_dataset2_1318.jpg,pcb_dataset2_1318.jpg,pcb_dataset2,92000091_test_jpg.rf.9c8ab4b4e1758ebc690f24bca7f919aa.jpg,63e8f3ff133829a3bd2229e56bb15a13
Data/pcb_dataset2/pcb_dataset2_1319/pcb_dataset2_1319.jpg,pcb_dataset2_1319.jpg,pcb_dataset2,92000092_test_jpg.rf.b62180162ca527ccb4627cd5acd5ef04.jpg,70c515e418858249b29038454af5e710
Data/pcb_dataset2/pcb_dataset2_132/pcb_dataset2_132.jpg,pcb_dataset2_132.jpg,pcb_dataset2,13000149_test_jpg.rf.61e5f997a694b5a2eb96037256430dfa.jpg,ab6fe5034773266148a628d083fb238e
Data/pcb_dataset2/pcb_dataset2_1320/pcb_dataset2_1320.jpg,pcb_dataset2_1320.jpg,pcb_dataset2,92000093_test_jpg.rf.e7b66d6962d840efadc0d311381b1654.jpg,c4f2a69ad6272945785d45d5cd7a2417
Data/pcb_dataset2/pcb_dataset2_1321/pcb_dataset2_1321.jpg,pcb_dataset2_1321.jpg,pcb_dataset2,92000094_test_jpg.rf.8619a2817f3eb0bce984c5cd21a9a0e5.jpg,47a665d5a993f94de8c5d636aacc30dc
Data/pcb_dataset2/pcb_dataset2_1322/pcb_dataset2_1322.jpg,pcb_dataset2_1322.jpg,pcb_dataset2,92000095_test_jpg.rf.2e4e9f3f73558a6dd5a3475e491e53f5.jpg,a957b1f115a9db6ba26f06a94e040f52
Data/pcb_dataset2/pcb_dataset2_1323/pcb_dataset2_1323.jpg,pcb_dataset2_1323.jpg,pcb_dataset2,92000096_test_jpg.rf.317a01365900ce8e72201e195284244f.jpg,55efee6b1a9bc0adc1834f4f8374c744
Data/pcb_dataset2/pcb_dataset2_1324/pcb_dataset2_1324.jpg,pcb_dataset2_1324.jpg,pcb_dataset2,92000097_test_jpg.rf.a913c1efac6f61601a457a5a5812af5e.jpg,2b927f06a8cce1822cd3983d146d943e
Data/pcb_dataset2/pcb_dataset2_1325/pcb_dataset2_1325.jpg,pcb_dataset2_1325.jpg,pcb_dataset2,92000098_test_jpg.rf.dd3c050c1c9f0273638bde7ebeee84c3.jpg,461c5d4cad8a31b863a3b8c4cc290dca
Data/pcb_dataset2/pcb_dataset2_1326/pcb_dataset2_1326.jpg,pcb_dataset2_1326.jpg,pcb_dataset2,92000099_test_jpg.rf.793869f5e6590d5169a07bb5fd6569ef.jpg,4a39f1614bd3eb8a53700838c2613015
Data/pcb_dataset2/pcb_dataset2_1327/pcb_dataset2_1327.jpg,pcb_dataset2_1327.jpg,pcb_dataset2,92000100_test_jpg.rf.0f391333e498ea57b51659f7b5e09f94.jpg,b7a2ad76e43c1594118882e63c183eac
Data/pcb_dataset2/pcb_dataset2_1328/pcb_dataset2_1328.jpg,pcb_dataset2_1328.jpg,pcb_dataset2,92000101_test_jpg.rf.2adf5bd3cfe1414ab4003d87fedb294f.jpg,944b424a54fb43bf4c9f82d9026cb7dc
Data/pcb_dataset2/pcb_dataset2_1329/pcb_dataset2_1329.jpg,pcb_dataset2_1329.jpg,pcb_dataset2,92000102_test_jpg.rf.7e6c741233a38452f9e592fe88cd922f.jpg,eeb098bd5973bc746256ee7284211df1
Data/pcb_dataset2/pcb_dataset2_133/pcb_dataset2_133.jpg,pcb_dataset2_133.jpg,pcb_dataset2,13000150_test_jpg.rf.3c3ebd1575259f44906b6f4f48087431.jpg,02f8bb79f20dd45cb9b72237d971b087
Data/pcb_dataset2/pcb_dataset2_1330/pcb_dataset2_1330.jpg,pcb_dataset2_1330.jpg,pcb_dataset2,92000103_test_jpg.rf.60d9f701c6f2c81baae14b8a64883157.jpg,2a69fa75ee99b2a6d0cffe5855992dc5
Data/pcb_dataset2/pcb_dataset2_1331/pcb_dataset2_1331.jpg,pcb_dataset2_1331.jpg,pcb_dataset2,92000104_test_jpg.rf.93a3f5a15bcc97f9e9c44894f7028a98.jpg,bada3cb8882a7b4e0dac3b865a65d42f
Data/pcb_dataset2/pcb_dataset2_1332/pcb_dataset2_1332.jpg,pcb_dataset2_1332.jpg,pcb_dataset2,92000105_test_jpg.rf.e230a0be9c2ad2c1891a471851532472.jpg,c683bc95636e4e0424b95a1999bb8cfe
Data/pcb_dataset2/pcb_dataset2_1333/pcb_dataset2_1333.jpg,pcb_dataset2_1333.jpg,pcb_dataset2,92000106_test_jpg.rf.b30dd994ed14557060be0202364a6462.jpg,659c5da0a72353fe6e837bbec9d859b0
Data/pcb_dataset2/pcb_dataset2_1334/pcb_dataset2_1334.jpg,pcb_dataset2_1334.jpg,pcb_dataset2,92000107_test_jpg.rf.eeb22ef9dc80db1ad4822432dc67c073.jpg,540c6983e3fbc736f9f7de1fbb417e9b
Data/pcb_dataset2/pcb_dataset2_1335/pcb_dataset2_1335.jpg,pcb_dataset2_1335.jpg,pcb_dataset2,92000108_test_jpg.rf.be8c5c6ec2459e21e5dca1904f91510e.jpg,d513eae298bcf5227a4b8d82f66e737f
Data/pcb_dataset2/pcb_dataset2_1336/pcb_dataset2_1336.jpg,pcb_dataset2_1336.jpg,pcb_dataset2,92000109_test_jpg.rf.cd9dd4c1eaa481270feea5b12e5f623f.jpg,f72f6acc0f46dfe30375c08455107732
Data/pcb_dataset2/pcb_dataset2_1337/pcb_dataset2_1337.jpg,pcb_dataset2_1337.jpg,pcb_dataset2,92000110_test_jpg.rf.f9995ca69b41b4252c61638ec539d851.jpg,102b4c53a240aa89430efa5a427286ba
Data/pcb_dataset2/pcb_dataset2_1338/pcb_dataset2_1338.jpg,pcb_dataset2_1338.jpg,pcb_dataset2,92000111_test_jpg.rf.d6b2440d00561f7337e4a38d8d4a2c5d.jpg,be2713726d3a72aab9bdb1f7f3c51c2a
Data/pcb_dataset2/pcb_dataset2_1339/pcb_dataset2_1339.jpg,pcb_dataset2_1339.jpg,pcb_dataset2,92000112_test_jpg.rf.816b56fe37ad985df36568763e0bd262.jpg,c7fcef56d81c01281ccbe5071ad07184
Data/pcb_dataset2/pcb_dataset2_134/pcb_dataset2_134.jpg,pcb_dataset2_134.jpg,pcb_dataset2,13000151_test_jpg.rf.82b0fd656344c28d0c3db7ce2d8ceacb.jpg,7a2e4f6b51eece7b10eafccd88f106e9
Data/pcb_dataset2/pcb_dataset2_1340/pcb_dataset2_1340.jpg,pcb_dataset2_1340.jpg,pcb_dataset2,92000113_test_jpg.rf.237bcd8c2a77fd4a66746001f95a2dd7.jpg,3d88e72d3f2adf900f7362824aee36fb
Data/pcb_dataset2/pcb_dataset2_1341/pcb_dataset2_1341.jpg,pcb_dataset2_1341.jpg,pcb_dataset2,92000114_test_jpg.rf.d6ce873df28baaaaa9e28030fa92fae6.jpg,ca8df5d2bd8cc3f23a2a059ca4fb2f20
Data/pcb_dataset2/pcb_dataset2_1342/pcb_dataset2_1342.jpg,pcb_dataset2_1342.jpg,pcb_dataset2,92000115_test_jpg.rf.a02d7661127884654c8f67c4a7a067d2.jpg,faf756493595ac755526300e448bd8a2
Data/pcb_dataset2/pcb_dataset2_1343/pcb_dataset2_1343.jpg,pcb_dataset2_1343.jpg,pcb_dataset2,92000116_test_jpg.rf.c0c463d6fb46b65e4df2107fcaf722cc.jpg,b32ce5bee3cad90dd8e3a970ef5ac2a5
Data/pcb_dataset2/pcb_dataset2_1344/pcb_dataset2_1344.jpg,pcb_dataset2_1344.jpg,pcb_dataset2,92000117_test_jpg.rf.6279656878e5fe68a6af08780e673a1e.jpg,ab073928f93677c231124efea996676a
Data/pcb_dataset2/pcb_dataset2_1345/pcb_dataset2_1345.jpg,pcb_dataset2_1345.jpg,pcb_dataset2,92000118_test_jpg.rf.6d9feaac6942033838c362a9e38c92df.jpg,76e143c2b2658a3a181c266584a83f24
Data/pcb_dataset2/pcb_dataset2_1346/pcb_dataset2_1346.jpg,pcb_dataset2_1346.jpg,pcb_dataset2,92000119_test_jpg.rf.ec6a4dc44a44294d79a96b0460a4780d.jpg,db54ade838a0f3210d711bd347ef3a74
Data/pcb_dataset2/pcb_dataset2_1347/pcb_dataset2_1347.jpg,pcb_dataset2_1347.jpg,pcb_dataset2,00041006_test_jpg.rf.149068a724748b9e894f1c13995073d9.jpg,f8820b8019768279dde02b9561a9eb31
Data/pcb_dataset2/pcb_dataset2_1348/pcb_dataset2_1348.jpg,pcb_dataset2_1348.jpg,pcb_dataset2,00041010_test_jpg.rf.1c69db9c72c7d4618ca822ea24b30e9e.jpg,32e38a89ec7d4495878baca3bea24b17
Data/pcb_dataset2/pcb_dataset2_1349/pcb_dataset2_1349.jpg,pcb_dataset2_1349.jpg,pcb_dataset2,00041018_test_jpg.rf.a2ace3b7c67f19a832a390e73a094657.jpg,97ad60c0f9723308d7c635dbcd4d97ed
Data/pcb_dataset2/pcb_dataset2_135/pcb_dataset2_135.jpg,pcb_dataset2_135.jpg,pcb_dataset2,13000162_test_jpg.rf.1c78358b0c3d8000a972bb8419780f8d.jpg,69d00964c702afbf86d79b5eef36d440
Data/pcb_dataset2/pcb_dataset2_1350/pcb_dataset2_1350.jpg,pcb_dataset2_1350.jpg,pcb_dataset2,00041020_test_jpg.rf.6440429927befdc33b1e51b87cb08a29.jpg,25ea6f4af3ef4b3d7030e9b00e4973ea
Data/pcb_dataset2/pcb_dataset2_1351/pcb_dataset2_1351.jpg,pcb_dataset2_1351.jpg,pcb_dataset2,00041023_test_jpg.rf.3cc8bdb3cfabd3f409dd45bc5ea3d14a.jpg,b11afe5b2da1b7a4f2100cfb36f36938
Data/pcb_dataset2/pcb_dataset2_1352/pcb_dataset2_1352.jpg,pcb_dataset2_1352.jpg,pcb_dataset2,00041053_test_jpg.rf.39a4877ac5ec4f90081572684c25d756.jpg,5699fef956aa84d4f7f3e251289e3f2f
Data/pcb_dataset2/pcb_dataset2_1353/pcb_dataset2_1353.jpg,pcb_dataset2_1353.jpg,pcb_dataset2,00041054_test_jpg.rf.bd5884995ca937bcda86efb25b33b957.jpg,a9d0eeac0904a57f4f70f4a357773e0b
Data/pcb_dataset2/pcb_dataset2_1354/pcb_dataset2_1354.jpg,pcb_dataset2_1354.jpg,pcb_dataset2,00041056_test_jpg.rf.e763b5cb348eb8fece05e1a5820a9ffe.jpg,3700b238f7dabc78fdc749d1759093c2
Data/pcb_dataset2/pcb_dataset2_1355/pcb_dataset2_1355.jpg,pcb_dataset2_1355.jpg,pcb_dataset2,00041087_test_jpg.rf.c3fa40e1ed700f959fc2f8272331e110.jpg,67d4b6e1101422d239b76564e394f306
Data/pcb_dataset2/pcb_dataset2_1356/pcb_dataset2_1356.jpg,pcb_dataset2_1356.jpg,pcb_dataset2,00041090_test_jpg.rf.75bd80138b192988eeeb61c66a4f8104.jpg,d5b526a5c28b1c594006dd645b24911d
Data/pcb_dataset2/pcb_dataset2_1357/pcb_dataset2_1357.jpg,pcb_dataset2_1357.jpg,pcb_dataset2,00041093_test_jpg.rf.783dd4fbf3b6f6d7623d2b13556e0295.jpg,541bbcd5e90cc30feb1f363496ea22ed
Data/pcb_dataset2/pcb_dataset2_1358/pcb_dataset2_1358.jpg,pcb_dataset2_1358.jpg,pcb_dataset2,00041098_test_jpg.rf.dc74c403b7bd7a8ec5a40662e1fe5ab8.jpg,e907aac1834aa9398f88a905a1a21a0a
Data/pcb_dataset2/pcb_dataset2_1359/pcb_dataset2_1359.jpg,pcb_dataset2_1359.jpg,pcb_dataset2,00041102_test_jpg.rf.0b328a8eaf26f3a4027ef091cf5b329c.jpg,52171109a42538700752b277de787df9
Data/pcb_dataset2/pcb_dataset2_136/pcb_dataset2_136.jpg,pcb_dataset2_136.jpg,pcb_dataset2,13000171_test_jpg.rf.4de95ac88d8518fd44148a6d06d73f68.jpg,d301d15d84c8fea1988df8d36b6e09c0
Data/pcb_dataset2/pcb_dataset2_1360/pcb_dataset2_1360.jpg,pcb_dataset2_1360.jpg,pcb_dataset2,00041122_test_jpg.rf.81bcf95636a92ac4b490715cf764a040.jpg,0fa5ee19db0502a65ec5bde0edbbf09f
Data/pcb_dataset2/pcb_dataset2_1361/pcb_dataset2_1361.jpg,pcb_dataset2_1361.jpg,pcb_dataset2,00041126_test_jpg.rf.f757e275f1a1bd84a98491895b9df0e9.jpg,06aeead0f6315802a080540f703416f6
Data/pcb_dataset2/pcb_dataset2_1362/pcb_dataset2_1362.jpg,pcb_dataset2_1362.jpg,pcb_dataset2,00041147_test_jpg.rf.3a5f63310acec6daf1c30efd19f01e5b.jpg,49231f03191ecdcc623360223b576171
Data/pcb_dataset2/pcb_dataset2_1363/pcb_dataset2_1363.jpg,pcb_dataset2_1363.jpg,pcb_dataset2,00041150_test_jpg.rf.cdd9f03934f648239ba3422980e6e966.jpg,560e0871118453543e585e030be2abc2
Data/pcb_dataset2/pcb_dataset2_1364/pcb_dataset2_1364.jpg,pcb_dataset2_1364.jpg,pcb_dataset2,00041163_test_jpg.rf.4975bbfbd44ae04eda2b7dfe8fae6cd1.jpg,50fbfcf1a58001527c4a989e8f824203
Data/pcb_dataset2/pcb_dataset2_1365/pcb_dataset2_1365.jpg,pcb_dataset2_1365.jpg,pcb_dataset2,00041168_test_jpg.rf.f0f44eb76039991b3db6a2608006650d.jpg,bc9387986767fbb859ed1fce47994571
Data/pcb_dataset2/pcb_dataset2_1366/pcb_dataset2_1366.jpg,pcb_dataset2_1366.jpg,pcb_dataset2,00041170_test_jpg.rf.cb60965c28d8c5ec6d859fa60799e397.jpg,da45071044609e2191a4f5cc4535fa33
Data/pcb_dataset2/pcb_dataset2_1367/pcb_dataset2_1367.jpg,pcb_dataset2_1367.jpg,pcb_dataset2,00041178_test_jpg.rf.d23c623919fc8775e0bd124fe554efb1.jpg,1b36e1b6bb605797e2e658617c6bd2d6
Data/pcb_dataset2/pcb_dataset2_1368/pcb_dataset2_1368.jpg,pcb_dataset2_1368.jpg,pcb_dataset2,00041192_test_jpg.rf.08bde250de04d93a766a21901fe2f528.jpg,533480a6f83c72f8bc04dc20afc99cb3
Data/pcb_dataset2/pcb_dataset2_1369/pcb_dataset2_1369.jpg,pcb_dataset2_1369.jpg,pcb_dataset2,00041198_test_jpg.rf.2e4d36a05b6ad3d62a8fb410177fe0ee.jpg,0b4b8a0accd9a0206e4d7ac19dd6a406
Data/pcb_dataset2/pcb_dataset2_137/pcb_dataset2_137.jpg,pcb_dataset2_137.jpg,pcb_dataset2,13000173_test_jpg.rf.b36d2e49ca32894ef2ed63cbbd611b12.jpg,0d3e2aa4177dff7ebaa58a66fc4356d0
Data/pcb_dataset2/pcb_dataset2_1370/pcb_dataset2_1370.jpg,pcb_dataset2_1370.jpg,pcb_dataset2,00041220_test_jpg.rf.6f206ec403203b4d31ba7f3efd7f701e.jpg,10e405189b705b50cb3c4d52513185ac
Data/pcb_dataset2/pcb_dataset2_1371/pcb_dataset2_1371.jpg,pcb_dataset2_1371.jpg,pcb_dataset2,12000085_test_jpg.rf.616ee3a08cc432e754683a9a0373ad6a.jpg,c945a0cd336f6ae3f8a6a9c4edf03176
Data/pcb_dataset2/pcb_dataset2_1372/pcb_dataset2_1372.jpg,pcb_dataset2_1372.jpg,pcb_dataset2,12000204_test_jpg.rf.1464458671e9fac08b10a1acda2ea62a.jpg,8fad85b305563d3198c5952d8f01bdaa
Data/pcb_dataset2/pcb_dataset2_1373/pcb_dataset2_1373.jpg,pcb_dataset2_1373.jpg,pcb_dataset2,12100006_test_jpg.rf.d06db120ba651f82cc682bb128660b48.jpg,0d15cef0b0a8f261cdba80a96c68c562
Data/pcb_dataset2/pcb_dataset2_1374/pcb_dataset2_1374.jpg,pcb_dataset2_1374.jpg,pcb_dataset2,12100010_test_jpg.rf.a8b8c68daa1a963244c91893dba81c51.jpg,4010941137129486fa9ed482fa4672c3
Data/pcb_dataset2/pcb_dataset2_1375/pcb_dataset2_1375.jpg,pcb_dataset2_1375.jpg,pcb_dataset2,12100017_test_jpg.rf.d04d470bddb275897b663d429ca981d2.jpg,d1c973a2727d82608482d83322feed28
Data/pcb_dataset2/pcb_dataset2_1376/pcb_dataset2_1376.jpg,pcb_dataset2_1376.jpg,pcb_dataset2,12100019_test_jpg.rf.b3da50db36c98d10f41747211d18c249.jpg,130ecb682b797bac9eadf608feae9cac
Data/pcb_dataset2/pcb_dataset2_1377/pcb_dataset2_1377.jpg,pcb_dataset2_1377.jpg,pcb_dataset2,12100025_test_jpg.rf.d023aa279116851c09ecd6a78bae607f.jpg,59ee75218833970ba00d85c78bcd81fa
Data/pcb_dataset2/pcb_dataset2_1378/pcb_dataset2_1378.jpg,pcb_dataset2_1378.jpg,pcb_dataset2,12100033_test_jpg.rf.73e353ebe0ae0384438733875b969fda.jpg,314904e4d67c001d6926d621476008ba
Data/pcb_dataset2/pcb_dataset2_1379/pcb_dataset2_1379.jpg,pcb_dataset2_1379.jpg,pcb_dataset2,12100036_test_jpg.rf.b1546412099a40a6db49c6c60d8e1a05.jpg,979db2d91cbd802b755de51758d8b0c2
Data/pcb_dataset2/pcb_dataset2_138/pcb_dataset2_138.jpg,pcb_dataset2_138.jpg,pcb_dataset2,13000176_test_jpg.rf.b7ab643fcc7365d21b5e120e28b5adb2.jpg,639f72b004f95864375e1d22ed3396bd
Data/pcb_dataset2/pcb_dataset2_1380/pcb_dataset2_1380.jpg,pcb_dataset2_1380.jpg,pcb_dataset2,12100043_test_jpg.rf.bb96655ab713473b175268a129f6382a.jpg,5dab96b5805fe1fd9ce82a68c2ea985b
Data/pcb_dataset2/pcb_dataset2_1381/pcb_dataset2_1381.jpg,pcb_dataset2_1381.jpg,pcb_dataset2,12100045_test_jpg.rf.17d68d48a5ca97cde9c7946e4f45ba9e.jpg,c717342e456e56bef2c5ae0c19947d05
Data/pcb_dataset2/pcb_dataset2_1382/pcb_dataset2_1382.jpg,pcb_dataset2_1382.jpg,pcb_dataset2,12100125_test_jpg.rf.c9261b67d8fd760173a87538763e234b.jpg,e43c3e2cc36a53d7ff477616fbac2686
Data/pcb_dataset2/pcb_dataset2_1383/pcb_dataset2_1383.jpg,pcb_dataset2_1383.jpg,pcb_dataset2,12100155_test_jpg.rf.8119f410bd40289a4c6006a8e3e9903c.jpg,c99d42b9e1c74e6ac573ec3b5b4b8b7d
Data/pcb_dataset2/pcb_dataset2_1384/pcb_dataset2_1384.jpg,pcb_dataset2_1384.jpg,pcb_dataset2,12100179_test_jpg.rf.fb15ba4acee0954f75da5be2ccbeae35.jpg,b649e8de48f89b87ae0b65578a76ddd6
Data/pcb_dataset2/pcb_dataset2_1385/pcb_dataset2_1385.jpg,pcb_dataset2_1385.jpg,pcb_dataset2,12100180_test_jpg.rf.0777c755e8d27b5882ccb4f80933b2f1.jpg,a7e473e1e18b21d66f20696b2cc8c43a
Data/pcb_dataset2/pcb_dataset2_1386/pcb_dataset2_1386.jpg,pcb_dataset2_1386.jpg,pcb_dataset2,12100189_test_jpg.rf.f7213a64de5374e3705de796ee480146.jpg,e0f05689e622aea641c4e6aa304cd329
Data/pcb_dataset2/pcb_dataset2_1387/pcb_dataset2_1387.jpg,pcb_dataset2_1387.jpg,pcb_dataset2,12300066_test_jpg.rf.4f36108316ddbedd02e92a8e7ccb3e90.jpg,d5f58539bbcff766846710be0cc1dea2
Data/pcb_dataset2/pcb_dataset2_1388/pcb_dataset2_1388.jpg,pcb_dataset2_1388.jpg,pcb_dataset2,12300108_test_jpg.rf.66a484ade0588a9fc8c1d4f812ad37fd.jpg,c30c6e76ab7ced8fa2a3c4cac6b2fd0a
Data/pcb_dataset2/pcb_dataset2_1389/pcb_dataset2_1389.jpg,pcb_dataset2_1389.jpg,pcb_dataset2,12300133_test_jpg.rf.2e33343e725cbc526f67df115f7f8ee4.jpg,1752fac93f75a696773b4ded8cc24625
Data/pcb_dataset2/pcb_dataset2_139/pcb_dataset2_139.jpg,pcb_dataset2_139.jpg,pcb_dataset2,13000177_test_jpg.rf.6b92e2d05d4c3eb28f96869547a88e04.jpg,c015e1d5476ed05ac5ab71cbca0fe4fd
Data/pcb_dataset2/pcb_dataset2_1390/pcb_dataset2_1390.jpg,pcb_dataset2_1390.jpg,pcb_dataset2,12300153_test_jpg.rf.4db42ab2581be52b6b0d157f92ff9683.jpg,311014cf4ead7b6a314534d1ad0323ae
Data/pcb_dataset2/pcb_dataset2_1391/pcb_dataset2_1391.jpg,pcb_dataset2_1391.jpg,pcb_dataset2,12300222_test_jpg.rf.a11b3456a5c57b50b03db16b496a15d3.jpg,df9e58021b78859ffe13e13eebde630a
Data/pcb_dataset2/pcb_dataset2_1392/pcb_dataset2_1392.jpg,pcb_dataset2_1392.jpg,pcb_dataset2,12300231_test_jpg.rf.456a208f4607410eaccead20fbf3dacc.jpg,852816148dee91ff6a461a2017de166d
Data/pcb_dataset2/pcb_dataset2_1393/pcb_dataset2_1393.jpg,pcb_dataset2_1393.jpg,pcb_dataset2,12300238_test_jpg.rf.8f80f60e89408a3609e65b8babb2dc4b.jpg,78c007bd76fe6785b37e50cafc84d04b
Data/pcb_dataset2/pcb_dataset2_1394/pcb_dataset2_1394.jpg,pcb_dataset2_1394.jpg,pcb_dataset2,13000015_test_jpg.rf.7508ff625c7e3352d6d61e25ad86c65d.jpg,824ba9af583a4f30cd05f1d2535ad6db
Data/pcb_dataset2/pcb_dataset2_1395/pcb_dataset2_1395.jpg,pcb_dataset2_1395.jpg,pcb_dataset2,13000031_test_jpg.rf.5d3e239692aad1880948cc8c7af5444a.jpg,d55a789cdfda1c047cf51b3356e8a36a
Data/pcb_dataset2/pcb_dataset2_1396/pcb_dataset2_1396.jpg,pcb_dataset2_1396.jpg,pcb_dataset2,13000051_test_jpg.rf.b04eba7af4954903ee89f2104257e048.jpg,b3430eb436e9ac1cee490407beba197f
Data/pcb_dataset2/pcb_dataset2_1397/pcb_dataset2_1397.jpg,pcb_dataset2_1397.jpg,pcb_dataset2,13000053_test_jpg.rf.d98d46b66063798e74d937c84ddba8bf.jpg,133e0abefbd59bd52a50426a2e6879d4
Data/pcb_dataset2/pcb_dataset2_1398/pcb_dataset2_1398.jpg,pcb_dataset2_1398.jpg,pcb_dataset2,13000067_test_jpg.rf.e2379bead94818c158fb18d82ef8d89c.jpg,2a2d55944beed9321f0cff47cd59577b
Data/pcb_dataset2/pcb_dataset2_1399/pcb_dataset2_1399.jpg,pcb_dataset2_1399.jpg,pcb_dataset2,13000069_test_jpg.rf.ecc98c837357a5acac9b4157f460cf86.jpg,85be0aaffe0a78b841d25f761ab1b3d6
Data/pcb_dataset2/pcb_dataset2_14/pcb_dataset2_14.jpg,pcb_dataset2_14.jpg,pcb_dataset2,00041067_test_jpg.rf.3b2e4dfb1c2cfe76d2620cc7533e6d56.jpg,2abe1755eccb5752574e3c847ff0b8d6
Data/pcb_dataset2/pcb_dataset2_140/pcb_dataset2_140.jpg,pcb_dataset2_140.jpg,pcb_dataset2,13000192_test_jpg.rf.5d06f447c4a08cfcebb74b483555f859.jpg,2f461d98248c9bdb0de6a507d0c8e253
Data/pcb_dataset2/pcb_dataset2_1400/pcb_dataset2_1400.jpg,pcb_dataset2_1400.jpg,pcb_dataset2,13000073_test_jpg.rf.40bc5bdf12afa66660421b66ca0a01d8.jpg,7f35a43ee8b10172fbccd53fa6ae7cc0
Data/pcb_dataset2/pcb_dataset2_1401/pcb_dataset2_1401.jpg,pcb_dataset2_1401.jpg,pcb_dataset2,13000077_test_jpg.rf.a62ebb3a9d937dfc2f167e7dc83b90fb.jpg,3b92a12469018d6541ca56bfef84473c
Data/pcb_dataset2/pcb_dataset2_1402/pcb_dataset2_1402.jpg,pcb_dataset2_1402.jpg,pcb_dataset2,13000086_test_jpg.rf.722d1dd437bd18bbba3162498c96409e.jpg,4287bbc628cba269f2869ca728de409b
Data/pcb_dataset2/pcb_dataset2_1403/pcb_dataset2_1403.jpg,pcb_dataset2_1403.jpg,pcb_dataset2,13000116_test_jpg.rf.27248c2852df60377fd3b3e09db00554.jpg,5d00168daec3dd0551ec77647461f5dd
Data/pcb_dataset2/pcb_dataset2_1404/pcb_dataset2_1404.jpg,pcb_dataset2_1404.jpg,pcb_dataset2,13000126_test_jpg.rf.bcefa57233becd866820cb49ce579417.jpg,a8b44cd5eb8c2c7c8b4ea108d059d362
Data/pcb_dataset2/pcb_dataset2_1405/pcb_dataset2_1405.jpg,pcb_dataset2_1405.jpg,pcb_dataset2,13000183_test_jpg.rf.d91ef98f27fabe3481c42cfec4a7f51f.jpg,13d10cbcaaf2e746b40aa53388f89236
Data/pcb_dataset2/pcb_dataset2_1406/pcb_dataset2_1406.jpg,pcb_dataset2_1406.jpg,pcb_dataset2,13000190_test_jpg.rf.b649cb307ebb8258d9f064e1ed3acab8.jpg,eccdf036ca3ac1fd83d830f41d0e2476
Data/pcb_dataset2/pcb_dataset2_1407/pcb_dataset2_1407.jpg,pcb_dataset2_1407.jpg,pcb_dataset2,13000201_test_jpg.rf.bf2f708dd345b1904c7e8a41b9a7d14e.jpg,f57186ebf393bd1cba440ea28a75cb06
Data/pcb_dataset2/pcb_dataset2_1408/pcb_dataset2_1408.jpg,pcb_dataset2_1408.jpg,pcb_dataset2,13000209_test_jpg.rf.bba4db2506054b09232ffc680cdf5d7e.jpg,afd3ceb210afab59b9afc806123a057c
Data/pcb_dataset2/pcb_dataset2_1409/pcb_dataset2_1409.jpg,pcb_dataset2_1409.jpg,pcb_dataset2,20085033_test_jpg.rf.b73a6d909dc63684733cae9bfe542026.jpg,8fd66241b15387213ca6b3aeed0cc259
Data/pcb_dataset2/pcb_dataset2_141/pcb_dataset2_141.jpg,pcb_dataset2_141.jpg,pcb_dataset2,13000193_test_jpg.rf.f8bd356e247b11c8eb07ad4b6a6080dc.jpg,8e559238245a7aec310918b74c73f8cb
Data/pcb_dataset2/pcb_dataset2_1410/pcb_dataset2_1410.jpg,pcb_dataset2_1410.jpg,pcb_dataset2,20085035_test_jpg.rf.8cde7f1020230205b9c7aff9efccd5d0.jpg,df1f9b6e18308750d65c1eaaa01281d4
Data/pcb_dataset2/pcb_dataset2_1411/pcb_dataset2_1411.jpg,pcb_dataset2_1411.jpg,pcb_dataset2,20085051_test_jpg.rf.b6df0189e28ac4b5b27db96320359a0b.jpg,02182d4ddd61de3fa69b579f9947b63a
Data/pcb_dataset2/pcb_dataset2_1412/pcb_dataset2_1412.jpg,pcb_dataset2_1412.jpg,pcb_dataset2,20085055_test_jpg.rf.24b683a4f61a907a50a4df43cc268344.jpg,479f32000950b2253a817dc220d999dc
Data/pcb_dataset2/pcb_dataset2_1413/pcb_dataset2_1413.jpg,pcb_dataset2_1413.jpg,pcb_dataset2,20085067_test_jpg.rf.e138778681f7fb257aab9684078bf40e.jpg,5c48dcc46af3615ebcc9cfe8b069f05f
Data/pcb_dataset2/pcb_dataset2_1414/pcb_dataset2_1414.jpg,pcb_dataset2_1414.jpg,pcb_dataset2,20085068_test_jpg.rf.d28942ab42edded8d0446151ad9dbe7b.jpg,050f69e6c00e04d6663459d6050e416f
Data/pcb_dataset2/pcb_dataset2_1415/pcb_dataset2_1415.jpg,pcb_dataset2_1415.jpg,pcb_dataset2,20085088_test_jpg.rf.9998f4ecad6d558f979af069733f8cc2.jpg,1b196524052022603c68f708ccd5640e
Data/pcb_dataset2/pcb_dataset2_1416/pcb_dataset2_1416.jpg,pcb_dataset2_1416.jpg,pcb_dataset2,20085095_test_jpg.rf.756b5076d6667f15aefc847a36012ed7.jpg,20987ae7a65a23e905c4fee1d731ab0a
Data/pcb_dataset2/pcb_dataset2_1417/pcb_dataset2_1417.jpg,pcb_dataset2_1417.jpg,pcb_dataset2,20085130_test_jpg.rf.9ab7daa260fc7649bc021aad1293aa65.jpg,bf6e0632c753d16c48e0ba4877db18f0
Data/pcb_dataset2/pcb_dataset2_1418/pcb_dataset2_1418.jpg,pcb_dataset2_1418.jpg,pcb_dataset2,20085132_test_jpg.rf.4a157915415a655b1e90dfabe93e957f.jpg,cb8d2f3e4eb6b01341aace99cc968160
Data/pcb_dataset2/pcb_dataset2_1419/pcb_dataset2_1419.jpg,pcb_dataset2_1419.jpg,pcb_dataset2,20085136_test_jpg.rf.8e26ca4a0a666c464fc6d5f5e21157c6.jpg,5acebc5396b6796b65f98b77c915ab8e
Data/pcb_dataset2/pcb_dataset2_142/pcb_dataset2_142.jpg,pcb_dataset2_142.jpg,pcb_dataset2,13000194_test_jpg.rf.50c4b23038fff0c0068627eef81b4b45.jpg,2873daf5fceed199fddfc61105e3738d
Data/pcb_dataset2/pcb_dataset2_1420/pcb_dataset2_1420.jpg,pcb_dataset2_1420.jpg,pcb_dataset2,20085143_test_jpg.rf.901b13b2c9b7f5a0ea2265a1ab8abb83.jpg,0ce8a0a66ec3005590f1624b03e15591
Data/pcb_dataset2/pcb_dataset2_1421/pcb_dataset2_1421.jpg,pcb_dataset2_1421.jpg,pcb_dataset2,20085144_test_jpg.rf.7a7311ccb3c632bec89ba569184eeb60.jpg,f42fd5d6585223feb03a705dc10edf20
Data/pcb_dataset2/pcb_dataset2_1422/pcb_dataset2_1422.jpg,pcb_dataset2_1422.jpg,pcb_dataset2,20085146_test_jpg.rf.63233b56809f113884efcdefbda629e5.jpg,85d0e09b28a723626a52525fe5d86edc
Data/pcb_dataset2/pcb_dataset2_1423/pcb_dataset2_1423.jpg,pcb_dataset2_1423.jpg,pcb_dataset2,20085177_test_jpg.rf.a2dec2c17d46ae3d65fae5c68a6f6f50.jpg,60774d63ac30e2359b3b98a0a6dea069
Data/pcb_dataset2/pcb_dataset2_1424/pcb_dataset2_1424.jpg,pcb_dataset2_1424.jpg,pcb_dataset2,20085190_test_jpg.rf.0c5907ea0b8d5a32fbf5ebc284c48d39.jpg,06a39d55a01627b01fad8766a1a74f1f
Data/pcb_dataset2/pcb_dataset2_1425/pcb_dataset2_1425.jpg,pcb_dataset2_1425.jpg,pcb_dataset2,20085192_test_jpg.rf.6cf38584211d54a617e30ad24f585e05.jpg,6678bf3da3d8691572f16022a369b628
Data/pcb_dataset2/pcb_dataset2_1426/pcb_dataset2_1426.jpg,pcb_dataset2_1426.jpg,pcb_dataset2,20085197_test_jpg.rf.9888623914a516dcf9bf8f66a0986d51.jpg,52ef8e68ebe96d37db7ea57b47109dcc
Data/pcb_dataset2/pcb_dataset2_1427/pcb_dataset2_1427.jpg,pcb_dataset2_1427.jpg,pcb_dataset2,20085199_test_jpg.rf.9a3fc2237c92df02871ecb2797a5cfea.jpg,4506c62ec48644775fbfc3fb9f7b686b
Data/pcb_dataset2/pcb_dataset2_1428/pcb_dataset2_1428.jpg,pcb_dataset2_1428.jpg,pcb_dataset2,20085217_test_jpg.rf.8145384698155cd9a5de24f069d82e92.jpg,ab12b8503b1a5c4fcc06470480e67377
Data/pcb_dataset2/pcb_dataset2_1429/pcb_dataset2_1429.jpg,pcb_dataset2_1429.jpg,pcb_dataset2,20085224_test_jpg.rf.b74c589d4c10881273bf29e49d0303b9.jpg,f40f032fb7bd6e048f22996b1db07217
Data/pcb_dataset2/pcb_dataset2_143/pcb_dataset2_143.jpg,pcb_dataset2_143.jpg,pcb_dataset2,13000197_test_jpg.rf.feef2da450bc39ed35ecd79945f5c5a6.jpg,b2d90f3697e7e11294591d6bf6888b03
Data/pcb_dataset2/pcb_dataset2_1430/pcb_dataset2_1430.jpg,pcb_dataset2_1430.jpg,pcb_dataset2,20085228_test_jpg.rf.3596680e38a605b65f6b4b5762a79c4d.jpg,6c6b28f23bdfa0e0c08c666fb55acc3d
Data/pcb_dataset2/pcb_dataset2_1431/pcb_dataset2_1431.jpg,pcb_dataset2_1431.jpg,pcb_dataset2,20085232_test_jpg.rf.023c4c2c7f1c0d870156d94c82b8c609.jpg,027fd0b922f2949e9992418078505b66
Data/pcb_dataset2/pcb_dataset2_1432/pcb_dataset2_1432.jpg,pcb_dataset2_1432.jpg,pcb_dataset2,20085233_test_jpg.rf.56c16661a26445174d04544e58a5e971.jpg,9a6a43f80558f879f489c9fd92786b7c
Data/pcb_dataset2/pcb_dataset2_1433/pcb_dataset2_1433.jpg,pcb_dataset2_1433.jpg,pcb_dataset2,20085234_test_jpg.rf.6fd09cb6a2ec9cce52be3678f382e793.jpg,8d85afbda123b810c2df96980d46113d
Data/pcb_dataset2/pcb_dataset2_1434/pcb_dataset2_1434.jpg,pcb_dataset2_1434.jpg,pcb_dataset2,20085255_test_jpg.rf.a9610e4a12abf4cbe4883aef23f939fd.jpg,04f4e7fdcf90520fc1389f1ef801ddb7
Data/pcb_dataset2/pcb_dataset2_1435/pcb_dataset2_1435.jpg,pcb_dataset2_1435.jpg,pcb_dataset2,20085261_test_jpg.rf.8e58fdcd938c35f7aea08476f32b7759.jpg,df94e8ce47b0a7703c0131835dd3c3b7
Data/pcb_dataset2/pcb_dataset2_1436/pcb_dataset2_1436.jpg,pcb_dataset2_1436.jpg,pcb_dataset2,20085278_test_jpg.rf.b68fe589acdcdd9a16b0c0c3ed360204.jpg,abfa46c0dee076cded07d65843b545d5
Data/pcb_dataset2/pcb_dataset2_1437/pcb_dataset2_1437.jpg,pcb_dataset2_1437.jpg,pcb_dataset2,20085290_test_jpg.rf.b502ff028f680160961710a12916d927.jpg,ad573b80748f9fdef6dfb84cd071c99f
Data/pcb_dataset2/pcb_dataset2_1438/pcb_dataset2_1438.jpg,pcb_dataset2_1438.jpg,pcb_dataset2,20085311_test_jpg.rf.f9b083dc24c61f29b5d6fe64c2594a53.jpg,b3348a3842f5fe1fbf9afe777ef1d49a
Data/pcb_dataset2/pcb_dataset2_1439/pcb_dataset2_1439.jpg,pcb_dataset2_1439.jpg,pcb_dataset2,20085317_test_jpg.rf.1f84b10cacbb6db2c6e8a713866de54a.jpg,412818d812afa4e3520d02cd431d270e
Data/pcb_dataset2/pcb_dataset2_144/pcb_dataset2_144.jpg,pcb_dataset2_144.jpg,pcb_dataset2,13000198_test_jpg.rf.c486ad08b30b6f07735fb8774d58f5d5.jpg,c8083ae3a53201614f39493bcd4b7320
Data/pcb_dataset2/pcb_dataset2_1440/pcb_dataset2_1440.jpg,pcb_dataset2_1440.jpg,pcb_dataset2,44000011_test_jpg.rf.fba00004c6d37e2812eba3c552f91d43.jpg,a4d4debb1327c45900bafc397b85be29
Data/pcb_dataset2/pcb_dataset2_1441/pcb_dataset2_1441.jpg,pcb_dataset2_1441.jpg,pcb_dataset2,44000025_test_jpg.rf.0c5d143a91cc0e2aed97228ea4222189.jpg,7cc1abc4767d594d539ed5ae226eac5b
Data/pcb_dataset2/pcb_dataset2_1442/pcb_dataset2_1442.jpg,pcb_dataset2_1442.jpg,pcb_dataset2,44000036_test_jpg.rf.8cab17ff154691e88ce2f6c3cb0d0d68.jpg,2952d1981f1f6fbf06b9715487cdcb51
Data/pcb_dataset2/pcb_dataset2_1443/pcb_dataset2_1443.jpg,pcb_dataset2_1443.jpg,pcb_dataset2,44000041_test_jpg.rf.811bd7f4012a4ce447afeaacd84d4302.jpg,b9607180337471ba37fc3bb076ff20eb
Data/pcb_dataset2/pcb_dataset2_1444/pcb_dataset2_1444.jpg,pcb_dataset2_1444.jpg,pcb_dataset2,44000047_test_jpg.rf.45195132ff33cdab042fa9f6ef862c60.jpg,885b34a6ef60170bb78515fe14b1e57d
Data/pcb_dataset2/pcb_dataset2_1445/pcb_dataset2_1445.jpg,pcb_dataset2_1445.jpg,pcb_dataset2,44000060_test_jpg.rf.208207e452469e759f34b0f01c6d7a22.jpg,bb9ebb02460728d5af84e3e54da9c81d
Data/pcb_dataset2/pcb_dataset2_1446/pcb_dataset2_1446.jpg,pcb_dataset2_1446.jpg,pcb_dataset2,44000061_test_jpg.rf.2be352503c30c5063ceaa3178e45641a.jpg,afbd7ba375dfeca934fbc0366b3e451d
Data/pcb_dataset2/pcb_dataset2_1447/pcb_dataset2_1447.jpg,pcb_dataset2_1447.jpg,pcb_dataset2,44000063_test_jpg.rf.cea6143b85c797fc923067c7fcb213d9.jpg,e206cf64c7803ba4790982e17472a132
Data/pcb_dataset2/pcb_dataset2_1448/pcb_dataset2_1448.jpg,pcb_dataset2_1448.jpg,pcb_dataset2,44000068_test_jpg.rf.67e5d8fe7be4bbf3fe1a02562a5ef590.jpg,e59ec7b7a4c1ba3b16a3c656bf011948
Data/pcb_dataset2/pcb_dataset2_1449/pcb_dataset2_1449.jpg,pcb_dataset2_1449.jpg,pcb_dataset2,44000086_test_jpg.rf.2e94d7859254fcbaf22f8dbd440fddf4.jpg,b92e5f2e7b8ba90249c239cc76d5ad6b
Data/pcb_dataset2/pcb_dataset2_145/pcb_dataset2_145.jpg,pcb_dataset2_145.jpg,pcb_dataset2,13000204_test_jpg.rf.1ae20c319fdc42822888bdc344547c2f.jpg,2b7244ad295f01b6e77e55777765c0b8
Data/pcb_dataset2/pcb_dataset2_1450/pcb_dataset2_1450.jpg,pcb_dataset2_1450.jpg,pcb_dataset2,44000088_test_jpg.rf.6d30657a9c73204f7851eb4c1ad0824a.jpg,315911f0ead9a6d859de3c50b86a1ff3
Data/pcb_dataset2/pcb_dataset2_1451/pcb_dataset2_1451.jpg,pcb_dataset2_1451.jpg,pcb_dataset2,44000099_test_jpg.rf.013d4409321954f43c0998bb6f4f98e2.jpg,e444ff93d6be33fc1dc6f948aad7b1d8
Data/pcb_dataset2/pcb_dataset2_1452/pcb_dataset2_1452.jpg,pcb_dataset2_1452.jpg,pcb_dataset2,44000106_test_jpg.rf.2d1a42c9b4397261f5496b1ffcf5c14d.jpg,ce28446dac7185bb947a9a80427fe2d0
Data/pcb_dataset2/pcb_dataset2_1453/pcb_dataset2_1453.jpg,pcb_dataset2_1453.jpg,pcb_dataset2,44000107_test_jpg.rf.383a9da7c77a4ed633429722b369c51b.jpg,d8d6f70b369bfd3dac30796cd5d28c11
Data/pcb_dataset2/pcb_dataset2_1454/pcb_dataset2_1454.jpg,pcb_dataset2_1454.jpg,pcb_dataset2,50600009_test_jpg.rf.80451796117e2c7176c02e5e1437f904.jpg,dff3a433f7e69576786556cb1088e08f
Data/pcb_dataset2/pcb_dataset2_1455/pcb_dataset2_1455.jpg,pcb_dataset2_1455.jpg,pcb_dataset2,50600012_test_jpg.rf.b4b5d4f869c5e9687200871d9272d3f6.jpg,458d291c6965cfe54dd1c7fea08534a5
Data/pcb_dataset2/pcb_dataset2_1456/pcb_dataset2_1456.jpg,pcb_dataset2_1456.jpg,pcb_dataset2,50600016_test_jpg.rf.f3093719e7e1274660c6dab09ce42bd2.jpg,37995fc1f986b64cf869f993166f4fd1
Data/pcb_dataset2/pcb_dataset2_1457/pcb_dataset2_1457.jpg,pcb_dataset2_1457.jpg,pcb_dataset2,50600021_test_jpg.rf.407f1b6d7a254402c4e2ceea713958cf.jpg,b1bb7a98751ccf9b8d2d6f94f3e864ac
Data/pcb_dataset2/pcb_dataset2_1458/pcb_dataset2_1458.jpg,pcb_dataset2_1458.jpg,pcb_dataset2,50600024_test_jpg.rf.ff8805f4434580b84ec3c2e631605abe.jpg,5c587c34f1620993f99db7bfb80a905b
Data/pcb_dataset2/pcb_dataset2_1459/pcb_dataset2_1459.jpg,pcb_dataset2_1459.jpg,pcb_dataset2,50600031_test_jpg.rf.ca8cd9113a52eeb5e5aee7d98465cb4c.jpg,247a5cced0d24231f6af50de6772f44b
Data/pcb_dataset2/pcb_dataset2_146/pcb_dataset2_146.jpg,pcb_dataset2_146.jpg,pcb_dataset2,13000206_test_jpg.rf.163494ae5f8ffe9c54f6a20db08e69cc.jpg,a559f68a9f852a11a3bff2ccf7ef936b
Data/pcb_dataset2/pcb_dataset2_1460/pcb_dataset2_1460.jpg,pcb_dataset2_1460.jpg,pcb_dataset2,50600032_test_jpg.rf.b6a7bfa7e15ce349161dd13db4faf37e.jpg,781118c01b31e8f9dbc3517c8c44763a
Data/pcb_dataset2/pcb_dataset2_1461/pcb_dataset2_1461.jpg,pcb_dataset2_1461.jpg,pcb_dataset2,50600037_test_jpg.rf.c5a448b8d74d4157d4d4cb48e7c6e973.jpg,596e1d451c6fd698fc7867dbd8dab90d
Data/pcb_dataset2/pcb_dataset2_1462/pcb_dataset2_1462.jpg,pcb_dataset2_1462.jpg,pcb_dataset2,50600060_test_jpg.rf.5686afbca47d72722c0490892328b3d2.jpg,fe178f4672ba66eb61cfe6e59e1b043f
Data/pcb_dataset2/pcb_dataset2_1463/pcb_dataset2_1463.jpg,pcb_dataset2_1463.jpg,pcb_dataset2,50600067_test_jpg.rf.e1216cdad599b2a3430b8692437be171.jpg,5437461944487b6551b8970d3ba7dc5d
Data/pcb_dataset2/pcb_dataset2_1464/pcb_dataset2_1464.jpg,pcb_dataset2_1464.jpg,pcb_dataset2,50600078_test_jpg.rf.c4deee4906fb3334a994ed622c450898.jpg,6a5359e69776ba82f4f8c91a3ceab56d
Data/pcb_dataset2/pcb_dataset2_1465/pcb_dataset2_1465.jpg,pcb_dataset2_1465.jpg,pcb_dataset2,77000045_test_jpg.rf.ea225762b6f8d62b087004c4461300a4.jpg,f25fc74a04183721c8a19c98abc537bf
Data/pcb_dataset2/pcb_dataset2_1466/pcb_dataset2_1466.jpg,pcb_dataset2_1466.jpg,pcb_dataset2,77000049_test_jpg.rf.bd9568251c0266326668c896ad3255d3.jpg,90c4e25b3429a0b74eb15c4febe42ca9
Data/pcb_dataset2/pcb_dataset2_1467/pcb_dataset2_1467.jpg,pcb_dataset2_1467.jpg,pcb_dataset2,77000057_test_jpg.rf.c4a867fd41c241efe98b1ec216aa0590.jpg,f37307dbef3653696892b65a87f7ea36
Data/pcb_dataset2/pcb_dataset2_1468/pcb_dataset2_1468.jpg,pcb_dataset2_1468.jpg,pcb_dataset2,77000060_test_jpg.rf.a456cdda74662fcefe0f6eac13282d0c.jpg,6bfb219d2720e14135b08630ffdbf805
Data/pcb_dataset2/pcb_dataset2_1469/pcb_dataset2_1469.jpg,pcb_dataset2_1469.jpg,pcb_dataset2,77000061_test_jpg.rf.11e531d061411d62792a1a82e777c2c7.jpg,12cd2268761c84cf9d3e3586f4e8050f
Data/pcb_dataset2/pcb_dataset2_147/pcb_dataset2_147.jpg,pcb_dataset2_147.jpg,pcb_dataset2,13000210_test_jpg.rf.a3f1a154f0f65e0ff6dcd93e8562ddc1.jpg,6535c435f3b12ffd1f8e62652a4ea73c
Data/pcb_dataset2/pcb_dataset2_1470/pcb_dataset2_1470.jpg,pcb_dataset2_1470.jpg,pcb_dataset2,77000062_test_jpg.rf.3cb52f382b1b598cd4b5f38e656c67d2.jpg,6ff7f643ae4e71b9b19e044605872168
Data/pcb_dataset2/pcb_dataset2_1471/pcb_dataset2_1471.jpg,pcb_dataset2_1471.jpg,pcb_dataset2,77000063_test_jpg.rf.f4a56a545e9eac517e44ab4246e501ae.jpg,1be191cfeff2b43bad859f00b402bbd0
Data/pcb_dataset2/pcb_dataset2_1472/pcb_dataset2_1472.jpg,pcb_dataset2_1472.jpg,pcb_dataset2,77000068_test_jpg.rf.c9b1448db9bc755b3c4013682bb58d27.jpg,a1829ecc4ae8b8a142863b86a7cedf39
Data/pcb_dataset2/pcb_dataset2_1473/pcb_dataset2_1473.jpg,pcb_dataset2_1473.jpg,pcb_dataset2,77000070_test_jpg.rf.de1f2fada0d495beeb81ea0e2cecb8dd.jpg,9b48a7d4a7bd112104ab2d203aff27d4
Data/pcb_dataset2/pcb_dataset2_1474/pcb_dataset2_1474.jpg,pcb_dataset2_1474.jpg,pcb_dataset2,77000073_test_jpg.rf.2fdde2c9787cb894697f30f30b634220.jpg,b9124cf481932ab2a0e77baa9c7abe6e
Data/pcb_dataset2/pcb_dataset2_1475/pcb_dataset2_1475.jpg,pcb_dataset2_1475.jpg,pcb_dataset2,77000078_test_jpg.rf.d44dd238c6333a5ba8ee3141b78afca5.jpg,127608e0c9270e6d5a5b4ada7aba578a
Data/pcb_dataset2/pcb_dataset2_1476/pcb_dataset2_1476.jpg,pcb_dataset2_1476.jpg,pcb_dataset2,77000079_test_jpg.rf.1d8d21b77189241ede66895c2a45c98b.jpg,bb93f83a374a98a28f5946333f5a5d37
Data/pcb_dataset2/pcb_dataset2_1477/pcb_dataset2_1477.jpg,pcb_dataset2_1477.jpg,pcb_dataset2,77000082_test_jpg.rf.1a5366221e8d3536e1bc72085ff29917.jpg,a8a5caa6087630bddc81f2f4363346cb
Data/pcb_dataset2/pcb_dataset2_1478/pcb_dataset2_1478.jpg,pcb_dataset2_1478.jpg,pcb_dataset2,77000083_test_jpg.rf.7bbeb3dddb68e6aff2b552e37a252755.jpg,f61dad27c0179db3719fd8829ed7537e
Data/pcb_dataset2/pcb_dataset2_1479/pcb_dataset2_1479.jpg,pcb_dataset2_1479.jpg,pcb_dataset2,77000086_test_jpg.rf.dc91bb5ada28d82490c19513125f7597.jpg,2f7f7a2a77f62be786bc8894de7ae9a1
Data/pcb_dataset2/pcb_dataset2_148/pcb_dataset2_148.jpg,pcb_dataset2_148.jpg,pcb_dataset2,13000211_test_jpg.rf.1730e2a24cb5f212a2784e55ab8fdcda.jpg,0424cfaf4e9bfe234733d1a3c2d53ae4
Data/pcb_dataset2/pcb_dataset2_1480/pcb_dataset2_1480.jpg,pcb_dataset2_1480.jpg,pcb_dataset2,77000090_test_jpg.rf.75e230421969f35cec8e1d2d7288aecb.jpg,791bf686765779976854c37b0bfc38db
Data/pcb_dataset2/pcb_dataset2_1481/pcb_dataset2_1481.jpg,pcb_dataset2_1481.jpg,pcb_dataset2,77000092_test_jpg.rf.a9fbbcbd57720a06afddcaebb46fb16e.jpg,294a8b81d7b90d6f7f5e3031447fc9bb
Data/pcb_dataset2/pcb_dataset2_1482/pcb_dataset2_1482.jpg,pcb_dataset2_1482.jpg,pcb_dataset2,77000093_test_jpg.rf.f59f967e96e777745468596bdb7c57c2.jpg,3bbe7385246dfa877cb71c023e4b97fe
Data/pcb_dataset2/pcb_dataset2_1483/pcb_dataset2_1483.jpg,pcb_dataset2_1483.jpg,pcb_dataset2,77000101_test_jpg.rf.73540f95d16599c20075103ae12ec27e.jpg,8e9bd3b0635878941782b23512626baf
Data/pcb_dataset2/pcb_dataset2_1484/pcb_dataset2_1484.jpg,pcb_dataset2_1484.jpg,pcb_dataset2,77000102_test_jpg.rf.bb65f9dd8daa8866c0b03a55281dc881.jpg,e1a3f3aaa1192c53f39a36ff57840a79
Data/pcb_dataset2/pcb_dataset2_1485/pcb_dataset2_1485.jpg,pcb_dataset2_1485.jpg,pcb_dataset2,77000106_test_jpg.rf.bf49e85d58cf23bcb5b83bd3d14c5a62.jpg,af7707001518a35710a30ad4c9445500
Data/pcb_dataset2/pcb_dataset2_1486/pcb_dataset2_1486.jpg,pcb_dataset2_1486.jpg,pcb_dataset2,90100000_test_jpg.rf.62adc5ab93692ed97208208d58a02aeb.jpg,dec11b724fa7dd25ae8e3ce6d68dfce3
Data/pcb_dataset2/pcb_dataset2_1487/pcb_dataset2_1487.jpg,pcb_dataset2_1487.jpg,pcb_dataset2,90100004_test_jpg.rf.3e9d1cc0c18420d71e76611efe57e839.jpg,4f223e952579d1883f09158f352bfd0c
Data/pcb_dataset2/pcb_dataset2_1488/pcb_dataset2_1488.jpg,pcb_dataset2_1488.jpg,pcb_dataset2,90100009_test_jpg.rf.f5a49a11a494f631eee56efa7af0cd04.jpg,a0349956eb9943f8678ac175d7ef78e0
Data/pcb_dataset2/pcb_dataset2_1489/pcb_dataset2_1489.jpg,pcb_dataset2_1489.jpg,pcb_dataset2,90100012_test_jpg.rf.54484a7ebbda81dc3c091a3adf776f11.jpg,6035277a81680fd5020099dbc577da5b
Data/pcb_dataset2/pcb_dataset2_149/pcb_dataset2_149.jpg,pcb_dataset2_149.jpg,pcb_dataset2,20085023_test_jpg.rf.cc4695149de7fcbf6fe614ad8a6d2552.jpg,64c437e3a031b90ca23674cac6767093
Data/pcb_dataset2/pcb_dataset2_1490/pcb_dataset2_1490.jpg,pcb_dataset2_1490.jpg,pcb_dataset2,90100014_test_jpg.rf.93eaccd9914ec38b398f01ef386e6b71.jpg,11e2325445b61824e357a2885e99b2c6
Data/pcb_dataset2/pcb_dataset2_1491/pcb_dataset2_1491.jpg,pcb_dataset2_1491.jpg,pcb_dataset2,90100018_test_jpg.rf.6c170aa182dd2a343fc1f6d895ec8611.jpg,98f90148973fac2f4d116418f5fc0691
Data/pcb_dataset2/pcb_dataset2_1492/pcb_dataset2_1492.jpg,pcb_dataset2_1492.jpg,pcb_dataset2,90100026_test_jpg.rf.c3729ee6587d774fd04e90a7e2d72870.jpg,518e7f6faec6402e2621a59cf1052353
Data/pcb_dataset2/pcb_dataset2_1493/pcb_dataset2_1493.jpg,pcb_dataset2_1493.jpg,pcb_dataset2,90100036_test_jpg.rf.ceb3f5067410b32c33dbd0b098d1f43e.jpg,a0085fee4c80802721367e7682f05cfb
Data/pcb_dataset2/pcb_dataset2_1494/pcb_dataset2_1494.jpg,pcb_dataset2_1494.jpg,pcb_dataset2,90100044_test_jpg.rf.896e65dabbd9e3015eb014b3512a163e.jpg,78d575876f4a0526f8efac7a5807423b
Data/pcb_dataset2/pcb_dataset2_1495/pcb_dataset2_1495.jpg,pcb_dataset2_1495.jpg,pcb_dataset2,90100059_test_jpg.rf.134968160c9aa463c783c8870074ffd5.jpg,77f48a8d7159327a4483ccad4448fb82
Data/pcb_dataset2/pcb_dataset2_1496/pcb_dataset2_1496.jpg,pcb_dataset2_1496.jpg,pcb_dataset2,90100067_test_jpg.rf.c443dd92909dabcbb0e65b00a0226daa.jpg,20627c50a0354f5b1d082a9d9a9829bd
Data/pcb_dataset2/pcb_dataset2_15/pcb_dataset2_15.jpg,pcb_dataset2_15.jpg,pcb_dataset2,00041070_test_jpg.rf.b4f315c09ab3ccbcd74637f63bca23fc.jpg,f1384d6d076c24b864342564bc616f5d
Data/pcb_dataset2/pcb_dataset2_150/pcb_dataset2_150.jpg,pcb_dataset2_150.jpg,pcb_dataset2,20085056_test_jpg.rf.dc08932f1d57bdecb21c591edff37bb8.jpg,fdaa0ffee8a9c54ada13baf32cc7db35
Data/pcb_dataset2/pcb_dataset2_151/pcb_dataset2_151.jpg,pcb_dataset2_151.jpg,pcb_dataset2,50600022_test_jpg.rf.75eed24dde5cfe23c6b4cc26f59bac0f.jpg,ffc68098143d699849c1ac3f7afb92cf
Data/pcb_dataset2/pcb_dataset2_152/pcb_dataset2_152.jpg,pcb_dataset2_152.jpg,pcb_dataset2,50600028_test_jpg.rf.fafd5f7b76bd0c3abdcf6c1f7f990034.jpg,dce5db568d98f74a7ed6a9d386136638
Data/pcb_dataset2/pcb_dataset2_153/pcb_dataset2_153.jpg,pcb_dataset2_153.jpg,pcb_dataset2,50600030_test_jpg.rf.89839c82197ccc116e04ea24de8261d1.jpg,76d8fdcdac5f7027eb5ab6b4d185e743
Data/pcb_dataset2/pcb_dataset2_154/pcb_dataset2_154.jpg,pcb_dataset2_154.jpg,pcb_dataset2,50600033_test_jpg.rf.4e67f5af75d51fc71e02c84bd7397c59.jpg,64323a9167f14b2b34fcc23a3a8a6098
Data/pcb_dataset2/pcb_dataset2_155/pcb_dataset2_155.jpg,pcb_dataset2_155.jpg,pcb_dataset2,50600034_test_jpg.rf.f79813e4d76f7b83482f5668c581a50e.jpg,eb7bd061e5066b26e16e1be441e0aa97
Data/pcb_dataset2/pcb_dataset2_156/pcb_dataset2_156.jpg,pcb_dataset2_156.jpg,pcb_dataset2,50600038_test_jpg.rf.f709fde05921164182b83b791a0793dd.jpg,f816783582e458005c87451e50a1d4ee
Data/pcb_dataset2/pcb_dataset2_157/pcb_dataset2_157.jpg,pcb_dataset2_157.jpg,pcb_dataset2,50600039_test_jpg.rf.6ceb0046609645051b4e221048e7ed6f.jpg,98b39ef552885a6424b4e1dd9f514dbe
Data/pcb_dataset2/pcb_dataset2_158/pcb_dataset2_158.jpg,pcb_dataset2_158.jpg,pcb_dataset2,50600040_test_jpg.rf.73d49070f8ddf88c71184d4666744071.jpg,debf3e4c8b0bc72ff3f6d3c4471a08ee
Data/pcb_dataset2/pcb_dataset2_159/pcb_dataset2_159.jpg,pcb_dataset2_159.jpg,pcb_dataset2,50600041_test_jpg.rf.6bac52c280f433bab7e6285b8bdbb283.jpg,8509304db55f0b0623eb50151d3b41b1
Data/pcb_dataset2/pcb_dataset2_16/pcb_dataset2_16.jpg,pcb_dataset2_16.jpg,pcb_dataset2,00041077_test_jpg.rf.390ca4a17aa270b37e0c5aec8fc3c768.jpg,eb2b18155dea41313c89b47176bb6361
Data/pcb_dataset2/pcb_dataset2_160/pcb_dataset2_160.jpg,pcb_dataset2_160.jpg,pcb_dataset2,50600043_test_jpg.rf.f53b0e6673cd04fa86da9957c427e6de.jpg,9ff42bcdf863126c3af4ad69f16b4a2a
Data/pcb_dataset2/pcb_dataset2_161/pcb_dataset2_161.jpg,pcb_dataset2_161.jpg,pcb_dataset2,50600048_test_jpg.rf.d277b27611f1aaeeabb3723437e20785.jpg,cd3e457118bce4983428a03f7d956301
Data/pcb_dataset2/pcb_dataset2_162/pcb_dataset2_162.jpg,pcb_dataset2_162.jpg,pcb_dataset2,50600051_test_jpg.rf.7f3ee78baa016547672916ac672d8259.jpg,25faea47d8153a57dcaf97a1fff7e52e
Data/pcb_dataset2/pcb_dataset2_163/pcb_dataset2_163.jpg,pcb_dataset2_163.jpg,pcb_dataset2,50600052_test_jpg.rf.57934386848f7f8c1864e87317704b02.jpg,7d5d9ba4c4149a87d908476713919754
Data/pcb_dataset2/pcb_dataset2_164/pcb_dataset2_164.jpg,pcb_dataset2_164.jpg,pcb_dataset2,50600055_test_jpg.rf.3f75b751a7896f8dbc8c105b68b8e412.jpg,f2b37017a192bf8cafa9839e080c05da
Data/pcb_dataset2/pcb_dataset2_165/pcb_dataset2_165.jpg,pcb_dataset2_165.jpg,pcb_dataset2,50600058_test_jpg.rf.9e89b183ae4fe625cd6290c639fa2bc9.jpg,9abd69216e0a7ce4b22870d0fd511596
Data/pcb_dataset2/pcb_dataset2_166/pcb_dataset2_166.jpg,pcb_dataset2_166.jpg,pcb_dataset2,50600061_test_jpg.rf.a41fbff3e3dedaea8d856f2dd81c6c4b.jpg,6da551c8653ac52801e2a6d4786339fa
Data/pcb_dataset2/pcb_dataset2_167/pcb_dataset2_167.jpg,pcb_dataset2_167.jpg,pcb_dataset2,50600062_test_jpg.rf.b07e924e455c0ea515a39bdea60e13e9.jpg,f7980b5cf2fefc9b08bc66f18c19285f
Data/pcb_dataset2/pcb_dataset2_168/pcb_dataset2_168.jpg,pcb_dataset2_168.jpg,pcb_dataset2,50600063_test_jpg.rf.f563ea1dc1febffa3d43638f11f30735.jpg,676b613fcee184106d1aac45a4256390
Data/pcb_dataset2/pcb_dataset2_169/pcb_dataset2_169.jpg,pcb_dataset2_169.jpg,pcb_dataset2,50600064_test_jpg.rf.9e8bba08899a1f95ae7f288ec92e5849.jpg,6cc3a742924c8bcdd2a17a8677f4baec
Data/pcb_dataset2/pcb_dataset2_17/pcb_dataset2_17.jpg,pcb_dataset2_17.jpg,pcb_dataset2,00041085_test_jpg.rf.d1099dae96983e346478ac4091ad0f37.jpg,af6a3d952277c0c1b80a10675490ae2e
Data/pcb_dataset2/pcb_dataset2_170/pcb_dataset2_170.jpg,pcb_dataset2_170.jpg,pcb_dataset2,50600065_test_jpg.rf.e07154322da876a4aff3500f36c60d5b.jpg,6a71820e065b51d2e8c12c5b891a9e7b
Data/pcb_dataset2/pcb_dataset2_171/pcb_dataset2_171.jpg,pcb_dataset2_171.jpg,pcb_dataset2,50600066_test_jpg.rf.ad92518ff97a4a2dffa052d1b849a7af.jpg,a31f66cef6ccdb77fa7d9d09f72ce38c
Data/pcb_dataset2/pcb_dataset2_172/pcb_dataset2_172.jpg,pcb_dataset2_172.jpg,pcb_dataset2,50600068_test_jpg.rf.19ba3b7e0a137c81d5b511db2cfda7df.jpg,02b9f41b97b0c7caa7195408cf93582a
Data/pcb_dataset2/pcb_dataset2_173/pcb_dataset2_173.jpg,pcb_dataset2_173.jpg,pcb_dataset2,50600069_test_jpg.rf.bc4d6fc239b7e6d865bfa13307126688.jpg,47e41faae43740e308f226253c46ae92
Data/pcb_dataset2/pcb_dataset2_174/pcb_dataset2_174.jpg,pcb_dataset2_174.jpg,pcb_dataset2,50600070_test_jpg.rf.6d1a4be92e90db58692be3f02a4be5df.jpg,188b8eda55418c4e55c68183fb923a6f
Data/pcb_dataset2/pcb_dataset2_175/pcb_dataset2_175.jpg,pcb_dataset2_175.jpg,pcb_dataset2,50600071_test_jpg.rf.1193e7e6ca15620713db5cff512ebbc0.jpg,f9465343ec92a752c725ee5c8d6d5f07
Data/pcb_dataset2/pcb_dataset2_176/pcb_dataset2_176.jpg,pcb_dataset2_176.jpg,pcb_dataset2,50600072_test_jpg.rf.9f7efcabde89043117a6faeb871983fc.jpg,0050402c4fc64cc1b2179f5e5970dd3a
Data/pcb_dataset2/pcb_dataset2_177/pcb_dataset2_177.jpg,pcb_dataset2_177.jpg,pcb_dataset2,50600073_test_jpg.rf.61b4e63eaf3858d353132ac6b5356b2e.jpg,f1cd4a7a10db98571776ce7da38bef87
Data/pcb_dataset2/pcb_dataset2_178/pcb_dataset2_178.jpg,pcb_dataset2_178.jpg,pcb_dataset2,50600074_test_jpg.rf.83f0eb5da23dcb68fdf97773be345745.jpg,57e033bd7368afff095e72f087bbc3c6
Data/pcb_dataset2/pcb_dataset2_179/pcb_dataset2_179.jpg,pcb_dataset2_179.jpg,pcb_dataset2,50600075_test_jpg.rf.429d42529b714f00d2c3a45818ae9e2a.jpg,e96178f5ffca4973bf677a300e94310a
Data/pcb_dataset2/pcb_dataset2_18/pcb_dataset2_18.jpg,pcb_dataset2_18.jpg,pcb_dataset2,00041089_test_jpg.rf.5ad14c9188335ec6e2eaa6f113869533.jpg,679358b754000a187c20e80f12731363
Data/pcb_dataset2/pcb_dataset2_180/pcb_dataset2_180.jpg,pcb_dataset2_180.jpg,pcb_dataset2,50600076_test_jpg.rf.bf0fabfa5dd608b0645d2c1dcae58a79.jpg,1266c23aea29a2bebdba7de3d891f6ad
Data/pcb_dataset2/pcb_dataset2_181/pcb_dataset2_181.jpg,pcb_dataset2_181.jpg,pcb_dataset2,50600077_test_jpg.rf.9c07cfd209416cf39258512527e59224.jpg,bf001bb52e581c27db53d991964b6423
Data/pcb_dataset2/pcb_dataset2_182/pcb_dataset2_182.jpg,pcb_dataset2_182.jpg,pcb_dataset2,77000000_test_jpg.rf.e98677248064974a988fa6aa255317b8.jpg,925872068e44b6f296893a606479bb08
Data/pcb_dataset2/pcb_dataset2_183/pcb_dataset2_183.jpg,pcb_dataset2_183.jpg,pcb_dataset2,77000001_test_jpg.rf.ba76ed7b079d1e803850b377580abbf5.jpg,0d5c964e3fd1b450549a69282e5b03c5
Data/pcb_dataset2/pcb_dataset2_184/pcb_dataset2_184.jpg,pcb_dataset2_184.jpg,pcb_dataset2,77000002_test_jpg.rf.d895da7aeafb3b6cc8219963ca5cb6c0.jpg,aa4599c9a33704db52b366b687659f12
Data/pcb_dataset2/pcb_dataset2_185/pcb_dataset2_185.jpg,pcb_dataset2_185.jpg,pcb_dataset2,77000003_test_jpg.rf.b3577e9e10cb5dbc77eb372e44d141a0.jpg,cfe851f884780443a673a4dc15c26c67
Data/pcb_dataset2/pcb_dataset2_186/pcb_dataset2_186.jpg,pcb_dataset2_186.jpg,pcb_dataset2,77000004_test_jpg.rf.f8479a31e8e8f6fd09046a499b51965b.jpg,a1c140cdabe0b22d1d0d2e79e1a64ffe
Data/pcb_dataset2/pcb_dataset2_187/pcb_dataset2_187.jpg,pcb_dataset2_187.jpg,pcb_dataset2,77000005_test_jpg.rf.84376af1b37f4ea4600adafc6a93221b.jpg,d88120c9f9f257c5bd8f5db83979f879
Data/pcb_dataset2/pcb_dataset2_188/pcb_dataset2_188.jpg,pcb_dataset2_188.jpg,pcb_dataset2,77000006_test_jpg.rf.448f18e8b4523f56f61dd6d3312dfd22.jpg,bd9dab8e06af972412a5cd3f307f3a0c
Data/pcb_dataset2/pcb_dataset2_189/pcb_dataset2_189.jpg,pcb_dataset2_189.jpg,pcb_dataset2,77000007_test_jpg.rf.801bec545cad50986ed3c8ccdaf9e38f.jpg,102f158d5e5bc5d16a1070c5b5b14b58
Data/pcb_dataset2/pcb_dataset2_19/pcb_dataset2_19.jpg,pcb_dataset2_19.jpg,pcb_dataset2,00041094_test_jpg.rf.050da4141de5a5d2768065873ecd62ad.jpg,03cfa8692b36a91c80dc825d24b6d732
Data/pcb_dataset2/pcb_dataset2_190/pcb_dataset2_190.jpg,pcb_dataset2_190.jpg,pcb_dataset2,77000008_test_jpg.rf.09e362672e0282bf8a122cfae8ad665c.jpg,2c5230a94101f3c9e3a28abd2bc8cb66
Data/pcb_dataset2/pcb_dataset2_191/pcb_dataset2_191.jpg,pcb_dataset2_191.jpg,pcb_dataset2,77000009_test_jpg.rf.e0a70107da89358a6890b3ad88536e92.jpg,0e2fd92e47c612951f0a17fad5ae9521
Data/pcb_dataset2/pcb_dataset2_192/pcb_dataset2_192.jpg,pcb_dataset2_192.jpg,pcb_dataset2,77000010_test_jpg.rf.a36d776578da1a2c95bf0768a27b7013.jpg,8f0b06df91449eb0b9608e13d578c62e
Data/pcb_dataset2/pcb_dataset2_193/pcb_dataset2_193.jpg,pcb_dataset2_193.jpg,pcb_dataset2,77000011_test_jpg.rf.7df8ebc67353d5d97bf6f0c76f017030.jpg,60281049f0b48675e0d591b79d20a2c6
Data/pcb_dataset2/pcb_dataset2_194/pcb_dataset2_194.jpg,pcb_dataset2_194.jpg,pcb_dataset2,77000012_test_jpg.rf.1a16329952f8004e78a6abae94c78cd2.jpg,dc607058965b9feefc94cb0ab00cb3fd
Data/pcb_dataset2/pcb_dataset2_195/pcb_dataset2_195.jpg,pcb_dataset2_195.jpg,pcb_dataset2,77000013_test_jpg.rf.b3ce03c4bd3520efee1735539f55a3d2.jpg,2b4fa72a80284fcdd39488fae809f86f
Data/pcb_dataset2/pcb_dataset2_196/pcb_dataset2_196.jpg,pcb_dataset2_196.jpg,pcb_dataset2,77000014_test_jpg.rf.29f970e50a5308734e0ee08b1447c340.jpg,9b2c9237fdb1daea984668b7219c68f9
Data/pcb_dataset2/pcb_dataset2_197/pcb_dataset2_197.jpg,pcb_dataset2_197.jpg,pcb_dataset2,77000015_test_jpg.rf.370cabae628857d3319c46ddca691a82.jpg,594959826a477375bba3846c82aae81a
Data/pcb_dataset2/pcb_dataset2_198/pcb_dataset2_198.jpg,pcb_dataset2_198.jpg,pcb_dataset2,77000016_test_jpg.rf.e37f11b57e5a99fa942f77857bf82f13.jpg,469607d5c1bfc9f750e242cc6cb5738e
Data/pcb_dataset2/pcb_dataset2_199/pcb_dataset2_199.jpg,pcb_dataset2_199.jpg,pcb_dataset2,77000017_test_jpg.rf.76c63be7b4e1acad049286b827f1533e.jpg,08ebb52224802522a138e9131b6aa022
Data/pcb_dataset2/pcb_dataset2_2/pcb_dataset2_2.jpg,pcb_dataset2_2.jpg,pcb_dataset2,00041015_test_jpg.rf.5633bab17e3d2a2e49b8e12607d77667.jpg,20622f40f0865e482ef5b5f441cfe0bd
Data/pcb_dataset2/pcb_dataset2_20/pcb_dataset2_20.jpg,pcb_dataset2_20.jpg,pcb_dataset2,00041100_test_jpg.rf.e0da8d46324f308348f0b98dc0c6360e.jpg,2b1884dbd0ac53b9373a86208c0e7789
Data/pcb_dataset2/pcb_dataset2_200/pcb_dataset2_200.jpg,pcb_dataset2_200.jpg,pcb_dataset2,77000018_test_jpg.rf.7b3f489d842e9a30eb43bedf8a12ab42.jpg,fd5a16510540bac5feea87b8ba8e2edf
Data/pcb_dataset2/pcb_dataset2_201/pcb_dataset2_201.jpg,pcb_dataset2_201.jpg,pcb_dataset2,77000019_test_jpg.rf.8749e66daaf64e474364d01a8d96025f.jpg,a1bcd51f0c7bb31093ef2d07090bedf9
Data/pcb_dataset2/pcb_dataset2_202/pcb_dataset2_202.jpg,pcb_dataset2_202.jpg,pcb_dataset2,77000020_test_jpg.rf.2583732c29641ab48840597993566059.jpg,ddc7aaef581841fdd409a5a51ad75890
Data/pcb_dataset2/pcb_dataset2_203/pcb_dataset2_203.jpg,pcb_dataset2_203.jpg,pcb_dataset2,77000021_test_jpg.rf.ddb59265a2824fe15e04b17eb5caba24.jpg,ded1a2e4793fce3ad617ffb9d68237aa
Data/pcb_dataset2/pcb_dataset2_204/pcb_dataset2_204.jpg,pcb_dataset2_204.jpg,pcb_dataset2,77000022_test_jpg.rf.8661bd7f43f7741789bdcda9eb3f0817.jpg,7c7d5b293d0f45533cec0e7b6e6c5a56
Data/pcb_dataset2/pcb_dataset2_205/pcb_dataset2_205.jpg,pcb_dataset2_205.jpg,pcb_dataset2,77000023_test_jpg.rf.55fcbf37177d62c985ea1f13f0c57c74.jpg,065672c0fb053bbc27ab6eafb624b79e
Data/pcb_dataset2/pcb_dataset2_206/pcb_dataset2_206.jpg,pcb_dataset2_206.jpg,pcb_dataset2,77000024_test_jpg.rf.0e1d1b02cc7a316602f4d9b20298ce0b.jpg,de7e51032f7fe4661cc8cc226d304394
Data/pcb_dataset2/pcb_dataset2_207/pcb_dataset2_207.jpg,pcb_dataset2_207.jpg,pcb_dataset2,77000025_test_jpg.rf.bf28536ec747e6f88b03223490b0daf7.jpg,1e240e7f2d0fe9fdfb582a39980e4f4d
Data/pcb_dataset2/pcb_dataset2_208/pcb_dataset2_208.jpg,pcb_dataset2_208.jpg,pcb_dataset2,77000026_test_jpg.rf.82fd84211dedf8429ed64ad6d9b56280.jpg,3739913cab4ee761cd5df52eeb824744
Data/pcb_dataset2/pcb_dataset2_209/pcb_dataset2_209.jpg,pcb_dataset2_209.jpg,pcb_dataset2,77000027_test_jpg.rf.1b6995d82296928c4abd80ee389f845b.jpg,7fe324e8b072db04e07e47e82feae7a5
Data/pcb_dataset2/pcb_dataset2_21/pcb_dataset2_21.jpg,pcb_dataset2_21.jpg,pcb_dataset2,00041106_test_jpg.rf.1238be64a0ecd51401bbd5eb17b10c43.jpg,1a621e6b2b1b9bf6e19f4f97b9be2780
Data/pcb_dataset2/pcb_dataset2_210/pcb_dataset2_210.jpg,pcb_dataset2_210.jpg,pcb_dataset2,77000028_test_jpg.rf.0b394ae860365e22528e4d9203d06d49.jpg,861aa8e6fc56aeea5c44ecba78c7a00c
Data/pcb_dataset2/pcb_dataset2_211/pcb_dataset2_211.jpg,pcb_dataset2_211.jpg,pcb_dataset2,77000029_test_jpg.rf.30f1f74693073d0a6ee29dc04c271d05.jpg,bb45dbcc3808e10b28627566a2d8be57
Data/pcb_dataset2/pcb_dataset2_212/pcb_dataset2_212.jpg,pcb_dataset2_212.jpg,pcb_dataset2,77000030_test_jpg.rf.64d36c4400484aa76f624ecf290ad498.jpg,3182a985bc1b465231f4a4985390c6e7
Data/pcb_dataset2/pcb_dataset2_213/pcb_dataset2_213.jpg,pcb_dataset2_213.jpg,pcb_dataset2,77000031_test_jpg.rf.ceb74af7f65f81a187dd1c5f443fd08e.jpg,44a5f1d0411bb6424ab6de0f6176ac24
Data/pcb_dataset2/pcb_dataset2_214/pcb_dataset2_214.jpg,pcb_dataset2_214.jpg,pcb_dataset2,77000032_test_jpg.rf.a2a7a36490c34aeccb2715d76f8811c8.jpg,cff3b01d01689dd9f6392a5bc0482447
Data/pcb_dataset2/pcb_dataset2_215/pcb_dataset2_215.jpg,pcb_dataset2_215.jpg,pcb_dataset2,77000033_test_jpg.rf.4da9f380b59832c6190569331ecfcbed.jpg,b56dfbf037eba4c61fbc3a714bfd9803
Data/pcb_dataset2/pcb_dataset2_216/pcb_dataset2_216.jpg,pcb_dataset2_216.jpg,pcb_dataset2,77000034_test_jpg.rf.03dea57a74b27ac6bb8765106c8fad27.jpg,c2cf77f4e83d3bf325f603dffeeae14c
Data/pcb_dataset2/pcb_dataset2_217/pcb_dataset2_217.jpg,pcb_dataset2_217.jpg,pcb_dataset2,77000035_test_jpg.rf.2354657d66a7608ff86e609771d15ed2.jpg,fe55397126e33407aef098adf6b3b8ac
Data/pcb_dataset2/pcb_dataset2_218/pcb_dataset2_218.jpg,pcb_dataset2_218.jpg,pcb_dataset2,77000036_test_jpg.rf.dc87ba9160cfe3ffd98094ac38671a2b.jpg,ba27655276ba10b1e7413c750c560c42
Data/pcb_dataset2/pcb_dataset2_219/pcb_dataset2_219.jpg,pcb_dataset2_219.jpg,pcb_dataset2,77000037_test_jpg.rf.0eb808d37115c04ca2c3550388187e22.jpg,65f1badde7f0c74c4643125e49c59594
Data/pcb_dataset2/pcb_dataset2_22/pcb_dataset2_22.jpg,pcb_dataset2_22.jpg,pcb_dataset2,00041110_test_jpg.rf.9bbc4c40044f6683a793dd7882f9a148.jpg,6baf3d2e723d041983ad215a7ad182fd
Data/pcb_dataset2/pcb_dataset2_220/pcb_dataset2_220.jpg,pcb_dataset2_220.jpg,pcb_dataset2,77000038_test_jpg.rf.459446d8a39bc2d30b5b14dbd55bac98.jpg,36499932b9ad9ad5484c886be76c0ed8
Data/pcb_dataset2/pcb_dataset2_221/pcb_dataset2_221.jpg,pcb_dataset2_221.jpg,pcb_dataset2,77000039_test_jpg.rf.443cf2e24d5741d53dbf3fac4629adec.jpg,283d9171fac56cfbc400e8f265322217
Data/pcb_dataset2/pcb_dataset2_222/pcb_dataset2_222.jpg,pcb_dataset2_222.jpg,pcb_dataset2,77000040_test_jpg.rf.603659c5557e580a897b1372ed3d2948.jpg,800ab000893183bd9d9719dd13a9366c
Data/pcb_dataset2/pcb_dataset2_223/pcb_dataset2_223.jpg,pcb_dataset2_223.jpg,pcb_dataset2,77000041_test_jpg.rf.db3119c9dd9306e38383c318dcac58cc.jpg,fe8b781e19c8e0b53e8dc42a0ca35043
Data/pcb_dataset2/pcb_dataset2_224/pcb_dataset2_224.jpg,pcb_dataset2_224.jpg,pcb_dataset2,77000042_test_jpg.rf.9f2222ad0ab1e7154f3d02928a989eb0.jpg,42faea9406496c628b7c40e81edf0ccc
Data/pcb_dataset2/pcb_dataset2_225/pcb_dataset2_225.jpg,pcb_dataset2_225.jpg,pcb_dataset2,77000043_test_jpg.rf.3af2c71a22fcd5899e960c0a37cca11d.jpg,34ebdac8aa4a27b4bfc5e8c25a361ec8
Data/pcb_dataset2/pcb_dataset2_226/pcb_dataset2_226.jpg,pcb_dataset2_226.jpg,pcb_dataset2,77000044_test_jpg.rf.f0ef7fda642e2e2726ed32932643895c.jpg,bbc412eea3c6d17b25a4afbfa360c1be
Data/pcb_dataset2/pcb_dataset2_227/pcb_dataset2_227.jpg,pcb_dataset2_227.jpg,pcb_dataset2,77000046_test_jpg.rf.12875b8bc0d7d34c9b866013c03ef4ec.jpg,6f037a4f628202f26f941b29ef6a4ce9
Data/pcb_dataset2/pcb_dataset2_228/pcb_dataset2_228.jpg,pcb_dataset2_228.jpg,pcb_dataset2,77000047_test_jpg.rf.d0f54a73a30ec1feadb6d8ae7d3b6cb4.jpg,ec7e2d7c52d1b11b8671f9e6b969e551
Data/pcb_dataset2/pcb_dataset2_229/pcb_dataset2_229.jpg,pcb_dataset2_229.jpg,pcb_dataset2,77000048_test_jpg.rf.09da15e7ee2008d894ac1c050cfc61ab.jpg,4ffb48a8318316ed86dd256739a3cbf6
Data/pcb_dataset2/pcb_dataset2_23/pcb_dataset2_23.jpg,pcb_dataset2_23.jpg,pcb_dataset2,00041111_test_jpg.rf.1a02128ad5080e80611c1ece62bda4d4.jpg,1edd12f515025e03239e85d10471a4cd
Data/pcb_dataset2/pcb_dataset2_230/pcb_dataset2_230.jpg,pcb_dataset2_230.jpg,pcb_dataset2,77000050_test_jpg.rf.51b5204ea4fdb9443f566256f7a8e8d5.jpg,55edc81c2f737a23d73a54b8a71d1b11
Data/pcb_dataset2/pcb_dataset2_231/pcb_dataset2_231.jpg,pcb_dataset2_231.jpg,pcb_dataset2,77000051_test_jpg.rf.d8db184bdb4f61359eb81d9d5b6402f4.jpg,2f2415ed5de8aa25a8ef2f630bb7d151
Data/pcb_dataset2/pcb_dataset2_232/pcb_dataset2_232.jpg,pcb_dataset2_232.jpg,pcb_dataset2,77000052_test_jpg.rf.0d1bbcb29e38f61a4ed81ff6f261b555.jpg,2b3a9066b929adfafc9a7a3753b5209c
Data/pcb_dataset2/pcb_dataset2_233/pcb_dataset2_233.jpg,pcb_dataset2_233.jpg,pcb_dataset2,77000054_test_jpg.rf.7c8448a0fc57bb86a4355a5562a0e767.jpg,85361a5c35f9a95995fbebad60e32d4f
Data/pcb_dataset2/pcb_dataset2_234/pcb_dataset2_234.jpg,pcb_dataset2_234.jpg,pcb_dataset2,77000055_test_jpg.rf.7a47a3365eeaa320a7a055f209b863d9.jpg,5ee0a1e57e3a504d0985ac33a49b649f
Data/pcb_dataset2/pcb_dataset2_235/pcb_dataset2_235.jpg,pcb_dataset2_235.jpg,pcb_dataset2,77000056_test_jpg.rf.26981136f82da4bdaaf71637799b8f54.jpg,36af3ef83993dce7a957071ed000ac63
Data/pcb_dataset2/pcb_dataset2_236/pcb_dataset2_236.jpg,pcb_dataset2_236.jpg,pcb_dataset2,77000058_test_jpg.rf.84cca65516b87eecf9f888c89270b381.jpg,3c1ab2dae9a315a5fde136b16b22fec9
Data/pcb_dataset2/pcb_dataset2_237/pcb_dataset2_237.jpg,pcb_dataset2_237.jpg,pcb_dataset2,77000059_test_jpg.rf.987a18b5b731d5c10732bdf424edb9fe.jpg,ddb968256932858a3abfb4f61c9f6498
Data/pcb_dataset2/pcb_dataset2_238/pcb_dataset2_238.jpg,pcb_dataset2_238.jpg,pcb_dataset2,77000064_test_jpg.rf.877a512064606d979e5ab02e90b1e279.jpg,8bb18cfe27b177d879b92270c1b1ee1f
Data/pcb_dataset2/pcb_dataset2_239/pcb_dataset2_239.jpg,pcb_dataset2_239.jpg,pcb_dataset2,77000065_test_jpg.rf.29a481e07aa090c4fc361d8edc470905.jpg,06bfdd5797ba3deca5e024ec03c06ac8
Data/pcb_dataset2/pcb_dataset2_24/pcb_dataset2_24.jpg,pcb_dataset2_24.jpg,pcb_dataset2,00041113_test_jpg.rf.cac8dcd74905554ca16d8c79b7e24a5d.jpg,a183148e241d4b8059437c48dc7560d4
Data/pcb_dataset2/pcb_dataset2_240/pcb_dataset2_240.jpg,pcb_dataset2_240.jpg,pcb_dataset2,77000066_test_jpg.rf.16bd16ba2b90032e16207fa582541fa2.jpg,550db5993d3764d55b188e64ca888493
Data/pcb_dataset2/pcb_dataset2_241/pcb_dataset2_241.jpg,pcb_dataset2_241.jpg,pcb_dataset2,77000067_test_jpg.rf.8852fcf371e2c522ad54ee28d9a756e2.jpg,87a274a933f152dcc20bb840a476c152
Data/pcb_dataset2/pcb_dataset2_242/pcb_dataset2_242.jpg,pcb_dataset2_242.jpg,pcb_dataset2,77000069_test_jpg.rf.a9f11a7b4c6928771602bd9b2630a292.jpg,2cee7c9bae8a99b6b6d78c90dd899e25
Data/pcb_dataset2/pcb_dataset2_243/pcb_dataset2_243.jpg,pcb_dataset2_243.jpg,pcb_dataset2,77000071_test_jpg.rf.a9b2d9c9f9e8c0fb04e1851245c66086.jpg,17e5d20cd36dcf861516da16703fcff1
Data/pcb_dataset2/pcb_dataset2_244/pcb_dataset2_244.jpg,pcb_dataset2_244.jpg,pcb_dataset2,77000072_test_jpg.rf.87ee8b5b56b77a9b8ef8005d0c2b6a03.jpg,e824072951ff7229790c85d656da06de
Data/pcb_dataset2/pcb_dataset2_245/pcb_dataset2_245.jpg,pcb_dataset2_245.jpg,pcb_dataset2,77000074_test_jpg.rf.fd85ef2b8230923d023fdbd2b8f591c9.jpg,6b5361c4d84b987e5966529fbf8fbed7
Data/pcb_dataset2/pcb_dataset2_246/pcb_dataset2_246.jpg,pcb_dataset2_246.jpg,pcb_dataset2,77000075_test_jpg.rf.f1f3b710cda12f76a7d973b0c6069508.jpg,0a328a7fe25a87f5ee8697e2dccb9988
Data/pcb_dataset2/pcb_dataset2_247/pcb_dataset2_247.jpg,pcb_dataset2_247.jpg,pcb_dataset2,77000076_test_jpg.rf.c0da09dc0c8a01638648c204d43a9a74.jpg,538a3c3201c23abea8164e0fc6612d1a
Data/pcb_dataset2/pcb_dataset2_248/pcb_dataset2_248.jpg,pcb_dataset2_248.jpg,pcb_dataset2,77000077_test_jpg.rf.cf0c75687977d8b2ecab35483ec791b5.jpg,ce541d456bd80f87f3a53238dfb98f2f
Data/pcb_dataset2/pcb_dataset2_249/pcb_dataset2_249.jpg,pcb_dataset2_249.jpg,pcb_dataset2,77000080_test_jpg.rf.fad53bc651cea2587c50345657cc5db3.jpg,baffbd3a70a6ab2fd0d945700db1f31a
Data/pcb_dataset2/pcb_dataset2_25/pcb_dataset2_25.jpg,pcb_dataset2_25.jpg,pcb_dataset2,00041115_test_jpg.rf.70c8efde9d850fcc42a66fad24655de1.jpg,738d564b28acfc29af8d52c91c492ea1
Data/pcb_dataset2/pcb_dataset2_250/pcb_dataset2_250.jpg,pcb_dataset2_250.jpg,pcb_dataset2,77000081_test_jpg.rf.cd1a990324b84b88ee85fb2ec0157030.jpg,2d5ab0fd3b445bbaf1c6ad8149c47531
Data/pcb_dataset2/pcb_dataset2_251/pcb_dataset2_251.jpg,pcb_dataset2_251.jpg,pcb_dataset2,77000084_test_jpg.rf.44dd8686ea3007987d157a1c3b5d76d5.jpg,c19f027404ff71ee1f140a5e75257ec0
Data/pcb_dataset2/pcb_dataset2_252/pcb_dataset2_252.jpg,pcb_dataset2_252.jpg,pcb_dataset2,77000085_test_jpg.rf.67f0cec02cc5d0a0fa00c5c2c5f66be7.jpg,1cd64d36287099acece68957b0a68eea
Data/pcb_dataset2/pcb_dataset2_253/pcb_dataset2_253.jpg,pcb_dataset2_253.jpg,pcb_dataset2,77000087_test_jpg.rf.f481bb8ea25d852e2d411f22268ab84f.jpg,e321d0d3441748df3e4b08bb6c8815d6
Data/pcb_dataset2/pcb_dataset2_254/pcb_dataset2_254.jpg,pcb_dataset2_254.jpg,pcb_dataset2,77000088_test_jpg.rf.7189c91aa02775c7fcfa72b411860452.jpg,d3dc3dff81000daf08f437c6c854dff7
Data/pcb_dataset2/pcb_dataset2_255/pcb_dataset2_255.jpg,pcb_dataset2_255.jpg,pcb_dataset2,77000089_test_jpg.rf.f0762d5feac8a28a2589565b8f019564.jpg,502d178954c79630521274741bc8df46
Data/pcb_dataset2/pcb_dataset2_256/pcb_dataset2_256.jpg,pcb_dataset2_256.jpg,pcb_dataset2,77000091_test_jpg.rf.dabd706d89555a513e3c62cbd8cafcff.jpg,42beed982e110ad6d8d781ba18a48281
Data/pcb_dataset2/pcb_dataset2_257/pcb_dataset2_257.jpg,pcb_dataset2_257.jpg,pcb_dataset2,77000094_test_jpg.rf.1e14c5aa9d0275342a1f3491e986dc01.jpg,7f87abece1e09c032b4d67d7135644c1
Data/pcb_dataset2/pcb_dataset2_258/pcb_dataset2_258.jpg,pcb_dataset2_258.jpg,pcb_dataset2,77000095_test_jpg.rf.00158e2f21115fc552a4ad274a1d794d.jpg,3e5ddc1a5f5f67cc69336c2e930beaa0
Data/pcb_dataset2/pcb_dataset2_259/pcb_dataset2_259.jpg,pcb_dataset2_259.jpg,pcb_dataset2,77000096_test_jpg.rf.97931fdfa3c89ef6a4c003d7d7797dbb.jpg,411cd2ad3f5e6a52a96636f83432817f
Data/pcb_dataset2/pcb_dataset2_26/pcb_dataset2_26.jpg,pcb_dataset2_26.jpg,pcb_dataset2,00041119_test_jpg.rf.15817fb789a543c1aeb70d30138db301.jpg,d63dea88b3304bbbc519c4a19b218773
Data/pcb_dataset2/pcb_dataset2_260/pcb_dataset2_260.jpg,pcb_dataset2_260.jpg,pcb_dataset2,77000097_test_jpg.rf.cf8beecb1027ecd51464e3536ec2a13d.jpg,af187b324ff9dc9b31a8ab83246a8851
Data/pcb_dataset2/pcb_dataset2_261/pcb_dataset2_261.jpg,pcb_dataset2_261.jpg,pcb_dataset2,77000098_test_jpg.rf.d1b0fd3777236075760dc8458f9fbacd.jpg,495111c87b15e24d954812b27437e755
Data/pcb_dataset2/pcb_dataset2_262/pcb_dataset2_262.jpg,pcb_dataset2_262.jpg,pcb_dataset2,77000099_test_jpg.rf.9f94522c62b251fb05ca6a4ed3c936c2.jpg,d216e0d646de207a09e7ede131aab864
Data/pcb_dataset2/pcb_dataset2_263/pcb_dataset2_263.jpg,pcb_dataset2_263.jpg,pcb_dataset2,77000100_test_jpg.rf.e8bab71ceae35836ee92741aa052c485.jpg,f5aa1d28e6813379d09d6c4119c27023
Data/pcb_dataset2/pcb_dataset2_264/pcb_dataset2_264.jpg,pcb_dataset2_264.jpg,pcb_dataset2,77000103_test_jpg.rf.6fc5e28126374ab7f81426c540d99af7.jpg,0e85814d478762c63d387e29431830dc
Data/pcb_dataset2/pcb_dataset2_265/pcb_dataset2_265.jpg,pcb_dataset2_265.jpg,pcb_dataset2,77000104_test_jpg.rf.91ecd5cf116e1d6814be514ace0906a9.jpg,da5b358c005b29cddb238c64872ec937
Data/pcb_dataset2/pcb_dataset2_266/pcb_dataset2_266.jpg,pcb_dataset2_266.jpg,pcb_dataset2,77000105_test_jpg.rf.149e46f9f5ab1e699f800167ef62341f.jpg,e51304625c3fd38ca60ded0a0950a935
Data/pcb_dataset2/pcb_dataset2_267/pcb_dataset2_267.jpg,pcb_dataset2_267.jpg,pcb_dataset2,90100001_test_jpg.rf.9e58f7a72fe2f743ac8aec3a5fb4d07d.jpg,f3715faac8c833062467914d68d49ee9
Data/pcb_dataset2/pcb_dataset2_268/pcb_dataset2_268.jpg,pcb_dataset2_268.jpg,pcb_dataset2,90100002_test_jpg.rf.34024296048258cff82d791d634c8124.jpg,6858926c442ca1fcac577a9384412581
Data/pcb_dataset2/pcb_dataset2_269/pcb_dataset2_269.jpg,pcb_dataset2_269.jpg,pcb_dataset2,90100003_test_jpg.rf.7fff552c38bf9ca94a620614669027bf.jpg,b8d74347e4ab3c8a25daefc1341eb51c
Data/pcb_dataset2/pcb_dataset2_27/pcb_dataset2_27.jpg,pcb_dataset2_27.jpg,pcb_dataset2,00041127_test_jpg.rf.e2202fc662cd77f2deae3dde8cb297d7.jpg,311722ef49533024849a2b7c019fb681
Data/pcb_dataset2/pcb_dataset2_270/pcb_dataset2_270.jpg,pcb_dataset2_270.jpg,pcb_dataset2,90100005_test_jpg.rf.f4cb3ede6f0ad42b4d1a4ebafad499fa.jpg,edd5ee9c17909c0a02dd5d4acb240b3a
Data/pcb_dataset2/pcb_dataset2_271/pcb_dataset2_271.jpg,pcb_dataset2_271.jpg,pcb_dataset2,90100006_test_jpg.rf.94e9ff4354cfc64b0b6c5f6baf73026f.jpg,bd20259b166350e3b85fc148b9bbcfe9
Data/pcb_dataset2/pcb_dataset2_272/pcb_dataset2_272.jpg,pcb_dataset2_272.jpg,pcb_dataset2,90100008_test_jpg.rf.acc72d9c15f9bc0630357924db130dad.jpg,b8714439d0ccebe846e5a82cca5e9df0
Data/pcb_dataset2/pcb_dataset2_273/pcb_dataset2_273.jpg,pcb_dataset2_273.jpg,pcb_dataset2,90100010_test_jpg.rf.bdc5a29fd0b5b77fe41243c5f7cc4dc1.jpg,1fa65e7f584969fbcd738194c45907b9
Data/pcb_dataset2/pcb_dataset2_274/pcb_dataset2_274.jpg,pcb_dataset2_274.jpg,pcb_dataset2,90100011_test_jpg.rf.43a2d6421d1c9c3a7afb9493d6ed9e23.jpg,913573741303baeb5858b264ded6520d
Data/pcb_dataset2/pcb_dataset2_275/pcb_dataset2_275.jpg,pcb_dataset2_275.jpg,pcb_dataset2,90100016_test_jpg.rf.c2c0d52aace3bfd93ebf880e9cc43bcf.jpg,a5aeaa76f0dae012ef879db3206c4ad0
Data/pcb_dataset2/pcb_dataset2_276/pcb_dataset2_276.jpg,pcb_dataset2_276.jpg,pcb_dataset2,90100017_test_jpg.rf.9b9c0bb1c2e0bf93eff504414de79935.jpg,cc26c59f560f6c30583372dd5d172879
Data/pcb_dataset2/pcb_dataset2_277/pcb_dataset2_277.jpg,pcb_dataset2_277.jpg,pcb_dataset2,90100019_test_jpg.rf.8075180e46ba0e36f91719eb53b9d2da.jpg,87a1cdca182af05d274ec76910e1c0ce
Data/pcb_dataset2/pcb_dataset2_278/pcb_dataset2_278.jpg,pcb_dataset2_278.jpg,pcb_dataset2,90100020_test_jpg.rf.a2cffe6c8315fe8e7494e8262de76091.jpg,dcab55f2e79b61a40e53988c3bb34f70
Data/pcb_dataset2/pcb_dataset2_279/pcb_dataset2_279.jpg,pcb_dataset2_279.jpg,pcb_dataset2,90100021_test_jpg.rf.180867abaae23cc7c0f88055ab6bae3e.jpg,73285e7620d904f331f3886091d56321
Data/pcb_dataset2/pcb_dataset2_28/pcb_dataset2_28.jpg,pcb_dataset2_28.jpg,pcb_dataset2,00041134_test_jpg.rf.13ad108f76fff7153421ef87a10c7b88.jpg,0ce9145970a65f4526b177b210dadb5c
Data/pcb_dataset2/pcb_dataset2_280/pcb_dataset2_280.jpg,pcb_dataset2_280.jpg,pcb_dataset2,90100022_test_jpg.rf.052f624ebafa0b9ad691257da1298cba.jpg,080e06f2a7353b90c4619aeb3d4d4771
Data/pcb_dataset2/pcb_dataset2_281/pcb_dataset2_281.jpg,pcb_dataset2_281.jpg,pcb_dataset2,90100024_test_jpg.rf.297abcba47c1c7a76b161eda3dfd1e98.jpg,6bb972b102a321841e7314b8ca93058e
Data/pcb_dataset2/pcb_dataset2_282/pcb_dataset2_282.jpg,pcb_dataset2_282.jpg,pcb_dataset2,90100025_test_jpg.rf.e78c019288e71bed0f0755e74adf4e0f.jpg,f08cbeda90638d6147748b8af1fec4e6
Data/pcb_dataset2/pcb_dataset2_283/pcb_dataset2_283.jpg,pcb_dataset2_283.jpg,pcb_dataset2,90100027_test_jpg.rf.0e83292130bdacf2873c4a9f358710ae.jpg,abf0dc9e8afd3e29ad2657a1fb6ee33e
Data/pcb_dataset2/pcb_dataset2_284/pcb_dataset2_284.jpg,pcb_dataset2_284.jpg,pcb_dataset2,90100028_test_jpg.rf.69ca81121246fc51f55367d258c99aa8.jpg,57650e15f9481ceec0af40579a47c89b
Data/pcb_dataset2/pcb_dataset2_285/pcb_dataset2_285.jpg,pcb_dataset2_285.jpg,pcb_dataset2,90100035_test_jpg.rf.eeb0706a149cfe296aacf89d06fa1f94.jpg,d45e4b903e8f6a989be20befaf32fd17
Data/pcb_dataset2/pcb_dataset2_286/pcb_dataset2_286.jpg,pcb_dataset2_286.jpg,pcb_dataset2,90100041_test_jpg.rf.d74fe0202919034db49fb02d53bc3409.jpg,71a4f1bdf75e31cffb7e795b3f415a52
Data/pcb_dataset2/pcb_dataset2_287/pcb_dataset2_287.jpg,pcb_dataset2_287.jpg,pcb_dataset2,90100043_test_jpg.rf.f27a38898ec61eb52614281f5cc38183.jpg,670fb2d7ab924263a22f65acf8aef5e2
Data/pcb_dataset2/pcb_dataset2_288/pcb_dataset2_288.jpg,pcb_dataset2_288.jpg,pcb_dataset2,90100046_test_jpg.rf.4d4f8b3842ee97d456b250770c7da66e.jpg,cc82522d16858993e6626e4dfd607ede
Data/pcb_dataset2/pcb_dataset2_289/pcb_dataset2_289.jpg,pcb_dataset2_289.jpg,pcb_dataset2,90100051_test_jpg.rf.cc70ca9989c2091c21d3c41aaba45b55.jpg,4ef18934fe95ba57f2f61c7d9beef828
Data/pcb_dataset2/pcb_dataset2_29/pcb_dataset2_29.jpg,pcb_dataset2_29.jpg,pcb_dataset2,00041155_test_jpg.rf.a7e6b7d84ac206213db9673c18eb88ac.jpg,27d7e5ca44cd11e92f6d8ae2aca3f407
Data/pcb_dataset2/pcb_dataset2_290/pcb_dataset2_290.jpg,pcb_dataset2_290.jpg,pcb_dataset2,90100052_test_jpg.rf.568a28945fa59a50e018de3f4af5ab77.jpg,28d2565ec2a11c68d9f60f121d8f85db
Data/pcb_dataset2/pcb_dataset2_291/pcb_dataset2_291.jpg,pcb_dataset2_291.jpg,pcb_dataset2,90100053_test_jpg.rf.5b9e528fc4ee081606af507fcb9ea911.jpg,9d3250fbbd700c91a03683db9373ad2f
Data/pcb_dataset2/pcb_dataset2_292/pcb_dataset2_292.jpg,pcb_dataset2_292.jpg,pcb_dataset2,90100054_test_jpg.rf.ed931413a2e82f24641b4570562c250e.jpg,69834d6db57d6138c5df36dfad789f13
Data/pcb_dataset2/pcb_dataset2_293/pcb_dataset2_293.jpg,pcb_dataset2_293.jpg,pcb_dataset2,90100058_test_jpg.rf.14de8e52ad7613083c750044e39e139c.jpg,e0257fe18c5febefd855062ac8b1da4f
Data/pcb_dataset2/pcb_dataset2_294/pcb_dataset2_294.jpg,pcb_dataset2_294.jpg,pcb_dataset2,90100060_test_jpg.rf.1d5b9f8a88fc60f054af9eff27a8cb1a.jpg,fba2a3723c68c1572088e4615112193b
Data/pcb_dataset2/pcb_dataset2_295/pcb_dataset2_295.jpg,pcb_dataset2_295.jpg,pcb_dataset2,90100068_test_jpg.rf.77474b0058e553d690a1cc5c60961b52.jpg,a51f4e4a0070669b51acb2fb184ed60b
Data/pcb_dataset2/pcb_dataset2_296/pcb_dataset2_296.jpg,pcb_dataset2_296.jpg,pcb_dataset2,90100074_test_jpg.rf.92e78eb087015edeea6f4dc2cc04da9c.jpg,a18e0255acbc620bc42e36ba50bac419
Data/pcb_dataset2/pcb_dataset2_297/pcb_dataset2_297.jpg,pcb_dataset2_297.jpg,pcb_dataset2,90100076_test_jpg.rf.a3472ef48a4d583caab2fe504b3834bf.jpg,61c437c4a97c48ecbe0e4cf5a78b453b
Data/pcb_dataset2/pcb_dataset2_298/pcb_dataset2_298.jpg,pcb_dataset2_298.jpg,pcb_dataset2,90100077_test_jpg.rf.de944c5bf3cd1223fd034a2be88cb436.jpg,fdae9fe515bd554dcdd150114287e8da
Data/pcb_dataset2/pcb_dataset2_299/pcb_dataset2_299.jpg,pcb_dataset2_299.jpg,pcb_dataset2,90100086_test_jpg.rf.71fad7888035e07f9725ad4688193264.jpg,710ea784e581a5ad907697202f04aec7
Data/pcb_dataset2/pcb_dataset2_3/pcb_dataset2_3.jpg,pcb_dataset2_3.jpg,pcb_dataset2,00041028_test_jpg.rf.ec4e733e459de0904f5f4a99c67857f9.jpg,8884e455f34340ff14c14a69f986f087
Data/pcb_dataset2/pcb_dataset2_30/pcb_dataset2_30.jpg,pcb_dataset2_30.jpg,pcb_dataset2,00041157_test_jpg.rf.433b7b0f65f5850955cf507ef79da07d.jpg,52285812da3d6041c30c701b1a0e0bbd
Data/pcb_dataset2/pcb_dataset2_300/pcb_dataset2_300.jpg,pcb_dataset2_300.jpg,pcb_dataset2,00041000_test_jpg.rf.35df85693baf8f959789ebec1c0cf562.jpg,139f434f22fcc68c9f3ebb8467ae4ac0
Data/pcb_dataset2/pcb_dataset2_301/pcb_dataset2_301.jpg,pcb_dataset2_301.jpg,pcb_dataset2,00041001_test_jpg.rf.98e997160c2ef547d033562cab46e6da.jpg,4e0df019cb3bb36d74caf86907ded365
Data/pcb_dataset2/pcb_dataset2_302/pcb_dataset2_302.jpg,pcb_dataset2_302.jpg,pcb_dataset2,00041002_test_jpg.rf.c844351f545d0871a55c0e477bb238c4.jpg,4adceb8705044ff25c11edfbe98970e4
Data/pcb_dataset2/pcb_dataset2_303/pcb_dataset2_303.jpg,pcb_dataset2_303.jpg,pcb_dataset2,00041003_test_jpg.rf.07cc5103de2d709306d52e04a4bd6559.jpg,17b672b4f829b26ddff1a3ffe0e91582
Data/pcb_dataset2/pcb_dataset2_304/pcb_dataset2_304.jpg,pcb_dataset2_304.jpg,pcb_dataset2,00041004_test_jpg.rf.9496a4776966e747856f43339827863b.jpg,8fcbb2dc1cd3ffe32d8c35fe94abb97e
Data/pcb_dataset2/pcb_dataset2_305/pcb_dataset2_305.jpg,pcb_dataset2_305.jpg,pcb_dataset2,00041005_test_jpg.rf.11af97414c9a4fb9a04b93c943c61044.jpg,31bdc2c3a0ed64938de2da7a5185be2e
Data/pcb_dataset2/pcb_dataset2_306/pcb_dataset2_306.jpg,pcb_dataset2_306.jpg,pcb_dataset2,00041007_test_jpg.rf.ba287b1988c9ee5888c9a10e5fbbd429.jpg,1b544a4f71b8121b1fdce5635b49a479
Data/pcb_dataset2/pcb_dataset2_307/pcb_dataset2_307.jpg,pcb_dataset2_307.jpg,pcb_dataset2,00041008_test_jpg.rf.854913a33600d0ecb969d65def5c94f2.jpg,6f83cc596d8407c4ad74a22623a48a2e
Data/pcb_dataset2/pcb_dataset2_308/pcb_dataset2_308.jpg,pcb_dataset2_308.jpg,pcb_dataset2,00041009_test_jpg.rf.5c9cdff064d8696d35fad7ba29689e2c.jpg,7a7febea95d9954fdb90ea8634aaaba5
Data/pcb_dataset2/pcb_dataset2_309/pcb_dataset2_309.jpg,pcb_dataset2_309.jpg,pcb_dataset2,00041012_test_jpg.rf.405e16387aedf4b5dcda1b2a13ace5fe.jpg,05fc3f32129cc3535a8d99e0c2e35eff
Data/pcb_dataset2/pcb_dataset2_31/pcb_dataset2_31.jpg,pcb_dataset2_31.jpg,pcb_dataset2,00041160_test_jpg.rf.0397d8f654adcb1196f3e7111194ab4d.jpg,bce7f2508daff92b033ca4ed9cad59ca
Data/pcb_dataset2/pcb_dataset2_310/pcb_dataset2_310.jpg,pcb_dataset2_310.jpg,pcb_dataset2,00041013_test_jpg.rf.f446041c7cc2ab95598e101e92017ad0.jpg,811aa4fd1761bbdef0a524bb2bc6c189
Data/pcb_dataset2/pcb_dataset2_311/pcb_dataset2_311.jpg,pcb_dataset2_311.jpg,pcb_dataset2,00041014_test_jpg.rf.f468bcd169c641d48c15ea2742b48788.jpg,9f4bd7801630b23b36c855114ea6fdfe
Data/pcb_dataset2/pcb_dataset2_312/pcb_dataset2_312.jpg,pcb_dataset2_312.jpg,pcb_dataset2,00041016_test_jpg.rf.de7d90b0e8d1cc57778a22c8baec4fe8.jpg,27ac35e9b9593f6353835b6b13a67be9
Data/pcb_dataset2/pcb_dataset2_313/pcb_dataset2_313.jpg,pcb_dataset2_313.jpg,pcb_dataset2,00041017_test_jpg.rf.423d6d7af91c9b15ecf9624875397580.jpg,92b0c4b420848aad2c78106485b72b9a
Data/pcb_dataset2/pcb_dataset2_314/pcb_dataset2_314.jpg,pcb_dataset2_314.jpg,pcb_dataset2,00041019_test_jpg.rf.ee751860cae9e1a80f6af2ab47413b86.jpg,cb2c2324dc9cdd5ddd1875e809568200
Data/pcb_dataset2/pcb_dataset2_315/pcb_dataset2_315.jpg,pcb_dataset2_315.jpg,pcb_dataset2,00041021_test_jpg.rf.f33433e5f7fc4df6f24d0c73c98f45e7.jpg,47a74ee5ca53932e4038f3ba17056d69
Data/pcb_dataset2/pcb_dataset2_316/pcb_dataset2_316.jpg,pcb_dataset2_316.jpg,pcb_dataset2,00041022_test_jpg.rf.9816ffd6305ef8f10369534cd2758fdf.jpg,57071049988c7e1431316ad2c4771817
Data/pcb_dataset2/pcb_dataset2_317/pcb_dataset2_317.jpg,pcb_dataset2_317.jpg,pcb_dataset2,00041024_test_jpg.rf.f389910da3b9488618484dd7cd70e2a4.jpg,bbb85917b0bd273f2f3688fee0964d59
Data/pcb_dataset2/pcb_dataset2_318/pcb_dataset2_318.jpg,pcb_dataset2_318.jpg,pcb_dataset2,00041025_test_jpg.rf.23337c6d004de51d8575a451d07e166f.jpg,dfaca7f53e1a9783106abdffa42d643f
Data/pcb_dataset2/pcb_dataset2_319/pcb_dataset2_319.jpg,pcb_dataset2_319.jpg,pcb_dataset2,00041026_test_jpg.rf.db6420ff6905d22cb9c77d7f6519ebb4.jpg,4ef5c859aab46c2b76adb2a8217ac048
Data/pcb_dataset2/pcb_dataset2_32/pcb_dataset2_32.jpg,pcb_dataset2_32.jpg,pcb_dataset2,00041171_test_jpg.rf.6a2ee087611bdf6170ff410dd8863d90.jpg,87a185e5b517914ce4c7379148fff119
Data/pcb_dataset2/pcb_dataset2_320/pcb_dataset2_320.jpg,pcb_dataset2_320.jpg,pcb_dataset2,00041027_test_jpg.rf.c39617ac65a69f16fed8dc53e2c1f63b.jpg,37a3faa2c90c76e4f8239316a8614770
Data/pcb_dataset2/pcb_dataset2_321/pcb_dataset2_321.jpg,pcb_dataset2_321.jpg,pcb_dataset2,00041029_test_jpg.rf.2503ed3c5341ea3398c6bbeada4436bf.jpg,90f9440cc4b4a74ee97cdf8634045409
Data/pcb_dataset2/pcb_dataset2_322/pcb_dataset2_322.jpg,pcb_dataset2_322.jpg,pcb_dataset2,00041031_test_jpg.rf.402c4ac1c1c6923882390d3ba1e697bf.jpg,bebc269b3d146911f005e0420ae3d4ee
Data/pcb_dataset2/pcb_dataset2_323/pcb_dataset2_323.jpg,pcb_dataset2_323.jpg,pcb_dataset2,00041033_test_jpg.rf.18c4a98437ec8b6bf1a25e474790e99b.jpg,56bdae272cc85379934cec9b64c862c5
Data/pcb_dataset2/pcb_dataset2_324/pcb_dataset2_324.jpg,pcb_dataset2_324.jpg,pcb_dataset2,00041035_test_jpg.rf.7e724f13bd669baa290bc3c398501b9b.jpg,3fc602f569ff37b2f8cbcb3be78a62d8
Data/pcb_dataset2/pcb_dataset2_325/pcb_dataset2_325.jpg,pcb_dataset2_325.jpg,pcb_dataset2,00041036_test_jpg.rf.509ea7f797f04cde9b5114d2483e5776.jpg,979feb03e18bf8c13d71d3c38046327b
Data/pcb_dataset2/pcb_dataset2_326/pcb_dataset2_326.jpg,pcb_dataset2_326.jpg,pcb_dataset2,00041037_test_jpg.rf.c6c22457ce850320b2fd14ae44c3dabd.jpg,82f4b6914aadeaf6d61db7344dc37851
Data/pcb_dataset2/pcb_dataset2_327/pcb_dataset2_327.jpg,pcb_dataset2_327.jpg,pcb_dataset2,00041041_test_jpg.rf.65717e96f1dc8f08d28f580e074e27f5.jpg,2892eb4b638f2395b7c0b6132d9d7ad7
Data/pcb_dataset2/pcb_dataset2_328/pcb_dataset2_328.jpg,pcb_dataset2_328.jpg,pcb_dataset2,00041042_test_jpg.rf.fd00232cebfc9dc26c350aef6841fc82.jpg,bc479d2118c5fd93d1e297edd625318b
Data/pcb_dataset2/pcb_dataset2_329/pcb_dataset2_329.jpg,pcb_dataset2_329.jpg,pcb_dataset2,00041043_test_jpg.rf.3e28aed3a875c50a513da79f5144f59f.jpg,af745a0a6e80ab5c5300e0cfb60823ec
Data/pcb_dataset2/pcb_dataset2_33/pcb_dataset2_33.jpg,pcb_dataset2_33.jpg,pcb_dataset2,00041174_test_jpg.rf.8a01a6f46f69a37715423ae797da5a5e.jpg,437f68dafc1ae36e549d41bcc9e4bcd3
Data/pcb_dataset2/pcb_dataset2_330/pcb_dataset2_330.jpg,pcb_dataset2_330.jpg,pcb_dataset2,00041044_test_jpg.rf.9f78e1d0f8e0d0fb804caae20a4f4efd.jpg,7be8e85adf128d854c125cfcf5207e72
Data/pcb_dataset2/pcb_dataset2_331/pcb_dataset2_331.jpg,pcb_dataset2_331.jpg,pcb_dataset2,00041047_test_jpg.rf.7c15297d7dba8e14041b92298cf31f9f.jpg,94698ed4c2d0a02612164b09e6f51386
Data/pcb_dataset2/pcb_dataset2_332/pcb_dataset2_332.jpg,pcb_dataset2_332.jpg,pcb_dataset2,00041048_test_jpg.rf.ce216282618e6ee7b08cdfe3b1eb2f76.jpg,87e7c1e90d7b4f077e91c82ef58a50d1
Data/pcb_dataset2/pcb_dataset2_333/pcb_dataset2_333.jpg,pcb_dataset2_333.jpg,pcb_dataset2,00041049_test_jpg.rf.baa2234a2263c0bc5b4809442467e957.jpg,a111dddfdc10f20c529fb50a94699ecb
Data/pcb_dataset2/pcb_dataset2_334/pcb_dataset2_334.jpg,pcb_dataset2_334.jpg,pcb_dataset2,00041051_test_jpg.rf.e823a6260ce91a55c69195ebe8502ddc.jpg,82598fc6e887757428bc538db9cb63f3
Data/pcb_dataset2/pcb_dataset2_335/pcb_dataset2_335.jpg,pcb_dataset2_335.jpg,pcb_dataset2,00041052_test_jpg.rf.095985d5aeb5f5551f7a0ed52db25b4d.jpg,f06bbf2552e491929c625449424cf154
Data/pcb_dataset2/pcb_dataset2_336/pcb_dataset2_336.jpg,pcb_dataset2_336.jpg,pcb_dataset2,00041057_test_jpg.rf.209ccd5f3be87e6140ae575090b19c25.jpg,0fad1724dba46e614e654bd7cab24a17
Data/pcb_dataset2/pcb_dataset2_337/pcb_dataset2_337.jpg,pcb_dataset2_337.jpg,pcb_dataset2,00041058_test_jpg.rf.919edef9f8cc0c09278b67e52ac3f2f6.jpg,f79caab83bb04e369207cf67bb885927
Data/pcb_dataset2/pcb_dataset2_338/pcb_dataset2_338.jpg,pcb_dataset2_338.jpg,pcb_dataset2,00041059_test_jpg.rf.e0fe892f0916e5f9adcb28ef2ae2646e.jpg,e3556259ba72563cbd431d6855472bf5
Data/pcb_dataset2/pcb_dataset2_339/pcb_dataset2_339.jpg,pcb_dataset2_339.jpg,pcb_dataset2,00041060_test_jpg.rf.144196b338a2690f26490a73750ae5c2.jpg,dd79b0eadec30b3f3c027484142e770c
Data/pcb_dataset2/pcb_dataset2_34/pcb_dataset2_34.jpg,pcb_dataset2_34.jpg,pcb_dataset2,00041175_test_jpg.rf.b3f725fe2eefd1e0e6f282f8407cc4e0.jpg,5d04dd1fc8dff38d486748003ae81ace
Data/pcb_dataset2/pcb_dataset2_340/pcb_dataset2_340.jpg,pcb_dataset2_340.jpg,pcb_dataset2,00041061_test_jpg.rf.f3ff57cc7a4d141bdc7528bfd9ec17c0.jpg,cf87ec6d4d8a7d49e3efa7885ca258e4
Data/pcb_dataset2/pcb_dataset2_341/pcb_dataset2_341.jpg,pcb_dataset2_341.jpg,pcb_dataset2,00041062_test_jpg.rf.b595693932d99d4f2c469ce5c405d4d9.jpg,af7193672a480a5107faf9dba12c3c35
Data/pcb_dataset2/pcb_dataset2_342/pcb_dataset2_342.jpg,pcb_dataset2_342.jpg,pcb_dataset2,00041063_test_jpg.rf.7b8eef3c16d67d0e050e772906794b33.jpg,fca67cd49e2b5ce13d5a7d4ca6bc8c35
Data/pcb_dataset2/pcb_dataset2_343/pcb_dataset2_343.jpg,pcb_dataset2_343.jpg,pcb_dataset2,00041064_test_jpg.rf.865a70b3848a1647c9af74d105f6ebb7.jpg,9dab86ba234080192c9889173110a8b8
Data/pcb_dataset2/pcb_dataset2_344/pcb_dataset2_344.jpg,pcb_dataset2_344.jpg,pcb_dataset2,00041065_test_jpg.rf.c4468b732bfcf1437c3b6690d772a751.jpg,cfbb8d27d67d87b6aeb13fab297a1ea8
Data/pcb_dataset2/pcb_dataset2_345/pcb_dataset2_345.jpg,pcb_dataset2_345.jpg,pcb_dataset2,00041066_test_jpg.rf.5bb28c3bc6e1e312422ca3a28bf38785.jpg,d64c3a4beb16d50d063455c61051c077
Data/pcb_dataset2/pcb_dataset2_346/pcb_dataset2_346.jpg,pcb_dataset2_346.jpg,pcb_dataset2,00041068_test_jpg.rf.5c090da9c27ca3cee6d0dcef73945070.jpg,ed82357d672eef8da66f786307f34786
Data/pcb_dataset2/pcb_dataset2_347/pcb_dataset2_347.jpg,pcb_dataset2_347.jpg,pcb_dataset2,00041069_test_jpg.rf.a67730149fc05fef7f1acbe452e99571.jpg,a0ed4580992edb852b481cf7392ddf1a
Data/pcb_dataset2/pcb_dataset2_348/pcb_dataset2_348.jpg,pcb_dataset2_348.jpg,pcb_dataset2,00041071_test_jpg.rf.4de77a26ab150284a9a589e1f09be2df.jpg,8969ec2946768f5bc955afa10896ab2e
Data/pcb_dataset2/pcb_dataset2_349/pcb_dataset2_349.jpg,pcb_dataset2_349.jpg,pcb_dataset2,00041072_test_jpg.rf.f483131bdd37964c716142f1a56285b8.jpg,7a49cac6c98272a31e39bf21c29949c8
Data/pcb_dataset2/pcb_dataset2_35/pcb_dataset2_35.jpg,pcb_dataset2_35.jpg,pcb_dataset2,00041176_test_jpg.rf.7d89a4cfc0dd223e35e8b96652a43ff7.jpg,17513704ef66c73257544f638a00a9c5
Data/pcb_dataset2/pcb_dataset2_350/pcb_dataset2_350.jpg,pcb_dataset2_350.jpg,pcb_dataset2,00041073_test_jpg.rf.0169ba8623b02d00b54e9aeb1056843b.jpg,aedce63341b15e3b44297fd6adc27e24
Data/pcb_dataset2/pcb_dataset2_351/pcb_dataset2_351.jpg,pcb_dataset2_351.jpg,pcb_dataset2,00041074_test_jpg.rf.ad323cb0ad8887716d56b68389702f77.jpg,7c1a19901e9b1381544203d290b95808
Data/pcb_dataset2/pcb_dataset2_352/pcb_dataset2_352.jpg,pcb_dataset2_352.jpg,pcb_dataset2,00041075_test_jpg.rf.4c3375d97cc2bebb2188de216ff7755f.jpg,a6211e2e0b58961cbf51de8a8de62195
Data/pcb_dataset2/pcb_dataset2_353/pcb_dataset2_353.jpg,pcb_dataset2_353.jpg,pcb_dataset2,00041076_test_jpg.rf.aa86d07ce8a9a46a99366738f0ee3bb2.jpg,6a63b8000cf3e44c856fb9e511a4cca7
Data/pcb_dataset2/pcb_dataset2_354/pcb_dataset2_354.jpg,pcb_dataset2_354.jpg,pcb_dataset2,00041078_test_jpg.rf.06a0e87b5df287fae3862363bfcd9db8.jpg,01438a9a7777d8417295c10a5cce94bc
Data/pcb_dataset2/pcb_dataset2_355/pcb_dataset2_355.jpg,pcb_dataset2_355.jpg,pcb_dataset2,00041079_test_jpg.rf.da4c9ccbc7f1e7b10023347a269c6f1d.jpg,76744dabb36f50561433f8536b3ec242
Data/pcb_dataset2/pcb_dataset2_356/pcb_dataset2_356.jpg,pcb_dataset2_356.jpg,pcb_dataset2,00041080_test_jpg.rf.97e18117f930f9bc85fa5ffb4f165172.jpg,d0a2af4e0a32e05a59bfb6942675fc3c
Data/pcb_dataset2/pcb_dataset2_357/pcb_dataset2_357.jpg,pcb_dataset2_357.jpg,pcb_dataset2,00041081_test_jpg.rf.07bc0c10f4707d26461c91fcdba5650b.jpg,88d265ac9a5c5148da4f1075c2c61200
Data/pcb_dataset2/pcb_dataset2_358/pcb_dataset2_358.jpg,pcb_dataset2_358.jpg,pcb_dataset2,00041082_test_jpg.rf.b8c81bc45adf8cd91be1b18b5209e947.jpg,5288d7d62e6e5a926eeb9b62f3181ddc
Data/pcb_dataset2/pcb_dataset2_359/pcb_dataset2_359.jpg,pcb_dataset2_359.jpg,pcb_dataset2,00041083_test_jpg.rf.04dd5d42902d8127fe0684d0c75de4e1.jpg,8408883619ce4329a5f4f86efcc122bd
Data/pcb_dataset2/pcb_dataset2_36/pcb_dataset2_36.jpg,pcb_dataset2_36.jpg,pcb_dataset2,00041179_test_jpg.rf.9ef8935125eff3ecbd788926a632691a.jpg,7787300c3f43aa8fedacbd16be4eb99d
Data/pcb_dataset2/pcb_dataset2_360/pcb_dataset2_360.jpg,pcb_dataset2_360.jpg,pcb_dataset2,00041084_test_jpg.rf.b9d5b602e807e0485aec9751f844479b.jpg,32f13cc57d13f9b99fd6fcd1a6568b58
Data/pcb_dataset2/pcb_dataset2_361/pcb_dataset2_361.jpg,pcb_dataset2_361.jpg,pcb_dataset2,00041086_test_jpg.rf.36b72b352d0fd6eaa674a457cb756441.jpg,bc25e8f5014e907c375a6a98b691443d
Data/pcb_dataset2/pcb_dataset2_362/pcb_dataset2_362.jpg,pcb_dataset2_362.jpg,pcb_dataset2,00041088_test_jpg.rf.7b89665367510dc50aef9b02b9326f65.jpg,98f175b45f9e2d4fc771ae606deef3b6
Data/pcb_dataset2/pcb_dataset2_363/pcb_dataset2_363.jpg,pcb_dataset2_363.jpg,pcb_dataset2,00041091_test_jpg.rf.a0c839be16a7574fd8d425103ac80051.jpg,ba78e4e562d679c9c6f71d6820a2cdf6
Data/pcb_dataset2/pcb_dataset2_364/pcb_dataset2_364.jpg,pcb_dataset2_364.jpg,pcb_dataset2,00041092_test_jpg.rf.8564ce4b0877ddc0670bc26f87a8dae7.jpg,0459d8ea62576c43d44b7de2810d2f12
Data/pcb_dataset2/pcb_dataset2_365/pcb_dataset2_365.jpg,pcb_dataset2_365.jpg,pcb_dataset2,00041095_test_jpg.rf.ad0af34cbb30e68698e5e2d693efabb9.jpg,65a173b8ffb30f7a7d5838038c61707c
Data/pcb_dataset2/pcb_dataset2_366/pcb_dataset2_366.jpg,pcb_dataset2_366.jpg,pcb_dataset2,00041096_test_jpg.rf.974a248fa181815322651c16c28c7580.jpg,535399b2576df9b9ab1c8e2d465a117a
Data/pcb_dataset2/pcb_dataset2_367/pcb_dataset2_367.jpg,pcb_dataset2_367.jpg,pcb_dataset2,00041097_test_jpg.rf.46df42102dab66a6ef8814e99a176d3b.jpg,4935537d8b58214d3379ff9609e44461
Data/pcb_dataset2/pcb_dataset2_368/pcb_dataset2_368.jpg,pcb_dataset2_368.jpg,pcb_dataset2,00041099_test_jpg.rf.a0a6e6df07ab38a2ca2d11502831505a.jpg,3ccfc82ec2a9305def9c15f0db6ed089
Data/pcb_dataset2/pcb_dataset2_369/pcb_dataset2_369.jpg,pcb_dataset2_369.jpg,pcb_dataset2,00041101_test_jpg.rf.b507b77369570ab6081b881848426df5.jpg,993c6bcca8a4688bf86ff3653a2b4ba0
Data/pcb_dataset2/pcb_dataset2_37/pcb_dataset2_37.jpg,pcb_dataset2_37.jpg,pcb_dataset2,00041183_test_jpg.rf.20bd88d0f44ee4fabc08e8a09bd3431c.jpg,fb8eb1f42f96329d992fcd8effef92b6
Data/pcb_dataset2/pcb_dataset2_370/pcb_dataset2_370.jpg,pcb_dataset2_370.jpg,pcb_dataset2,00041103_test_jpg.rf.3c00ecfacb97ab3b462d487fb638e4d6.jpg,ec81b2f6c3f50637c967da882d7025ee
Data/pcb_dataset2/pcb_dataset2_371/pcb_dataset2_371.jpg,pcb_dataset2_371.jpg,pcb_dataset2,00041104_test_jpg.rf.4f2f3f10e55333f8aeb1bec56497ca57.jpg,ae8d9f78955e47c7d7980173b9826d68
Data/pcb_dataset2/pcb_dataset2_372/pcb_dataset2_372.jpg,pcb_dataset2_372.jpg,pcb_dataset2,00041105_test_jpg.rf.7f12082ed77ab712f5ba3ab08908e7be.jpg,0a852d53c286ad2820dd41c26b3e0e8e
Data/pcb_dataset2/pcb_dataset2_373/pcb_dataset2_373.jpg,pcb_dataset2_373.jpg,pcb_dataset2,00041107_test_jpg.rf.bba5bc0a99741368859c074ff78c6fea.jpg,754c5749346dbf32987e068f1370260e
Data/pcb_dataset2/pcb_dataset2_374/pcb_dataset2_374.jpg,pcb_dataset2_374.jpg,pcb_dataset2,00041108_test_jpg.rf.fe3bdd68dc14f2cf863b18eb4465adac.jpg,03860cec94e009af0b14c632d69a5f30
Data/pcb_dataset2/pcb_dataset2_375/pcb_dataset2_375.jpg,pcb_dataset2_375.jpg,pcb_dataset2,00041109_test_jpg.rf.754758705957218570a9911f83205d8d.jpg,026404851503a1f5e2ee6def132fad07
Data/pcb_dataset2/pcb_dataset2_376/pcb_dataset2_376.jpg,pcb_dataset2_376.jpg,pcb_dataset2,00041112_test_jpg.rf.8c37b10ceb513258508e33d46105e09e.jpg,c105069972604e9eecacd4601088979d
Data/pcb_dataset2/pcb_dataset2_377/pcb_dataset2_377.jpg,pcb_dataset2_377.jpg,pcb_dataset2,00041114_test_jpg.rf.baa59bd710982039214386979fdc5836.jpg,e726afee3534a2a857342fa186321940
Data/pcb_dataset2/pcb_dataset2_378/pcb_dataset2_378.jpg,pcb_dataset2_378.jpg,pcb_dataset2,00041116_test_jpg.rf.2182e8e81f77504e661bc64894750709.jpg,0dc4072b2d9af9698e1e0c9dd395b6a4
Data/pcb_dataset2/pcb_dataset2_379/pcb_dataset2_379.jpg,pcb_dataset2_379.jpg,pcb_dataset2,00041117_test_jpg.rf.6f24b1eb3727d11e2d4b20953ffefd25.jpg,ddb041a531f870e236b673391edca7bb
Data/pcb_dataset2/pcb_dataset2_38/pcb_dataset2_38.jpg,pcb_dataset2_38.jpg,pcb_dataset2,00041190_test_jpg.rf.935eb7362dae1fb9bbaaf1fff98bd544.jpg,4826d9b30c4c84db4d8edda0ea9e787b
Data/pcb_dataset2/pcb_dataset2_380/pcb_dataset2_380.jpg,pcb_dataset2_380.jpg,pcb_dataset2,00041118_test_jpg.rf.346e97828f9075e8c1e4e5451930a272.jpg,0893f46a388145198b235425ec52d178
Data/pcb_dataset2/pcb_dataset2_381/pcb_dataset2_381.jpg,pcb_dataset2_381.jpg,pcb_dataset2,00041120_test_jpg.rf.24b5f7f66fc6c09a8bbaebbbc204578c.jpg,6e68ecf1ff32a5a3f3d5ed618d15e31d
Data/pcb_dataset2/pcb_dataset2_382/pcb_dataset2_382.jpg,pcb_dataset2_382.jpg,pcb_dataset2,00041121_test_jpg.rf.dfcb75a365c2b2b1ff9bc568087cb298.jpg,b31ad7a3d51313434b77f7c25bdba25a
Data/pcb_dataset2/pcb_dataset2_383/pcb_dataset2_383.jpg,pcb_dataset2_383.jpg,pcb_dataset2,00041123_test_jpg.rf.ac28d1471a6d67263613c69e2b386dc3.jpg,01ef21eadcb486e7aa595b8e17b9e7d3
Data/pcb_dataset2/pcb_dataset2_384/pcb_dataset2_384.jpg,pcb_dataset2_384.jpg,pcb_dataset2,00041124_test_jpg.rf.e817473651dbf0dd40d0e9fbf53031ff.jpg,2a023df0a00ef633cdbbc55bdf9a5b74
Data/pcb_dataset2/pcb_dataset2_385/pcb_dataset2_385.jpg,pcb_dataset2_385.jpg,pcb_dataset2,00041125_test_jpg.rf.a88edbed530725c2e566d2907a7fdc92.jpg,5abc60a32d7c65479af612f1b7282a70
Data/pcb_dataset2/pcb_dataset2_386/pcb_dataset2_386.jpg,pcb_dataset2_386.jpg,pcb_dataset2,00041128_test_jpg.rf.dcf0f3ffa0c6084b4d9fa55a54a13f3f.jpg,50cdedfb9234e3f95b648460db4c62fe
Data/pcb_dataset2/pcb_dataset2_387/pcb_dataset2_387.jpg,pcb_dataset2_387.jpg,pcb_dataset2,00041129_test_jpg.rf.65bfdab69be43147010d31c6bf7b3893.jpg,5f3c6987af74b65528415eca46160cd9
Data/pcb_dataset2/pcb_dataset2_388/pcb_dataset2_388.jpg,pcb_dataset2_388.jpg,pcb_dataset2,00041130_test_jpg.rf.9c9442daf405ff51e9f1bd5eb5269ab7.jpg,3f4d8e75ff0f2c613acea1c1f0ecd324
Data/pcb_dataset2/pcb_dataset2_389/pcb_dataset2_389.jpg,pcb_dataset2_389.jpg,pcb_dataset2,00041131_test_jpg.rf.c4400aa22bf4ea20befb84b9e00631a2.jpg,31bb2362a274948a07b63cf69735bb25
Data/pcb_dataset2/pcb_dataset2_39/pcb_dataset2_39.jpg,pcb_dataset2_39.jpg,pcb_dataset2,00041191_test_jpg.rf.9e4dd047758d5b87b99280fdcf9f3b22.jpg,84460abb4ba5c644d1416c8e29ae1744
Data/pcb_dataset2/pcb_dataset2_390/pcb_dataset2_390.jpg,pcb_dataset2_390.jpg,pcb_dataset2,00041132_test_jpg.rf.f518ac05d7afe2076e94cd303334aa6c.jpg,9cbabd890468532cefd70438ce9bfd08
Data/pcb_dataset2/pcb_dataset2_391/pcb_dataset2_391.jpg,pcb_dataset2_391.jpg,pcb_dataset2,00041133_test_jpg.rf.2988dddadbe44f055eeffac3a8163a9d.jpg,65733cd250b6a65b5b8c6f9a6b8982b8
Data/pcb_dataset2/pcb_dataset2_392/pcb_dataset2_392.jpg,pcb_dataset2_392.jpg,pcb_dataset2,00041135_test_jpg.rf.e681bbf8c8d3e0a7228dbc95d17b3e31.jpg,71e5f8012adc1c29fc622081951012d6
Data/pcb_dataset2/pcb_dataset2_393/pcb_dataset2_393.jpg,pcb_dataset2_393.jpg,pcb_dataset2,00041136_test_jpg.rf.c47776277ea2f5d23c16518bff20ae89.jpg,989e1944ff5bae3b9762bd01b0e58789
Data/pcb_dataset2/pcb_dataset2_394/pcb_dataset2_394.jpg,pcb_dataset2_394.jpg,pcb_dataset2,00041137_test_jpg.rf.190b6a0a85e9bd2852dcd0acd03085f7.jpg,3f2bdf728f5a98cfeca5878b5032de24
Data/pcb_dataset2/pcb_dataset2_395/pcb_dataset2_395.jpg,pcb_dataset2_395.jpg,pcb_dataset2,00041138_test_jpg.rf.3e8c325350ebe18c8b2b979dbefa19fa.jpg,239e4bad36500e962a82a329c54e64b7
Data/pcb_dataset2/pcb_dataset2_396/pcb_dataset2_396.jpg,pcb_dataset2_396.jpg,pcb_dataset2,00041139_test_jpg.rf.6864b51e6d04a223453dd72fedaf956b.jpg,9edae7f278a0ec8ff56097927171bb9f
Data/pcb_dataset2/pcb_dataset2_397/pcb_dataset2_397.jpg,pcb_dataset2_397.jpg,pcb_dataset2,00041140_test_jpg.rf.65e0536fe928c30fdd03aa1e01b8707c.jpg,e402f2e8499e4295de1dab384a9697f9
Data/pcb_dataset2/pcb_dataset2_398/pcb_dataset2_398.jpg,pcb_dataset2_398.jpg,pcb_dataset2,00041141_test_jpg.rf.03c52373999b08ea9307390f66234fd0.jpg,bc6c69aa965c82cc580e9347a7fb3e57
Data/pcb_dataset2/pcb_dataset2_399/pcb_dataset2_399.jpg,pcb_dataset2_399.jpg,pcb_dataset2,00041142_test_jpg.rf.1e37742e21ff04d89b5425d79f927fe8.jpg,08720911dcdb4790f8dec63471448ade
Data/pcb_dataset2/pcb_dataset2_4/pcb_dataset2_4.jpg,pcb_dataset2_4.jpg,pcb_dataset2,00041030_test_jpg.rf.299bbf5625119cd882813f608155106d.jpg,ab58b8abb311f3726bd2e064690e95f4
Data/pcb_dataset2/pcb_dataset2_40/pcb_dataset2_40.jpg,pcb_dataset2_40.jpg,pcb_dataset2,00041194_test_jpg.rf.3f46cff91b81a78c2378addff6abd467.jpg,c39d07cce1d0a26fcd5f57fcf0daa49f
Data/pcb_dataset2/pcb_dataset2_400/pcb_dataset2_400.jpg,pcb_dataset2_400.jpg,pcb_dataset2,00041143_test_jpg.rf.f8704080b6c0757c9e8eeb721977503e.jpg,d0a10220f273f8b1c575a5d49abc0ad8
Data/pcb_dataset2/pcb_dataset2_401/pcb_dataset2_401.jpg,pcb_dataset2_401.jpg,pcb_dataset2,00041144_test_jpg.rf.fbbb0ea7c397c0d5387b14cba66c7e7c.jpg,058fe069c321aaafd5ca27111d72a0e9
Data/pcb_dataset2/pcb_dataset2_402/pcb_dataset2_402.jpg,pcb_dataset2_402.jpg,pcb_dataset2,00041145_test_jpg.rf.f4caf98ad3e59586fe983e21c12ecd33.jpg,e59adb50ff47c94222488eda46297d61
Data/pcb_dataset2/pcb_dataset2_403/pcb_dataset2_403.jpg,pcb_dataset2_403.jpg,pcb_dataset2,00041146_test_jpg.rf.497a29fab1679f25c721a983afc239cb.jpg,3641a3248a15215fb5ee317387c9bdf3
Data/pcb_dataset2/pcb_dataset2_404/pcb_dataset2_404.jpg,pcb_dataset2_404.jpg,pcb_dataset2,00041148_test_jpg.rf.84f1309dce1cb1bccf493f668a4e1d55.jpg,1145051916c3d525ab75b2b5c7a74553
Data/pcb_dataset2/pcb_dataset2_405/pcb_dataset2_405.jpg,pcb_dataset2_405.jpg,pcb_dataset2,00041149_test_jpg.rf.b9286c69e8308560b781f77cbb630315.jpg,fcc8ebbe2ac5f3686876fae93c832cbc
Data/pcb_dataset2/pcb_dataset2_406/pcb_dataset2_406.jpg,pcb_dataset2_406.jpg,pcb_dataset2,00041151_test_jpg.rf.dbecb178f12c618dde3ce96276292ea2.jpg,0643d017ff8f13fbe80949b7d0fb73e3
Data/pcb_dataset2/pcb_dataset2_407/pcb_dataset2_407.jpg,pcb_dataset2_407.jpg,pcb_dataset2,00041152_test_jpg.rf.ac4cfd417778a8a7c2c6a25dbd1bfbe4.jpg,bb2a07bcdb1a3f43b13e35790b4e0767
Data/pcb_dataset2/pcb_dataset2_408/pcb_dataset2_408.jpg,pcb_dataset2_408.jpg,pcb_dataset2,00041153_test_jpg.rf.d6cb9f3ae8b5e96dafa44921799834ec.jpg,9f6f6ee818a12f1d75fbc62de9226771
Data/pcb_dataset2/pcb_dataset2_409/pcb_dataset2_409.jpg,pcb_dataset2_409.jpg,pcb_dataset2,00041154_test_jpg.rf.07505334e6d5ca88f430221242974dce.jpg,72b096f70c783fd1773ed7f696caf8da
Data/pcb_dataset2/pcb_dataset2_41/pcb_dataset2_41.jpg,pcb_dataset2_41.jpg,pcb_dataset2,00041200_test_jpg.rf.3f2e5853cb1b3217da311940259c7626.jpg,051451a8ba5b74c1ee8e02417a0a59f4
Data/pcb_dataset2/pcb_dataset2_410/pcb_dataset2_410.jpg,pcb_dataset2_410.jpg,pcb_dataset2,00041156_test_jpg.rf.d25a48297ef060973ffd9002ba00a28d.jpg,a73dae2596d6b917b840b7ed969104a6
Data/pcb_dataset2/pcb_dataset2_411/pcb_dataset2_411.jpg,pcb_dataset2_411.jpg,pcb_dataset2,00041158_test_jpg.rf.389df478357651d4859921d07e4acbb4.jpg,5659a2537341bb2b81990ad8ddeae744
Data/pcb_dataset2/pcb_dataset2_412/pcb_dataset2_412.jpg,pcb_dataset2_412.jpg,pcb_dataset2,00041159_test_jpg.rf.9f6a09405cf5ccbf3771117a9ccf93e4.jpg,2b9626f03197a1875bab7e5272bd2ff7
Data/pcb_dataset2/pcb_dataset2_413/pcb_dataset2_413.jpg,pcb_dataset2_413.jpg,pcb_dataset2,00041161_test_jpg.rf.2fcbae2070d731679349b34e26d64239.jpg,1af133dbad8c68bd96ac44ff50f35d8c
Data/pcb_dataset2/pcb_dataset2_414/pcb_dataset2_414.jpg,pcb_dataset2_414.jpg,pcb_dataset2,00041162_test_jpg.rf.66255be07bd97ec886b98bd966d7582d.jpg,0b726fdad178e0846d2211a67b73ebfe
Data/pcb_dataset2/pcb_dataset2_415/pcb_dataset2_415.jpg,pcb_dataset2_415.jpg,pcb_dataset2,00041164_test_jpg.rf.2bb5a7a6a43d1b07be39945f5f3a9184.jpg,1a62d4935683379822dbf48c8890540b
Data/pcb_dataset2/pcb_dataset2_416/pcb_dataset2_416.jpg,pcb_dataset2_416.jpg,pcb_dataset2,00041165_test_jpg.rf.4760047481f9d21d0fa110f21e1f6b2a.jpg,7b6f5f4672d83d3af12b16b1ffcbe938
Data/pcb_dataset2/pcb_dataset2_417/pcb_dataset2_417.jpg,pcb_dataset2_417.jpg,pcb_dataset2,00041166_test_jpg.rf.95bcd2cf669bc2be7d46a21d4d5f9ac3.jpg,64beca16d5bfb3e8e47e38a853f8bada
Data/pcb_dataset2/pcb_dataset2_418/pcb_dataset2_418.jpg,pcb_dataset2_418.jpg,pcb_dataset2,00041167_test_jpg.rf.e35bc9d8409fc48e3e720eb5e2cded3a.jpg,53f3f0abb3cbf4dd937aa42441c9d77b
Data/pcb_dataset2/pcb_dataset2_419/pcb_dataset2_419.jpg,pcb_dataset2_419.jpg,pcb_dataset2,00041169_test_jpg.rf.0439052e56ee8d2561c923b24a09d0e7.jpg,6d04c8001c875ded0d8dbeb7fe989c52
Data/pcb_dataset2/pcb_dataset2_42/pcb_dataset2_42.jpg,pcb_dataset2_42.jpg,pcb_dataset2,00041202_test_jpg.rf.f1ffc1653bc47fbb929b687c333a9f88.jpg,e6d669a75311d4dbfd2a33462369d95e
Data/pcb_dataset2/pcb_dataset2_420/pcb_dataset2_420.jpg,pcb_dataset2_420.jpg,pcb_dataset2,00041172_test_jpg.rf.9a3b79e27284f485abcdd8a2ef297d2b.jpg,7f839414186517bef534051e947fdffc
Data/pcb_dataset2/pcb_dataset2_421/pcb_dataset2_421.jpg,pcb_dataset2_421.jpg,pcb_dataset2,00041173_test_jpg.rf.50b781af25f8e7a807ccd36cfa24bf58.jpg,d13ce303766bfb3d602d9facc50e4ba4
Data/pcb_dataset2/pcb_dataset2_422/pcb_dataset2_422.jpg,pcb_dataset2_422.jpg,pcb_dataset2,00041177_test_jpg.rf.ad006dee8889614ae8f808fed8920ed6.jpg,56ecfc6481e6be64bf783ada657ed53a
Data/pcb_dataset2/pcb_dataset2_423/pcb_dataset2_423.jpg,pcb_dataset2_423.jpg,pcb_dataset2,00041180_test_jpg.rf.ce9ef81e08f8bf4bd6aabaddee5b74bf.jpg,48d48b8aea29f7898155c523a2f79062
Data/pcb_dataset2/pcb_dataset2_424/pcb_dataset2_424.jpg,pcb_dataset2_424.jpg,pcb_dataset2,00041181_test_jpg.rf.993e1ff4ceb5b51b42ede0392a57ea25.jpg,0ba30898c6ff158f1922daa3551410af
Data/pcb_dataset2/pcb_dataset2_425/pcb_dataset2_425.jpg,pcb_dataset2_425.jpg,pcb_dataset2,00041182_test_jpg.rf.f0f6fdf2384cbd75c8b763e7168a82e8.jpg,c33711731c9f0bf58b98fb7ab12a1e59
Data/pcb_dataset2/pcb_dataset2_426/pcb_dataset2_426.jpg,pcb_dataset2_426.jpg,pcb_dataset2,00041184_test_jpg.rf.b969c333fd5280227958afb8ebaf583f.jpg,336120749626f00306d04defbcf64f99
Data/pcb_dataset2/pcb_dataset2_427/pcb_dataset2_427.jpg,pcb_dataset2_427.jpg,pcb_dataset2,00041185_test_jpg.rf.2533c47fe4dc03e4e6f834cca2b2a250.jpg,9cff43b640753fd7b590aaa44fef1bb8
Data/pcb_dataset2/pcb_dataset2_428/pcb_dataset2_428.jpg,pcb_dataset2_428.jpg,pcb_dataset2,00041186_test_jpg.rf.abd1ccb0863c8af21a9b9d4ed226c544.jpg,41364133c8f96686cd031c504d402be2
Data/pcb_dataset2/pcb_dataset2_429/pcb_dataset2_429.jpg,pcb_dataset2_429.jpg,pcb_dataset2,00041187_test_jpg.rf.ed2e18cd4400b7e5465f95c0f45738bb.jpg,46d6df7c8a2da6ffac707f2318e5541b
Data/pcb_dataset2/pcb_dataset2_43/pcb_dataset2_43.jpg,pcb_dataset2_43.jpg,pcb_dataset2,00041205_test_jpg.rf.e5d0ccb0cbad26a7ce9b6b48120b3123.jpg,1a1598f353d82bcd61d7c9d1524abaf7
Data/pcb_dataset2/pcb_dataset2_430/pcb_dataset2_430.jpg,pcb_dataset2_430.jpg,pcb_dataset2,00041188_test_jpg.rf.a0873142014b742c59dd94b3792f53b9.jpg,3d6aba9ae5253c3a654464ad31ec035c
Data/pcb_dataset2/pcb_dataset2_431/pcb_dataset2_431.jpg,pcb_dataset2_431.jpg,pcb_dataset2,00041189_test_jpg.rf.fb8e9df612132bcd8d8de671e188d287.jpg,6bbd2eee910b1cbdda0697a63de82458
Data/pcb_dataset2/pcb_dataset2_432/pcb_dataset2_432.jpg,pcb_dataset2_432.jpg,pcb_dataset2,00041193_test_jpg.rf.40332b7c3c0da952a17cca2849161a61.jpg,5e88e200f64d819fb3099c8d5721236a
Data/pcb_dataset2/pcb_dataset2_433/pcb_dataset2_433.jpg,pcb_dataset2_433.jpg,pcb_dataset2,00041195_test_jpg.rf.7c070d20909052b85f45d057a3308685.jpg,e1c63693077ad69a7b0a6b7e6cb539d4
Data/pcb_dataset2/pcb_dataset2_434/pcb_dataset2_434.jpg,pcb_dataset2_434.jpg,pcb_dataset2,00041196_test_jpg.rf.96e7feb4573f8a7292db4327211ba498.jpg,d469f23b8130ba02d272b2b36b621abf
Data/pcb_dataset2/pcb_dataset2_435/pcb_dataset2_435.jpg,pcb_dataset2_435.jpg,pcb_dataset2,00041197_test_jpg.rf.ad915f61604735b44e12337f35dc6898.jpg,4383366f70672d65a6d394cc83817c27
Data/pcb_dataset2/pcb_dataset2_436/pcb_dataset2_436.jpg,pcb_dataset2_436.jpg,pcb_dataset2,00041199_test_jpg.rf.4a6b5100c15df8d756bb1f5f0df11613.jpg,6ce1f9313c97667992dbbe29776dc85f
Data/pcb_dataset2/pcb_dataset2_437/pcb_dataset2_437.jpg,pcb_dataset2_437.jpg,pcb_dataset2,00041201_test_jpg.rf.01f248794ce3eaa1d2a320343db37e24.jpg,3d640b72375c4080f3a4290afe70553a
Data/pcb_dataset2/pcb_dataset2_438/pcb_dataset2_438.jpg,pcb_dataset2_438.jpg,pcb_dataset2,00041203_test_jpg.rf.dbf575a52dc7428f7dfe4c45fa8839af.jpg,d08e9dbda09ff74a6b2223f18a14caef
Data/pcb_dataset2/pcb_dataset2_439/pcb_dataset2_439.jpg,pcb_dataset2_439.jpg,pcb_dataset2,00041204_test_jpg.rf.2241dc39cac8ef188379efb026d05b88.jpg,7fa2779f9d8d7c190e2831971937746b
Data/pcb_dataset2/pcb_dataset2_44/pcb_dataset2_44.jpg,pcb_dataset2_44.jpg,pcb_dataset2,00041209_test_jpg.rf.ef0f3da9e62de29c78dd052d1cfc6e60.jpg,d44a9339c6c327ee5c6ec029d1f20311
Data/pcb_dataset2/pcb_dataset2_440/pcb_dataset2_440.jpg,pcb_dataset2_440.jpg,pcb_dataset2,00041206_test_jpg.rf.8741ad0b2d8c8c7102197647496ce76a.jpg,45986b6f667dc3fc097138be62ace61a
Data/pcb_dataset2/pcb_dataset2_441/pcb_dataset2_441.jpg,pcb_dataset2_441.jpg,pcb_dataset2,00041207_test_jpg.rf.bd7371c1bf5427deb3dfd2f5626284f5.jpg,86bb0b425dd3a8546b6bfc6186811872
Data/pcb_dataset2/pcb_dataset2_442/pcb_dataset2_442.jpg,pcb_dataset2_442.jpg,pcb_dataset2,00041208_test_jpg.rf.d0113bf79ff3c39bbd2a47e5eadbbec5.jpg,72b5518c4a132780183ca8a147572493
Data/pcb_dataset2/pcb_dataset2_443/pcb_dataset2_443.jpg,pcb_dataset2_443.jpg,pcb_dataset2,00041210_test_jpg.rf.c1a25067cefd48b3360b9ff3be950bf7.jpg,3a57a7729f0008c3c3861f0e1b481dfc
Data/pcb_dataset2/pcb_dataset2_444/pcb_dataset2_444.jpg,pcb_dataset2_444.jpg,pcb_dataset2,00041212_test_jpg.rf.3cbe57b6ae83b73ba89eefd9b0aea1a8.jpg,19e0bc49aa9b95d67fb83f13b9aa48df
Data/pcb_dataset2/pcb_dataset2_445/pcb_dataset2_445.jpg,pcb_dataset2_445.jpg,pcb_dataset2,00041213_test_jpg.rf.95bc41ac85bd26eb12bedaa9eaaab071.jpg,f0b1cf1ef4d5ae5e4be719eb6509df6e
Data/pcb_dataset2/pcb_dataset2_446/pcb_dataset2_446.jpg,pcb_dataset2_446.jpg,pcb_dataset2,00041214_test_jpg.rf.70b74ca09bdc4f874ccbd68d8f8c5abe.jpg,7f56d15754c7a0c06a4cd48ec3e8c45b
Data/pcb_dataset2/pcb_dataset2_447/pcb_dataset2_447.jpg,pcb_dataset2_447.jpg,pcb_dataset2,00041215_test_jpg.rf.b5e3e56570c63e4d58d9610a3d4fa958.jpg,b697a753c04c288a4d6fa0d04e5275a6
Data/pcb_dataset2/pcb_dataset2_448/pcb_dataset2_448.jpg,pcb_dataset2_448.jpg,pcb_dataset2,00041216_test_jpg.rf.cf9a85e5ad5bd25b247d25b4837833cc.jpg,6009ff310fb90012fa348397d4eee574
Data/pcb_dataset2/pcb_dataset2_449/pcb_dataset2_449.jpg,pcb_dataset2_449.jpg,pcb_dataset2,00041217_test_jpg.rf.2f5d3152e439a70155d74555a5fe5ec3.jpg,7f2d1ee9784bb97cdf1230c1d7bf2742
Data/pcb_dataset2/pcb_dataset2_45/pcb_dataset2_45.jpg,pcb_dataset2_45.jpg,pcb_dataset2,00041211_test_jpg.rf.1b8c8c331119145c426488f5781accf4.jpg,405b7b18d3f60ddf2fb5b7bf6e309635
Data/pcb_dataset2/pcb_dataset2_450/pcb_dataset2_450.jpg,pcb_dataset2_450.jpg,pcb_dataset2,00041218_test_jpg.rf.6aa616a0e8ae2d15ffe729ce41be4900.jpg,ad8de6a93077b707bc50c60e04d43d95
Data/pcb_dataset2/pcb_dataset2_451/pcb_dataset2_451.jpg,pcb_dataset2_451.jpg,pcb_dataset2,12000001_test_jpg.rf.8745638dc30e175b1b94aa4b07e78554.jpg,c8c8656e685fd5bf133eceda295e1aea
Data/pcb_dataset2/pcb_dataset2_452/pcb_dataset2_452.jpg,pcb_dataset2_452.jpg,pcb_dataset2,12000017_test_jpg.rf.cab22e7b361d87716ed70908bf88c4a0.jpg,46b442c0e038e310a5ef34e4346d44fe
Data/pcb_dataset2/pcb_dataset2_453/pcb_dataset2_453.jpg,pcb_dataset2_453.jpg,pcb_dataset2,12000038_test_jpg.rf.b715ae46ceb750ed475ec42a8b5f1b11.jpg,f0e08fc337b2bc1931307871876c6502
Data/pcb_dataset2/pcb_dataset2_454/pcb_dataset2_454.jpg,pcb_dataset2_454.jpg,pcb_dataset2,12000052_test_jpg.rf.df34b419a8e2082f7861ab009e5b19f8.jpg,9e0e2733e7d59632e7406b601c4e47c0
Data/pcb_dataset2/pcb_dataset2_455/pcb_dataset2_455.jpg,pcb_dataset2_455.jpg,pcb_dataset2,12000068_test_jpg.rf.8f88181b3b285ab9b4f9375dcddb2343.jpg,6abeab019c7251c3fc355e9220311f57
Data/pcb_dataset2/pcb_dataset2_456/pcb_dataset2_456.jpg,pcb_dataset2_456.jpg,pcb_dataset2,12000102_test_jpg.rf.dd8ccbe17a42edbdc45c2e672699f508.jpg,5fbacd21d89d6c541bd6ab4f0e963ac2
Data/pcb_dataset2/pcb_dataset2_457/pcb_dataset2_457.jpg,pcb_dataset2_457.jpg,pcb_dataset2,12000136_test_jpg.rf.96a73bdfbdd6a7f5d134b234355650e1.jpg,dd27b0a7ef338cfc006c1361df1dc696
Data/pcb_dataset2/pcb_dataset2_458/pcb_dataset2_458.jpg,pcb_dataset2_458.jpg,pcb_dataset2,12000155_test_jpg.rf.00ed0c0877dfdff5aa62b6147dd178e3.jpg,3c4abeb69f29d0a37c775bd3d14f994b
Data/pcb_dataset2/pcb_dataset2_459/pcb_dataset2_459.jpg,pcb_dataset2_459.jpg,pcb_dataset2,12000187_test_jpg.rf.b270e1e79da2a0b1052a7267e6bcaf54.jpg,1c122ce4adabd020d73242c607443a19
Data/pcb_dataset2/pcb_dataset2_46/pcb_dataset2_46.jpg,pcb_dataset2_46.jpg,pcb_dataset2,00041219_test_jpg.rf.12efc514fb03e2980b257765928c006c.jpg,378cae0cd4cb2545035ceb1268c32b5b
Data/pcb_dataset2/pcb_dataset2_460/pcb_dataset2_460.jpg,pcb_dataset2_460.jpg,pcb_dataset2,12000593_test_jpg.rf.2d3b371511c5f27b1734f45115239101.jpg,943134710d16a1062a90991bc864a498
Data/pcb_dataset2/pcb_dataset2_461/pcb_dataset2_461.jpg,pcb_dataset2_461.jpg,pcb_dataset2,12100001_test_jpg.rf.916b33d321240e63f8b262f7cd8c787d.jpg,12baf0f02d61c2798df390971bec37b3
Data/pcb_dataset2/pcb_dataset2_462/pcb_dataset2_462.jpg,pcb_dataset2_462.jpg,pcb_dataset2,12100002_test_jpg.rf.62e7cd7ce066a2c4adea1938f9281c62.jpg,39cdada5d5ce35f72588353387b3d483
Data/pcb_dataset2/pcb_dataset2_463/pcb_dataset2_463.jpg,pcb_dataset2_463.jpg,pcb_dataset2,12100003_test_jpg.rf.a4fe35df6d93d878d2bd09403b0937ec.jpg,4bdea094d350fcd3d8ae287582a35605
Data/pcb_dataset2/pcb_dataset2_464/pcb_dataset2_464.jpg,pcb_dataset2_464.jpg,pcb_dataset2,12100004_test_jpg.rf.da2c52e2a7018ec8a24e7c9ed479c9ee.jpg,476b773dfd3f88878742670d98997400
Data/pcb_dataset2/pcb_dataset2_465/pcb_dataset2_465.jpg,pcb_dataset2_465.jpg,pcb_dataset2,12100005_test_jpg.rf.345b66d5086d085e34d361499c1320d1.jpg,858c70a4430c00fab878c38663f27e6c
Data/pcb_dataset2/pcb_dataset2_466/pcb_dataset2_466.jpg,pcb_dataset2_466.jpg,pcb_dataset2,12100007_test_jpg.rf.9514faf20cb2278d24a663a37ba19a13.jpg,698226569c4a724d566e472ebba6cb16
Data/pcb_dataset2/pcb_dataset2_467/pcb_dataset2_467.jpg,pcb_dataset2_467.jpg,pcb_dataset2,12100008_test_jpg.rf.3c8710d2586dc86e86aa3a16e4c552ed.jpg,451ec341b462fba849518cb9069163f1
Data/pcb_dataset2/pcb_dataset2_468/pcb_dataset2_468.jpg,pcb_dataset2_468.jpg,pcb_dataset2,12100009_test_jpg.rf.4dff12380841815757eb50b7072997b1.jpg,2794b625a9e03116d1f3e97f17cace84
Data/pcb_dataset2/pcb_dataset2_469/pcb_dataset2_469.jpg,pcb_dataset2_469.jpg,pcb_dataset2,12100011_test_jpg.rf.624d1d99c871c6ace87e545e9125cdf6.jpg,261ef72af42a6dcb1aafc5e7e2eb6363
Data/pcb_dataset2/pcb_dataset2_47/pcb_dataset2_47.jpg,pcb_dataset2_47.jpg,pcb_dataset2,12000119_test_jpg.rf.bae55c7c7a2019da4ab4f9bd4f53a539.jpg,b8d7b090b876b69eeda9fb072075d22c
Data/pcb_dataset2/pcb_dataset2_470/pcb_dataset2_470.jpg,pcb_dataset2_470.jpg,pcb_dataset2,12100012_test_jpg.rf.c5266880e0292177d16526f19282edaf.jpg,c0a4a519f42705e0504140f38cc5e632
Data/pcb_dataset2/pcb_dataset2_471/pcb_dataset2_471.jpg,pcb_dataset2_471.jpg,pcb_dataset2,12100013_test_jpg.rf.94f2934a2694475a5dde6a3c35b121ee.jpg,b533827c2d9fe3084b9c5d0f6f23ddb6
Data/pcb_dataset2/pcb_dataset2_472/pcb_dataset2_472.jpg,pcb_dataset2_472.jpg,pcb_dataset2,12100015_test_jpg.rf.c3eccd663c33dac55afd8542bcfac956.jpg,e47cac2cd3b9aa6349bd5e657cd1877d
Data/pcb_dataset2/pcb_dataset2_473/pcb_dataset2_473.jpg,pcb_dataset2_473.jpg,pcb_dataset2,12100018_test_jpg.rf.2774295110212253fb454965264a5289.jpg,f0e003a2b79fa5658e8b18f836d14a47
Data/pcb_dataset2/pcb_dataset2_474/pcb_dataset2_474.jpg,pcb_dataset2_474.jpg,pcb_dataset2,12100021_test_jpg.rf.eef0c5736110e14b06a764efa466503f.jpg,bbb2a19c3d5c015be834b45cdf560192
Data/pcb_dataset2/pcb_dataset2_475/pcb_dataset2_475.jpg,pcb_dataset2_475.jpg,pcb_dataset2,12100022_test_jpg.rf.57dc5fdd3216f06dbf05b3fd7f54150d.jpg,eee28035f70c731901fd9252e031d5a5
Data/pcb_dataset2/pcb_dataset2_476/pcb_dataset2_476.jpg,pcb_dataset2_476.jpg,pcb_dataset2,12100023_test_jpg.rf.356762aeb1ac21b782e318dc60653048.jpg,de003af1b766506852d37d831676ff37
Data/pcb_dataset2/pcb_dataset2_477/pcb_dataset2_477.jpg,pcb_dataset2_477.jpg,pcb_dataset2,12100024_test_jpg.rf.57acd3d309afd10b2d87b59a9a710c3d.jpg,bdf9f179443849c0d66e482275faa3d2
Data/pcb_dataset2/pcb_dataset2_478/pcb_dataset2_478.jpg,pcb_dataset2_478.jpg,pcb_dataset2,12100026_test_jpg.rf.f2135051e97087554eaa9e14acfeae0f.jpg,ea815bbb791afa2d31efa8229230d1d8
Data/pcb_dataset2/pcb_dataset2_479/pcb_dataset2_479.jpg,pcb_dataset2_479.jpg,pcb_dataset2,12100027_test_jpg.rf.b738f87ea6ccf3bd3b2def12bb9f3ab9.jpg,f6c2e9451bebde7c9907e0d26c01833e
Data/pcb_dataset2/pcb_dataset2_48/pcb_dataset2_48.jpg,pcb_dataset2_48.jpg,pcb_dataset2,12000171_test_jpg.rf.1409bdd527a1ff46ea18e92ab211793a.jpg,730994c39b73d06c9ae9beed82df7516
Data/pcb_dataset2/pcb_dataset2_480/pcb_dataset2_480.jpg,pcb_dataset2_480.jpg,pcb_dataset2,12100028_test_jpg.rf.50625736596567649b3d76a8cee0a799.jpg,0c86400a5f33af9cbd5a958ffc9cfe6d
Data/pcb_dataset2/pcb_dataset2_481/pcb_dataset2_481.jpg,pcb_dataset2_481.jpg,pcb_dataset2,12100029_test_jpg.rf.852c84015bce0acded54a74daf1c8313.jpg,c24c7161e5ff96cb42f88511d64fe0f1
Data/pcb_dataset2/pcb_dataset2_482/pcb_dataset2_482.jpg,pcb_dataset2_482.jpg,pcb_dataset2,12100030_test_jpg.rf.661ec5cc32d56986d6a5b79edbfbe581.jpg,59a48edd7d254b706696bd7901154002
Data/pcb_dataset2/pcb_dataset2_483/pcb_dataset2_483.jpg,pcb_dataset2_483.jpg,pcb_dataset2,12100034_test_jpg.rf.58ac68fab5d001769f6fc3056631c4cd.jpg,1056fac61b4dede2ee5728c65959b325
Data/pcb_dataset2/pcb_dataset2_484/pcb_dataset2_484.jpg,pcb_dataset2_484.jpg,pcb_dataset2,12100035_test_jpg.rf.038ff8d1f883c4c85f9f96b207c86eaa.jpg,0245e0272ee9b5e8757061bb1c03b475
Data/pcb_dataset2/pcb_dataset2_485/pcb_dataset2_485.jpg,pcb_dataset2_485.jpg,pcb_dataset2,12100037_test_jpg.rf.ef5fb0b7ce613933cafdb623041a0cfd.jpg,adc4d6b19781b2d86b64ad734ca5cf14
Data/pcb_dataset2/pcb_dataset2_486/pcb_dataset2_486.jpg,pcb_dataset2_486.jpg,pcb_dataset2,12100038_test_jpg.rf.05285c98547ebb78e8eaf35e4ed36b5a.jpg,9960f154057c2a968bd34f02153b3a88
Data/pcb_dataset2/pcb_dataset2_487/pcb_dataset2_487.jpg,pcb_dataset2_487.jpg,pcb_dataset2,12100039_test_jpg.rf.a7a213991ee3faa7bfeb5bb100b19c29.jpg,2f8464f299e2fc2d65994ac95d029866
Data/pcb_dataset2/pcb_dataset2_488/pcb_dataset2_488.jpg,pcb_dataset2_488.jpg,pcb_dataset2,12100040_test_jpg.rf.15dabe31cd36da61e5c91645156789fe.jpg,ecb4790e0a6db2f12b9aea919cf2c39d
Data/pcb_dataset2/pcb_dataset2_489/pcb_dataset2_489.jpg,pcb_dataset2_489.jpg,pcb_dataset2,12100041_test_jpg.rf.14f8b748ef2c65b607108edd4dc4741e.jpg,2053bb4dc225af8fb45aa8e3ad432121
Data/pcb_dataset2/pcb_dataset2_49/pcb_dataset2_49.jpg,pcb_dataset2_49.jpg,pcb_dataset2,12100000_test_jpg.rf.fa8fe37e24ef14d0df822b4838c38146.jpg,9975993b4c3be878743806ca010264fc
Data/pcb_dataset2/pcb_dataset2_490/pcb_dataset2_490.jpg,pcb_dataset2_490.jpg,pcb_dataset2,12100042_test_jpg.rf.f536b34e7a0e3ef5f4f4dd495889f571.jpg,080bfb7e0101071fed31d444a1a60563
Data/pcb_dataset2/pcb_dataset2_491/pcb_dataset2_491.jpg,pcb_dataset2_491.jpg,pcb_dataset2,12100044_test_jpg.rf.34321c66113dfaadba3bd901ac7de261.jpg,d42a8f242c34a37be0491e4279222d1d
Data/pcb_dataset2/pcb_dataset2_492/pcb_dataset2_492.jpg,pcb_dataset2_492.jpg,pcb_dataset2,12100046_test_jpg.rf.e45f54102b40c47610c1909a13d48c63.jpg,eac1621dea0024431d21d242ebc960aa
Data/pcb_dataset2/pcb_dataset2_493/pcb_dataset2_493.jpg,pcb_dataset2_493.jpg,pcb_dataset2,12100047_test_jpg.rf.a7ced8f49fffe939981ea59b100d008f.jpg,555b821d3ddc46d196126d30e15d2a70
Data/pcb_dataset2/pcb_dataset2_494/pcb_dataset2_494.jpg,pcb_dataset2_494.jpg,pcb_dataset2,12100048_test_jpg.rf.8b7dc976b0cd5431583bf0861c2c59af.jpg,40fd24b967bea6086e5e2ed0ee938915
Data/pcb_dataset2/pcb_dataset2_495/pcb_dataset2_495.jpg,pcb_dataset2_495.jpg,pcb_dataset2,12100050_test_jpg.rf.9ca133547d955f7dc1eba0237757f3c6.jpg,4cac4600731fc5a10287fdb723fa19e9
Data/pcb_dataset2/pcb_dataset2_496/pcb_dataset2_496.jpg,pcb_dataset2_496.jpg,pcb_dataset2,12100052_test_jpg.rf.645927dd3b940d8f926d302a91c6f4d2.jpg,0548a5862dab4ddb4d290b1b324c7736
Data/pcb_dataset2/pcb_dataset2_497/pcb_dataset2_497.jpg,pcb_dataset2_497.jpg,pcb_dataset2,12100054_test_jpg.rf.6664811cf5ed7e220d47f7c3e5152a58.jpg,18efe115bc694d6566dc78076338f26a
Data/pcb_dataset2/pcb_dataset2_498/pcb_dataset2_498.jpg,pcb_dataset2_498.jpg,pcb_dataset2,12100055_test_jpg.rf.b1ee675116d0f11617e95e96cf8e6ef0.jpg,cb71fc08de766907184c3cba940601e4
Data/pcb_dataset2/pcb_dataset2_499/pcb_dataset2_499.jpg,pcb_dataset2_499.jpg,pcb_dataset2,12100056_test_jpg.rf.db15f652260f6444664c17af8fe61af0.jpg,9e87effa5a51ad77be72799b6e1ffe7e
Data/pcb_dataset2/pcb_dataset2_5/pcb_dataset2_5.jpg,pcb_dataset2_5.jpg,pcb_dataset2,00041032_test_jpg.rf.a5adb6dec18f589b4f30f15fac6338b7.jpg,072ec242ba3ca246e165773114d5a30f
Data/pcb_dataset2/pcb_dataset2_50/pcb_dataset2_50.jpg,pcb_dataset2_50.jpg,pcb_dataset2,12100014_test_jpg.rf.84bb65a22eb94be326e7307ade689b1c.jpg,f9b4568a02e7248dd0d9540e1d31fae9
Data/pcb_dataset2/pcb_dataset2_500/pcb_dataset2_500.jpg,pcb_dataset2_500.jpg,pcb_dataset2,12100058_test_jpg.rf.ec36d5d21a9138c0e61d7fe2574feac9.jpg,e8f4670a79a699739f01519b3c274976
Data/pcb_dataset2/pcb_dataset2_501/pcb_dataset2_501.jpg,pcb_dataset2_501.jpg,pcb_dataset2,12100059_test_jpg.rf.dce25f849f284641f3cb4283edffb6ea.jpg,b70832eb00a2f50d263fc24d814ab765
Data/pcb_dataset2/pcb_dataset2_502/pcb_dataset2_502.jpg,pcb_dataset2_502.jpg,pcb_dataset2,12100060_test_jpg.rf.ee9b8ae16a249591ee96efa530f5e7bf.jpg,17a3db4c993ef83a1356ff504e6908d1
Data/pcb_dataset2/pcb_dataset2_503/pcb_dataset2_503.jpg,pcb_dataset2_503.jpg,pcb_dataset2,12100061_test_jpg.rf.a3dab260035ee917a6a7b726f6b695b5.jpg,1b837351e1cc3f998e197f9260960f99
Data/pcb_dataset2/pcb_dataset2_504/pcb_dataset2_504.jpg,pcb_dataset2_504.jpg,pcb_dataset2,12100063_test_jpg.rf.99a4766eed86c2e9d70ae5724da125d3.jpg,1eef30c714c44c1ee4d327c6e23ab3ef
Data/pcb_dataset2/pcb_dataset2_505/pcb_dataset2_505.jpg,pcb_dataset2_505.jpg,pcb_dataset2,12100065_test_jpg.rf.0731b51feaf33a8c0c7d55d677af827e.jpg,d567f320bf47ab52d96a85c3f0dc0cc4
Data/pcb_dataset2/pcb_dataset2_506/pcb_dataset2_506.jpg,pcb_dataset2_506.jpg,pcb_dataset2,12100121_test_jpg.rf.44b211604d5d739e52df5d7b1ab7895f.jpg,06d70fd310b35a6e500d42c91eb5bcf9
Data/pcb_dataset2/pcb_dataset2_507/pcb_dataset2_507.jpg,pcb_dataset2_507.jpg,pcb_dataset2,12100122_test_jpg.rf.e976102b5874ae2b03d5bfc95ac6d4d3.jpg,7ccb1b02b94764dc67e7f23493d695ef
Data/pcb_dataset2/pcb_dataset2_508/pcb_dataset2_508.jpg,pcb_dataset2_508.jpg,pcb_dataset2,12100123_test_jpg.rf.1e1c83f9625acdf6aee1718330adbdde.jpg,7bbca0ad3305e9549036de9a88189b27
Data/pcb_dataset2/pcb_dataset2_509/pcb_dataset2_509.jpg,pcb_dataset2_509.jpg,pcb_dataset2,12100126_test_jpg.rf.4d6e6c264fab8250083fc4c58c0d4ae7.jpg,1ac6b695ec69b8f0ba20568b89a9fb94
Data/pcb_dataset2/pcb_dataset2_51/pcb_dataset2_51.jpg,pcb_dataset2_51.jpg,pcb_dataset2,12100016_test_jpg.rf.66784e27fd3920522fa980c611ade60b.jpg,c3e2a5ddd50a145a5aa924e7d4c1df80
Data/pcb_dataset2/pcb_dataset2_510/pcb_dataset2_510.jpg,pcb_dataset2_510.jpg,pcb_dataset2,12100127_test_jpg.rf.b617ab56babbed2e464cd413cbd6f3ad.jpg,73a75611cb084589ebad3a1a459c1b4e
Data/pcb_dataset2/pcb_dataset2_511/pcb_dataset2_511.jpg,pcb_dataset2_511.jpg,pcb_dataset2,12100128_test_jpg.rf.e3f0c2eeb65bde48a7e2b5aebe560d2e.jpg,b4f94da5d4dd345e0e3ef7d227c05511
Data/pcb_dataset2/pcb_dataset2_512/pcb_dataset2_512.jpg,pcb_dataset2_512.jpg,pcb_dataset2,12100129_test_jpg.rf.97ef0b0caca7de1a7c18481643fcc733.jpg,0d23a9167ee54d8694e3e8fd9b0f6843
Data/pcb_dataset2/pcb_dataset2_513/pcb_dataset2_513.jpg,pcb_dataset2_513.jpg,pcb_dataset2,12100130_test_jpg.rf.cf0e986556d3f9b9c45ceeb7f7a26ef6.jpg,bd5eec2a2010bc9e2fe905be821ee65b
Data/pcb_dataset2/pcb_dataset2_514/pcb_dataset2_514.jpg,pcb_dataset2_514.jpg,pcb_dataset2,12100131_test_jpg.rf.bc87bb6ab707606146a53261a2532844.jpg,8daf6a1a5de1dca2ee57bac4c9d2599d
Data/pcb_dataset2/pcb_dataset2_515/pcb_dataset2_515.jpg,pcb_dataset2_515.jpg,pcb_dataset2,12100132_test_jpg.rf.4ed97868c6684a47dd9ba55a2e3947ca.jpg,ded326255b46490d45654e710209b84c
Data/pcb_dataset2/pcb_dataset2_516/pcb_dataset2_516.jpg,pcb_dataset2_516.jpg,pcb_dataset2,12100133_test_jpg.rf.542f18ec10a566b6343e744f396a25f6.jpg,f7b4fdef215dc1e17584fbebb4c65e49
Data/pcb_dataset2/pcb_dataset2_517/pcb_dataset2_517.jpg,pcb_dataset2_517.jpg,pcb_dataset2,12100134_test_jpg.rf.0b19872245ff09c166b2ddfa1196510d.jpg,11c6d28d7119aa4713b02013b8019437
Data/pcb_dataset2/pcb_dataset2_518/pcb_dataset2_518.jpg,pcb_dataset2_518.jpg,pcb_dataset2,12100135_test_jpg.rf.0c3e0b239d0bab3a717f2023a5d6b6de.jpg,941acd9b4f7fc992c9d5faf616eff41f
Data/pcb_dataset2/pcb_dataset2_519/pcb_dataset2_519.jpg,pcb_dataset2_519.jpg,pcb_dataset2,12100137_test_jpg.rf.8ff924bb0ee200116c415214929906ac.jpg,f7437276bdbe623f917b4ae5f6ad7e9f
Data/pcb_dataset2/pcb_dataset2_52/pcb_dataset2_52.jpg,pcb_dataset2_52.jpg,pcb_dataset2,12100020_test_jpg.rf.bee6aa31c2525aeec4d3147768b4b4df.jpg,dc4de246426f8c9bc58316f716d14aab
Data/pcb_dataset2/pcb_dataset2_520/pcb_dataset2_520.jpg,pcb_dataset2_520.jpg,pcb_dataset2,12100138_test_jpg.rf.8497c94173b3ea7f097be4677ddf13a7.jpg,376e61260f25d3fb7248a514e0d3a9bd
Data/pcb_dataset2/pcb_dataset2_521/pcb_dataset2_521.jpg,pcb_dataset2_521.jpg,pcb_dataset2,12100139_test_jpg.rf.3a51585784e2982abca324f564c10a66.jpg,b95039b5d256d7c9b54bf71f2d1ad19e
Data/pcb_dataset2/pcb_dataset2_522/pcb_dataset2_522.jpg,pcb_dataset2_522.jpg,pcb_dataset2,12100140_test_jpg.rf.f25f2bc387e830a3e89f328aa0c0eb74.jpg,7148b39c3f69c0494069abf5c4375bf9
Data/pcb_dataset2/pcb_dataset2_523/pcb_dataset2_523.jpg,pcb_dataset2_523.jpg,pcb_dataset2,12100141_test_jpg.rf.4217cc3e0cb3c09167c21668bcd50c08.jpg,9f7e132306360fb11fc13f0ff12c520d
Data/pcb_dataset2/pcb_dataset2_524/pcb_dataset2_524.jpg,pcb_dataset2_524.jpg,pcb_dataset2,12100142_test_jpg.rf.fc69b2ddafeb7ab369e7ba7a8343dffb.jpg,a974f5b7efa80eaec3e691a7f4f180c6
Data/pcb_dataset2/pcb_dataset2_525/pcb_dataset2_525.jpg,pcb_dataset2_525.jpg,pcb_dataset2,12100144_test_jpg.rf.effce09abff5fa39292540e6672d3ce0.jpg,281a2c43926ed994a0f1ba0dc2fca037
Data/pcb_dataset2/pcb_dataset2_526/pcb_dataset2_526.jpg,pcb_dataset2_526.jpg,pcb_dataset2,12100145_test_jpg.rf.2d683932ae1ffda70e9b0044f64270c2.jpg,8c134d843243555dee49d5b071ea5dcb
Data/pcb_dataset2/pcb_dataset2_527/pcb_dataset2_527.jpg,pcb_dataset2_527.jpg,pcb_dataset2,12100146_test_jpg.rf.d67718a23f6e521e446633c1db94423a.jpg,a1f0050e45f2221b106b5c443a3c70cc
Data/pcb_dataset2/pcb_dataset2_528/pcb_dataset2_528.jpg,pcb_dataset2_528.jpg,pcb_dataset2,12100147_test_jpg.rf.21d6d8f816f5eb4b39c4871f5b791334.jpg,a61e0005b5b92f12db5261918c83a6fb
Data/pcb_dataset2/pcb_dataset2_529/pcb_dataset2_529.jpg,pcb_dataset2_529.jpg,pcb_dataset2,12100148_test_jpg.rf.193645f52afcca311815263de9202f61.jpg,100a9063e721a27a376f1aa8e1745357
Data/pcb_dataset2/pcb_dataset2_53/pcb_dataset2_53.jpg,pcb_dataset2_53.jpg,pcb_dataset2,12100031_test_jpg.rf.c40cadc88790f645a34cc18096302121.jpg,d854f0e8bfeb0f082869360fd6a2d57a
Data/pcb_dataset2/pcb_dataset2_530/pcb_dataset2_530.jpg,pcb_dataset2_530.jpg,pcb_dataset2,12100150_test_jpg.rf.049f4a78ed7277549fdd32c429e236c9.jpg,52c81245103a0b3efab3111b4dc67a30
Data/pcb_dataset2/pcb_dataset2_531/pcb_dataset2_531.jpg,pcb_dataset2_531.jpg,pcb_dataset2,12100151_test_jpg.rf.ea782b6bf4a66820ea9bb3cf8d13ce4e.jpg,4d6c64f4718a8d4ff6454ecda163130c
Data/pcb_dataset2/pcb_dataset2_532/pcb_dataset2_532.jpg,pcb_dataset2_532.jpg,pcb_dataset2,12100152_test_jpg.rf.cac6b79c228d7ff5c91555dac263d5d3.jpg,5ae20077c8c6fa49311c1538ccaed8f4
Data/pcb_dataset2/pcb_dataset2_533/pcb_dataset2_533.jpg,pcb_dataset2_533.jpg,pcb_dataset2,12100153_test_jpg.rf.a29f0a3b74788a5008cd75f062bcfa8d.jpg,c287afc80b75ff0183de3e5d78af8880
Data/pcb_dataset2/pcb_dataset2_534/pcb_dataset2_534.jpg,pcb_dataset2_534.jpg,pcb_dataset2,12100154_test_jpg.rf.52a1346e3fcbd45cf24dad1a270dbcd3.jpg,51b997e9c05fd49e07bff96031f0f3a9
Data/pcb_dataset2/pcb_dataset2_535/pcb_dataset2_535.jpg,pcb_dataset2_535.jpg,pcb_dataset2,12100156_test_jpg.rf.cdb2a6984bf3e9a80d1328b9c3550a50.jpg,49d5c76fdca278f1ae54b43fa0abc1b9
Data/pcb_dataset2/pcb_dataset2_536/pcb_dataset2_536.jpg,pcb_dataset2_536.jpg,pcb_dataset2,12100157_test_jpg.rf.2013a1edbff9d4f8bbe76882bb71245c.jpg,5fa1f68646d6318ef674ea31a0851da5
Data/pcb_dataset2/pcb_dataset2_537/pcb_dataset2_537.jpg,pcb_dataset2_537.jpg,pcb_dataset2,12100159_test_jpg.rf.e69075a35e534505cb027684b9a6337a.jpg,da7fcfc28595c23054e8019881f77d94
Data/pcb_dataset2/pcb_dataset2_538/pcb_dataset2_538.jpg,pcb_dataset2_538.jpg,pcb_dataset2,12100162_test_jpg.rf.15b2bd12c6c9d6019e75ec8a75ee33ea.jpg,62cac289a8a37cedd0db58e84836a4c4
Data/pcb_dataset2/pcb_dataset2_539/pcb_dataset2_539.jpg,pcb_dataset2_539.jpg,pcb_dataset2,12100164_test_jpg.rf.47d0313dcf5121ff01708fd2018d857f.jpg,cb2758afcd8a8b099e15d2918f1b0638
Data/pcb_dataset2/pcb_dataset2_54/pcb_dataset2_54.jpg,pcb_dataset2_54.jpg,pcb_dataset2,12100032_test_jpg.rf.d31d3ba9bb03235af4d8fae57f820073.jpg,0c121a7e607fa80806e9543728b4090b
Data/pcb_dataset2/pcb_dataset2_540/pcb_dataset2_540.jpg,pcb_dataset2_540.jpg,pcb_dataset2,12100165_test_jpg.rf.31f3a2eb842f654324240387af4e117e.jpg,512b9901b7611ecef26057a6b54658af
Data/pcb_dataset2/pcb_dataset2_541/pcb_dataset2_541.jpg,pcb_dataset2_541.jpg,pcb_dataset2,12100166_test_jpg.rf.51bad26b5fa3bc2330e6769f0b18fc07.jpg,59547cb1de38e89229640feaeab0b8ec
Data/pcb_dataset2/pcb_dataset2_542/pcb_dataset2_542.jpg,pcb_dataset2_542.jpg,pcb_dataset2,12100168_test_jpg.rf.128da111981864e52685e39cf52ceb5a.jpg,8d451a9d9e15d3648ba22f37ad183738
Data/pcb_dataset2/pcb_dataset2_543/pcb_dataset2_543.jpg,pcb_dataset2_543.jpg,pcb_dataset2,12100169_test_jpg.rf.0bab6d9fe7ecde8b1bb86c7b84c239d0.jpg,b09294ccee23388b9a5e51567cb8e641
Data/pcb_dataset2/pcb_dataset2_544/pcb_dataset2_544.jpg,pcb_dataset2_544.jpg,pcb_dataset2,12100172_test_jpg.rf.4423fee1b43cb0898a67a3f4e494ddb5.jpg,eae2bbe5c7adb9700eb8b7a8bbb4c12b
Data/pcb_dataset2/pcb_dataset2_545/pcb_dataset2_545.jpg,pcb_dataset2_545.jpg,pcb_dataset2,12100173_test_jpg.rf.52b14cb53ef0ba4eaaf87e4e57da7abe.jpg,31c7113e458d7f20624f8167589e2f17
Data/pcb_dataset2/pcb_dataset2_546/pcb_dataset2_546.jpg,pcb_dataset2_546.jpg,pcb_dataset2,12100174_test_jpg.rf.5757218332bad36078131515f0fa2c0f.jpg,d2301cefeffd12b8cf4f74bfeaa29955
Data/pcb_dataset2/pcb_dataset2_547/pcb_dataset2_547.jpg,pcb_dataset2_547.jpg,pcb_dataset2,12100175_test_jpg.rf.677718d47d72c767ffc8cee49b536b34.jpg,164ab5eb85980c0a106b43432333d6fa
Data/pcb_dataset2/pcb_dataset2_548/pcb_dataset2_548.jpg,pcb_dataset2_548.jpg,pcb_dataset2,12100177_test_jpg.rf.7de4eff06972a03eec94ae37bad5be2a.jpg,7e7ffd5c6ac2bb90774bf972f3b60c03
Data/pcb_dataset2/pcb_dataset2_549/pcb_dataset2_549.jpg,pcb_dataset2_549.jpg,pcb_dataset2,12100182_test_jpg.rf.a3bc37de598e2388626daca538b1b704.jpg,017069005278b7ba83372bb38ff8e588
Data/pcb_dataset2/pcb_dataset2_55/pcb_dataset2_55.jpg,pcb_dataset2_55.jpg,pcb_dataset2,12100049_test_jpg.rf.c50241f463dd27a141b5f8ea4b2de8ad.jpg,22859ebafe0fe56642e7b1dc0c124a14
Data/pcb_dataset2/pcb_dataset2_550/pcb_dataset2_550.jpg,pcb_dataset2_550.jpg,pcb_dataset2,12100184_test_jpg.rf.661030c7dc1b67b7e90457906b2c97af.jpg,fa73650ea81eb673f8f98402d21211ae
Data/pcb_dataset2/pcb_dataset2_551/pcb_dataset2_551.jpg,pcb_dataset2_551.jpg,pcb_dataset2,12100186_test_jpg.rf.9081b9cf46d79724c973d3f20c404887.jpg,e75029a2056c8eccf8c0b0aff9d35aea
Data/pcb_dataset2/pcb_dataset2_552/pcb_dataset2_552.jpg,pcb_dataset2_552.jpg,pcb_dataset2,12100187_test_jpg.rf.4044b6fa5227f81d5c26f977b9cb1990.jpg,e6e760cc77a2f03bab8543db2d395e2c
Data/pcb_dataset2/pcb_dataset2_553/pcb_dataset2_553.jpg,pcb_dataset2_553.jpg,pcb_dataset2,12100188_test_jpg.rf.9bf74fae92ff7ed7f4343ba626f283ee.jpg,82772cf1bcfca7f72ea6b0492eacb4f8
Data/pcb_dataset2/pcb_dataset2_554/pcb_dataset2_554.jpg,pcb_dataset2_554.jpg,pcb_dataset2,12100191_test_jpg.rf.daea0f6be123ed19224879bb832a2814.jpg,fba45ad2d587762ea5268394e04a824c
Data/pcb_dataset2/pcb_dataset2_555/pcb_dataset2_555.jpg,pcb_dataset2_555.jpg,pcb_dataset2,12100194_test_jpg.rf.1001e7c611ba56e93a8d9c0010a8b73a.jpg,c4dab0754b4c4fa6e4711c0f8832c52e
Data/pcb_dataset2/pcb_dataset2_556/pcb_dataset2_556.jpg,pcb_dataset2_556.jpg,pcb_dataset2,12100195_test_jpg.rf.a88623dfdfa17928dfebcd7057bb211b.jpg,7864ea6861bcbf96ecaaac4156f170be
Data/pcb_dataset2/pcb_dataset2_557/pcb_dataset2_557.jpg,pcb_dataset2_557.jpg,pcb_dataset2,12100197_test_jpg.rf.b488b5c05f2d050531a93e118050da55.jpg,2e6ed544ea8f35f9afe3de946af25aff
Data/pcb_dataset2/pcb_dataset2_558/pcb_dataset2_558.jpg,pcb_dataset2_558.jpg,pcb_dataset2,12100200_test_jpg.rf.7f21c87f2aea94b1a6d6823a6aa640ae.jpg,d1ecc3df8f6fe4bf5354dde42a8137ce
Data/pcb_dataset2/pcb_dataset2_559/pcb_dataset2_559.jpg,pcb_dataset2_559.jpg,pcb_dataset2,12300060_test_jpg.rf.d70a5c706af4f2b02ba4ece2d56c1f47.jpg,2816c5b395bd25e233c40e0565508ae9
Data/pcb_dataset2/pcb_dataset2_56/pcb_dataset2_56.jpg,pcb_dataset2_56.jpg,pcb_dataset2,12100051_test_jpg.rf.a88ec02040c9840d45dee27709da9f64.jpg,8987679ec99e03c27fd4923419ca6e69
Data/pcb_dataset2/pcb_dataset2_560/pcb_dataset2_560.jpg,pcb_dataset2_560.jpg,pcb_dataset2,12300061_test_jpg.rf.ba823111411c5f019ed0426d7f2c1084.jpg,91b71a297189519813329a3cd971fece
Data/pcb_dataset2/pcb_dataset2_561/pcb_dataset2_561.jpg,pcb_dataset2_561.jpg,pcb_dataset2,12300062_test_jpg.rf.2d8bcd151215fe71c9035d7fb3bbb5b6.jpg,5d082790209f26ac62d3366dd966c1bd
Data/pcb_dataset2/pcb_dataset2_562/pcb_dataset2_562.jpg,pcb_dataset2_562.jpg,pcb_dataset2,12300063_test_jpg.rf.4ed65b5046e36f4cce6d72015562f067.jpg,6c7adcf003778f89bea3b7cb1d9cfb40
Data/pcb_dataset2/pcb_dataset2_563/pcb_dataset2_563.jpg,pcb_dataset2_563.jpg,pcb_dataset2,12300064_test_jpg.rf.f3cabd822d135583e0baac097d1231d3.jpg,e4cb70c745a1bd858b795dadfe1061e2
Data/pcb_dataset2/pcb_dataset2_564/pcb_dataset2_564.jpg,pcb_dataset2_564.jpg,pcb_dataset2,12300065_test_jpg.rf.2387ce8bcc00278182aed04d015c1212.jpg,2ef78ee811c50dd289bedcd3decb49f3
Data/pcb_dataset2/pcb_dataset2_565/pcb_dataset2_565.jpg,pcb_dataset2_565.jpg,pcb_dataset2,12300068_test_jpg.rf.a509c37dcf4a8b6ec0001e73be1af190.jpg,84da4f6f14bc01600564186e6506f70e
Data/pcb_dataset2/pcb_dataset2_566/pcb_dataset2_566.jpg,pcb_dataset2_566.jpg,pcb_dataset2,12300070_test_jpg.rf.f09c5549c296852e54e2f415e607f901.jpg,79652b735f5f4ca54ab00430671af5ca
Data/pcb_dataset2/pcb_dataset2_567/pcb_dataset2_567.jpg,pcb_dataset2_567.jpg,pcb_dataset2,12300071_test_jpg.rf.8e8c7286df36829abf79318e64e44728.jpg,68a601ee6a3bf56a1725fa521bff69d3
Data/pcb_dataset2/pcb_dataset2_568/pcb_dataset2_568.jpg,pcb_dataset2_568.jpg,pcb_dataset2,12300072_test_jpg.rf.9d9afb57b014e462dcde967c46b861f4.jpg,ea8724a344218cf2ecc8e7a6d2c33de2
Data/pcb_dataset2/pcb_dataset2_569/pcb_dataset2_569.jpg,pcb_dataset2_569.jpg,pcb_dataset2,12300073_test_jpg.rf.d8102ae53d5ecd4e81e97c36c675c9db.jpg,a657b7effbc4a2df60d5f5582d7752b8
Data/pcb_dataset2/pcb_dataset2_57/pcb_dataset2_57.jpg,pcb_dataset2_57.jpg,pcb_dataset2,12100053_test_jpg.rf.2cef982507f202dfa06cabd57b7ec4ed.jpg,01aa57bdbf061277b160317268068bdf
Data/pcb_dataset2/pcb_dataset2_570/pcb_dataset2_570.jpg,pcb_dataset2_570.jpg,pcb_dataset2,12300074_test_jpg.rf.acdad2258680f80f628e5d0c2299e426.jpg,ee83be740563f30d3c6e57e42ce8473b
Data/pcb_dataset2/pcb_dataset2_571/pcb_dataset2_571.jpg,pcb_dataset2_571.jpg,pcb_dataset2,12300075_test_jpg.rf.3d7aa305817ca1379e6cc0aee83c1c56.jpg,420c95346995751f78a76699bbd3aac4
Data/pcb_dataset2/pcb_dataset2_572/pcb_dataset2_572.jpg,pcb_dataset2_572.jpg,pcb_dataset2,12300076_test_jpg.rf.64e748d4fdb6e226f45160d23d7c243b.jpg,2453533f09d77c979e4534aac43dba1d
Data/pcb_dataset2/pcb_dataset2_573/pcb_dataset2_573.jpg,pcb_dataset2_573.jpg,pcb_dataset2,12300077_test_jpg.rf.53e4982c9a74662f6a195d3b96fbae57.jpg,77d7a0468a06987fdd6dbeee415719e5
Data/pcb_dataset2/pcb_dataset2_574/pcb_dataset2_574.jpg,pcb_dataset2_574.jpg,pcb_dataset2,12300109_test_jpg.rf.339d519251cd4dd8c1933a730c50ebf2.jpg,1919331c237071a72bb18096c577cc6c
Data/pcb_dataset2/pcb_dataset2_575/pcb_dataset2_575.jpg,pcb_dataset2_575.jpg,pcb_dataset2,12300110_test_jpg.rf.71b2e2a4007006ff7369189ed832876f.jpg,6b6acbee88d8b046d9fa0c466b08dff0
Data/pcb_dataset2/pcb_dataset2_576/pcb_dataset2_576.jpg,pcb_dataset2_576.jpg,pcb_dataset2,12300111_test_jpg.rf.064f69e3c6eba136ceef0a9f9f64ce7e.jpg,991fccf60c09f57f89b850990d578594
Data/pcb_dataset2/pcb_dataset2_577/pcb_dataset2_577.jpg,pcb_dataset2_577.jpg,pcb_dataset2,12300112_test_jpg.rf.52660d482841f74f8ccc79f480493c54.jpg,b5cd796197c48eb2e4284381a25e2511
Data/pcb_dataset2/pcb_dataset2_578/pcb_dataset2_578.jpg,pcb_dataset2_578.jpg,pcb_dataset2,12300113_test_jpg.rf.3d06863d4c57149d151af54b804fe820.jpg,d282c81b0c85103617d1db45800e652c
Data/pcb_dataset2/pcb_dataset2_579/pcb_dataset2_579.jpg,pcb_dataset2_579.jpg,pcb_dataset2,12300115_test_jpg.rf.923a5bf5d2a26b6311807a40b9b03170.jpg,b9afb65b70ebe6083b8b1ccc93780c08
Data/pcb_dataset2/pcb_dataset2_58/pcb_dataset2_58.jpg,pcb_dataset2_58.jpg,pcb_dataset2,12100057_test_jpg.rf.4bddcf87d6478b9d7c7548308b737af0.jpg,5ee79b2a997dba0ff5cadaa6137b6bb3
Data/pcb_dataset2/pcb_dataset2_580/pcb_dataset2_580.jpg,pcb_dataset2_580.jpg,pcb_dataset2,12300116_test_jpg.rf.855e2d9cb40e3a8da8db2ae1593f31d7.jpg,7202253d4af5ce9ebdf524fb78cbfd20
Data/pcb_dataset2/pcb_dataset2_581/pcb_dataset2_581.jpg,pcb_dataset2_581.jpg,pcb_dataset2,12300117_test_jpg.rf.da88f6145d6933541709b8f060b715fa.jpg,690ee7fa90935f5a50e18f7fc00c4edc
Data/pcb_dataset2/pcb_dataset2_582/pcb_dataset2_582.jpg,pcb_dataset2_582.jpg,pcb_dataset2,12300118_test_jpg.rf.81f7bb5e560e120d8e778be037a72356.jpg,3bffbb52c5a4dad5ef4350ba3682651e
Data/pcb_dataset2/pcb_dataset2_583/pcb_dataset2_583.jpg,pcb_dataset2_583.jpg,pcb_dataset2,12300123_test_jpg.rf.cba3e76d051e169c26ef4f1518f93ff7.jpg,0db58238548b17ac766b5ac189c4ab1f
Data/pcb_dataset2/pcb_dataset2_584/pcb_dataset2_584.jpg,pcb_dataset2_584.jpg,pcb_dataset2,12300124_test_jpg.rf.d5f9250a100782b2234a550914f6566c.jpg,db8c36667458596191b1123fb4949d52
Data/pcb_dataset2/pcb_dataset2_585/pcb_dataset2_585.jpg,pcb_dataset2_585.jpg,pcb_dataset2,12300125_test_jpg.rf.28e337ad6ad3af1a4c1659876f4f9abb.jpg,a4fe9e557eea4861ba1bca34af17cfd2
Data/pcb_dataset2/pcb_dataset2_586/pcb_dataset2_586.jpg,pcb_dataset2_586.jpg,pcb_dataset2,12300126_test_jpg.rf.ea3e260c1f50642738d3037e0f712529.jpg,10e16e238a2d26c60526510e8e7880d6
Data/pcb_dataset2/pcb_dataset2_587/pcb_dataset2_587.jpg,pcb_dataset2_587.jpg,pcb_dataset2,12300127_test_jpg.rf.5643321d0157291f9667cdebaa2ef77c.jpg,9e3e395a41b3adace674998e45d905c3
Data/pcb_dataset2/pcb_dataset2_588/pcb_dataset2_588.jpg,pcb_dataset2_588.jpg,pcb_dataset2,12300129_test_jpg.rf.9b1e738f8a7f4675b7d20f6a944e2723.jpg,d59f30aaf45d1180f7939d8251867aab
Data/pcb_dataset2/pcb_dataset2_589/pcb_dataset2_589.jpg,pcb_dataset2_589.jpg,pcb_dataset2,12300130_test_jpg.rf.1e41d133fdaea29a5948ea2a8f4cedc9.jpg,729adbe64502677e88f49b769c4c7ed8
Data/pcb_dataset2/pcb_dataset2_59/pcb_dataset2_59.jpg,pcb_dataset2_59.jpg,pcb_dataset2,12100062_test_jpg.rf.e4a3815c08e072175c181b7d43a570ec.jpg,c9305fe6f6d00f5d6c2b1f4837d8e3c5
Data/pcb_dataset2/pcb_dataset2_590/pcb_dataset2_590.jpg,pcb_dataset2_590.jpg,pcb_dataset2,12300131_test_jpg.rf.daee6286193c764195b840e644987e92.jpg,d31c86aa37a94710023765249e60c0e8
Data/pcb_dataset2/pcb_dataset2_591/pcb_dataset2_591.jpg,pcb_dataset2_591.jpg,pcb_dataset2,12300132_test_jpg.rf.ddb949a316f011a5b836043f6b459fcf.jpg,0b1b6ca59cc3b0f223ffadd7db247017
Data/pcb_dataset2/pcb_dataset2_592/pcb_dataset2_592.jpg,pcb_dataset2_592.jpg,pcb_dataset2,12300134_test_jpg.rf.1c66da18d4aae87389ce810e96d2ce82.jpg,337afb9834faa0a2251ad19c284291d8
Data/pcb_dataset2/pcb_dataset2_593/pcb_dataset2_593.jpg,pcb_dataset2_593.jpg,pcb_dataset2,12300135_test_jpg.rf.d492d0239537c1879ca1e5f30211806c.jpg,dcb2350e2d1983a641985d6398dcfbbe
Data/pcb_dataset2/pcb_dataset2_594/pcb_dataset2_594.jpg,pcb_dataset2_594.jpg,pcb_dataset2,12300137_test_jpg.rf.04e50f8e645e9b6415f5daaaa486dfbe.jpg,de6ec1cc0a44882690cd6df674d889a4
Data/pcb_dataset2/pcb_dataset2_595/pcb_dataset2_595.jpg,pcb_dataset2_595.jpg,pcb_dataset2,12300138_test_jpg.rf.434bc4919fb3b146b67149abe3e10876.jpg,ac45bf6549b8cdccb5c94d4b26abaa5c
Data/pcb_dataset2/pcb_dataset2_596/pcb_dataset2_596.jpg,pcb_dataset2_596.jpg,pcb_dataset2,12300139_test_jpg.rf.eb6a75f7f0b80c7ac13fddfb28d8be0c.jpg,0e5b269ce48a2a1388eafbe1c990606a
Data/pcb_dataset2/pcb_dataset2_597/pcb_dataset2_597.jpg,pcb_dataset2_597.jpg,pcb_dataset2,12300141_test_jpg.rf.154518ea6534e18ebf9a6f273094651c.jpg,6e5f52bf1f5ebed0f9d0f96f5bca835f
Data/pcb_dataset2/pcb_dataset2_598/pcb_dataset2_598.jpg,pcb_dataset2_598.jpg,pcb_dataset2,12300142_test_jpg.rf.f5cf28c2367e5d3d2fffdff9005dfbe1.jpg,128215d0ad565e9245a9c9a59ea8831f
Data/pcb_dataset2/pcb_dataset2_599/pcb_dataset2_599.jpg,pcb_dataset2_599.jpg,pcb_dataset2,12300144_test_jpg.rf.5dcd778a1ba509c007dafbca2724ef44.jpg,71410e8a0ff30ea7da09c41a156645c3
Data/pcb_dataset2/pcb_dataset2_6/pcb_dataset2_6.jpg,pcb_dataset2_6.jpg,pcb_dataset2,00041034_test_jpg.rf.5b24eae18c5297066fe8141ad9293934.jpg,36a18ae1187e79b71ea38fdba376c08f
Data/pcb_dataset2/pcb_dataset2_60/pcb_dataset2_60.jpg,pcb_dataset2_60.jpg,pcb_dataset2,12100064_test_jpg.rf.aa9259784a8b52ada8b4523d805b67b1.jpg,717c689852a2d1a54b30fb9d0e109238
Data/pcb_dataset2/pcb_dataset2_600/pcb_dataset2_600.jpg,pcb_dataset2_600.jpg,pcb_dataset2,12300145_test_jpg.rf.18a2c1be101330988c576e963f317962.jpg,db49d91444d13980e3bb235f06373621
Data/pcb_dataset2/pcb_dataset2_601/pcb_dataset2_601.jpg,pcb_dataset2_601.jpg,pcb_dataset2,12300146_test_jpg.rf.f9a9714baa8c4d2a3806474997faf220.jpg,f4a2e1b06a8ac700d54423971ffecce3
Data/pcb_dataset2/pcb_dataset2_602/pcb_dataset2_602.jpg,pcb_dataset2_602.jpg,pcb_dataset2,12300147_test_jpg.rf.527f37f1065e233c095f42e9c4e54985.jpg,116a29a16e6c18823aa4acce0b54961d
Data/pcb_dataset2/pcb_dataset2_603/pcb_dataset2_603.jpg,pcb_dataset2_603.jpg,pcb_dataset2,12300148_test_jpg.rf.c38440a2464b10f3d586a50016c96d37.jpg,5875535abb493120f61f574ccd33c43f
Data/pcb_dataset2/pcb_dataset2_604/pcb_dataset2_604.jpg,pcb_dataset2_604.jpg,pcb_dataset2,12300149_test_jpg.rf.e549281cb7d36732786ed69cb3051401.jpg,9ecddbd97e8639e7f29b68f51fecd535
Data/pcb_dataset2/pcb_dataset2_605/pcb_dataset2_605.jpg,pcb_dataset2_605.jpg,pcb_dataset2,12300152_test_jpg.rf.fd0eda8343687e32f12af02fa99ac8d3.jpg,7a0b9cabeab8b65ac4ee928d0b72d2ee
Data/pcb_dataset2/pcb_dataset2_606/pcb_dataset2_606.jpg,pcb_dataset2_606.jpg,pcb_dataset2,12300154_test_jpg.rf.98c2d176daa0f8bebb7353e389bb766a.jpg,395830540792dcfd48f3df556d642806
Data/pcb_dataset2/pcb_dataset2_607/pcb_dataset2_607.jpg,pcb_dataset2_607.jpg,pcb_dataset2,12300155_test_jpg.rf.fac2b487688b2d5428eac9808f3cae78.jpg,4c70977a7958426298acb6a1502f000a
Data/pcb_dataset2/pcb_dataset2_608/pcb_dataset2_608.jpg,pcb_dataset2_608.jpg,pcb_dataset2,12300216_test_jpg.rf.2717a1eb1377b85281f9fec659b296aa.jpg,83331eb0133e9cb51a5847b1eaf732c2
Data/pcb_dataset2/pcb_dataset2_609/pcb_dataset2_609.jpg,pcb_dataset2_609.jpg,pcb_dataset2,12300217_test_jpg.rf.800443b8b72c7f886f43aa281b73d23a.jpg,520ef587739f2c04e2998d23594dab08
Data/pcb_dataset2/pcb_dataset2_61/pcb_dataset2_61.jpg,pcb_dataset2_61.jpg,pcb_dataset2,12100124_test_jpg.rf.2fb605a5b87255395ab1bce6ca36f398.jpg,4cb2ec49209b4b64fd840ba2a9c79bd2
Data/pcb_dataset2/pcb_dataset2_610/pcb_dataset2_610.jpg,pcb_dataset2_610.jpg,pcb_dataset2,12300218_test_jpg.rf.33d0cfcfe44907ae8882c22c73d7b032.jpg,6df6657ad2f7513e20793024dd5cbd7e
Data/pcb_dataset2/pcb_dataset2_611/pcb_dataset2_611.jpg,pcb_dataset2_611.jpg,pcb_dataset2,12300219_test_jpg.rf.0476425d608a427c6edef81f4bcff005.jpg,3aab5512e7c1b231e322f25afd7fe5da
Data/pcb_dataset2/pcb_dataset2_612/pcb_dataset2_612.jpg,pcb_dataset2_612.jpg,pcb_dataset2,12300220_test_jpg.rf.b12533658366293eb444bc532069eb31.jpg,0868996f92781c9b4d534f4e74c87769
Data/pcb_dataset2/pcb_dataset2_613/pcb_dataset2_613.jpg,pcb_dataset2_613.jpg,pcb_dataset2,12300221_test_jpg.rf.e1ec22f95301f30d397f9ed766757a37.jpg,7393c5ea89d193f186e8c2192138f22f
Data/pcb_dataset2/pcb_dataset2_614/pcb_dataset2_614.jpg,pcb_dataset2_614.jpg,pcb_dataset2,12300223_test_jpg.rf.daddf19b46cdfe518804c16f5b4b4ed3.jpg,06ceb913f40817c179e61053e90469be
Data/pcb_dataset2/pcb_dataset2_615/pcb_dataset2_615.jpg,pcb_dataset2_615.jpg,pcb_dataset2,12300224_test_jpg.rf.51536e6ad41256f88e1c65626f4c6e97.jpg,a71ca0e16862caceebd539a41e46b087
Data/pcb_dataset2/pcb_dataset2_616/pcb_dataset2_616.jpg,pcb_dataset2_616.jpg,pcb_dataset2,12300225_test_jpg.rf.59ed6a69828abad0345aed4b171d0148.jpg,728fd335f4504fdfb5a72e52e634cfd1
Data/pcb_dataset2/pcb_dataset2_617/pcb_dataset2_617.jpg,pcb_dataset2_617.jpg,pcb_dataset2,12300227_test_jpg.rf.e1a6f1b0321b982fedde8dfd3b454d41.jpg,958297305957676febb9cd7c611c5468
Data/pcb_dataset2/pcb_dataset2_618/pcb_dataset2_618.jpg,pcb_dataset2_618.jpg,pcb_dataset2,12300228_test_jpg.rf.5df1269677f16bf2cef5fd2914623327.jpg,475dcf973571704455e8b87e737ef51f
Data/pcb_dataset2/pcb_dataset2_619/pcb_dataset2_619.jpg,pcb_dataset2_619.jpg,pcb_dataset2,12300229_test_jpg.rf.50f87065f9825eb9f8d20a75f8c310b6.jpg,212a36a8df36de95a7cd4dd68333f6fe
Data/pcb_dataset2/pcb_dataset2_62/pcb_dataset2_62.jpg,pcb_dataset2_62.jpg,pcb_dataset2,12100136_test_jpg.rf.b8bd19ab9d2423660cd6fbf19289a051.jpg,99e923867a18d293489a11bc245ca5b8
Data/pcb_dataset2/pcb_dataset2_620/pcb_dataset2_620.jpg,pcb_dataset2_620.jpg,pcb_dataset2,12300230_test_jpg.rf.c50089ed0db07b4477ad2ccf77dce9d8.jpg,3e81c071bb82b3fed16b136e9b7fe626
Data/pcb_dataset2/pcb_dataset2_621/pcb_dataset2_621.jpg,pcb_dataset2_621.jpg,pcb_dataset2,12300234_test_jpg.rf.2914280995306357bdc2cde98cb33a72.jpg,f60d59223631f920675378984ca7f8ec
Data/pcb_dataset2/pcb_dataset2_622/pcb_dataset2_622.jpg,pcb_dataset2_622.jpg,pcb_dataset2,12300235_test_jpg.rf.1dde3501199c6692ddec57f15c37e2b8.jpg,e97cf2f1222263decc9da6d41724c0b6
Data/pcb_dataset2/pcb_dataset2_623/pcb_dataset2_623.jpg,pcb_dataset2_623.jpg,pcb_dataset2,12300236_test_jpg.rf.41c03544ca6e5f7457e19f649b1be3c9.jpg,df9d1417ca766543ec1c756d93907b7d
Data/pcb_dataset2/pcb_dataset2_624/pcb_dataset2_624.jpg,pcb_dataset2_624.jpg,pcb_dataset2,12300237_test_jpg.rf.70d57f7fa6ffdd127ba4383f4b130d9c.jpg,c7ffa28f9638c9a839b57b8095e23188
Data/pcb_dataset2/pcb_dataset2_625/pcb_dataset2_625.jpg,pcb_dataset2_625.jpg,pcb_dataset2,12300240_test_jpg.rf.fa29af4257b9d03ac33eb2be22dbd7d1.jpg,93c82c61bafda13dc4c26853c6ce24df
Data/pcb_dataset2/pcb_dataset2_626/pcb_dataset2_626.jpg,pcb_dataset2_626.jpg,pcb_dataset2,12300241_test_jpg.rf.0104eea0bdbc958cb71ba41b4cae9c2d.jpg,4072da57d8902601b23f9baef65ab191
Data/pcb_dataset2/pcb_dataset2_627/pcb_dataset2_627.jpg,pcb_dataset2_627.jpg,pcb_dataset2,12300242_test_jpg.rf.247bb66b3fb4be372ae01920781986b6.jpg,a95e25b1128b97ac838493f44e850222
Data/pcb_dataset2/pcb_dataset2_628/pcb_dataset2_628.jpg,pcb_dataset2_628.jpg,pcb_dataset2,12300243_test_jpg.rf.77436e644b036a1c44924f28b43d5b3c.jpg,fbe4140b21817d62fa900b40fcf9e690
Data/pcb_dataset2/pcb_dataset2_629/pcb_dataset2_629.jpg,pcb_dataset2_629.jpg,pcb_dataset2,12300244_test_jpg.rf.a1b3fc69addaaf677a2fb601775d23c9.jpg,c159cd551f12af3d44f9f09b9721851f
Data/pcb_dataset2/pcb_dataset2_63/pcb_dataset2_63.jpg,pcb_dataset2_63.jpg,pcb_dataset2,12100143_test_jpg.rf.39eb3877bebee276ad429d97c3414494.jpg,bd234cc795c7ab4694d44e5dc87e3b5e
Data/pcb_dataset2/pcb_dataset2_630/pcb_dataset2_630.jpg,pcb_dataset2_630.jpg,pcb_dataset2,12300245_test_jpg.rf.8b7748f26de7a79e90cdd0072c38f085.jpg,0b2743211e21c58f903e8e6205258f46
Data/pcb_dataset2/pcb_dataset2_631/pcb_dataset2_631.jpg,pcb_dataset2_631.jpg,pcb_dataset2,12300247_test_jpg.rf.cf60a17e379f6db680ace32e7e611624.jpg,8e12864b1a4b1b2b08f33e419d96e50e
Data/pcb_dataset2/pcb_dataset2_632/pcb_dataset2_632.jpg,pcb_dataset2_632.jpg,pcb_dataset2,12300248_test_jpg.rf.623e89555ba196fcdbf8189f696060e1.jpg,927325b79b0acaadb09f8bd5ef0c55dc
Data/pcb_dataset2/pcb_dataset2_633/pcb_dataset2_633.jpg,pcb_dataset2_633.jpg,pcb_dataset2,13000001_test_jpg.rf.159ef3462f156c81b6a4c66e425257e6.jpg,6ae028034f38ad2246317b122573b597
Data/pcb_dataset2/pcb_dataset2_634/pcb_dataset2_634.jpg,pcb_dataset2_634.jpg,pcb_dataset2,13000002_test_jpg.rf.c65b0fea9fc16ea801a4a4d8642a2fad.jpg,c8e76f7152c0d7cb44eef582e82f0652
Data/pcb_dataset2/pcb_dataset2_635/pcb_dataset2_635.jpg,pcb_dataset2_635.jpg,pcb_dataset2,13000003_test_jpg.rf.625972c2ab38f95d460bd084a5cd6505.jpg,f5b323dcb69a79f3cc35ca1438e768a6
Data/pcb_dataset2/pcb_dataset2_636/pcb_dataset2_636.jpg,pcb_dataset2_636.jpg,pcb_dataset2,13000004_test_jpg.rf.d1962e3085a057e201dd8f6a877992a9.jpg,63b420fe92447c77abffbe99907c3961
Data/pcb_dataset2/pcb_dataset2_637/pcb_dataset2_637.jpg,pcb_dataset2_637.jpg,pcb_dataset2,13000005_test_jpg.rf.29a4d2aa99ab419ad8c276d4814e92a5.jpg,0aa1be7f723a4356565ff9ee5a315f2c
Data/pcb_dataset2/pcb_dataset2_638/pcb_dataset2_638.jpg,pcb_dataset2_638.jpg,pcb_dataset2,13000006_test_jpg.rf.0eabcbdd73a5bd3273b7b31870f50f5d.jpg,fd14b95e5500d3ee24d3609db3c4ed5c
Data/pcb_dataset2/pcb_dataset2_639/pcb_dataset2_639.jpg,pcb_dataset2_639.jpg,pcb_dataset2,13000008_test_jpg.rf.b393cde71e6006c36472b9ad8feedf74.jpg,5987aa4221dd4eb001ffd23d899462f1
Data/pcb_dataset2/pcb_dataset2_64/pcb_dataset2_64.jpg,pcb_dataset2_64.jpg,pcb_dataset2,12100149_test_jpg.rf.2354a5a3490a9337f88f664e733f5718.jpg,7e511332794ee51bc36641be2dd7c3ca
Data/pcb_dataset2/pcb_dataset2_640/pcb_dataset2_640.jpg,pcb_dataset2_640.jpg,pcb_dataset2,13000010_test_jpg.rf.4ba6777e635851ddcd19afd853d7c8d2.jpg,fbb42a6bb704fddacbc8caa354562516
Data/pcb_dataset2/pcb_dataset2_641/pcb_dataset2_641.jpg,pcb_dataset2_641.jpg,pcb_dataset2,13000011_test_jpg.rf.d9719f59e1faee5404d8f58ede996555.jpg,fab97ca8e8970baa9422d340349985e7
Data/pcb_dataset2/pcb_dataset2_642/pcb_dataset2_642.jpg,pcb_dataset2_642.jpg,pcb_dataset2,13000013_test_jpg.rf.032dfb4a6711e3408fdf17f348f12214.jpg,b27dd7eb30579bbd694214473a7b0a67
Data/pcb_dataset2/pcb_dataset2_643/pcb_dataset2_643.jpg,pcb_dataset2_643.jpg,pcb_dataset2,13000014_test_jpg.rf.146eec21965fd0e995a0ffe44aa8e959.jpg,c43058c7398d221e2be4a1632a579721
Data/pcb_dataset2/pcb_dataset2_644/pcb_dataset2_644.jpg,pcb_dataset2_644.jpg,pcb_dataset2,13000017_test_jpg.rf.ecabd06de31b64ac16271437eaed4397.jpg,d0926c2b3cf0a6ba11ab18696967aa70
Data/pcb_dataset2/pcb_dataset2_645/pcb_dataset2_645.jpg,pcb_dataset2_645.jpg,pcb_dataset2,13000018_test_jpg.rf.3ac964d7579e0b4305b09a2995ab796f.jpg,a8083b0c673dc064b467b98c245282d7
Data/pcb_dataset2/pcb_dataset2_646/pcb_dataset2_646.jpg,pcb_dataset2_646.jpg,pcb_dataset2,13000019_test_jpg.rf.02e24f2618b08c8e51da3ae00eb39041.jpg,b485b7198e92f75bc6a056ca7bfa284e
Data/pcb_dataset2/pcb_dataset2_647/pcb_dataset2_647.jpg,pcb_dataset2_647.jpg,pcb_dataset2,13000020_test_jpg.rf.d4b721a6d90e14602fe5a2ade27e847c.jpg,5d7d3784a3fb8e7bec8b55635e70e42e
Data/pcb_dataset2/pcb_dataset2_648/pcb_dataset2_648.jpg,pcb_dataset2_648.jpg,pcb_dataset2,13000021_test_jpg.rf.15b706bc4b79139c0e569a3434fb4ba1.jpg,c03948a9a4ccb3fa6d7d7790cda018b2
Data/pcb_dataset2/pcb_dataset2_649/pcb_dataset2_649.jpg,pcb_dataset2_649.jpg,pcb_dataset2,13000022_test_jpg.rf.1eb648f2e1d6cf8f05a427f87fe914e8.jpg,3617b32b87ce40cf353a4f9c7a937fe7
Data/pcb_dataset2/pcb_dataset2_65/pcb_dataset2_65.jpg,pcb_dataset2_65.jpg,pcb_dataset2,12100158_test_jpg.rf.f7cd22e5be288af0547ca7c6a95afc63.jpg,22097b62b399ccc0767482324c604148
Data/pcb_dataset2/pcb_dataset2_650/pcb_dataset2_650.jpg,pcb_dataset2_650.jpg,pcb_dataset2,13000023_test_jpg.rf.38d8cc9f3000ce9033a9ac8fee053299.jpg,ad92ce02f8b4c3f199466d8fa36c0483
Data/pcb_dataset2/pcb_dataset2_651/pcb_dataset2_651.jpg,pcb_dataset2_651.jpg,pcb_dataset2,13000024_test_jpg.rf.d86c743dcd5edc1668a35b77b1024e67.jpg,bc3ca77b54799cb14e52c4af2c9278e2
Data/pcb_dataset2/pcb_dataset2_652/pcb_dataset2_652.jpg,pcb_dataset2_652.jpg,pcb_dataset2,13000025_test_jpg.rf.c6698c06575b0461800e22300f1f0f5e.jpg,aa299ad518d32b1c5d066c7f01181b8e
Data/pcb_dataset2/pcb_dataset2_653/pcb_dataset2_653.jpg,pcb_dataset2_653.jpg,pcb_dataset2,13000026_test_jpg.rf.9b7348be1aa02356a97d19319a843c3d.jpg,1f109156a4d12780a69444ed7f871524
Data/pcb_dataset2/pcb_dataset2_654/pcb_dataset2_654.jpg,pcb_dataset2_654.jpg,pcb_dataset2,13000028_test_jpg.rf.0e7fa14d3de5bd8571c404666a9fdc83.jpg,0c5e592f70c320eeac346bba990b677d
Data/pcb_dataset2/pcb_dataset2_655/pcb_dataset2_655.jpg,pcb_dataset2_655.jpg,pcb_dataset2,13000029_test_jpg.rf.f9daf467c0843c54dc76b41752a7bf4b.jpg,8dceb876e7f8fc95716b8affa7699a63
Data/pcb_dataset2/pcb_dataset2_656/pcb_dataset2_656.jpg,pcb_dataset2_656.jpg,pcb_dataset2,13000030_test_jpg.rf.99d26940ba70dce7a5acfb9e1e9d4398.jpg,a1d2b54b648097901f7203ac24f48abe
Data/pcb_dataset2/pcb_dataset2_657/pcb_dataset2_657.jpg,pcb_dataset2_657.jpg,pcb_dataset2,13000032_test_jpg.rf.0b749286d768f34e2be0f2bcb3ceefb5.jpg,6f80701e91d98eebf7bdaaa22f7a2722
Data/pcb_dataset2/pcb_dataset2_658/pcb_dataset2_658.jpg,pcb_dataset2_658.jpg,pcb_dataset2,13000033_test_jpg.rf.a060cb0de08454dd4db9ddd417232717.jpg,3a05c990a302e4bd5b0781cfbd9f8869
Data/pcb_dataset2/pcb_dataset2_659/pcb_dataset2_659.jpg,pcb_dataset2_659.jpg,pcb_dataset2,13000034_test_jpg.rf.004620c8d24a88d27ad3035a6c83389e.jpg,ada916b79ea55ca8a205d689b1f7683e
Data/pcb_dataset2/pcb_dataset2_66/pcb_dataset2_66.jpg,pcb_dataset2_66.jpg,pcb_dataset2,12100160_test_jpg.rf.985c074acf81e5cb074fbcceb10916d9.jpg,e59e641bcb3c6a59807bebd1ed7a02f9
Data/pcb_dataset2/pcb_dataset2_660/pcb_dataset2_660.jpg,pcb_dataset2_660.jpg,pcb_dataset2,13000035_test_jpg.rf.f1e8690e882e22553b3b2ff37ef3eb7c.jpg,04df0cc7b9b06d441487f9f555ad9689
Data/pcb_dataset2/pcb_dataset2_661/pcb_dataset2_661.jpg,pcb_dataset2_661.jpg,pcb_dataset2,13000036_test_jpg.rf.a431e49f493b7f3b792be980bb0d4273.jpg,201ccd6f698febdaf0287807d7560c25
Data/pcb_dataset2/pcb_dataset2_662/pcb_dataset2_662.jpg,pcb_dataset2_662.jpg,pcb_dataset2,13000037_test_jpg.rf.800f8abeb2d61725a715a8d457c0dc23.jpg,54769153716e3bba57696e4568127cb7
Data/pcb_dataset2/pcb_dataset2_663/pcb_dataset2_663.jpg,pcb_dataset2_663.jpg,pcb_dataset2,13000038_test_jpg.rf.4aa3cb9a930e92f29d4bd72ad5d94cab.jpg,e1e65202417ecbf3323ca9b6ca23519d
Data/pcb_dataset2/pcb_dataset2_664/pcb_dataset2_664.jpg,pcb_dataset2_664.jpg,pcb_dataset2,13000039_test_jpg.rf.25f160a54de1d7ffe0fcb0cc65344321.jpg,2117a31a92a9ab9f41b089e1e8e6b396
Data/pcb_dataset2/pcb_dataset2_665/pcb_dataset2_665.jpg,pcb_dataset2_665.jpg,pcb_dataset2,13000041_test_jpg.rf.67f64c53a38a17adf1dafa0fedb0e699.jpg,1f40a7cd4407b8ca973c34aaace3e013
Data/pcb_dataset2/pcb_dataset2_666/pcb_dataset2_666.jpg,pcb_dataset2_666.jpg,pcb_dataset2,13000043_test_jpg.rf.8b343a2b9bc25772a905117bf4ff4209.jpg,09da545c262c7dbcc9bfb164be8cdc96
Data/pcb_dataset2/pcb_dataset2_667/pcb_dataset2_667.jpg,pcb_dataset2_667.jpg,pcb_dataset2,13000044_test_jpg.rf.d6250bfc5d1d32b88135fb451e06aedb.jpg,950d8e9ec8c154148f2a6ebe9d3a63ae
Data/pcb_dataset2/pcb_dataset2_668/pcb_dataset2_668.jpg,pcb_dataset2_668.jpg,pcb_dataset2,13000045_test_jpg.rf.16c8305e5ca94fde2d839a289f8c0c21.jpg,2d9982c6225d0f3749ee0c848dc09fd7
Data/pcb_dataset2/pcb_dataset2_669/pcb_dataset2_669.jpg,pcb_dataset2_669.jpg,pcb_dataset2,13000046_test_jpg.rf.dfb86b5df028102641696082aaec07f0.jpg,474f691ee016bcd57de8d4f5072b533a
Data/pcb_dataset2/pcb_dataset2_67/pcb_dataset2_67.jpg,pcb_dataset2_67.jpg,pcb_dataset2,12100161_test_jpg.rf.2442b732ae2a3d831c4680ca82db548f.jpg,a4b294dd16ea730eecf188babbc874c6
Data/pcb_dataset2/pcb_dataset2_670/pcb_dataset2_670.jpg,pcb_dataset2_670.jpg,pcb_dataset2,13000047_test_jpg.rf.5acc811de0bbbee7e2d6f5d7fef1e490.jpg,c39dfa29e992cb89a07fec8aded87c2e
Data/pcb_dataset2/pcb_dataset2_671/pcb_dataset2_671.jpg,pcb_dataset2_671.jpg,pcb_dataset2,13000049_test_jpg.rf.2b127b114e3df3ae979200a4695591c0.jpg,66e8920248968e346553b63c5e5d3da2
Data/pcb_dataset2/pcb_dataset2_672/pcb_dataset2_672.jpg,pcb_dataset2_672.jpg,pcb_dataset2,13000052_test_jpg.rf.bd05587658df5f79972efd8e21770730.jpg,1815cfa5f72d61741ec58797396d0a8b
Data/pcb_dataset2/pcb_dataset2_673/pcb_dataset2_673.jpg,pcb_dataset2_673.jpg,pcb_dataset2,13000054_test_jpg.rf.0516bd7a16c83d0954e0f775d38d79a0.jpg,83e269aa55c9566b983181c30fd60edb
Data/pcb_dataset2/pcb_dataset2_674/pcb_dataset2_674.jpg,pcb_dataset2_674.jpg,pcb_dataset2,13000055_test_jpg.rf.cda41bfd3c4b6dcb661f18cc3a3db8d6.jpg,f1c13f362bacb21c81bfc47f28587f93
Data/pcb_dataset2/pcb_dataset2_675/pcb_dataset2_675.jpg,pcb_dataset2_675.jpg,pcb_dataset2,13000056_test_jpg.rf.401fd10d1328bd6cd0ef1113d0bbfab8.jpg,1e47a0f84aaf600fc971054ac64f3f00
Data/pcb_dataset2/pcb_dataset2_676/pcb_dataset2_676.jpg,pcb_dataset2_676.jpg,pcb_dataset2,13000057_test_jpg.rf.07e3389b305b3dd220b6ef3429f5e1e3.jpg,2df71b9c27b2a7137677573e79eaa201
Data/pcb_dataset2/pcb_dataset2_677/pcb_dataset2_677.jpg,pcb_dataset2_677.jpg,pcb_dataset2,13000058_test_jpg.rf.660d8013cbe94ab9d6e10c2dfb80c65b.jpg,16a705f6ad59554580f54bd97a0e2973
Data/pcb_dataset2/pcb_dataset2_678/pcb_dataset2_678.jpg,pcb_dataset2_678.jpg,pcb_dataset2,13000060_test_jpg.rf.d56cdba6116f15bd279d755d8c3aca6a.jpg,91bf45a9b65b27d68ac1de96e73745a3
Data/pcb_dataset2/pcb_dataset2_679/pcb_dataset2_679.jpg,pcb_dataset2_679.jpg,pcb_dataset2,13000061_test_jpg.rf.0b29a5de673480ec369ac5b23ce953a6.jpg,564a47a80a8fda86a1c4c57531f6a4a3
Data/pcb_dataset2/pcb_dataset2_68/pcb_dataset2_68.jpg,pcb_dataset2_68.jpg,pcb_dataset2,12100163_test_jpg.rf.b01b6065b212296f6ffeddabab09f692.jpg,4603926b922236faac61d45f9028c886
Data/pcb_dataset2/pcb_dataset2_680/pcb_dataset2_680.jpg,pcb_dataset2_680.jpg,pcb_dataset2,13000066_test_jpg.rf.a9ca968f508963e5bb31ff3c658c108c.jpg,b129419b05284cabda8772af3316a38a
Data/pcb_dataset2/pcb_dataset2_681/pcb_dataset2_681.jpg,pcb_dataset2_681.jpg,pcb_dataset2,13000068_test_jpg.rf.5ed37aa64cd64c593ec97da4eeb93b8f.jpg,e6355378cac1abca04913a2c4d41284f
Data/pcb_dataset2/pcb_dataset2_682/pcb_dataset2_682.jpg,pcb_dataset2_682.jpg,pcb_dataset2,13000070_test_jpg.rf.1e70c8d40995cb1a04b67e17ab5543fd.jpg,2d85930c9a1d880e6f8a7e1e9236f3ff
Data/pcb_dataset2/pcb_dataset2_683/pcb_dataset2_683.jpg,pcb_dataset2_683.jpg,pcb_dataset2,13000071_test_jpg.rf.79139909f0ddabe81e7b488f6b1f9f8c.jpg,45b6dcda1796faf084bcbe8dd512ce80
Data/pcb_dataset2/pcb_dataset2_684/pcb_dataset2_684.jpg,pcb_dataset2_684.jpg,pcb_dataset2,13000076_test_jpg.rf.cc6eb9b1a7cbc1d8c062830dab07afd0.jpg,53266d09c7497f172ba98987c57353b5
Data/pcb_dataset2/pcb_dataset2_685/pcb_dataset2_685.jpg,pcb_dataset2_685.jpg,pcb_dataset2,13000080_test_jpg.rf.d3239152456b034c437ed098bddff905.jpg,33b96049eb63fc46dba57519fb281334
Data/pcb_dataset2/pcb_dataset2_686/pcb_dataset2_686.jpg,pcb_dataset2_686.jpg,pcb_dataset2,13000081_test_jpg.rf.ed6f58cae10355e584644df2557281da.jpg,f7d2654e342218e072122ff61c127d74
Data/pcb_dataset2/pcb_dataset2_687/pcb_dataset2_687.jpg,pcb_dataset2_687.jpg,pcb_dataset2,13000082_test_jpg.rf.f2ee08473cdb10816cde94fd243cfdb2.jpg,d8f12b7fb81a3c590bf58ddd309a3eff
Data/pcb_dataset2/pcb_dataset2_688/pcb_dataset2_688.jpg,pcb_dataset2_688.jpg,pcb_dataset2,13000083_test_jpg.rf.c3073d851971bccc1465c0cdb1eaa8a0.jpg,4ce4850a476c8fb5b4d6b0227dd3639c
Data/pcb_dataset2/pcb_dataset2_689/pcb_dataset2_689.jpg,pcb_dataset2_689.jpg,pcb_dataset2,13000084_test_jpg.rf.d7fab835867eb7f138fe159912833b74.jpg,0c091814a5dcdaef7a923d58eeba8827
Data/pcb_dataset2/pcb_dataset2_69/pcb_dataset2_69.jpg,pcb_dataset2_69.jpg,pcb_dataset2,12100167_test_jpg.rf.0755ba7623bc2659bc21dfcd7455a5d5.jpg,95d9f8e753065dd5664216440c77038e
Data/pcb_dataset2/pcb_dataset2_690/pcb_dataset2_690.jpg,pcb_dataset2_690.jpg,pcb_dataset2,13000087_test_jpg.rf.045ef629cf7042fc24ac3c73e397a45b.jpg,59cbe660ea6326768a40182219d14815
Data/pcb_dataset2/pcb_dataset2_691/pcb_dataset2_691.jpg,pcb_dataset2_691.jpg,pcb_dataset2,13000089_test_jpg.rf.b555f62ad10f4d902fee524a7a47120e.jpg,204855697a388274a2198775d0a76cf7
Data/pcb_dataset2/pcb_dataset2_692/pcb_dataset2_692.jpg,pcb_dataset2_692.jpg,pcb_dataset2,13000092_test_jpg.rf.0c306a17a21673618f8c6b74f25f150d.jpg,f0e30cc8080a588dd3279ae63b9fea33
Data/pcb_dataset2/pcb_dataset2_693/pcb_dataset2_693.jpg,pcb_dataset2_693.jpg,pcb_dataset2,13000093_test_jpg.rf.095fdb4b03e52f5712135b7f3bc04899.jpg,a0712dc09b4c3ccf5d32af7fee643af2
Data/pcb_dataset2/pcb_dataset2_694/pcb_dataset2_694.jpg,pcb_dataset2_694.jpg,pcb_dataset2,13000094_test_jpg.rf.5f0feceeb9b93afdb531b3d626901ea6.jpg,86716f434b8dc8859d1ccde1b4b26f8c
Data/pcb_dataset2/pcb_dataset2_695/pcb_dataset2_695.jpg,pcb_dataset2_695.jpg,pcb_dataset2,13000095_test_jpg.rf.06e2433d8fb9189c659ad81e3805d128.jpg,ef3a7796ddb1e56c2fafc3aededb0f41
Data/pcb_dataset2/pcb_dataset2_696/pcb_dataset2_696.jpg,pcb_dataset2_696.jpg,pcb_dataset2,13000096_test_jpg.rf.dc350f8b36cacb2527e1f390636678cc.jpg,88cd3034b94953af3e92aa3144753215
Data/pcb_dataset2/pcb_dataset2_697/pcb_dataset2_697.jpg,pcb_dataset2_697.jpg,pcb_dataset2,13000097_test_jpg.rf.34244de472109a7b24a117529ea7ca6d.jpg,1f84160ea14e721893f799c7afb5ec09
Data/pcb_dataset2/pcb_dataset2_698/pcb_dataset2_698.jpg,pcb_dataset2_698.jpg,pcb_dataset2,13000098_test_jpg.rf.edfbeef631cb281ea4fea386724430b1.jpg,4902169ca8a15b9dac8f4f2ba93a1f9a
Data/pcb_dataset2/pcb_dataset2_699/pcb_dataset2_699.jpg,pcb_dataset2_699.jpg,pcb_dataset2,13000100_test_jpg.rf.7350dc77fef7522f6682ce577a9925b0.jpg,24102192bcb876f5e1522f3215e14d06
Data/pcb_dataset2/pcb_dataset2_7/pcb_dataset2_7.jpg,pcb_dataset2_7.jpg,pcb_dataset2,00041038_test_jpg.rf.103dda4794f8fe90a7883da7bf450977.jpg,f1eb08f2badfd6a4378a97a04fc8fa14
Data/pcb_dataset2/pcb_dataset2_70/pcb_dataset2_70.jpg,pcb_dataset2_70.jpg,pcb_dataset2,12100170_test_jpg.rf.abe135200dc20cefd090397ac3be62db.jpg,de496de3593fddf1b5c4f2d0621ba4ca
Data/pcb_dataset2/pcb_dataset2_700/pcb_dataset2_700.jpg,pcb_dataset2_700.jpg,pcb_dataset2,13000101_test_jpg.rf.ac49ab39c504ca9556ba0b7afa822ae3.jpg,4dd96f69caff5a300184949a3807c255
Data/pcb_dataset2/pcb_dataset2_701/pcb_dataset2_701.jpg,pcb_dataset2_701.jpg,pcb_dataset2,13000102_test_jpg.rf.9ae95445aca373fa513dc0d828e705ff.jpg,a6d4017df3e22e4d9bbebd868d51f6d0
Data/pcb_dataset2/pcb_dataset2_702/pcb_dataset2_702.jpg,pcb_dataset2_702.jpg,pcb_dataset2,13000104_test_jpg.rf.ef9e56230928d664ebfa90804c4dc28d.jpg,5d1a92fb2fb5b561d7cc8f89996f9318
Data/pcb_dataset2/pcb_dataset2_703/pcb_dataset2_703.jpg,pcb_dataset2_703.jpg,pcb_dataset2,13000105_test_jpg.rf.b3e250db95ac868553daec77ee969cdb.jpg,fdf95b86af3905de62d8ede22daa53e7
Data/pcb_dataset2/pcb_dataset2_704/pcb_dataset2_704.jpg,pcb_dataset2_704.jpg,pcb_dataset2,13000106_test_jpg.rf.3c09101488d57143372b56f40e6ce9f0.jpg,6d460f2762b0a721c3bb8bbeb053b588
Data/pcb_dataset2/pcb_dataset2_705/pcb_dataset2_705.jpg,pcb_dataset2_705.jpg,pcb_dataset2,13000107_test_jpg.rf.cc6e4a470514679deb5141c5e279ba5d.jpg,e6139c162e1d532d212a57fbbae81d07
Data/pcb_dataset2/pcb_dataset2_706/pcb_dataset2_706.jpg,pcb_dataset2_706.jpg,pcb_dataset2,13000108_test_jpg.rf.a7e7e0caed7e110112d33ea4a1d08548.jpg,d5a01541de95e315be406aafd3cbac7b
Data/pcb_dataset2/pcb_dataset2_707/pcb_dataset2_707.jpg,pcb_dataset2_707.jpg,pcb_dataset2,13000109_test_jpg.rf.e4af39b20f1b0fb5d7d88ab894364567.jpg,c33e7324a67125c4c5b53fe14c4c5d72
Data/pcb_dataset2/pcb_dataset2_708/pcb_dataset2_708.jpg,pcb_dataset2_708.jpg,pcb_dataset2,13000112_test_jpg.rf.8ff7e6cd8fb163c9ab5d9b2adbe4ae4e.jpg,e777fbaf692479c0ad7300df4740b677
Data/pcb_dataset2/pcb_dataset2_709/pcb_dataset2_709.jpg,pcb_dataset2_709.jpg,pcb_dataset2,13000113_test_jpg.rf.01dbeb01f233cbd08096a1efb3a970e9.jpg,f045d884e65033d3f377d0856bd09927
Data/pcb_dataset2/pcb_dataset2_71/pcb_dataset2_71.jpg,pcb_dataset2_71.jpg,pcb_dataset2,12100171_test_jpg.rf.abd961db3d4681c712664ec4455140d8.jpg,f1ef74dacec77461b2e475ab943d691e
Data/pcb_dataset2/pcb_dataset2_710/pcb_dataset2_710.jpg,pcb_dataset2_710.jpg,pcb_dataset2,13000114_test_jpg.rf.73db4aa7ebb0e87f16bb876b42b2263f.jpg,64708ef9282fa05c64361a3d1edabf94
Data/pcb_dataset2/pcb_dataset2_711/pcb_dataset2_711.jpg,pcb_dataset2_711.jpg,pcb_dataset2,13000115_test_jpg.rf.bb53aca83feb5b75c3d31aa8f8111239.jpg,724bc4e741c9312887103378c483bf36
Data/pcb_dataset2/pcb_dataset2_712/pcb_dataset2_712.jpg,pcb_dataset2_712.jpg,pcb_dataset2,13000117_test_jpg.rf.60922729a9d1e8d178a70edbff1e7711.jpg,9e6c57620799ec000dffa4dff3a42c79
Data/pcb_dataset2/pcb_dataset2_713/pcb_dataset2_713.jpg,pcb_dataset2_713.jpg,pcb_dataset2,13000118_test_jpg.rf.3c1fa166575321e856c1dd67a1a17cc4.jpg,0973be22538cc80c9a01829b2bfc2b51
Data/pcb_dataset2/pcb_dataset2_714/pcb_dataset2_714.jpg,pcb_dataset2_714.jpg,pcb_dataset2,13000119_test_jpg.rf.f5f3c78f45407d69684c3502a6a95fb2.jpg,d2df88f3937f29777d614f24d1f48dce
Data/pcb_dataset2/pcb_dataset2_715/pcb_dataset2_715.jpg,pcb_dataset2_715.jpg,pcb_dataset2,13000120_test_jpg.rf.5951525780630685762447bb993bfd78.jpg,d280ba94854453e0cdb0e423fd8f59cb
Data/pcb_dataset2/pcb_dataset2_716/pcb_dataset2_716.jpg,pcb_dataset2_716.jpg,pcb_dataset2,13000121_test_jpg.rf.f4ae80a347eac8f38340b14be49f0912.jpg,0d91b58e45aafdcc2fe8921af9838b2d
Data/pcb_dataset2/pcb_dataset2_717/pcb_dataset2_717.jpg,pcb_dataset2_717.jpg,pcb_dataset2,13000122_test_jpg.rf.714d2d67e17e1ce458849d4f98ee1a51.jpg,50ab4aab9e1ea9ee7273a32606561349
Data/pcb_dataset2/pcb_dataset2_718/pcb_dataset2_718.jpg,pcb_dataset2_718.jpg,pcb_dataset2,13000123_test_jpg.rf.1bd4fd7740181f639fdd30d9ca355257.jpg,ed860dff8ea9ff722c76ea676a7416e2
Data/pcb_dataset2/pcb_dataset2_719/pcb_dataset2_719.jpg,pcb_dataset2_719.jpg,pcb_dataset2,13000124_test_jpg.rf.c0c62b88cbfd81d1c68af22472844b5b.jpg,1a271ce2d7dc18974101057502b08ee4
Data/pcb_dataset2/pcb_dataset2_72/pcb_dataset2_72.jpg,pcb_dataset2_72.jpg,pcb_dataset2,12100176_test_jpg.rf.5b8fed6e66298a183271f5ccb4b1d613.jpg,66ffcee5e974107ca6f5e3c4b0690ace
Data/pcb_dataset2/pcb_dataset2_720/pcb_dataset2_720.jpg,pcb_dataset2_720.jpg,pcb_dataset2,13000127_test_jpg.rf.bbea66d0914fd48595f61f160948d406.jpg,00db86968ae74cdf5390ae7093877df8
Data/pcb_dataset2/pcb_dataset2_721/pcb_dataset2_721.jpg,pcb_dataset2_721.jpg,pcb_dataset2,13000128_test_jpg.rf.8ae5a89d5f4a4fa1d88687f690de08a4.jpg,46a42ddf3b976722bf74d557b83abe7c
Data/pcb_dataset2/pcb_dataset2_722/pcb_dataset2_722.jpg,pcb_dataset2_722.jpg,pcb_dataset2,13000129_test_jpg.rf.c06957e5b873ba72f9f874eb4af41d9a.jpg,6f9090045b5e07ed8bd308433a7b8ccb
Data/pcb_dataset2/pcb_dataset2_723/pcb_dataset2_723.jpg,pcb_dataset2_723.jpg,pcb_dataset2,13000131_test_jpg.rf.edea549b244e29ac121beb5c365c5642.jpg,4436b9c057556cd6226378946d0ec595
Data/pcb_dataset2/pcb_dataset2_724/pcb_dataset2_724.jpg,pcb_dataset2_724.jpg,pcb_dataset2,13000132_test_jpg.rf.d9b3f78c926b2e347d431a64e0260609.jpg,871a2f86e6b35e60ea9157e02a659bab
Data/pcb_dataset2/pcb_dataset2_725/pcb_dataset2_725.jpg,pcb_dataset2_725.jpg,pcb_dataset2,13000133_test_jpg.rf.da3829fde0ef6c7016abd42846685cbd.jpg,5fd221a6a70fced8bf10e37978aed562
Data/pcb_dataset2/pcb_dataset2_726/pcb_dataset2_726.jpg,pcb_dataset2_726.jpg,pcb_dataset2,13000134_test_jpg.rf.5f43fe47e115b3ffc6a908f323a7d02d.jpg,5c33a45cf0bd24b3dd05d43114757d94
Data/pcb_dataset2/pcb_dataset2_727/pcb_dataset2_727.jpg,pcb_dataset2_727.jpg,pcb_dataset2,13000135_test_jpg.rf.09fee914dca200337f88e175363014c2.jpg,860092665f7034d22683b9d60ab39c65
Data/pcb_dataset2/pcb_dataset2_728/pcb_dataset2_728.jpg,pcb_dataset2_728.jpg,pcb_dataset2,13000136_test_jpg.rf.8c2a5c22a912f16733f179c571561722.jpg,301409f10fa850e8fa5b230a30f5e482
Data/pcb_dataset2/pcb_dataset2_729/pcb_dataset2_729.jpg,pcb_dataset2_729.jpg,pcb_dataset2,13000137_test_jpg.rf.2cfab3d10c90151218ebc0384043cb96.jpg,bdb0b65dc82ef1d2768da92d26845d7c
Data/pcb_dataset2/pcb_dataset2_73/pcb_dataset2_73.jpg,pcb_dataset2_73.jpg,pcb_dataset2,12100178_test_jpg.rf.2800f47cc4317a6490a39f88a4bda53a.jpg,c366b8be0a3342dad1d890e4ee64b1bd
Data/pcb_dataset2/pcb_dataset2_730/pcb_dataset2_730.jpg,pcb_dataset2_730.jpg,pcb_dataset2,13000138_test_jpg.rf.36e1d9bebe5944e9ebaaab577dc6c250.jpg,f18fce9d949931aad64dc1b2e4fb4525
Data/pcb_dataset2/pcb_dataset2_731/pcb_dataset2_731.jpg,pcb_dataset2_731.jpg,pcb_dataset2,13000139_test_jpg.rf.c52c65392bbdace1448c78e5d237bbe9.jpg,301cd0f7c532d0fe5a2c49f6fbc5fb26
Data/pcb_dataset2/pcb_dataset2_732/pcb_dataset2_732.jpg,pcb_dataset2_732.jpg,pcb_dataset2,13000141_test_jpg.rf.03918237eb2bb6c5e09d5420de8137f1.jpg,a3d2fba22fd6879a7d21920da7a4c1aa
Data/pcb_dataset2/pcb_dataset2_733/pcb_dataset2_733.jpg,pcb_dataset2_733.jpg,pcb_dataset2,13000142_test_jpg.rf.5e3eb7b53cbc7bdcd327bc76b6021cf4.jpg,5cb591388270e91f0590dcd7b7042abd
Data/pcb_dataset2/pcb_dataset2_734/pcb_dataset2_734.jpg,pcb_dataset2_734.jpg,pcb_dataset2,13000143_test_jpg.rf.b2fdf4bd807e2d9e66c4062f11d9d344.jpg,b2474234669acb6251615623eed47685
Data/pcb_dataset2/pcb_dataset2_735/pcb_dataset2_735.jpg,pcb_dataset2_735.jpg,pcb_dataset2,13000145_test_jpg.rf.79415308656e40ca33864b2d5c289c9e.jpg,4493fbd31e89a9f375e43c888f684063
Data/pcb_dataset2/pcb_dataset2_736/pcb_dataset2_736.jpg,pcb_dataset2_736.jpg,pcb_dataset2,13000146_test_jpg.rf.fa0a6de849dd8cd846accdd54f81ffaf.jpg,d77a480fe2b20935bf225313d44a69f2
Data/pcb_dataset2/pcb_dataset2_737/pcb_dataset2_737.jpg,pcb_dataset2_737.jpg,pcb_dataset2,13000147_test_jpg.rf.10658994403bfc5ce66a4019339ab858.jpg,c2c175d19b3d211294cfa5efec3acc1c
Data/pcb_dataset2/pcb_dataset2_738/pcb_dataset2_738.jpg,pcb_dataset2_738.jpg,pcb_dataset2,13000148_test_jpg.rf.c36f9efac55bf5bc380d29b77b108c24.jpg,ddc12c4ace0da6c2c7ff709ba08fbf1b
Data/pcb_dataset2/pcb_dataset2_739/pcb_dataset2_739.jpg,pcb_dataset2_739.jpg,pcb_dataset2,13000152_test_jpg.rf.f2db99807fe092f0badaf045a6ec32f8.jpg,7f9605cbbd316de6f6deb8b4df54bd1c
Data/pcb_dataset2/pcb_dataset2_74/pcb_dataset2_74.jpg,pcb_dataset2_74.jpg,pcb_dataset2,12100181_test_jpg.rf.c4655cdc7903abc0c4f4bf4432b662fc.jpg,448115496e1c845c8fd85d53881f9549
Data/pcb_dataset2/pcb_dataset2_740/pcb_dataset2_740.jpg,pcb_dataset2_740.jpg,pcb_dataset2,13000153_test_jpg.rf.fea901c45f1aa30d9edfd10ed5522fbe.jpg,03ce5c88b6918316b1bd8663869c4441
Data/pcb_dataset2/pcb_dataset2_741/pcb_dataset2_741.jpg,pcb_dataset2_741.jpg,pcb_dataset2,13000154_test_jpg.rf.50b20fb8f183feac4cae397350e9bf27.jpg,3359f3870a21eb61cf12b88c2c206869
Data/pcb_dataset2/pcb_dataset2_742/pcb_dataset2_742.jpg,pcb_dataset2_742.jpg,pcb_dataset2,13000155_test_jpg.rf.d6d0ccd42bb3515d188bcf44e2ec42f0.jpg,fde0c5f7f292b717a0600dc6903429ab
Data/pcb_dataset2/pcb_dataset2_743/pcb_dataset2_743.jpg,pcb_dataset2_743.jpg,pcb_dataset2,13000156_test_jpg.rf.94c82f01d27ef3da88cacfb357439973.jpg,1f0f8f2ae8ebaae2d854f5da29be1344
Data/pcb_dataset2/pcb_dataset2_744/pcb_dataset2_744.jpg,pcb_dataset2_744.jpg,pcb_dataset2,13000157_test_jpg.rf.40dde25131429bc170c523e6f856b019.jpg,2926f6760dd4a2b0304878717872069c
Data/pcb_dataset2/pcb_dataset2_745/pcb_dataset2_745.jpg,pcb_dataset2_745.jpg,pcb_dataset2,13000158_test_jpg.rf.80afddc9819b195a9fb0130ddb0f80a8.jpg,c8aefa05215e88a679f28f18a64bb8a2
Data/pcb_dataset2/pcb_dataset2_746/pcb_dataset2_746.jpg,pcb_dataset2_746.jpg,pcb_dataset2,13000159_test_jpg.rf.35587ab7556f98421cb8c21b80acd200.jpg,64282cc70789aa26ca32affa15e28260
Data/pcb_dataset2/pcb_dataset2_747/pcb_dataset2_747.jpg,pcb_dataset2_747.jpg,pcb_dataset2,13000160_test_jpg.rf.07f9e5366aea1f4c9d6ffe38b76894b6.jpg,395584a006b7a08073faf6347f855a4a
Data/pcb_dataset2/pcb_dataset2_748/pcb_dataset2_748.jpg,pcb_dataset2_748.jpg,pcb_dataset2,13000161_test_jpg.rf.73094db3f5cabf04c710aa74406561b4.jpg,74da8ec62596213408b73f262360db34
Data/pcb_dataset2/pcb_dataset2_749/pcb_dataset2_749.jpg,pcb_dataset2_749.jpg,pcb_dataset2,13000163_test_jpg.rf.b3e77a0ea67b766e972f18c4905d8284.jpg,ca11dc680845392412bc10b6a0e403ca
Data/pcb_dataset2/pcb_dataset2_75/pcb_dataset2_75.jpg,pcb_dataset2_75.jpg,pcb_dataset2,12100183_test_jpg.rf.981d88a4dbe16ad5fc7bfc1f01439f14.jpg,30319e608da366f3f6712b7aa0cd3918
Data/pcb_dataset2/pcb_dataset2_750/pcb_dataset2_750.jpg,pcb_dataset2_750.jpg,pcb_dataset2,13000164_test_jpg.rf.e4c83febf4aa2253d359335de876d11a.jpg,f2873ec69a1411e3d115ed79121fdce3
Data/pcb_dataset2/pcb_dataset2_751/pcb_dataset2_751.jpg,pcb_dataset2_751.jpg,pcb_dataset2,13000165_test_jpg.rf.6b9664197d99e7610285cb5f6d8e3128.jpg,b5f19f8ffc863d01c6a2303e8fd72b44
Data/pcb_dataset2/pcb_dataset2_752/pcb_dataset2_752.jpg,pcb_dataset2_752.jpg,pcb_dataset2,13000166_test_jpg.rf.ab9b53c623fd43b7073d9d640cccab4a.jpg,bf8316bd0881a884cc3c4cec3676fbaf
Data/pcb_dataset2/pcb_dataset2_753/pcb_dataset2_753.jpg,pcb_dataset2_753.jpg,pcb_dataset2,13000167_test_jpg.rf.9e6b7e6cb09d8024f58ad12d1d4dadf8.jpg,5e63ebd1dc12dc5f8bde2f15068a1b78
Data/pcb_dataset2/pcb_dataset2_754/pcb_dataset2_754.jpg,pcb_dataset2_754.jpg,pcb_dataset2,13000168_test_jpg.rf.5b17f0b6461e2d29e1eec5d319f4910d.jpg,9c5e11e5d027c9fdaad5991b49ccd6ae
Data/pcb_dataset2/pcb_dataset2_755/pcb_dataset2_755.jpg,pcb_dataset2_755.jpg,pcb_dataset2,13000169_test_jpg.rf.35ed8951125922e54b1e835eb50237bb.jpg,5c562aeb561d708e7a4b923d80878d89
Data/pcb_dataset2/pcb_dataset2_756/pcb_dataset2_756.jpg,pcb_dataset2_756.jpg,pcb_dataset2,13000170_test_jpg.rf.9f543d9fadcb9f450a0d24fc9c5e62e6.jpg,25d5f64ab2db99f76a2cebfbe19a8911
Data/pcb_dataset2/pcb_dataset2_757/pcb_dataset2_757.jpg,pcb_dataset2_757.jpg,pcb_dataset2,13000172_test_jpg.rf.3a48e08e90c847fb6afa2c3958182128.jpg,0c532291555c5661bc49e87ff4a23efc
Data/pcb_dataset2/pcb_dataset2_758/pcb_dataset2_758.jpg,pcb_dataset2_758.jpg,pcb_dataset2,13000174_test_jpg.rf.93c8f333e63b2482f898803bea7ae032.jpg,bf4510520ad0d04abe3b46b769f3f513
Data/pcb_dataset2/pcb_dataset2_759/pcb_dataset2_759.jpg,pcb_dataset2_759.jpg,pcb_dataset2,13000175_test_jpg.rf.6cbb822b0d36071c3cbabd82f76dc4b8.jpg,92d943481d42c5b08023cf3a0738ce83
Data/pcb_dataset2/pcb_dataset2_76/pcb_dataset2_76.jpg,pcb_dataset2_76.jpg,pcb_dataset2,12100185_test_jpg.rf.ca034cd862fb13ea64b519a6463eda4f.jpg,fb8b6e59e7cca8b091e42b5106505c4d
Data/pcb_dataset2/pcb_dataset2_760/pcb_dataset2_760.jpg,pcb_dataset2_760.jpg,pcb_dataset2,13000178_test_jpg.rf.49509b9d8868048e1031a7b0ddf8e156.jpg,2abd03a142035dec51e3b5ec7c263506
Data/pcb_dataset2/pcb_dataset2_761/pcb_dataset2_761.jpg,pcb_dataset2_761.jpg,pcb_dataset2,13000179_test_jpg.rf.3e4f6f375a284d12eaa80c4a658fd9c9.jpg,8456fa2f458335d7cdf86a3f9533c4b5
Data/pcb_dataset2/pcb_dataset2_762/pcb_dataset2_762.jpg,pcb_dataset2_762.jpg,pcb_dataset2,13000180_test_jpg.rf.087e796c0685143fe3d65535eb08adeb.jpg,de3afc1edf63ed5a6a17e13311bf7631
Data/pcb_dataset2/pcb_dataset2_763/pcb_dataset2_763.jpg,pcb_dataset2_763.jpg,pcb_dataset2,13000181_test_jpg.rf.3f7e6ba6c5a017a283a473ce10aa95fd.jpg,957d0c3b27e955305c685e1d050fef42
Data/pcb_dataset2/pcb_dataset2_764/pcb_dataset2_764.jpg,pcb_dataset2_764.jpg,pcb_dataset2,13000182_test_jpg.rf.681e3514445c87b9306f6a14631d0099.jpg,38301be75c0b79c1ff0c522cb577e1c1
Data/pcb_dataset2/pcb_dataset2_765/pcb_dataset2_765.jpg,pcb_dataset2_765.jpg,pcb_dataset2,13000184_test_jpg.rf.d6cc6ff39700c632098344aaeab64322.jpg,a082a0ec69842f0909abc4526d751bef
Data/pcb_dataset2/pcb_dataset2_766/pcb_dataset2_766.jpg,pcb_dataset2_766.jpg,pcb_dataset2,13000185_test_jpg.rf.10421b3c62ea77885a2c78efb9f9fc27.jpg,a8de0727a46c463d9033573ff2b3a608
Data/pcb_dataset2/pcb_dataset2_767/pcb_dataset2_767.jpg,pcb_dataset2_767.jpg,pcb_dataset2,13000186_test_jpg.rf.9a0e29555d123d88ab3a22134276b412.jpg,e4c9658426f9390ad1d52608c4914cd3
Data/pcb_dataset2/pcb_dataset2_768/pcb_dataset2_768.jpg,pcb_dataset2_768.jpg,pcb_dataset2,13000187_test_jpg.rf.3d468b67c56a9b64c38306226f9a079f.jpg,e46ffd95dadf5c6f54441d70338b1fe6
Data/pcb_dataset2/pcb_dataset2_769/pcb_dataset2_769.jpg,pcb_dataset2_769.jpg,pcb_dataset2,13000188_test_jpg.rf.b16ba2748dfc27e44045702bbcccfd00.jpg,2a631caa087065f5c6f2c87b92bf43fc
Data/pcb_dataset2/pcb_dataset2_77/pcb_dataset2_77.jpg,pcb_dataset2_77.jpg,pcb_dataset2,12100190_test_jpg.rf.0c40b946eba50575bf107d7f38312bdf.jpg,ce6c30073640b3c82979d2dd6c8c1744
Data/pcb_dataset2/pcb_dataset2_770/pcb_dataset2_770.jpg,pcb_dataset2_770.jpg,pcb_dataset2,13000189_test_jpg.rf.6d27acbf95240363b21c8559bfb31003.jpg,8ebf17c420ba6df917dbbf46910e854e
Data/pcb_dataset2/pcb_dataset2_771/pcb_dataset2_771.jpg,pcb_dataset2_771.jpg,pcb_dataset2,13000191_test_jpg.rf.f8ea180ff331ad8e88616664fb2f88ac.jpg,19e31467790384780733e81ae0bfbe26
Data/pcb_dataset2/pcb_dataset2_772/pcb_dataset2_772.jpg,pcb_dataset2_772.jpg,pcb_dataset2,13000195_test_jpg.rf.f53c342fe9d8c5d000e47da6f31da3cc.jpg,f9f14bcb06413fd990d4c218420f0df0
Data/pcb_dataset2/pcb_dataset2_773/pcb_dataset2_773.jpg,pcb_dataset2_773.jpg,pcb_dataset2,13000196_test_jpg.rf.c467a4ee23bd00144517a14a7b84f25e.jpg,e91e5baf7e6c84cf3be7e9cf7557b1fc
Data/pcb_dataset2/pcb_dataset2_774/pcb_dataset2_774.jpg,pcb_dataset2_774.jpg,pcb_dataset2,13000199_test_jpg.rf.d5a319743a1d2be393c25a4a3c5e7e4e.jpg,e524781cd281cd2e7bd197045ad2c386
Data/pcb_dataset2/pcb_dataset2_775/pcb_dataset2_775.jpg,pcb_dataset2_775.jpg,pcb_dataset2,13000200_test_jpg.rf.ed341b00cd77338e7e31841223672ece.jpg,7b7c21916676354e19dd5cdb07bfe442
Data/pcb_dataset2/pcb_dataset2_776/pcb_dataset2_776.jpg,pcb_dataset2_776.jpg,pcb_dataset2,13000202_test_jpg.rf.5685c25dde66e38a48caf1a879e4aea0.jpg,f27d04152ec7bdca3b17591d4a0bd221
Data/pcb_dataset2/pcb_dataset2_777/pcb_dataset2_777.jpg,pcb_dataset2_777.jpg,pcb_dataset2,13000203_test_jpg.rf.8b8456e24c32b608210ac17c0e8e2777.jpg,72a07e0cd12875187591ee8a1aa3833a
Data/pcb_dataset2/pcb_dataset2_778/pcb_dataset2_778.jpg,pcb_dataset2_778.jpg,pcb_dataset2,13000205_test_jpg.rf.86e84f9224dc058780e47fb274c45b0d.jpg,16ba25147e8b4970785f6cb005cec073
Data/pcb_dataset2/pcb_dataset2_779/pcb_dataset2_779.jpg,pcb_dataset2_779.jpg,pcb_dataset2,13000207_test_jpg.rf.f3d4af9d4fa921a7148a7ad6760aaac3.jpg,950aa6db8e2fead5a80565ea4893d7a9
Data/pcb_dataset2/pcb_dataset2_78/pcb_dataset2_78.jpg,pcb_dataset2_78.jpg,pcb_dataset2,12100192_test_jpg.rf.ae9f2731be1ef720ea6560efaef464bb.jpg,b752567073e6499087c05d950536db27
Data/pcb_dataset2/pcb_dataset2_780/pcb_dataset2_780.jpg,pcb_dataset2_780.jpg,pcb_dataset2,13000208_test_jpg.rf.5f785f99090b5da14aaa5238052e9957.jpg,ac52e22246b10b5c51dc32a3ea77501a
Data/pcb_dataset2/pcb_dataset2_781/pcb_dataset2_781.jpg,pcb_dataset2_781.jpg,pcb_dataset2,13000212_test_jpg.rf.eca9fb9040f106d04769beb0b88daf6f.jpg,2c1e1e18b35ae3984fff63e2fd88c119
Data/pcb_dataset2/pcb_dataset2_782/pcb_dataset2_782.jpg,pcb_dataset2_782.jpg,pcb_dataset2,13000213_test_jpg.rf.88501a1bdb7a2fea84e6cbd95f4b4f64.jpg,d9893279541ebba03eca0ae6bb19674d
Data/pcb_dataset2/pcb_dataset2_783/pcb_dataset2_783.jpg,pcb_dataset2_783.jpg,pcb_dataset2,13000214_test_jpg.rf.d16fe26a1bbe707b800cd2d4fbfdcc1e.jpg,2c38399c7acb278a3184ff0a9d735c96
Data/pcb_dataset2/pcb_dataset2_784/pcb_dataset2_784.jpg,pcb_dataset2_784.jpg,pcb_dataset2,13000215_test_jpg.rf.827c402174453a478277cd45e00d312e.jpg,16ab6aa967e133246503575c2b683c24
Data/pcb_dataset2/pcb_dataset2_785/pcb_dataset2_785.jpg,pcb_dataset2_785.jpg,pcb_dataset2,20085000_test_jpg.rf.0cff0f163decbb641fc14ff091f9f4ba.jpg,4ef55b083682043a16ea3e6d8188abef
Data/pcb_dataset2/pcb_dataset2_786/pcb_dataset2_786.jpg,pcb_dataset2_786.jpg,pcb_dataset2,20085001_test_jpg.rf.072c78fc4d70cbd7e42057f2ee5566f5.jpg,070929240d8b4b26f560ff0d758ec99c
Data/pcb_dataset2/pcb_dataset2_787/pcb_dataset2_787.jpg,pcb_dataset2_787.jpg,pcb_dataset2,20085002_test_jpg.rf.b22af6a4fe7012ac1b5377ca6213df52.jpg,0a56f100559354dc5de1cd12f1889d0c
Data/pcb_dataset2/pcb_dataset2_788/pcb_dataset2_788.jpg,pcb_dataset2_788.jpg,pcb_dataset2,20085003_test_jpg.rf.d8e1e84c886549530cad7eb87d61a0e2.jpg,ccc79b14990c29235c5bed47872899b7
Data/pcb_dataset2/pcb_dataset2_789/pcb_dataset2_789.jpg,pcb_dataset2_789.jpg,pcb_dataset2,20085004_test_jpg.rf.39add9da61f5ef3e22aa2863fd3c4158.jpg,f460d9e1091504f55dfc1e53beeff2c6
Data/pcb_dataset2/pcb_dataset2_79/pcb_dataset2_79.jpg,pcb_dataset2_79.jpg,pcb_dataset2,12100193_test_jpg.rf.cbd44feaf754f9e5b5be6539f89f9b7e.jpg,75c33402793cb63f5daf44810b7a011f
Data/pcb_dataset2/pcb_dataset2_790/pcb_dataset2_790.jpg,pcb_dataset2_790.jpg,pcb_dataset2,20085005_test_jpg.rf.f680180b787fef6a1228057cdb371d7b.jpg,b49bc193e2398b24c25fb93e13368f46
Data/pcb_dataset2/pcb_dataset2_791/pcb_dataset2_791.jpg,pcb_dataset2_791.jpg,pcb_dataset2,20085006_test_jpg.rf.d07aa50aec41cc05599b8348fce3b804.jpg,d16b869abe02bb15785dfbebcbb1a43e
Data/pcb_dataset2/pcb_dataset2_792/pcb_dataset2_792.jpg,pcb_dataset2_792.jpg,pcb_dataset2,20085007_test_jpg.rf.42de8546c2a6cafe786e6b78a0386732.jpg,42b47104b75a9779c146c971ebc52783
Data/pcb_dataset2/pcb_dataset2_793/pcb_dataset2_793.jpg,pcb_dataset2_793.jpg,pcb_dataset2,20085008_test_jpg.rf.2e1b5ae2ec82fd7d614ae7b7f94e9f42.jpg,ab0b233510467f21954b4604b1d219b6
Data/pcb_dataset2/pcb_dataset2_794/pcb_dataset2_794.jpg,pcb_dataset2_794.jpg,pcb_dataset2,20085009_test_jpg.rf.0b336b65f531ffcb2a0a9574ecfc8a62.jpg,de884faea22f92835c9b0d08cffaf512
Data/pcb_dataset2/pcb_dataset2_795/pcb_dataset2_795.jpg,pcb_dataset2_795.jpg,pcb_dataset2,20085010_test_jpg.rf.ba44c816c1a5cfe1cd2adf4fe538153e.jpg,a8ce8346485c0b732779bcfd049222a7
Data/pcb_dataset2/pcb_dataset2_796/pcb_dataset2_796.jpg,pcb_dataset2_796.jpg,pcb_dataset2,20085011_test_jpg.rf.c680d5126efd575c5d4270e7316aded9.jpg,57c78b6cde08bb5afeccdcef20fb6af0
Data/pcb_dataset2/pcb_dataset2_797/pcb_dataset2_797.jpg,pcb_dataset2_797.jpg,pcb_dataset2,20085012_test_jpg.rf.6526652f25595d5879941db5ee9ceb68.jpg,1110f4bcfde425b6a5fc6abecb7721ff
Data/pcb_dataset2/pcb_dataset2_798/pcb_dataset2_798.jpg,pcb_dataset2_798.jpg,pcb_dataset2,20085013_test_jpg.rf.ae0149c590af355b9fa6922a478244c9.jpg,1ce807ac228ecfb17bd58ee0415876f3
Data/pcb_dataset2/pcb_dataset2_799/pcb_dataset2_799.jpg,pcb_dataset2_799.jpg,pcb_dataset2,20085014_test_jpg.rf.e46f4c69213a2275e905e19fe018338d.jpg,8741f6026b7bba17baa62a4bd24a095a
Data/pcb_dataset2/pcb_dataset2_8/pcb_dataset2_8.jpg,pcb_dataset2_8.jpg,pcb_dataset2,00041039_test_jpg.rf.2c8531f6b6738762bea6befee81ee700.jpg,48e7f117015299578583796c6c5bfd5b
Data/pcb_dataset2/pcb_dataset2_80/pcb_dataset2_80.jpg,pcb_dataset2_80.jpg,pcb_dataset2,12100196_test_jpg.rf.1b31220be9e58a8cbc31f94e02ed3862.jpg,8d11e4f8be0c2f78d943fa050568fb25
Data/pcb_dataset2/pcb_dataset2_800/pcb_dataset2_800.jpg,pcb_dataset2_800.jpg,pcb_dataset2,20085015_test_jpg.rf.cd3b755e26e806e5d9c772e748c5b168.jpg,6cab553462f1cf3d981d0e8bf6d3ea04
Data/pcb_dataset2/pcb_dataset2_801/pcb_dataset2_801.jpg,pcb_dataset2_801.jpg,pcb_dataset2,20085016_test_jpg.rf.96d38ebcf0821963d2b77b785766a05a.jpg,b2af9e31ac2991e0727b74d5f385f7d1
Data/pcb_dataset2/pcb_dataset2_802/pcb_dataset2_802.jpg,pcb_dataset2_802.jpg,pcb_dataset2,20085017_test_jpg.rf.587b0a58f2ce1f102b0f179e4e65200b.jpg,2a19e8f03aeeb3f0c967adb2f7290c58
Data/pcb_dataset2/pcb_dataset2_803/pcb_dataset2_803.jpg,pcb_dataset2_803.jpg,pcb_dataset2,20085018_test_jpg.rf.1be4abb0d0a8283b946479cda3062b15.jpg,0a7fbf445b1afc41f58256b20a923d1b
Data/pcb_dataset2/pcb_dataset2_804/pcb_dataset2_804.jpg,pcb_dataset2_804.jpg,pcb_dataset2,20085019_test_jpg.rf.e57e802012a68ebc2796e3ca31252aa5.jpg,5a5a02986a7fcabd19e7ca0660bf178c
Data/pcb_dataset2/pcb_dataset2_805/pcb_dataset2_805.jpg,pcb_dataset2_805.jpg,pcb_dataset2,20085020_test_jpg.rf.4688cad378fc143508917bb302eeee1f.jpg,c937592b3be4d33a7b408346bea9588f
Data/pcb_dataset2/pcb_dataset2_806/pcb_dataset2_806.jpg,pcb_dataset2_806.jpg,pcb_dataset2,20085021_test_jpg.rf.5e511b17282e5360eff176447d7575ef.jpg,bcf112cee0cf30ee2af09953b65840a9
Data/pcb_dataset2/pcb_dataset2_807/pcb_dataset2_807.jpg,pcb_dataset2_807.jpg,pcb_dataset2,20085022_test_jpg.rf.feff6e5f46be4bf829f7d68a10fd8ec6.jpg,886d7ccd70820db4d3b55c35e6df36da
Data/pcb_dataset2/pcb_dataset2_808/pcb_dataset2_808.jpg,pcb_dataset2_808.jpg,pcb_dataset2,20085024_test_jpg.rf.8c4c73623690895d7c581d552781e575.jpg,f0ec071620dc508b387ce273234745a0
Data/pcb_dataset2/pcb_dataset2_809/pcb_dataset2_809.jpg,pcb_dataset2_809.jpg,pcb_dataset2,20085025_test_jpg.rf.11e0ea58c18dfec38198accfd2c1e38b.jpg,354ea1ef805ebb5cb42ce7fd1b66f75b
Data/pcb_dataset2/pcb_dataset2_81/pcb_dataset2_81.jpg,pcb_dataset2_81.jpg,pcb_dataset2,12100198_test_jpg.rf.bbc8179d9a9259ada50bda3e6a247aed.jpg,4f72929337d59ef1457c202a09529054
Data/pcb_dataset2/pcb_dataset2_810/pcb_dataset2_810.jpg,pcb_dataset2_810.jpg,pcb_dataset2,20085026_test_jpg.rf.63c6620f62af4bb2e98dd29d91814adf.jpg,556acb0448c2df945d6dfcec9474da93
Data/pcb_dataset2/pcb_dataset2_811/pcb_dataset2_811.jpg,pcb_dataset2_811.jpg,pcb_dataset2,20085027_test_jpg.rf.66a8749f540f18fea0917832072f3c24.jpg,8408021ce571c5e0a7701a5cce59550e
Data/pcb_dataset2/pcb_dataset2_812/pcb_dataset2_812.jpg,pcb_dataset2_812.jpg,pcb_dataset2,20085028_test_jpg.rf.ae8c55c08bae0bf82cd3d1c9298c3a8d.jpg,c3038b92c902d56d6b8d4a3f9a87b998
Data/pcb_dataset2/pcb_dataset2_813/pcb_dataset2_813.jpg,pcb_dataset2_813.jpg,pcb_dataset2,20085029_test_jpg.rf.35a4afdf802804de68cc467b513bfb4a.jpg,aa5e5dacf97f1f1389f4daa52d92181e
Data/pcb_dataset2/pcb_dataset2_814/pcb_dataset2_814.jpg,pcb_dataset2_814.jpg,pcb_dataset2,20085030_test_jpg.rf.212add6a36e18cf05a53ef1b40065d58.jpg,9e07ec9511c71d216cf3a247c52d4a04
Data/pcb_dataset2/pcb_dataset2_815/pcb_dataset2_815.jpg,pcb_dataset2_815.jpg,pcb_dataset2,20085031_test_jpg.rf.ba5e331511f20c367399997c5ff0f615.jpg,94af0cd50af42116b1d8452191cd106b
Data/pcb_dataset2/pcb_dataset2_816/pcb_dataset2_816.jpg,pcb_dataset2_816.jpg,pcb_dataset2,20085032_test_jpg.rf.a62b6d10d4539c95ed8b78dd137e58a4.jpg,26eb12bcd0ebae8e4f56fad4d08a67f8
Data/pcb_dataset2/pcb_dataset2_817/pcb_dataset2_817.jpg,pcb_dataset2_817.jpg,pcb_dataset2,20085034_test_jpg.rf.9496b3675a10ee2989887d4bf7cc1ff7.jpg,579a143500f7183c00a00bfa8f1f539b
Data/pcb_dataset2/pcb_dataset2_818/pcb_dataset2_818.jpg,pcb_dataset2_818.jpg,pcb_dataset2,20085036_test_jpg.rf.b4fd33867a65bf93de621882e220219e.jpg,ed1cd73ef5067acaba0e61952dc59814
Data/pcb_dataset2/pcb_dataset2_819/pcb_dataset2_819.jpg,pcb_dataset2_819.jpg,pcb_dataset2,20085037_test_jpg.rf.847da4471bf566667ac9843aa089e7d3.jpg,04590fbcbc88c484de2b2d48d87531f1
Data/pcb_dataset2/pcb_dataset2_82/pcb_dataset2_82.jpg,pcb_dataset2_82.jpg,pcb_dataset2,12100199_test_jpg.rf.84d2121ab4a503abada11c85c3627719.jpg,73e22f5f6d6c45c557fbf07c0799b244
Data/pcb_dataset2/pcb_dataset2_820/pcb_dataset2_820.jpg,pcb_dataset2_820.jpg,pcb_dataset2,20085038_test_jpg.rf.d4857020b2172e218391c449d2dfbc2d.jpg,ac6e8302f5bc20f10abc76397bfe3bc2
Data/pcb_dataset2/pcb_dataset2_821/pcb_dataset2_821.jpg,pcb_dataset2_821.jpg,pcb_dataset2,20085039_test_jpg.rf.8736b281e9324ed2a08b030d00f4e91d.jpg,9114cc23366b558237e688f1c749e3cc
Data/pcb_dataset2/pcb_dataset2_822/pcb_dataset2_822.jpg,pcb_dataset2_822.jpg,pcb_dataset2,20085040_test_jpg.rf.613b98251f73f8c657544d207cf78a4b.jpg,f3b537aa296730fbc06f1cf9db9abd5b
Data/pcb_dataset2/pcb_dataset2_823/pcb_dataset2_823.jpg,pcb_dataset2_823.jpg,pcb_dataset2,20085041_test_jpg.rf.af394f8244dc62216fb137dea5d7de3b.jpg,223cb60291b53fc6d31286127399f9f2
Data/pcb_dataset2/pcb_dataset2_824/pcb_dataset2_824.jpg,pcb_dataset2_824.jpg,pcb_dataset2,20085042_test_jpg.rf.09ec70d64ce5c663d8ba1c55974759cc.jpg,9e007a61e04358627efe4666ccaaf592
Data/pcb_dataset2/pcb_dataset2_825/pcb_dataset2_825.jpg,pcb_dataset2_825.jpg,pcb_dataset2,20085043_test_jpg.rf.98c041a39fd69ad6fc3b37cb1b1d603b.jpg,0e1c000f79f5f2bb6382ce8e802628b5
Data/pcb_dataset2/pcb_dataset2_826/pcb_dataset2_826.jpg,pcb_dataset2_826.jpg,pcb_dataset2,20085044_test_jpg.rf.45a2108d9ad63336d4bb0e4c28feb273.jpg,4387fa65aed19de15b765b74c09d6dff
Data/pcb_dataset2/pcb_dataset2_827/pcb_dataset2_827.jpg,pcb_dataset2_827.jpg,pcb_dataset2,20085045_test_jpg.rf.e1c8340c8dc7eeba204fbe84f8e4165d.jpg,1cc5ea3193919f247cc4357bd3145810
Data/pcb_dataset2/pcb_dataset2_828/pcb_dataset2_828.jpg,pcb_dataset2_828.jpg,pcb_dataset2,20085046_test_jpg.rf.08b0ca7ae114abbe058198b0d7e1ad78.jpg,7a0f7dafe2d1af1bacb44f8f47c5bac2
Data/pcb_dataset2/pcb_dataset2_829/pcb_dataset2_829.jpg,pcb_dataset2_829.jpg,pcb_dataset2,20085047_test_jpg.rf.f1bda88dab57ec6e77fdb7b27db9f70c.jpg,0316b9671e8b62c8c6408fea9d5f46ee
Data/pcb_dataset2/pcb_dataset2_83/pcb_dataset2_83.jpg,pcb_dataset2_83.jpg,pcb_dataset2,12300067_test_jpg.rf.9c1d1dd8b59244c9fcc6ef9203e82b34.jpg,3f1369d60dedeb6414329c7199ef5b56
Data/pcb_dataset2/pcb_dataset2_830/pcb_dataset2_830.jpg,pcb_dataset2_830.jpg,pcb_dataset2,20085048_test_jpg.rf.e0485e73601fbdd9a8b2f21174e998ca.jpg,d55088b2f488260eff22cc8fe4c32aab
Data/pcb_dataset2/pcb_dataset2_831/pcb_dataset2_831.jpg,pcb_dataset2_831.jpg,pcb_dataset2,20085049_test_jpg.rf.bc1c6546af552ef2e5c38c09ada6fef7.jpg,55f2631566745617191c6db5ead788d4
Data/pcb_dataset2/pcb_dataset2_832/pcb_dataset2_832.jpg,pcb_dataset2_832.jpg,pcb_dataset2,20085050_test_jpg.rf.ff6b8eb2095e781cf3cc6374eaa130b3.jpg,c80de53162dce9a6dfe78a8d704b8ffd
Data/pcb_dataset2/pcb_dataset2_833/pcb_dataset2_833.jpg,pcb_dataset2_833.jpg,pcb_dataset2,20085052_test_jpg.rf.755d9eab1746fece6f5058fc17ce01a4.jpg,171f4d5f08dce7ad24b7123bcde8ff7c
Data/pcb_dataset2/pcb_dataset2_834/pcb_dataset2_834.jpg,pcb_dataset2_834.jpg,pcb_dataset2,20085053_test_jpg.rf.a847961b18dbacf3a38bd3f00dd2028f.jpg,c6ba59e4af686f4acfeb72fe91538fcb
Data/pcb_dataset2/pcb_dataset2_835/pcb_dataset2_835.jpg,pcb_dataset2_835.jpg,pcb_dataset2,20085054_test_jpg.rf.954b064f680710365bc3dbd80324c870.jpg,94cec011490e18f6794d520019fca28f
Data/pcb_dataset2/pcb_dataset2_836/pcb_dataset2_836.jpg,pcb_dataset2_836.jpg,pcb_dataset2,20085057_test_jpg.rf.986204965b77369b49f3af6ba1e19c24.jpg,0f9b5e48ba489edd79f5207b9c775ce0
Data/pcb_dataset2/pcb_dataset2_837/pcb_dataset2_837.jpg,pcb_dataset2_837.jpg,pcb_dataset2,20085058_test_jpg.rf.bebb0642d3de64a8d822ac4427d6cf93.jpg,dda5d957a915e104e627dd0fc6807404
Data/pcb_dataset2/pcb_dataset2_838/pcb_dataset2_838.jpg,pcb_dataset2_838.jpg,pcb_dataset2,20085059_test_jpg.rf.51fb1fcf24cab5fcf722eab2c53b0b6c.jpg,2ffb2f94ecae1c4c21b09994a41dec65
Data/pcb_dataset2/pcb_dataset2_839/pcb_dataset2_839.jpg,pcb_dataset2_839.jpg,pcb_dataset2,20085060_test_jpg.rf.5d0cd531fe41349548c5a08011140492.jpg,b154836ca902814d078e0952d6a5b3e3
Data/pcb_dataset2/pcb_dataset2_84/pcb_dataset2_84.jpg,pcb_dataset2_84.jpg,pcb_dataset2,12300069_test_jpg.rf.fbb42d34b1d60f17bae23da54f9ec741.jpg,f9edadd5778adb6bc8a0465f8019b1f1
Data/pcb_dataset2/pcb_dataset2_840/pcb_dataset2_840.jpg,pcb_dataset2_840.jpg,pcb_dataset2,20085061_test_jpg.rf.3b880c4a6fab8424a0c07bbec91e2612.jpg,8ee5666f47b35058f5d5b96378cc4f26
Data/pcb_dataset2/pcb_dataset2_841/pcb_dataset2_841.jpg,pcb_dataset2_841.jpg,pcb_dataset2,20085062_test_jpg.rf.a65135a848a6c1c99c56e914cecec5ee.jpg,2a0a83877dd6c580b67349eb27123068
Data/pcb_dataset2/pcb_dataset2_842/pcb_dataset2_842.jpg,pcb_dataset2_842.jpg,pcb_dataset2,20085063_test_jpg.rf.5e79416cabd16bfc2bce8f8fa7f08a31.jpg,3b673bf6fc1c7ba62cf0741f1759afba
Data/pcb_dataset2/pcb_dataset2_843/pcb_dataset2_843.jpg,pcb_dataset2_843.jpg,pcb_dataset2,20085064_test_jpg.rf.7c0f375c2b266e09b21949d90f6cd764.jpg,6562cc04870cb135305ab5ad69c677c3
Data/pcb_dataset2/pcb_dataset2_844/pcb_dataset2_844.jpg,pcb_dataset2_844.jpg,pcb_dataset2,20085065_test_jpg.rf.1f1fd94dca61d5d33e101815edf18dea.jpg,3dccf985ad369b65ccc38407f9cd71bd
Data/pcb_dataset2/pcb_dataset2_845/pcb_dataset2_845.jpg,pcb_dataset2_845.jpg,pcb_dataset2,20085066_test_jpg.rf.9beb14be831d37c6d7b3128deb7a1c7e.jpg,074d9d5a9fa159bff85d4e252aa8f9e3
Data/pcb_dataset2/pcb_dataset2_846/pcb_dataset2_846.jpg,pcb_dataset2_846.jpg,pcb_dataset2,20085069_test_jpg.rf.079b0669d912cadd75f5ec2415b5ed06.jpg,b06581e1f6bedfdc72ead0ae5311c813
Data/pcb_dataset2/pcb_dataset2_847/pcb_dataset2_847.jpg,pcb_dataset2_847.jpg,pcb_dataset2,20085070_test_jpg.rf.a1bcc504b46cffbe57cff3bfa7d80971.jpg,e89df3bc1b257f229eccde53eaecdaa1
Data/pcb_dataset2/pcb_dataset2_848/pcb_dataset2_848.jpg,pcb_dataset2_848.jpg,pcb_dataset2,20085071_test_jpg.rf.626931f237e6b7447c4f77980c227456.jpg,c24d771a9a0a3836d4f7a9ccff8fd1f5
Data/pcb_dataset2/pcb_dataset2_849/pcb_dataset2_849.jpg,pcb_dataset2_849.jpg,pcb_dataset2,20085072_test_jpg.rf.f623aa634f20c0a096e794cd9c27fd08.jpg,ce0f1dd5eaab6dc6200b94e2028beb3e
Data/pcb_dataset2/pcb_dataset2_85/pcb_dataset2_85.jpg,pcb_dataset2_85.jpg,pcb_dataset2,12300114_test_jpg.rf.33cef43f6ffa01dcff65e50dab782e15.jpg,3d28e5abf37087b0b573631457195f9b
Data/pcb_dataset2/pcb_dataset2_850/pcb_dataset2_850.jpg,pcb_dataset2_850.jpg,pcb_dataset2,20085073_test_jpg.rf.59351b389a4611937a6bcbf735b5d194.jpg,f98a94c61e98de36a2107df41ba83624
Data/pcb_dataset2/pcb_dataset2_851/pcb_dataset2_851.jpg,pcb_dataset2_851.jpg,pcb_dataset2,20085074_test_jpg.rf.85c3f503d0d7c27284a50a9e667d374e.jpg,648e0039053e8852777c93db63822db1
Data/pcb_dataset2/pcb_dataset2_852/pcb_dataset2_852.jpg,pcb_dataset2_852.jpg,pcb_dataset2,20085075_test_jpg.rf.b9e52109a7423515f92b67361dbfa87a.jpg,aaa0da5b54d760a59b33cc7fafddd5a1
Data/pcb_dataset2/pcb_dataset2_853/pcb_dataset2_853.jpg,pcb_dataset2_853.jpg,pcb_dataset2,20085076_test_jpg.rf.66be701e83c5d6a5dc3fcf3ed50de507.jpg,d259f77eb60ebb0e59d1e17712af46cb
Data/pcb_dataset2/pcb_dataset2_854/pcb_dataset2_854.jpg,pcb_dataset2_854.jpg,pcb_dataset2,20085077_test_jpg.rf.b0b75f3e6a65770649eaf425877adf6e.jpg,e084e16a3936581be1d3e90a27f46605
Data/pcb_dataset2/pcb_dataset2_855/pcb_dataset2_855.jpg,pcb_dataset2_855.jpg,pcb_dataset2,20085078_test_jpg.rf.5a73cdd6949d5d70c023d1397542c058.jpg,a8a51b823b55bf72ebac3bedec3548ca
Data/pcb_dataset2/pcb_dataset2_856/pcb_dataset2_856.jpg,pcb_dataset2_856.jpg,pcb_dataset2,20085079_test_jpg.rf.49975044dd13c6b97fbf2bffc5b03e3f.jpg,51df5dcbd7f6d0ee5cd2eb1eaed74549
Data/pcb_dataset2/pcb_dataset2_857/pcb_dataset2_857.jpg,pcb_dataset2_857.jpg,pcb_dataset2,20085080_test_jpg.rf.b0b8cbd5b1a0d8ebf68fd5223ed4360e.jpg,61834f2987d2b2a6d078b9bf970ab877
Data/pcb_dataset2/pcb_dataset2_858/pcb_dataset2_858.jpg,pcb_dataset2_858.jpg,pcb_dataset2,20085081_test_jpg.rf.154b55487ce0dba183469ef58da51e75.jpg,9b82478da05ee7686c4645b62eba72b0
Data/pcb_dataset2/pcb_dataset2_859/pcb_dataset2_859.jpg,pcb_dataset2_859.jpg,pcb_dataset2,20085082_test_jpg.rf.01e88ea67ff09c31ff48d0c292950030.jpg,4be74a8b9e618dedab62dbf3a63daffc
Data/pcb_dataset2/pcb_dataset2_86/pcb_dataset2_86.jpg,pcb_dataset2_86.jpg,pcb_dataset2,12300119_test_jpg.rf.26b2ca850d001ba5c4306052f13a21ed.jpg,6a833ef36a7216798dac1bcaa7950249
Data/pcb_dataset2/pcb_dataset2_860/pcb_dataset2_860.jpg,pcb_dataset2_860.jpg,pcb_dataset2,20085083_test_jpg.rf.650943de34386255c18f2a5c6267e786.jpg,e096fe2308154e9e4acee8ec941d2ca4
Data/pcb_dataset2/pcb_dataset2_861/pcb_dataset2_861.jpg,pcb_dataset2_861.jpg,pcb_dataset2,20085084_test_jpg.rf.70fedbcf7d46b7f14b14602500f625b1.jpg,1235b9f377a73c15d79ef8f071524cc4
Data/pcb_dataset2/pcb_dataset2_862/pcb_dataset2_862.jpg,pcb_dataset2_862.jpg,pcb_dataset2,20085085_test_jpg.rf.ad2d2374a75020f35b5c659c0ab96c23.jpg,3c4651b24cdc4f10506e7802d6450c96
Data/pcb_dataset2/pcb_dataset2_863/pcb_dataset2_863.jpg,pcb_dataset2_863.jpg,pcb_dataset2,20085086_test_jpg.rf.35bb39508735159efbdf7720edef66d8.jpg,fa61695b977f0cef9027301ceb41f86c
Data/pcb_dataset2/pcb_dataset2_864/pcb_dataset2_864.jpg,pcb_dataset2_864.jpg,pcb_dataset2,20085087_test_jpg.rf.6286c7fe002b1d48a1ec263c96d43387.jpg,38030b35e56957ddfb87ec6d945ba2d2
Data/pcb_dataset2/pcb_dataset2_865/pcb_dataset2_865.jpg,pcb_dataset2_865.jpg,pcb_dataset2,20085089_test_jpg.rf.8123a55a03b5d7518df96bc893765481.jpg,48677a301b6e9fa788861e2932b4f060
Data/pcb_dataset2/pcb_dataset2_866/pcb_dataset2_866.jpg,pcb_dataset2_866.jpg,pcb_dataset2,20085090_test_jpg.rf.d8579841f851bce9f63642c764d19467.jpg,82283e2959579bf694c5c384ab75a759
Data/pcb_dataset2/pcb_dataset2_867/pcb_dataset2_867.jpg,pcb_dataset2_867.jpg,pcb_dataset2,20085091_test_jpg.rf.4bb2ed7b60949e58112262c462043c17.jpg,102b0c3b2e46d02b979eda0b25971320
Data/pcb_dataset2/pcb_dataset2_868/pcb_dataset2_868.jpg,pcb_dataset2_868.jpg,pcb_dataset2,20085092_test_jpg.rf.022e794f2115851f7a3e7bd5e953847a.jpg,f1406ad1528e569239e0a976adacedac
Data/pcb_dataset2/pcb_dataset2_869/pcb_dataset2_869.jpg,pcb_dataset2_869.jpg,pcb_dataset2,20085093_test_jpg.rf.9da0ba3a198f657b77af5d2a24b502e7.jpg,28b334d2dedc0e263d6f5b0ed6985a66
Data/pcb_dataset2/pcb_dataset2_87/pcb_dataset2_87.jpg,pcb_dataset2_87.jpg,pcb_dataset2,12300120_test_jpg.rf.9fc837a7b0b1ed2293e143d0c81fdb49.jpg,7021ae95e1a0f6ca2be66921c8515697
Data/pcb_dataset2/pcb_dataset2_870/pcb_dataset2_870.jpg,pcb_dataset2_870.jpg,pcb_dataset2,20085094_test_jpg.rf.53bce2a596b5631fbc2964970b4f7d20.jpg,6a1a2555eb0d6312e8f75f174cd1766d
Data/pcb_dataset2/pcb_dataset2_871/pcb_dataset2_871.jpg,pcb_dataset2_871.jpg,pcb_dataset2,20085096_test_jpg.rf.7bfe7050f509ba45d2796df3421ab0b1.jpg,d18d66f6f782d8da7cac96378153f69a
Data/pcb_dataset2/pcb_dataset2_872/pcb_dataset2_872.jpg,pcb_dataset2_872.jpg,pcb_dataset2,20085097_test_jpg.rf.025ae40cd51e52f68f21706bd018be68.jpg,bb45b2fc93b64edb3ece7933b72bbc19
Data/pcb_dataset2/pcb_dataset2_873/pcb_dataset2_873.jpg,pcb_dataset2_873.jpg,pcb_dataset2,20085098_test_jpg.rf.ea753ec9ccff1a1292295fbb909aefd8.jpg,58b2347cbb493a5c11e5b9eceda7b0d5
Data/pcb_dataset2/pcb_dataset2_874/pcb_dataset2_874.jpg,pcb_dataset2_874.jpg,pcb_dataset2,20085099_test_jpg.rf.aea67b671f7400d440a4af90eb511021.jpg,107addb5643f7b70a3377f6aa321cadb
Data/pcb_dataset2/pcb_dataset2_875/pcb_dataset2_875.jpg,pcb_dataset2_875.jpg,pcb_dataset2,20085100_test_jpg.rf.6b4a05fb73b74c344543c7d92bbcf2ec.jpg,96c7ce7e7d07e8086277f32ee376c7ab
Data/pcb_dataset2/pcb_dataset2_876/pcb_dataset2_876.jpg,pcb_dataset2_876.jpg,pcb_dataset2,20085101_test_jpg.rf.a881b60a3f97f96c673452a98b9dbc21.jpg,6987558aa1b967eb0702d821204f3c49
Data/pcb_dataset2/pcb_dataset2_877/pcb_dataset2_877.jpg,pcb_dataset2_877.jpg,pcb_dataset2,20085102_test_jpg.rf.0efa02b6d141a8d50604c2b65ea1cf7d.jpg,5f63093dd8f4ae7411891d35fa802bc1
Data/pcb_dataset2/pcb_dataset2_878/pcb_dataset2_878.jpg,pcb_dataset2_878.jpg,pcb_dataset2,20085103_test_jpg.rf.9e2b38adf55c6c009b2a8745ce1ebdd8.jpg,ea43fc1138d6c24473e4b5f1897a7f5c
Data/pcb_dataset2/pcb_dataset2_879/pcb_dataset2_879.jpg,pcb_dataset2_879.jpg,pcb_dataset2,20085104_test_jpg.rf.4ca380f7c6dfa89fb3001dae52282d13.jpg,85fe8a89841c506c1b1c2d65d2bc7e5c
Data/pcb_dataset2/pcb_dataset2_88/pcb_dataset2_88.jpg,pcb_dataset2_88.jpg,pcb_dataset2,12300121_test_jpg.rf.3224792eb628be3fcde40ece3f0ba246.jpg,1601f49d72f8eb383500c732a43e2b74
Data/pcb_dataset2/pcb_dataset2_880/pcb_dataset2_880.jpg,pcb_dataset2_880.jpg,pcb_dataset2,20085105_test_jpg.rf.bbe847d4e38790a67bfe652d759fece0.jpg,0e0e60af6873eb1dd9f508a61a9c70f9
Data/pcb_dataset2/pcb_dataset2_881/pcb_dataset2_881.jpg,pcb_dataset2_881.jpg,pcb_dataset2,20085106_test_jpg.rf.60617af3f81b27d7789943df0043a487.jpg,77b0ea519920f184004b532857669ecd
Data/pcb_dataset2/pcb_dataset2_882/pcb_dataset2_882.jpg,pcb_dataset2_882.jpg,pcb_dataset2,20085107_test_jpg.rf.a4fc91cdf0699c78bcfc292f9cbc3625.jpg,e5bf79abeeff63a6c4a5f5a4741cc811
Data/pcb_dataset2/pcb_dataset2_883/pcb_dataset2_883.jpg,pcb_dataset2_883.jpg,pcb_dataset2,20085108_test_jpg.rf.ade977850bc3247bfd618d7a9fd7dac5.jpg,24cfb87ddda1d67e388cce53675da5fe
Data/pcb_dataset2/pcb_dataset2_884/pcb_dataset2_884.jpg,pcb_dataset2_884.jpg,pcb_dataset2,20085109_test_jpg.rf.091499f3c1c64443a29feaca26750205.jpg,aa1dfcbe0e278531dc1b184bcb2d4893
Data/pcb_dataset2/pcb_dataset2_885/pcb_dataset2_885.jpg,pcb_dataset2_885.jpg,pcb_dataset2,20085110_test_jpg.rf.6dc87b282574f7bab6eb1f03bd397af9.jpg,44ff038eab0a49d164bb885f504109af
Data/pcb_dataset2/pcb_dataset2_886/pcb_dataset2_886.jpg,pcb_dataset2_886.jpg,pcb_dataset2,20085111_test_jpg.rf.e7ea541854714a5a1e2695cccc6cdadd.jpg,4849184512fc4cb9603ac2815d4ea4f0
Data/pcb_dataset2/pcb_dataset2_887/pcb_dataset2_887.jpg,pcb_dataset2_887.jpg,pcb_dataset2,20085112_test_jpg.rf.ba629cf8ca2be001efe0e782a84e7d90.jpg,4f8da53ad3c2fc86007b3c0d140d4d4a
Data/pcb_dataset2/pcb_dataset2_888/pcb_dataset2_888.jpg,pcb_dataset2_888.jpg,pcb_dataset2,20085113_test_jpg.rf.1ad224133c8903e5345ac1e88ee9e626.jpg,82c9bb24237c2d9221d64b0cc14382fb
Data/pcb_dataset2/pcb_dataset2_889/pcb_dataset2_889.jpg,pcb_dataset2_889.jpg,pcb_dataset2,20085114_test_jpg.rf.f1238da9bad1a6856f89e97b22f3dc6a.jpg,e188e8d3f1da7de0f5d1a42f3eccdc40
Data/pcb_dataset2/pcb_dataset2_89/pcb_dataset2_89.jpg,pcb_dataset2_89.jpg,pcb_dataset2,12300122_test_jpg.rf.1a329abaffd077058adfb6c1d588305e.jpg,ba96460b21504d1330c00b5b75619c45
Data/pcb_dataset2/pcb_dataset2_890/pcb_dataset2_890.jpg,pcb_dataset2_890.jpg,pcb_dataset2,20085115_test_jpg.rf.1371d84fb491b91bcd9a29c1ce0bf2c8.jpg,c8bdc8daa2235a28ff008715447f5b66
Data/pcb_dataset2/pcb_dataset2_891/pcb_dataset2_891.jpg,pcb_dataset2_891.jpg,pcb_dataset2,20085116_test_jpg.rf.04bfb14b06608dc897f1f8665a466b7a.jpg,2c335470e72bc29104863b77e327f0bb
Data/pcb_dataset2/pcb_dataset2_892/pcb_dataset2_892.jpg,pcb_dataset2_892.jpg,pcb_dataset2,20085117_test_jpg.rf.8e573e8b0d9e07f4b0b002ba2704b984.jpg,59534418d8ec7fb37469d73b85c65d1e
Data/pcb_dataset2/pcb_dataset2_893/pcb_dataset2_893.jpg,pcb_dataset2_893.jpg,pcb_dataset2,20085118_test_jpg.rf.5789da8f3bee6ef21f5087fbb0206a26.jpg,22af0acd4bca4a3514c59a0707392625
Data/pcb_dataset2/pcb_dataset2_894/pcb_dataset2_894.jpg,pcb_dataset2_894.jpg,pcb_dataset2,20085119_test_jpg.rf.f27042c5d751d87ce593a9cdd5ca1cf5.jpg,5ed09396f48fcd8ca50db0045b96923b
Data/pcb_dataset2/pcb_dataset2_895/pcb_dataset2_895.jpg,pcb_dataset2_895.jpg,pcb_dataset2,20085120_test_jpg.rf.9eff58da1eb17ebce50f1a48d101455f.jpg,9332b0b75189a1194710c677673b2fdb
Data/pcb_dataset2/pcb_dataset2_896/pcb_dataset2_896.jpg,pcb_dataset2_896.jpg,pcb_dataset2,20085121_test_jpg.rf.0176f0ec0ca17f94df87f1fd7b739404.jpg,bc67c8b0be6354f9bb8bd50b15d8f4cd
Data/pcb_dataset2/pcb_dataset2_897/pcb_dataset2_897.jpg,pcb_dataset2_897.jpg,pcb_dataset2,20085122_test_jpg.rf.2e6a8a2aa594be1158c155c72ff32ec4.jpg,3bdabe40188a2010fbd9dee4e8ad091c
Data/pcb_dataset2/pcb_dataset2_898/pcb_dataset2_898.jpg,pcb_dataset2_898.jpg,pcb_dataset2,20085123_test_jpg.rf.51d0ff3ca744db896e783f47c880bba5.jpg,deceb22c1e4204181804680563699fd6
Data/pcb_dataset2/pcb_dataset2_899/pcb_dataset2_899.jpg,pcb_dataset2_899.jpg,pcb_dataset2,20085124_test_jpg.rf.417ef22e3e6f1c8c86beeab11570d72c.jpg,a52316320399193b2d609cb4676d1079
Data/pcb_dataset2/pcb_dataset2_9/pcb_dataset2_9.jpg,pcb_dataset2_9.jpg,pcb_dataset2,00041040_test_jpg.rf.87620dd58c1737486b5c7b60a3f4ab75.jpg,69d9ae02967edb15cd8d87b8c4393962
Data/pcb_dataset2/pcb_dataset2_90/pcb_dataset2_90.jpg,pcb_dataset2_90.jpg,pcb_dataset2,12300128_test_jpg.rf.6df954f60f1e0de65ea4cc22b1665f34.jpg,c9d6ec62cfe8305ee3b6e21ca0b7ddf8
Data/pcb_dataset2/pcb_dataset2_900/pcb_dataset2_900.jpg,pcb_dataset2_900.jpg,pcb_dataset2,20085125_test_jpg.rf.d9b84d196a6392c3c7e278d2575cab89.jpg,231ddc353b1493426829a90f778e39ad
Data/pcb_dataset2/pcb_dataset2_901/pcb_dataset2_901.jpg,pcb_dataset2_901.jpg,pcb_dataset2,20085126_test_jpg.rf.48d78cf52b46f39cd8fafaf8456b70b2.jpg,b92ecf49374ac071d417443dbd7855e1
Data/pcb_dataset2/pcb_dataset2_902/pcb_dataset2_902.jpg,pcb_dataset2_902.jpg,pcb_dataset2,20085127_test_jpg.rf.ba12991073153ebf2e2a6b3da68b5449.jpg,651245a46893699fdc7cb80b552bbf96
Data/pcb_dataset2/pcb_dataset2_903/pcb_dataset2_903.jpg,pcb_dataset2_903.jpg,pcb_dataset2,20085128_test_jpg.rf.a8efd8d1e695ca58fbba78ef48133821.jpg,e8d8625d4022316fb85bfb1e1b98db39
Data/pcb_dataset2/pcb_dataset2_904/pcb_dataset2_904.jpg,pcb_dataset2_904.jpg,pcb_dataset2,20085129_test_jpg.rf.7a3ccc9c030258d295598441406c3b7e.jpg,b46a1eb030c41930529115759bd9bdb4
Data/pcb_dataset2/pcb_dataset2_905/pcb_dataset2_905.jpg,pcb_dataset2_905.jpg,pcb_dataset2,20085131_test_jpg.rf.9930484f3468f3d42dde5cc22fccc77d.jpg,104157c8752bbe23e1a983940b18bbca
Data/pcb_dataset2/pcb_dataset2_906/pcb_dataset2_906.jpg,pcb_dataset2_906.jpg,pcb_dataset2,20085133_test_jpg.rf.d058ddd066b350c04f9e2704c6a46b7d.jpg,dc36597a6f9367d166a996e225198bab
Data/pcb_dataset2/pcb_dataset2_907/pcb_dataset2_907.jpg,pcb_dataset2_907.jpg,pcb_dataset2,20085134_test_jpg.rf.60ba42ae5317c93920bb5b9ae54979b2.jpg,b4c7601a901a01c8075bfc8034f565b1
Data/pcb_dataset2/pcb_dataset2_908/pcb_dataset2_908.jpg,pcb_dataset2_908.jpg,pcb_dataset2,20085135_test_jpg.rf.f043b76ba6f40f46bc733f363065b9f3.jpg,2e7935999b7c741f58af220ed3f95862
Data/pcb_dataset2/pcb_dataset2_909/pcb_dataset2_909.jpg,pcb_dataset2_909.jpg,pcb_dataset2,20085137_test_jpg.rf.952e8c269b46d2b397a522e92673f0cf.jpg,db83f0177935fdc15b5dc158fc9a98ba
Data/pcb_dataset2/pcb_dataset2_91/pcb_dataset2_91.jpg,pcb_dataset2_91.jpg,pcb_dataset2,12300136_test_jpg.rf.9075275857f497f601eb5b209870809b.jpg,15b10dc3ab438b538218614dff9c0bf2
Data/pcb_dataset2/pcb_dataset2_910/pcb_dataset2_910.jpg,pcb_dataset2_910.jpg,pcb_dataset2,20085138_test_jpg.rf.c4dd9e17ff1e373c898b526cbad240c5.jpg,bead4af94c2a371f0e8b52c96de2dee6
Data/pcb_dataset2/pcb_dataset2_911/pcb_dataset2_911.jpg,pcb_dataset2_911.jpg,pcb_dataset2,20085139_test_jpg.rf.87f53cbe4ecb813b2dcb9a311e9fcc9d.jpg,7b46c3ab95da845ee795de28fce0124a
Data/pcb_dataset2/pcb_dataset2_912/pcb_dataset2_912.jpg,pcb_dataset2_912.jpg,pcb_dataset2,20085140_test_jpg.rf.7d266db34f900194ce34322af4febbdf.jpg,d521961c446bfad5783d265f4db921ec
Data/pcb_dataset2/pcb_dataset2_913/pcb_dataset2_913.jpg,pcb_dataset2_913.jpg,pcb_dataset2,20085141_test_jpg.rf.0a8c73377a1ffeb7f49fa65c10f8845a.jpg,1734e3581f161a382d2c1ccc25afbad8
Data/pcb_dataset2/pcb_dataset2_914/pcb_dataset2_914.jpg,pcb_dataset2_914.jpg,pcb_dataset2,20085142_test_jpg.rf.ce0edfc3305a0066735ae471724a76c5.jpg,44ad156cd042d54abf4e61718e7e0cfd
Data/pcb_dataset2/pcb_dataset2_915/pcb_dataset2_915.jpg,pcb_dataset2_915.jpg,pcb_dataset2,20085145_test_jpg.rf.7660a1d550dc1429963ce820ce840675.jpg,ec44fb8c82933804148b29780f09da5a
Data/pcb_dataset2/pcb_dataset2_916/pcb_dataset2_916.jpg,pcb_dataset2_916.jpg,pcb_dataset2,20085147_test_jpg.rf.09c2f1948e67da0eb8a1c3f929112573.jpg,83a2cca377aefeb9b0173fd2099698a6
Data/pcb_dataset2/pcb_dataset2_917/pcb_dataset2_917.jpg,pcb_dataset2_917.jpg,pcb_dataset2,20085148_test_jpg.rf.f3b53a7766b44d27a5f899be7d5fe4df.jpg,eb62942cda6e9c79323b8261db5bbc3d
Data/pcb_dataset2/pcb_dataset2_918/pcb_dataset2_918.jpg,pcb_dataset2_918.jpg,pcb_dataset2,20085149_test_jpg.rf.586c3fe3009acbdb1678bd6177a71975.jpg,e11fc7a6dac0fd71d49763666ee3bf3e
Data/pcb_dataset2/pcb_dataset2_919/pcb_dataset2_919.jpg,pcb_dataset2_919.jpg,pcb_dataset2,20085150_test_jpg.rf.d3df6b71466af7d06a0a2ddeb0deff52.jpg,aa9d796bb82985fe6be62fb4b5d0cc82
Data/pcb_dataset2/pcb_dataset2_92/pcb_dataset2_92.jpg,pcb_dataset2_92.jpg,pcb_dataset2,12300140_test_jpg.rf.12948fc8c4f82bd1c67cea16df32890d.jpg,36799d6254d7158b8bac863d9d8f0e35
Data/pcb_dataset2/pcb_dataset2_920/pcb_dataset2_920.jpg,pcb_dataset2_920.jpg,pcb_dataset2,20085151_test_jpg.rf.ae0e7e50cdaab6421557a93f51c29e75.jpg,1f8591ed86c650be0d425e93ed37b64e
Data/pcb_dataset2/pcb_dataset2_921/pcb_dataset2_921.jpg,pcb_dataset2_921.jpg,pcb_dataset2,20085152_test_jpg.rf.ac60b15c3b67ea800ea1f6addcd4764c.jpg,d7284c6a9f7389975055c0200a4ff2e3
Data/pcb_dataset2/pcb_dataset2_922/pcb_dataset2_922.jpg,pcb_dataset2_922.jpg,pcb_dataset2,20085153_test_jpg.rf.41c2e3ab1728e0231038637617acab8e.jpg,8d1ed9202976ab33490f6b920fb8e1fe
Data/pcb_dataset2/pcb_dataset2_923/pcb_dataset2_923.jpg,pcb_dataset2_923.jpg,pcb_dataset2,20085154_test_jpg.rf.3781e7c6b2c5dddd2f064207df19bd5f.jpg,c3ec5b17ef36d326dfdb0ef2bc6cf104
Data/pcb_dataset2/pcb_dataset2_924/pcb_dataset2_924.jpg,pcb_dataset2_924.jpg,pcb_dataset2,20085155_test_jpg.rf.9ab748f18501a34c1972bb59fa233a0c.jpg,6a5f606396f597c6f786611484bcefb1
Data/pcb_dataset2/pcb_dataset2_925/pcb_dataset2_925.jpg,pcb_dataset2_925.jpg,pcb_dataset2,20085156_test_jpg.rf.5b6cc0d5e93adc5e29e35d5f144ebd1d.jpg,f82f24a2b9e9d2d7eccc1998889a2762
Data/pcb_dataset2/pcb_dataset2_926/pcb_dataset2_926.jpg,pcb_dataset2_926.jpg,pcb_dataset2,20085157_test_jpg.rf.f4fc7f18772415c21a73b2e265cca3da.jpg,aa57be87e0fcfc3a19194f28d54c0a60
Data/pcb_dataset2/pcb_dataset2_927/pcb_dataset2_927.jpg,pcb_dataset2_927.jpg,pcb_dataset2,20085158_test_jpg.rf.a234c861faddf45a6d0026b696ed80ef.jpg,5c43fe932645ce8052615994d0777e04
Data/pcb_dataset2/pcb_dataset2_928/pcb_dataset2_928.jpg,pcb_dataset2_928.jpg,pcb_dataset2,20085160_test_jpg.rf.56072ddffde588d128f0b9de17e38e27.jpg,6757b1fbbf3c840d9ba848e21ef770d1
Data/pcb_dataset2/pcb_dataset2_929/pcb_dataset2_929.jpg,pcb_dataset2_929.jpg,pcb_dataset2,20085161_test_jpg.rf.d8b4c8a1e89bec854bd8c79842b5e289.jpg,ad14b0d53d4b6fd3e3b3b9b0a039c1ec
Data/pcb_dataset2/pcb_dataset2_93/pcb_dataset2_93.jpg,pcb_dataset2_93.jpg,pcb_dataset2,12300150_test_jpg.rf.c29407e0bac82a2946dfe67db2675acb.jpg,2b45bc0adef2c0cb877ddcae2b926cdb
Data/pcb_dataset2/pcb_dataset2_930/pcb_dataset2_930.jpg,pcb_dataset2_930.jpg,pcb_dataset2,20085162_test_jpg.rf.412cbb5bd62ae6a557ac0f6f5298f212.jpg,1126c1f75a70a07adb7949ba64c0b215
Data/pcb_dataset2/pcb_dataset2_931/pcb_dataset2_931.jpg,pcb_dataset2_931.jpg,pcb_dataset2,20085163_test_jpg.rf.cb062efbea654b0afbd54f71a232fe4e.jpg,c0b470810cd1addc11fc68d09e3986d5
Data/pcb_dataset2/pcb_dataset2_932/pcb_dataset2_932.jpg,pcb_dataset2_932.jpg,pcb_dataset2,20085164_test_jpg.rf.3d8d37046522956a01efd7a1a49bb76b.jpg,afaf3e217dd4f6a775dd9133c27459df
Data/pcb_dataset2/pcb_dataset2_933/pcb_dataset2_933.jpg,pcb_dataset2_933.jpg,pcb_dataset2,20085165_test_jpg.rf.750a071a3116a1afcd6f725a3be27cfa.jpg,25b7da0951eba08ff4a777b43b29d5e6
Data/pcb_dataset2/pcb_dataset2_934/pcb_dataset2_934.jpg,pcb_dataset2_934.jpg,pcb_dataset2,20085166_test_jpg.rf.fe02bc2bbbf6bfcf2acbb03eee1c470e.jpg,886455388d930e772e26ea4d03679b5c
Data/pcb_dataset2/pcb_dataset2_935/pcb_dataset2_935.jpg,pcb_dataset2_935.jpg,pcb_dataset2,20085169_test_jpg.rf.f732cc18615bc94954b9ba5e28ef0cea.jpg,75fdfdaf0c97f835535f142def48d1fe
Data/pcb_dataset2/pcb_dataset2_936/pcb_dataset2_936.jpg,pcb_dataset2_936.jpg,pcb_dataset2,20085170_test_jpg.rf.ddbf8d098363e2f8a7557182f466f2c3.jpg,640a8aac13279e5e7a30630d43446b9b
Data/pcb_dataset2/pcb_dataset2_937/pcb_dataset2_937.jpg,pcb_dataset2_937.jpg,pcb_dataset2,20085171_test_jpg.rf.687ce62b05a75d868d27765e402999eb.jpg,e9f4810d4225a92594092c23043518ac
Data/pcb_dataset2/pcb_dataset2_938/pcb_dataset2_938.jpg,pcb_dataset2_938.jpg,pcb_dataset2,20085172_test_jpg.rf.e817bb3a648eb25a0f47aaf5de17e00c.jpg,c8fbf06a3698c02f5482691b88e1af42
Data/pcb_dataset2/pcb_dataset2_939/pcb_dataset2_939.jpg,pcb_dataset2_939.jpg,pcb_dataset2,20085173_test_jpg.rf.5ec2c72bfc23ed37c3c066bab18e81f9.jpg,968eec90bc6a672235d678839348b6f3
Data/pcb_dataset2/pcb_dataset2_94/pcb_dataset2_94.jpg,pcb_dataset2_94.jpg,pcb_dataset2,12300151_test_jpg.rf.88984427b8b5f22e805c2516ac2133ef.jpg,bc0f6b9bdbf5e41344ac9918249b49df
Data/pcb_dataset2/pcb_dataset2_940/pcb_dataset2_940.jpg,pcb_dataset2_940.jpg,pcb_dataset2,20085174_test_jpg.rf.ef7f2e00c5c27582ea0cb5b1aa9b360d.jpg,02218f489342248b16f996fd4d55b6d4
Data/pcb_dataset2/pcb_dataset2_941/pcb_dataset2_941.jpg,pcb_dataset2_941.jpg,pcb_dataset2,20085175_test_jpg.rf.aefa5c701b1673055c4d51b00743bee0.jpg,daba3d4e2c7295818d2715bde72c16f8
Data/pcb_dataset2/pcb_dataset2_942/pcb_dataset2_942.jpg,pcb_dataset2_942.jpg,pcb_dataset2,20085176_test_jpg.rf.8219663efabfa5490e761aba26e65b49.jpg,96a89da15f3251be96cc4dc83d7841a3
Data/pcb_dataset2/pcb_dataset2_943/pcb_dataset2_943.jpg,pcb_dataset2_943.jpg,pcb_dataset2,20085178_test_jpg.rf.57e0516b43be9916545a901c5c8c6082.jpg,fda71a0b4fe4bb6aeee85acd0cc9e42f
Data/pcb_dataset2/pcb_dataset2_944/pcb_dataset2_944.jpg,pcb_dataset2_944.jpg,pcb_dataset2,20085179_test_jpg.rf.c7a637c737cb4b4d8bbe1fa6eddf61e9.jpg,773184c478c0a3d40c6cd359004e2a63
Data/pcb_dataset2/pcb_dataset2_945/pcb_dataset2_945.jpg,pcb_dataset2_945.jpg,pcb_dataset2,20085180_test_jpg.rf.27a430bd007638294f9caaf9b81b94d6.jpg,f2ca37e638464353a239e828b0353b35
Data/pcb_dataset2/pcb_dataset2_946/pcb_dataset2_946.jpg,pcb_dataset2_946.jpg,pcb_dataset2,20085181_test_jpg.rf.29682da5c08fd6cd9a711621e657febc.jpg,7387710bd35765537be136c4c7a86967
Data/pcb_dataset2/pcb_dataset2_947/pcb_dataset2_947.jpg,pcb_dataset2_947.jpg,pcb_dataset2,20085182_test_jpg.rf.b62881585221980d5ba3375f75906620.jpg,707c2efdd660a4a60bcd00e8bf68148e
Data/pcb_dataset2/pcb_dataset2_948/pcb_dataset2_948.jpg,pcb_dataset2_948.jpg,pcb_dataset2,20085183_test_jpg.rf.4510e1cb35bfab1a12e266671a1d6273.jpg,8285c09deeae396e0019a4cde0194856
Data/pcb_dataset2/pcb_dataset2_949/pcb_dataset2_949.jpg,pcb_dataset2_949.jpg,pcb_dataset2,20085184_test_jpg.rf.a6f6af56da97c4d0c6febe81fd264768.jpg,c8d54f3d5e38c3ba7b2a3d2f407193c2
Data/pcb_dataset2/pcb_dataset2_95/pcb_dataset2_95.jpg,pcb_dataset2_95.jpg,pcb_dataset2,12300156_test_jpg.rf.e7ad873dc7287ab23cdac89567315788.jpg,e9ccbe1b472be18ac26eff0db535e567
Data/pcb_dataset2/pcb_dataset2_950/pcb_dataset2_950.jpg,pcb_dataset2_950.jpg,pcb_dataset2,20085185_test_jpg.rf.08f34ee23ae160fb1ceecaf9e516bdad.jpg,598c871145717312fd3b60dfe4771dbb
Data/pcb_dataset2/pcb_dataset2_951/pcb_dataset2_951.jpg,pcb_dataset2_951.jpg,pcb_dataset2,20085186_test_jpg.rf.e6f11539f7e26cb4a1610fb1ab662abd.jpg,6878e748d4fde51461766d97c06a3a59
Data/pcb_dataset2/pcb_dataset2_952/pcb_dataset2_952.jpg,pcb_dataset2_952.jpg,pcb_dataset2,20085187_test_jpg.rf.091375ee8fa78959012492a012e64648.jpg,29d36577d48aa6021b8a8f8620687b25
Data/pcb_dataset2/pcb_dataset2_953/pcb_dataset2_953.jpg,pcb_dataset2_953.jpg,pcb_dataset2,20085188_test_jpg.rf.e6f5a2204d87512a60c36ddf72203006.jpg,90dd9c9c4ad46d17f1956eb6a7ed7c4c
Data/pcb_dataset2/pcb_dataset2_954/pcb_dataset2_954.jpg,pcb_dataset2_954.jpg,pcb_dataset2,20085189_test_jpg.rf.139d269678603c4f6465920124a529ba.jpg,19e3c80c6d41dfb33531b4daaab99646
Data/pcb_dataset2/pcb_dataset2_955/pcb_dataset2_955.jpg,pcb_dataset2_955.jpg,pcb_dataset2,20085191_test_jpg.rf.d13c41847e23ac2c7b11e9ba417e836a.jpg,d6c9a100f9f05d96f9cc57cd38b5d2cc
Data/pcb_dataset2/pcb_dataset2_956/pcb_dataset2_956.jpg,pcb_dataset2_956.jpg,pcb_dataset2,20085193_test_jpg.rf.c2ef469972279c6cf95186ddeb98e661.jpg,172ec9c815ed5b9e904f3b96b58f0532
Data/pcb_dataset2/pcb_dataset2_957/pcb_dataset2_957.jpg,pcb_dataset2_957.jpg,pcb_dataset2,20085194_test_jpg.rf.0e18d5bd1099248c85f2b1938b051522.jpg,24b2d2fb57556c5e51376deeb8329f81
Data/pcb_dataset2/pcb_dataset2_958/pcb_dataset2_958.jpg,pcb_dataset2_958.jpg,pcb_dataset2,20085195_test_jpg.rf.000eff0e349917c85772d9c9c6803389.jpg,771e6e534c52ea4186497233ae4206a5
Data/pcb_dataset2/pcb_dataset2_959/pcb_dataset2_959.jpg,pcb_dataset2_959.jpg,pcb_dataset2,20085196_test_jpg.rf.4cdcacf073c0fe8778cf1377e2bae37f.jpg,998da91755fd4ef7332c06f3b63c12fe
Data/pcb_dataset2/pcb_dataset2_96/pcb_dataset2_96.jpg,pcb_dataset2_96.jpg,pcb_dataset2,12300226_test_jpg.rf.4bed5e416de317d6432a6be8350d31e4.jpg,393ff033e45cd5bcae777e40e20c179d
Data/pcb_dataset2/pcb_dataset2_960/pcb_dataset2_960.jpg,pcb_dataset2_960.jpg,pcb_dataset2,20085198_test_jpg.rf.5ba14e14df2c5d32fa51f5c3de23f385.jpg,32077ebd1d467b131f4b545a9e535f85
Data/pcb_dataset2/pcb_dataset2_961/pcb_dataset2_961.jpg,pcb_dataset2_961.jpg,pcb_dataset2,20085200_test_jpg.rf.121d1c3c6d66e465111482d0ace6c71d.jpg,3c2f7eb3dc570a6805cd7f767b6618cc
Data/pcb_dataset2/pcb_dataset2_962/pcb_dataset2_962.jpg,pcb_dataset2_962.jpg,pcb_dataset2,20085201_test_jpg.rf.a471c4ea376fdf8af32a4c0df8247a01.jpg,f54fd2c9641fbe223b23464f341c3cd0
Data/pcb_dataset2/pcb_dataset2_963/pcb_dataset2_963.jpg,pcb_dataset2_963.jpg,pcb_dataset2,20085202_test_jpg.rf.46cbc890a0d9ae3c3e79853bbfa4bf8c.jpg,99114fc616befaa2929fdd279c5bbe93
Data/pcb_dataset2/pcb_dataset2_964/pcb_dataset2_964.jpg,pcb_dataset2_964.jpg,pcb_dataset2,20085203_test_jpg.rf.6a2fdd7ae8473316b09ebd8bffcec0f7.jpg,e85964378a914449d3f79f2c6c4d95f4
Data/pcb_dataset2/pcb_dataset2_965/pcb_dataset2_965.jpg,pcb_dataset2_965.jpg,pcb_dataset2,20085204_test_jpg.rf.e53b44baac54ca2389a89a42122e9810.jpg,cb00e55b8f3790a041243b84d390b4aa
Data/pcb_dataset2/pcb_dataset2_966/pcb_dataset2_966.jpg,pcb_dataset2_966.jpg,pcb_dataset2,20085205_test_jpg.rf.876b1fab32dae687efb48f7c151b6bc5.jpg,5ac4ffd2a825f6f22b5a51196e3a5bbe
Data/pcb_dataset2/pcb_dataset2_967/pcb_dataset2_967.jpg,pcb_dataset2_967.jpg,pcb_dataset2,20085206_test_jpg.rf.f168e7fc99d7a5c6571d7fe285903e72.jpg,5207b4819c305f6430d854324de372f8
Data/pcb_dataset2/pcb_dataset2_968/pcb_dataset2_968.jpg,pcb_dataset2_968.jpg,pcb_dataset2,20085207_test_jpg.rf.1a56c0ff58b89e9348a1f3f912bc78ca.jpg,d68bb051844c2b8cd9e4419ff0e0d0eb
Data/pcb_dataset2/pcb_dataset2_969/pcb_dataset2_969.jpg,pcb_dataset2_969.jpg,pcb_dataset2,20085208_test_jpg.rf.6d2322068c6c7be125580c0dd4bb0912.jpg,c8573e3eeee1dc1e044d60386e4e23e5
Data/pcb_dataset2/pcb_dataset2_97/pcb_dataset2_97.jpg,pcb_dataset2_97.jpg,pcb_dataset2,12300232_test_jpg.rf.64a79e27ccb0d99dd4b27e7d142e35f1.jpg,a7a41abf0c3d663d27c4a16c858ad5f4
Data/pcb_dataset2/pcb_dataset2_970/pcb_dataset2_970.jpg,pcb_dataset2_970.jpg,pcb_dataset2,20085209_test_jpg.rf.3851e13f5d0758cc9b2cf08e5eca0879.jpg,c73eeda4914c4e181a5880749fbc7abb
Data/pcb_dataset2/pcb_dataset2_971/pcb_dataset2_971.jpg,pcb_dataset2_971.jpg,pcb_dataset2,20085210_test_jpg.rf.c864b233566918db947a9ea45aa17cfe.jpg,4dd3fe7118e4f594824617f00c14be07
Data/pcb_dataset2/pcb_dataset2_972/pcb_dataset2_972.jpg,pcb_dataset2_972.jpg,pcb_dataset2,20085211_test_jpg.rf.aa1e3fbfb3702bae0915b32d84efa8df.jpg,9b3edaf854a272c908b699aa9662d1f8
Data/pcb_dataset2/pcb_dataset2_973/pcb_dataset2_973.jpg,pcb_dataset2_973.jpg,pcb_dataset2,20085212_test_jpg.rf.b07a28feae485b783fd6215235aa33a8.jpg,016b12d44d6c4139822f40c456e8abde
Data/pcb_dataset2/pcb_dataset2_974/pcb_dataset2_974.jpg,pcb_dataset2_974.jpg,pcb_dataset2,20085213_test_jpg.rf.85fda3c175ec00d847c3db81635d7309.jpg,e410d0dff3ce4c007cd1751b00e4394a
Data/pcb_dataset2/pcb_dataset2_975/pcb_dataset2_975.jpg,pcb_dataset2_975.jpg,pcb_dataset2,20085214_test_jpg.rf.5e75074f7c3ab8c42eadfad04daa99a5.jpg,8d8187914530defdf0c623474d6e20b7
Data/pcb_dataset2/pcb_dataset2_976/pcb_dataset2_976.jpg,pcb_dataset2_976.jpg,pcb_dataset2,20085215_test_jpg.rf.aab559946b203b9887ad15d9b6849bef.jpg,90b34b08378512d25fb9166fb136bad0
Data/pcb_dataset2/pcb_dataset2_977/pcb_dataset2_977.jpg,pcb_dataset2_977.jpg,pcb_dataset2,20085216_test_jpg.rf.1688ab748addddceb52b8317dfe07275.jpg,76ec521ef1e514639c91bbeab2e7b36c
Data/pcb_dataset2/pcb_dataset2_978/pcb_dataset2_978.jpg,pcb_dataset2_978.jpg,pcb_dataset2,20085218_test_jpg.rf.24253e19a78c995ccfc50b6ad8364f6e.jpg,f255475e1ee31d1824abebedf8bafd93
Data/pcb_dataset2/pcb_dataset2_979/pcb_dataset2_979.jpg,pcb_dataset2_979.jpg,pcb_dataset2,20085219_test_jpg.rf.c1daa0606c029b2b93a54b24343735c2.jpg,fbfabc92031b47fbf7451864119118a6
Data/pcb_dataset2/pcb_dataset2_98/pcb_dataset2_98.jpg,pcb_dataset2_98.jpg,pcb_dataset2,12300239_test_jpg.rf.c757a17e6fbc542ec4d0e7bba99d3535.jpg,6d7825a19a545a229c1aab1af9f280c1
Data/pcb_dataset2/pcb_dataset2_980/pcb_dataset2_980.jpg,pcb_dataset2_980.jpg,pcb_dataset2,20085220_test_jpg.rf.4cf66a08a5366188a39e7e1897b52f02.jpg,b1581c507a751097095ca3187298fa79
Data/pcb_dataset2/pcb_dataset2_981/pcb_dataset2_981.jpg,pcb_dataset2_981.jpg,pcb_dataset2,20085221_test_jpg.rf.be08e3c45e3d1d18f2e2e7ebe1f2118d.jpg,63ac77e97086145e9a0e5e4fe3c215d1
Data/pcb_dataset2/pcb_dataset2_982/pcb_dataset2_982.jpg,pcb_dataset2_982.jpg,pcb_dataset2,20085222_test_jpg.rf.946bbbf52d0037d76d2ce5e9cf8e63ef.jpg,c9cf4d0943daaaf5663cccb263b5d03b
Data/pcb_dataset2/pcb_dataset2_983/pcb_dataset2_983.jpg,pcb_dataset2_983.jpg,pcb_dataset2,20085223_test_jpg.rf.cd0d2a01f5705051556acbc6f0aca1e8.jpg,a39f61aed9b179139a008c6e4d15d8dc
Data/pcb_dataset2/pcb_dataset2_984/pcb_dataset2_984.jpg,pcb_dataset2_984.jpg,pcb_dataset2,20085225_test_jpg.rf.66b056db2cad889ee219a46c4ad6676f.jpg,9237cafb056b037cab5d38b51058ec24
Data/pcb_dataset2/pcb_dataset2_985/pcb_dataset2_985.jpg,pcb_dataset2_985.jpg,pcb_dataset2,20085226_test_jpg.rf.32f4b0fc07c5259eeb6cf5e3995f2870.jpg,67b76439d52649598e22dc3f616542e4
Data/pcb_dataset2/pcb_dataset2_986/pcb_dataset2_986.jpg,pcb_dataset2_986.jpg,pcb_dataset2,20085227_test_jpg.rf.d2d2260e9aa6142e9589047bc791733f.jpg,8db4b18c9c0e11e83f9d8c4f49e64f9c
Data/pcb_dataset2/pcb_dataset2_987/pcb_dataset2_987.jpg,pcb_dataset2_987.jpg,pcb_dataset2,20085229_test_jpg.rf.3b5aef51e9921aa9492a14b49efb06b6.jpg,c96e40677d6c0bbfdb9d2db8777a643d
Data/pcb_dataset2/pcb_dataset2_988/pcb_dataset2_988.jpg,pcb_dataset2_988.jpg,pcb_dataset2,20085230_test_jpg.rf.f2fba4b7708b1e53b765aff62e480b75.jpg,1be442f458d208d5cadd0e4f52159739
Data/pcb_dataset2/pcb_dataset2_989/pcb_dataset2_989.jpg,pcb_dataset2_989.jpg,pcb_dataset2,20085231_test_jpg.rf.d1c354129500885288e176fefda55bdf.jpg,895d6ede6bcfce87370046ea8857a825
Data/pcb_dataset2/pcb_dataset2_99/pcb_dataset2_99.jpg,pcb_dataset2_99.jpg,pcb_dataset2,12300246_test_jpg.rf.0a353b520de8cf167ab6bc6472497b92.jpg,6dbb32c58c500193d44b41ca7e78a968
Data/pcb_dataset2/pcb_dataset2_990/pcb_dataset2_990.jpg,pcb_dataset2_990.jpg,pcb_dataset2,20085235_test_jpg.rf.89521884085e8e0cd0d7da3ff626c4e1.jpg,c148eb9e79db45f43c185c392dbfd118
Data/pcb_dataset2/pcb_dataset2_991/pcb_dataset2_991.jpg,pcb_dataset2_991.jpg,pcb_dataset2,20085236_test_jpg.rf.a9a318b8cd3c2ab0c4707c1f166177b1.jpg,d6e6153065f3d4932bc4fc7eece288e8
Data/pcb_dataset2/pcb_dataset2_992/pcb_dataset2_992.jpg,pcb_dataset2_992.jpg,pcb_dataset2,20085237_test_jpg.rf.c9c2a6c9e524f1109a58ed2d6addc85f.jpg,8050a728299b9ab806fb715e4e7e9fbe
Data/pcb_dataset2/pcb_dataset2_993/pcb_dataset2_993.jpg,pcb_dataset2_993.jpg,pcb_dataset2,20085238_test_jpg.rf.62fc38255e4f46da9bb1fa372dffc66b.jpg,7432a0b0928ea6ba3db0f3a3a7fa6ccc
Data/pcb_dataset2/pcb_dataset2_994/pcb_dataset2_994.jpg,pcb_dataset2_994.jpg,pcb_dataset2,20085239_test_jpg.rf.d04a4abd648d2e0e52fa4af9ab6d5c77.jpg,d95c648f2117eea990ac0c7b23a41cce
Data/pcb_dataset2/pcb_dataset2_995/pcb_dataset2_995.jpg,pcb_dataset2_995.jpg,pcb_dataset2,20085240_test_jpg.rf.ac30d0cc66ffc11b9ada5f9c178ed5a4.jpg,e2e77bcad47b58a6caab15b7f7c58f31
Data/pcb_dataset2/pcb_dataset2_996/pcb_dataset2_996.jpg,pcb_dataset2_996.jpg,pcb_dataset2,20085241_test_jpg.rf.5af660854c8fa8e971b4f7ad4ed709c5.jpg,6a961a8539107404fe753398d6d36067
Data/pcb_dataset2/pcb_dataset2_997/pcb_dataset2_997.jpg,pcb_dataset2_997.jpg,pcb_dataset2,20085242_test_jpg.rf.707b3d3f6e70037cb61354c6b50e3e6e.jpg,da2c88354724973de6173c6de385760b
Data/pcb_dataset2/pcb_dataset2_998/pcb_dataset2_998.jpg,pcb_dataset2_998.jpg,pcb_dataset2,20085243_test_jpg.rf.5dcb13187f92fafb1280d0b1769f1fd7.jpg,67fe6be371300b0abaef88e5a2ce0c35
Data/pcb_dataset2/pcb_dataset2_999/pcb_dataset2_999.jpg,pcb_dataset2_999.jpg,pcb_dataset2,20085244_test_jpg.rf.0a2f68b9907e30812756377c559b4312.jpg,f3b7936f13c668bbfee90ed6e28783f0
Data/pcb_dataset3/pcb_dataset3_1/pcb_dataset3_1.jpg,pcb_dataset3_1.jpg,pcb_dataset3,01_missing_hole_02_jpg.rf.9fe4e3da27f0ecb72064cd41172fda1c.jpg,6e8a0c0e70125301998e86a997c58274
Data/pcb_dataset3/pcb_dataset3_10/pcb_dataset3_10.jpg,pcb_dataset3_10.jpg,pcb_dataset3,01_mouse_bite_16_jpg.rf.6a850d26b6560e6bff3fdb37326fefbd.jpg,0e0eb632f8dc7be7a0905553b897939c
Data/pcb_dataset3/pcb_dataset3_100/pcb_dataset3_100.jpg,pcb_dataset3_100.jpg,pcb_dataset3,11_spur_04_jpg.rf.1d9b02da8e9b435399093a25b64433bf.jpg,e7038a38d35ac180a77a818cf43222c1
Data/pcb_dataset3/pcb_dataset3_101/pcb_dataset3_101.jpg,pcb_dataset3_101.jpg,pcb_dataset3,12_missing_hole_02_jpg.rf.c6f334965b8ba35216fa10b85d1ad925.jpg,d0906e45d95a7f171f691f1181dc73c1
Data/pcb_dataset3/pcb_dataset3_102/pcb_dataset3_102.jpg,pcb_dataset3_102.jpg,pcb_dataset3,12_missing_hole_03_jpg.rf.1b67f572574ec117a9994837fed08587.jpg,cc32d6d3682a953608f59a464aad85d7
Data/pcb_dataset3/pcb_dataset3_103/pcb_dataset3_103.jpg,pcb_dataset3_103.jpg,pcb_dataset3,12_missing_hole_05_jpg.rf.a425d879bc5da5fc4c5359a8b6fbcc8a.jpg,8d4e03cb4983557df5539709ee395a76
Data/pcb_dataset3/pcb_dataset3_104/pcb_dataset3_104.jpg,pcb_dataset3_104.jpg,pcb_dataset3,12_missing_hole_09_jpg.rf.fd89899600501ff31655cbe7b97e954b.jpg,105989e24f5f332f9ad316166a80103c
Data/pcb_dataset3/pcb_dataset3_105/pcb_dataset3_105.jpg,pcb_dataset3_105.jpg,pcb_dataset3,12_mouse_bite_02_jpg.rf.e5e4bfc95353b5dc50da1fe3fde6faec.jpg,b9ccb1a2b71ca67dfd7ba22145443396
Data/pcb_dataset3/pcb_dataset3_106/pcb_dataset3_106.jpg,pcb_dataset3_106.jpg,pcb_dataset3,12_mouse_bite_03_jpg.rf.8eb464c4f2f21559d05dd7ac3a6d2f3a.jpg,65c3b9a0f1e9a5dbd853d5ae07997bf5
Data/pcb_dataset3/pcb_dataset3_107/pcb_dataset3_107.jpg,pcb_dataset3_107.jpg,pcb_dataset3,12_mouse_bite_09_jpg.rf.9b224115a9e9f0bacd2280ad8d86a23f.jpg,a347b304d2a55f2811b892ba557ae64d
Data/pcb_dataset3/pcb_dataset3_108/pcb_dataset3_108.jpg,pcb_dataset3_108.jpg,pcb_dataset3,12_mouse_bite_09_jpg.rf.eb18fa8f80014902de643e1391f8fa31.jpg,173e7001ae4d486c961684a234a1967c
Data/pcb_dataset3/pcb_dataset3_109/pcb_dataset3_109.jpg,pcb_dataset3_109.jpg,pcb_dataset3,12_mouse_bite_10_jpg.rf.5cfcf5f914d43151cc17b70235c5fc0e.jpg,eb21522fdafbf612e43779bb98daf7b5
Data/pcb_dataset3/pcb_dataset3_11/pcb_dataset3_11.jpg,pcb_dataset3_11.jpg,pcb_dataset3,01_mouse_bite_19_jpg.rf.6b72f3d2243f3c04414d617dc62df0d5.jpg,852a66f4eaf64dc8b358457956eb4fc6
Data/pcb_dataset3/pcb_dataset3_110/pcb_dataset3_110.jpg,pcb_dataset3_110.jpg,pcb_dataset3,12_open_circuit_01_jpg.rf.6afe2857fad9f07d241262301089e196.jpg,de5ddd4667317ab809650c3887e010f6
Data/pcb_dataset3/pcb_dataset3_111/pcb_dataset3_111.jpg,pcb_dataset3_111.jpg,pcb_dataset3,12_open_circuit_02_jpg.rf.b1f81cbcabd1d7240ae996515495aefb.jpg,28b304e1d6803d1ae59dca48b7ce7b59
Data/pcb_dataset3/pcb_dataset3_112/pcb_dataset3_112.jpg,pcb_dataset3_112.jpg,pcb_dataset3,12_open_circuit_07_jpg.rf.92d585486a3b59c40c5e887963231d26.jpg,ea3dc298c3a6287cd30710bc3c8e9812
Data/pcb_dataset3/pcb_dataset3_113/pcb_dataset3_113.jpg,pcb_dataset3_113.jpg,pcb_dataset3,12_short_09_jpg.rf.6cf3a310154a23a82ff60cb36de4cd51.jpg,35fc412da0cdd1fd8f617c8ba223d5cd
Data/pcb_dataset3/pcb_dataset3_114/pcb_dataset3_114.jpg,pcb_dataset3_114.jpg,pcb_dataset3,12_spur_04_jpg.rf.7186c48ad2103fe60269e5daf42243c2.jpg,40562c6c4d341fe76c627b752baf0986
Data/pcb_dataset3/pcb_dataset3_115/pcb_dataset3_115.jpg,pcb_dataset3_115.jpg,pcb_dataset3,12_spur_05_jpg.rf.85329215a2d7aedf8a07d5724ef14fae.jpg,6c3e6b7b00f1ad755e218f5ede767035
Data/pcb_dataset3/pcb_dataset3_116/pcb_dataset3_116.jpg,pcb_dataset3_116.jpg,pcb_dataset3,12_spur_08_jpg.rf.b58f5b7ecf9db88ec5348be2a5f1056b.jpg,31f9029662cefedea29dcf02ca13f175
Data/pcb_dataset3/pcb_dataset3_117/pcb_dataset3_117.jpg,pcb_dataset3_117.jpg,pcb_dataset3,01_missing_hole_01_jpg.rf.88de2e97c09dd3552a02f202adb62128.jpg,0d70306d2ccc9674c0ed6f9c35b45d32
Data/pcb_dataset3/pcb_dataset3_118/pcb_dataset3_118.jpg,pcb_dataset3_118.jpg,pcb_dataset3,01_missing_hole_01_jpg.rf.940efd6beaffc48b2355e87acdc28069.jpg,5c8e0608f1d8aa1d299ceb6e3b804ccb
Data/pcb_dataset3/pcb_dataset3_119/pcb_dataset3_119.jpg,pcb_dataset3_119.jpg,pcb_dataset3,01_missing_hole_02_jpg.rf.856f1da167d1b16ad91f7c22ff9bfeb5.jpg,24c3e9b9889b3c02eb7b7a13fb584c87
Data/pcb_dataset3/pcb_dataset3_12/pcb_dataset3_12.jpg,pcb_dataset3_12.jpg,pcb_dataset3,01_open_circuit_04_jpg.rf.e48d2be29d0998e63701fe4afd0ac2f3.jpg,fb9be9acf370386497b3d650bf14b3a1
Data/pcb_dataset3/pcb_dataset3_120/pcb_dataset3_120.jpg,pcb_dataset3_120.jpg,pcb_dataset3,01_missing_hole_03_jpg.rf.9a2623af8ce9a148f214d8748520bd17.jpg,6ffb9c0caa3e4d6ca7670a6a374414ee
Data/pcb_dataset3/pcb_dataset3_121/pcb_dataset3_121.jpg,pcb_dataset3_121.jpg,pcb_dataset3,01_missing_hole_06_jpg.rf.9422bb9553743fd74b939d3558072076.jpg,cb89a34ff8ce0f80d6a148c7ab8c38e2
Data/pcb_dataset3/pcb_dataset3_122/pcb_dataset3_122.jpg,pcb_dataset3_122.jpg,pcb_dataset3,01_missing_hole_07_jpg.rf.10c0e85f87c991cd13c5518b53595bfe.jpg,b1f95d1931017dff61eb7b8582aca17f
Data/pcb_dataset3/pcb_dataset3_123/pcb_dataset3_123.jpg,pcb_dataset3_123.jpg,pcb_dataset3,01_missing_hole_08_jpg.rf.731b734f1c9dfbffdfed335d4f783841.jpg,7e72a391e648545a181e544f707dbb42
Data/pcb_dataset3/pcb_dataset3_124/pcb_dataset3_124.jpg,pcb_dataset3_124.jpg,pcb_dataset3,01_missing_hole_09_jpg.rf.6cb9bbf0be404667aeffb906e04d36ce.jpg,8eebdce1d321f61286d3b9e98e78ab5d
Data/pcb_dataset3/pcb_dataset3_125/pcb_dataset3_125.jpg,pcb_dataset3_125.jpg,pcb_dataset3,01_missing_hole_09_jpg.rf.de94154b9e4968302cd8b8547999e6db.jpg,10163d5d3b5c0d5f9250d85c3caf5000
Data/pcb_dataset3/pcb_dataset3_126/pcb_dataset3_126.jpg,pcb_dataset3_126.jpg,pcb_dataset3,01_missing_hole_10_jpg.rf.1ce9f1e510bc87620df8eaa6714be3cb.jpg,c40c66ab554ba871f104fa6197575dd3
Data/pcb_dataset3/pcb_dataset3_127/pcb_dataset3_127.jpg,pcb_dataset3_127.jpg,pcb_dataset3,01_missing_hole_10_jpg.rf.5c961e91cc8adb94c6788dccd40d71ea.jpg,4af3e1453a84eac305820a9359a96317
Data/pcb_dataset3/pcb_dataset3_128/pcb_dataset3_128.jpg,pcb_dataset3_128.jpg,pcb_dataset3,01_missing_hole_11_jpg.rf.5ade223bb403f7034847f85a996bfaee.jpg,9469dc6ce490ac5354c4b328d156371f
Data/pcb_dataset3/pcb_dataset3_129/pcb_dataset3_129.jpg,pcb_dataset3_129.jpg,pcb_dataset3,01_missing_hole_11_jpg.rf.723f46b423d17f06ed39979472120f5c.jpg,3860fafdfe82dec995305fd9dd0472e7
Data/pcb_dataset3/pcb_dataset3_13/pcb_dataset3_13.jpg,pcb_dataset3_13.jpg,pcb_dataset3,01_open_circuit_08_jpg.rf.5de70a28221e089a87e35b312751e01c.jpg,094c2e3517d6231ed3ce79737b86e4ba
Data/pcb_dataset3/pcb_dataset3_130/pcb_dataset3_130.jpg,pcb_dataset3_130.jpg,pcb_dataset3,01_missing_hole_13_jpg.rf.1cc18fcbec1627c4413d50c4118dd06c.jpg,dd6e00e10efdb404e2b2cbd3a2df8966
Data/pcb_dataset3/pcb_dataset3_131/pcb_dataset3_131.jpg,pcb_dataset3_131.jpg,pcb_dataset3,01_missing_hole_14_jpg.rf.93d9c975040fdafc383f0e2a47cb1b76.jpg,38b6f5c84bb5c59a564aef8100341d9f
Data/pcb_dataset3/pcb_dataset3_132/pcb_dataset3_132.jpg,pcb_dataset3_132.jpg,pcb_dataset3,01_missing_hole_14_jpg.rf.e72b6345b1a7de16a2115d7588f1d9d9.jpg,736bf13b2e3f8ef1fcad7be32ad6c1e6
Data/pcb_dataset3/pcb_dataset3_133/pcb_dataset3_133.jpg,pcb_dataset3_133.jpg,pcb_dataset3,01_missing_hole_15_jpg.rf.6caf9359dce8efc00bf6c4de4c7138cd.jpg,d8321c259fce5c4a904f114490219ad7
Data/pcb_dataset3/pcb_dataset3_134/pcb_dataset3_134.jpg,pcb_dataset3_134.jpg,pcb_dataset3,01_missing_hole_16_jpg.rf.581b8057d233d74878a95157f8486fcf.jpg,a97dbb51b8447f970fbe74391dc82992
Data/pcb_dataset3/pcb_dataset3_135/pcb_dataset3_135.jpg,pcb_dataset3_135.jpg,pcb_dataset3,01_missing_hole_16_jpg.rf.ab32a92b7cd05bbedf32b5b61850749a.jpg,edf83b2157f2c54b4e478e30744086e8
Data/pcb_dataset3/pcb_dataset3_136/pcb_dataset3_136.jpg,pcb_dataset3_136.jpg,pcb_dataset3,01_missing_hole_17_jpg.rf.0b0467604576ac56b6ffd52bf6f8166a.jpg,8d4eaf9e0831cec6d962602b96bf686d
Data/pcb_dataset3/pcb_dataset3_137/pcb_dataset3_137.jpg,pcb_dataset3_137.jpg,pcb_dataset3,01_missing_hole_17_jpg.rf.b61532ff5ad6c9adaf290ba64770f437.jpg,f6a0a774b35eab91d82343e23b9a47a2
Data/pcb_dataset3/pcb_dataset3_138/pcb_dataset3_138.jpg,pcb_dataset3_138.jpg,pcb_dataset3,01_missing_hole_18_jpg.rf.50342998c97b651f2b0a47d520e72114.jpg,b226835420346ebb7f231205b501bb8e
Data/pcb_dataset3/pcb_dataset3_139/pcb_dataset3_139.jpg,pcb_dataset3_139.jpg,pcb_dataset3,01_missing_hole_18_jpg.rf.91c1e9d1586bf3796a1be98476740081.jpg,3833d9ef3f6ff4f4fa872dcf7cd855e5
Data/pcb_dataset3/pcb_dataset3_14/pcb_dataset3_14.jpg,pcb_dataset3_14.jpg,pcb_dataset3,01_open_circuit_08_jpg.rf.b5f626aaa6c42f04683ee08d993212ad.jpg,a8c1b42846f86fbee6aca6f94e381882
Data/pcb_dataset3/pcb_dataset3_140/pcb_dataset3_140.jpg,pcb_dataset3_140.jpg,pcb_dataset3,01_missing_hole_19_jpg.rf.0ef0071f16f40160c68bf9a3ffed1d7b.jpg,2695959202b8d93b2fb5ce40c5f561b4
Data/pcb_dataset3/pcb_dataset3_141/pcb_dataset3_141.jpg,pcb_dataset3_141.jpg,pcb_dataset3,01_missing_hole_19_jpg.rf.539821d9328c02a5e20337d3910020e1.jpg,776df9ef339cec2337bf277957c30103
Data/pcb_dataset3/pcb_dataset3_142/pcb_dataset3_142.jpg,pcb_dataset3_142.jpg,pcb_dataset3,01_missing_hole_20_jpg.rf.87df3a79fda61a0ec2e0cecba18737f5.jpg,14a01c02732025f1c03c4193ba6a419c
Data/pcb_dataset3/pcb_dataset3_143/pcb_dataset3_143.jpg,pcb_dataset3_143.jpg,pcb_dataset3,01_missing_hole_20_jpg.rf.e79319bc931c783ea1eb85dab98dadf2.jpg,8cb31a03a6bfa9045537f32e501ca689
Data/pcb_dataset3/pcb_dataset3_144/pcb_dataset3_144.jpg,pcb_dataset3_144.jpg,pcb_dataset3,01_mouse_bite_01_jpg.rf.8ed056c72f9cba1aa2b372468c23d8bb.jpg,e56b086bc39085ec344666374ac5638b
Data/pcb_dataset3/pcb_dataset3_145/pcb_dataset3_145.jpg,pcb_dataset3_145.jpg,pcb_dataset3,01_mouse_bite_02_jpg.rf.a532419e93facf19bfbd86a7718d58be.jpg,9559c73c36512481477b248e25e2c791
Data/pcb_dataset3/pcb_dataset3_146/pcb_dataset3_146.jpg,pcb_dataset3_146.jpg,pcb_dataset3,01_mouse_bite_03_jpg.rf.35adc1a840ed5dcc5883ff73d4de7e76.jpg,b348badbcf030b14a1326d29b57f1290
Data/pcb_dataset3/pcb_dataset3_147/pcb_dataset3_147.jpg,pcb_dataset3_147.jpg,pcb_dataset3,01_mouse_bite_03_jpg.rf.873d9d595e48759b49cc1f3f33a48902.jpg,a8d7ad7a2e041977af09ffdf491a0b9e
Data/pcb_dataset3/pcb_dataset3_148/pcb_dataset3_148.jpg,pcb_dataset3_148.jpg,pcb_dataset3,01_mouse_bite_04_jpg.rf.81755912a96ccc5a1a1dbc0e29d958d3.jpg,1b130fbb3ac2da39e96e56f268ccc5c3
Data/pcb_dataset3/pcb_dataset3_149/pcb_dataset3_149.jpg,pcb_dataset3_149.jpg,pcb_dataset3,01_mouse_bite_04_jpg.rf.eeabebb964b6676371a0f5ae7e24bc57.jpg,3fd1c2f2ba68c09c1b157b94a7db8b9e
Data/pcb_dataset3/pcb_dataset3_15/pcb_dataset3_15.jpg,pcb_dataset3_15.jpg,pcb_dataset3,01_open_circuit_14_jpg.rf.473b299c8036dc4dc7d26c1d0edd390b.jpg,1661f25b3c320410ad8068c0c3c4263f
Data/pcb_dataset3/pcb_dataset3_150/pcb_dataset3_150.jpg,pcb_dataset3_150.jpg,pcb_dataset3,01_mouse_bite_05_jpg.rf.8d94001fa55de662f22fecd50dfec726.jpg,59e6ca36348c5b968764fe0fc345eacf
Data/pcb_dataset3/pcb_dataset3_151/pcb_dataset3_151.jpg,pcb_dataset3_151.jpg,pcb_dataset3,01_mouse_bite_06_jpg.rf.d3e2980c504e777c3c5432e44d745928.jpg,a1384d8dfb485f87f51a934b04a53551
Data/pcb_dataset3/pcb_dataset3_152/pcb_dataset3_152.jpg,pcb_dataset3_152.jpg,pcb_dataset3,01_mouse_bite_07_jpg.rf.153a30a234ad722fffd6012d2e9756d6.jpg,0061c0fc6699b93c9c99fd1f98d8d723
Data/pcb_dataset3/pcb_dataset3_153/pcb_dataset3_153.jpg,pcb_dataset3_153.jpg,pcb_dataset3,01_mouse_bite_08_jpg.rf.13f3375eda07a9e049ce621574fa9709.jpg,5ebadccf56e2b414414d7881c2969684
Data/pcb_dataset3/pcb_dataset3_154/pcb_dataset3_154.jpg,pcb_dataset3_154.jpg,pcb_dataset3,01_mouse_bite_08_jpg.rf.49905c5b51c7ad6ccdbc9aef526ed9e3.jpg,899990d95a4432c84c0c251ac56e36f7
Data/pcb_dataset3/pcb_dataset3_155/pcb_dataset3_155.jpg,pcb_dataset3_155.jpg,pcb_dataset3,01_mouse_bite_09_jpg.rf.94cd8338400c1147342d478756fff90b.jpg,1bd0d2ee3f0ee624c3a26dddd4ed9a67
Data/pcb_dataset3/pcb_dataset3_156/pcb_dataset3_156.jpg,pcb_dataset3_156.jpg,pcb_dataset3,01_mouse_bite_09_jpg.rf.a356a9ff4fad57d367fa2491a0ac2869.jpg,d1c7d75c0b03ed91ff5ab22ec932cda1
Data/pcb_dataset3/pcb_dataset3_157/pcb_dataset3_157.jpg,pcb_dataset3_157.jpg,pcb_dataset3,01_mouse_bite_10_jpg.rf.1e7ca737203d2f08edbde0931f256618.jpg,c5e972d4cf78f6f953117d3906be3feb
Data/pcb_dataset3/pcb_dataset3_158/pcb_dataset3_158.jpg,pcb_dataset3_158.jpg,pcb_dataset3,01_mouse_bite_11_jpg.rf.8ecda82ba00271e25c0c2bad5a9100b2.jpg,9a59a18d85afd03d68e91d672dae8988
Data/pcb_dataset3/pcb_dataset3_159/pcb_dataset3_159.jpg,pcb_dataset3_159.jpg,pcb_dataset3,01_mouse_bite_12_jpg.rf.26cd074a80ab5d193a70f4783339dd83.jpg,481d89523b2a1f2510533157fb4b246c
Data/pcb_dataset3/pcb_dataset3_16/pcb_dataset3_16.jpg,pcb_dataset3_16.jpg,pcb_dataset3,01_open_circuit_15_jpg.rf.c80ac396c8df74e8eb50f040284879ec.jpg,b838589d630016c2c11333cad6beea2f
Data/pcb_dataset3/pcb_dataset3_160/pcb_dataset3_160.jpg,pcb_dataset3_160.jpg,pcb_dataset3,01_mouse_bite_12_jpg.rf.b2ef18e26cd33d64513239652369b030.jpg,de6ab913b7031148be6fefd88524dcf0
Data/pcb_dataset3/pcb_dataset3_161/pcb_dataset3_161.jpg,pcb_dataset3_161.jpg,pcb_dataset3,01_mouse_bite_13_jpg.rf.069c4774c7564d4ab4e988d02daa3dc6.jpg,93444a07a1ca76f2a181456e1c6b60bf
Data/pcb_dataset3/pcb_dataset3_162/pcb_dataset3_162.jpg,pcb_dataset3_162.jpg,pcb_dataset3,01_mouse_bite_13_jpg.rf.9985bce05cca1bd89528445f04e0e907.jpg,84f0160430eb84c198c414c2431da575
Data/pcb_dataset3/pcb_dataset3_163/pcb_dataset3_163.jpg,pcb_dataset3_163.jpg,pcb_dataset3,01_mouse_bite_14_jpg.rf.277e77c377f556cadc53f460a7ec45a6.jpg,ef29bab595643c68c72c03a49ef18263
Data/pcb_dataset3/pcb_dataset3_164/pcb_dataset3_164.jpg,pcb_dataset3_164.jpg,pcb_dataset3,01_mouse_bite_15_jpg.rf.557741cefcb6a4247926dfa312e3f9be.jpg,78e0a88bb4b2037f573864c4841088b2
Data/pcb_dataset3/pcb_dataset3_165/pcb_dataset3_165.jpg,pcb_dataset3_165.jpg,pcb_dataset3,01_mouse_bite_16_jpg.rf.1c5cbde938c963659e7f9afda429d43a.jpg,f0f69dbd60c31fd2bab3515d6b582a62
Data/pcb_dataset3/pcb_dataset3_166/pcb_dataset3_166.jpg,pcb_dataset3_166.jpg,pcb_dataset3,01_mouse_bite_17_jpg.rf.1174d0e1f1d1e3a848e12adc6ae2864c.jpg,6f1fd402cd75a26feed2696557243000
Data/pcb_dataset3/pcb_dataset3_167/pcb_dataset3_167.jpg,pcb_dataset3_167.jpg,pcb_dataset3,01_mouse_bite_17_jpg.rf.25f4d571cf94ec6d03969b66c4d362f8.jpg,409c2787f22306f4c8a5639d0c152f1e
Data/pcb_dataset3/pcb_dataset3_168/pcb_dataset3_168.jpg,pcb_dataset3_168.jpg,pcb_dataset3,01_mouse_bite_18_jpg.rf.0beddbfa37b40d11aa680facbea739ef.jpg,eff50cb0fd3a274768e3a564f9cfa9bd
Data/pcb_dataset3/pcb_dataset3_169/pcb_dataset3_169.jpg,pcb_dataset3_169.jpg,pcb_dataset3,01_mouse_bite_18_jpg.rf.6302ba3ba84db9841b654cddf2846e2f.jpg,2c36036efca23c0cb5ca34d5ae89555c
Data/pcb_dataset3/pcb_dataset3_17/pcb_dataset3_17.jpg,pcb_dataset3_17.jpg,pcb_dataset3,01_open_circuit_17_jpg.rf.7f7611f863be9737dad15036c39b2a8f.jpg,c2b8ad57545ab19be6e4c700e5f15f56
Data/pcb_dataset3/pcb_dataset3_170/pcb_dataset3_170.jpg,pcb_dataset3_170.jpg,pcb_dataset3,01_mouse_bite_19_jpg.rf.ff075a030078aadaedabfd936afd4cd3.jpg,515f8360e831780f71d0c3dee8e8d64a
Data/pcb_dataset3/pcb_dataset3_171/pcb_dataset3_171.jpg,pcb_dataset3_171.jpg,pcb_dataset3,01_mouse_bite_20_jpg.rf.90bd2cbc60f34d0431b19cf0a64af888.jpg,72e959bfce88c86add4cad6baa708744
Data/pcb_dataset3/pcb_dataset3_172/pcb_dataset3_172.jpg,pcb_dataset3_172.jpg,pcb_dataset3,01_mouse_bite_20_jpg.rf.d77a6412d8027b707ee2bef4b45b1ec3.jpg,409affa2cd19cc19a219b388ce9df6c8
Data/pcb_dataset3/pcb_dataset3_173/pcb_dataset3_173.jpg,pcb_dataset3_173.jpg,pcb_dataset3,01_open_circuit_01_jpg.rf.a37c1708a31848de5f13db98d268f4fe.jpg,391ee60072a8816b28b96e5b2d6dc356
Data/pcb_dataset3/pcb_dataset3_174/pcb_dataset3_174.jpg,pcb_dataset3_174.jpg,pcb_dataset3,01_open_circuit_02_jpg.rf.211f357652bbd7fa3d3ccf107bc80cbd.jpg,19bd99e3a047a3c981a5941d5026bd1f
Data/pcb_dataset3/pcb_dataset3_175/pcb_dataset3_175.jpg,pcb_dataset3_175.jpg,pcb_dataset3,01_open_circuit_02_jpg.rf.32266179f55961162ea356a0ebe7480d.jpg,cc9b21d9f6210778386723b2eba41e84
Data/pcb_dataset3/pcb_dataset3_176/pcb_dataset3_176.jpg,pcb_dataset3_176.jpg,pcb_dataset3,01_open_circuit_03_jpg.rf.12f09053927a0ab26b57026bec820152.jpg,e7867ef1439d69875a6a45b856d24889
Data/pcb_dataset3/pcb_dataset3_177/pcb_dataset3_177.jpg,pcb_dataset3_177.jpg,pcb_dataset3,01_open_circuit_03_jpg.rf.32b46510cb10ec67d322de043611701e.jpg,8c923b7b2c0f9bd68ed5bb62d7a40613
Data/pcb_dataset3/pcb_dataset3_178/pcb_dataset3_178.jpg,pcb_dataset3_178.jpg,pcb_dataset3,01_open_circuit_04_jpg.rf.c87b474021dc7b27f2503af308fc1ea8.jpg,ff9b22f53cd651ee01f861fa6f7f2ac8
Data/pcb_dataset3/pcb_dataset3_179/pcb_dataset3_179.jpg,pcb_dataset3_179.jpg,pcb_dataset3,01_open_circuit_05_jpg.rf.b87959990ad0e066bd07987c4d195915.jpg,d77ddfc53ec4a805d95f9961db2f8133
Data/pcb_dataset3/pcb_dataset3_18/pcb_dataset3_18.jpg,pcb_dataset3_18.jpg,pcb_dataset3,01_short_03_jpg.rf.459639bc133d490dd7bf1226b5e038d1.jpg,ee2034933191ded80fc052493a0558f3
Data/pcb_dataset3/pcb_dataset3_180/pcb_dataset3_180.jpg,pcb_dataset3_180.jpg,pcb_dataset3,01_open_circuit_06_jpg.rf.8594cef0473d3a270392dd994046fe01.jpg,1100cf36c4abd93c525dfedf91d82b1a
Data/pcb_dataset3/pcb_dataset3_181/pcb_dataset3_181.jpg,pcb_dataset3_181.jpg,pcb_dataset3,01_open_circuit_06_jpg.rf.97304405fde0416dd7050fe5a11609bf.jpg,ca289597be2bd8e75463ed41780c6135
Data/pcb_dataset3/pcb_dataset3_182/pcb_dataset3_182.jpg,pcb_dataset3_182.jpg,pcb_dataset3,01_open_circuit_07_jpg.rf.d2bae10761781a29c0274d217a85317c.jpg,4d5d61805a102350916de41d6e8e34dd
Data/pcb_dataset3/pcb_dataset3_183/pcb_dataset3_183.jpg,pcb_dataset3_183.jpg,pcb_dataset3,01_open_circuit_07_jpg.rf.df5938f09c2b5dacf22507424d30a7d2.jpg,7068f2c2454b978ff4ae1fdc9e20f05d
Data/pcb_dataset3/pcb_dataset3_184/pcb_dataset3_184.jpg,pcb_dataset3_184.jpg,pcb_dataset3,01_open_circuit_09_jpg.rf.2bad20a44df768a8a348ae4554a668c0.jpg,620ffc1f6abc248a46d321aee03f1512
Data/pcb_dataset3/pcb_dataset3_185/pcb_dataset3_185.jpg,pcb_dataset3_185.jpg,pcb_dataset3,01_open_circuit_09_jpg.rf.88cbd06b6efee4467de755c6d85d8dfb.jpg,344bc7c82703825bce423f1336b250a9
Data/pcb_dataset3/pcb_dataset3_186/pcb_dataset3_186.jpg,pcb_dataset3_186.jpg,pcb_dataset3,01_open_circuit_10_jpg.rf.7d6ad666464fe4d3967927fdae3b7802.jpg,370bc4bfb459c82f6f34aa4c4fa03cd2
Data/pcb_dataset3/pcb_dataset3_187/pcb_dataset3_187.jpg,pcb_dataset3_187.jpg,pcb_dataset3,01_open_circuit_10_jpg.rf.898ffebab792d8563161300706d23715.jpg,42dc8e39e417d1b5fa3f41d9cddfd409
Data/pcb_dataset3/pcb_dataset3_188/pcb_dataset3_188.jpg,pcb_dataset3_188.jpg,pcb_dataset3,01_open_circuit_11_jpg.rf.201e039071b799478a86476a3e3f2eec.jpg,8e56f7e07d76e0139d488995e6068a1e
Data/pcb_dataset3/pcb_dataset3_189/pcb_dataset3_189.jpg,pcb_dataset3_189.jpg,pcb_dataset3,01_open_circuit_12_jpg.rf.70bdfa2ad8dcd013d4e5e3bf19634010.jpg,458b3c2e4c5f6de746882b0f88322f09
Data/pcb_dataset3/pcb_dataset3_19/pcb_dataset3_19.jpg,pcb_dataset3_19.jpg,pcb_dataset3,01_short_03_jpg.rf.9de57265ed549bb96137a7f35e3ebc61.jpg,e717ff45339b98dc50a845f4ed7061c6
Data/pcb_dataset3/pcb_dataset3_190/pcb_dataset3_190.jpg,pcb_dataset3_190.jpg,pcb_dataset3,01_open_circuit_12_jpg.rf.8edb3ea497ec300f72097593dcb9b553.jpg,0fe965deb4b4ef1b65c996bf690353aa
Data/pcb_dataset3/pcb_dataset3_191/pcb_dataset3_191.jpg,pcb_dataset3_191.jpg,pcb_dataset3,01_open_circuit_13_jpg.rf.e847d55fe40fde0d8261a69bf952267c.jpg,ca5c18db0a59f082a6c53835577329f0
Data/pcb_dataset3/pcb_dataset3_192/pcb_dataset3_192.jpg,pcb_dataset3_192.jpg,pcb_dataset3,01_open_circuit_14_jpg.rf.a3a666517d7c0b315802bd1e58e6ed0d.jpg,6bfd6695a7734c4460b124c68bafbc30
Data/pcb_dataset3/pcb_dataset3_193/pcb_dataset3_193.jpg,pcb_dataset3_193.jpg,pcb_dataset3,01_open_circuit_17_jpg.rf.392851714a0b6359111592c234abcf84.jpg,ee2630ef70c792fd1fdab24326ab86ea
Data/pcb_dataset3/pcb_dataset3_194/pcb_dataset3_194.jpg,pcb_dataset3_194.jpg,pcb_dataset3,01_open_circuit_19_jpg.rf.2aed395ca218d0d1000800c67c3a903d.jpg,6b01688d1d49d222973e43debec04997
Data/pcb_dataset3/pcb_dataset3_195/pcb_dataset3_195.jpg,pcb_dataset3_195.jpg,pcb_dataset3,01_open_circuit_20_jpg.rf.ebe45d2b930c85d5b3f51b331f81c221.jpg,dcf7246d16a8f455da54742aa4e79256
Data/pcb_dataset3/pcb_dataset3_196/pcb_dataset3_196.jpg,pcb_dataset3_196.jpg,pcb_dataset3,01_short_01_jpg.rf.f93121f2dd1d1673a8997695a0824909.jpg,365b9f67e8c572d3aa3658985b3ec287
Data/pcb_dataset3/pcb_dataset3_197/pcb_dataset3_197.jpg,pcb_dataset3_197.jpg,pcb_dataset3,01_short_02_jpg.rf.34985125d4fe558b3457b64053a52ce0.jpg,ad92ab0cfb1f9ad3af8ba288d8ebc980
Data/pcb_dataset3/pcb_dataset3_198/pcb_dataset3_198.jpg,pcb_dataset3_198.jpg,pcb_dataset3,01_short_02_jpg.rf.bffaab1a5847c90f5ee3a5336896da03.jpg,2e63e8d530ed00c381188dfd5e5412c1
Data/pcb_dataset3/pcb_dataset3_199/pcb_dataset3_199.jpg,pcb_dataset3_199.jpg,pcb_dataset3,01_short_04_jpg.rf.c23be1ba02e105fa01f677d20c30d20f.jpg,db111bda1bbf9eea755dda948ea72ad7
Data/pcb_dataset3/pcb_dataset3_2/pcb_dataset3_2.jpg,pcb_dataset3_2.jpg,pcb_dataset3,01_missing_hole_03_jpg.rf.2ec07b08e7d12980023b0aa7f328d25f.jpg,4429efd0c9cd5732b565a24ea3292472
Data/pcb_dataset3/pcb_dataset3_20/pcb_dataset3_20.jpg,pcb_dataset3_20.jpg,pcb_dataset3,01_short_04_jpg.rf.0fec1342628b99b7bb9092c436a0b20a.jpg,f3fc06e919b366b6e24598ba9cf1f2fe
Data/pcb_dataset3/pcb_dataset3_200/pcb_dataset3_200.jpg,pcb_dataset3_200.jpg,pcb_dataset3,01_short_05_jpg.rf.46e3a81c87486ae85512c48c88be4ed5.jpg,55602008c541f83e6ff3500c86e7a48c
Data/pcb_dataset3/pcb_dataset3_201/pcb_dataset3_201.jpg,pcb_dataset3_201.jpg,pcb_dataset3,01_short_05_jpg.rf.935445a4998e430c1c76f48fa62e2b3d.jpg,5cb1dd4fdb60cbbc8647252e42a7f1eb
Data/pcb_dataset3/pcb_dataset3_202/pcb_dataset3_202.jpg,pcb_dataset3_202.jpg,pcb_dataset3,01_short_06_jpg.rf.291a1f8a9317e31d14a4c57890f46dee.jpg,09fd62f31c79afc42feb5bb52b2b6820
Data/pcb_dataset3/pcb_dataset3_203/pcb_dataset3_203.jpg,pcb_dataset3_203.jpg,pcb_dataset3,01_short_06_jpg.rf.9110f08e464a3b87748fd723798448fb.jpg,650583c37a1b7ac03dd2d84735986a1f
Data/pcb_dataset3/pcb_dataset3_204/pcb_dataset3_204.jpg,pcb_dataset3_204.jpg,pcb_dataset3,01_short_07_jpg.rf.09f3bd82200a65a6d0de32b47c650cad.jpg,f624997a3bc254dd9bf2eaebce7b9efa
Data/pcb_dataset3/pcb_dataset3_205/pcb_dataset3_205.jpg,pcb_dataset3_205.jpg,pcb_dataset3,01_short_07_jpg.rf.3ab9abf2758230f29a06cd8ba5d181dd.jpg,ad0bdf005f8ee8b8b7cf1451a30cc06c
Data/pcb_dataset3/pcb_dataset3_206/pcb_dataset3_206.jpg,pcb_dataset3_206.jpg,pcb_dataset3,01_short_08_jpg.rf.7decd315db7dc1d571f03cd14a1df1c9.jpg,1562fc72f25a7ba4614ab17802659191
Data/pcb_dataset3/pcb_dataset3_207/pcb_dataset3_207.jpg,pcb_dataset3_207.jpg,pcb_dataset3,01_short_09_jpg.rf.46c38eaa1772b9a2562c14a2fed56c3f.jpg,b131a3762b96df10bddd4e5715b20a0d
Data/pcb_dataset3/pcb_dataset3_208/pcb_dataset3_208.jpg,pcb_dataset3_208.jpg,pcb_dataset3,01_short_10_jpg.rf.db3ff1a75f3c5d16555e4456624c2b44.jpg,bfca37f6659bf058d9aff9fb40b29643
Data/pcb_dataset3/pcb_dataset3_209/pcb_dataset3_209.jpg,pcb_dataset3_209.jpg,pcb_dataset3,01_short_11_jpg.rf.c11d3a1b98cb151cd56053c85f0598cd.jpg,02cd21ff1d71edd6c09aea7a7ac4c616
Data/pcb_dataset3/pcb_dataset3_21/pcb_dataset3_21.jpg,pcb_dataset3_21.jpg,pcb_dataset3,01_short_09_jpg.rf.f631e5392e27b052eb8c8825652c601b.jpg,3d2a90e8be70686b9550b6a713291660
Data/pcb_dataset3/pcb_dataset3_210/pcb_dataset3_210.jpg,pcb_dataset3_210.jpg,pcb_dataset3,01_short_12_jpg.rf.f3081cad0703ec83114ad0c3bca2298c.jpg,c55d14ea4d9d81377c3328031a044498
Data/pcb_dataset3/pcb_dataset3_211/pcb_dataset3_211.jpg,pcb_dataset3_211.jpg,pcb_dataset3,01_short_13_jpg.rf.ee6b6c103bbf2c3b2c3b2a755bb61b37.jpg,01a359a6df8737d68bbfef7d448b7145
Data/pcb_dataset3/pcb_dataset3_212/pcb_dataset3_212.jpg,pcb_dataset3_212.jpg,pcb_dataset3,01_short_13_jpg.rf.fea0f2e783bbf6d4e60c2d77be6c7f8d.jpg,7d07d4374ae4a2df9f6d4d3c95b2bed4
Data/pcb_dataset3/pcb_dataset3_213/pcb_dataset3_213.jpg,pcb_dataset3_213.jpg,pcb_dataset3,01_short_14_jpg.rf.3ff35a0a336f91e2a4b321f9dbb4bcc8.jpg,c5a7c73015001444b66122d334638461
Data/pcb_dataset3/pcb_dataset3_214/pcb_dataset3_214.jpg,pcb_dataset3_214.jpg,pcb_dataset3,01_short_14_jpg.rf.889c7d49a6f128f5b066e401e2a2c439.jpg,a183993e3f9e136b349627989b24a05a
Data/pcb_dataset3/pcb_dataset3_215/pcb_dataset3_215.jpg,pcb_dataset3_215.jpg,pcb_dataset3,01_short_15_jpg.rf.42ebd86aab95750b060ee13725b4dc1d.jpg,7b5482f5e0f3a82f1693b51e8b3f12f7
Data/pcb_dataset3/pcb_dataset3_216/pcb_dataset3_216.jpg,pcb_dataset3_216.jpg,pcb_dataset3,01_short_15_jpg.rf.f1910b6514f38ff4122db528d4c65cb6.jpg,0a706426f1a2e120c033faccca8d716f
Data/pcb_dataset3/pcb_dataset3_217/pcb_dataset3_217.jpg,pcb_dataset3_217.jpg,pcb_dataset3,01_short_16_jpg.rf.c451d5ed29f840edb1f76ee76d911ca2.jpg,f0eec1612edffb9603736d87f7a241dc
Data/pcb_dataset3/pcb_dataset3_218/pcb_dataset3_218.jpg,pcb_dataset3_218.jpg,pcb_dataset3,01_short_16_jpg.rf.e7025d7a8e9ceceb6b624eec5b02d758.jpg,4fef16f12b907e81a4d469bd104dded3
Data/pcb_dataset3/pcb_dataset3_219/pcb_dataset3_219.jpg,pcb_dataset3_219.jpg,pcb_dataset3,01_short_17_jpg.rf.415ef75aab9bf2cdf334cdca46c07274.jpg,7597849ec33fe20e6d493dbb5eb7e5de
Data/pcb_dataset3/pcb_dataset3_22/pcb_dataset3_22.jpg,pcb_dataset3_22.jpg,pcb_dataset3,01_short_11_jpg.rf.2abfc0dca589b7b471d755f0f1868a6f.jpg,04352786a7afae41c8bb467bb6a3e92c
Data/pcb_dataset3/pcb_dataset3_220/pcb_dataset3_220.jpg,pcb_dataset3_220.jpg,pcb_dataset3,01_short_18_jpg.rf.0b86a9fb4ad17a8e4ba0982281e2154d.jpg,685e6b4cbbe5ffd31af4d667c9e918a2
Data/pcb_dataset3/pcb_dataset3_221/pcb_dataset3_221.jpg,pcb_dataset3_221.jpg,pcb_dataset3,01_short_19_jpg.rf.21cf05dc16ed78ea6259df07724ea980.jpg,68fff506f3c1fdb220f47c4811e1af75
Data/pcb_dataset3/pcb_dataset3_222/pcb_dataset3_222.jpg,pcb_dataset3_222.jpg,pcb_dataset3,01_short_19_jpg.rf.bc893ea9bb47c6fb3755f8a00a03f00e.jpg,54326d3b2097bc47a021f572d559be68
Data/pcb_dataset3/pcb_dataset3_223/pcb_dataset3_223.jpg,pcb_dataset3_223.jpg,pcb_dataset3,01_short_20_jpg.rf.449d82202ccd04e44243495d0f4a4294.jpg,fa35016fa04283ed65990db794c716b3
Data/pcb_dataset3/pcb_dataset3_224/pcb_dataset3_224.jpg,pcb_dataset3_224.jpg,pcb_dataset3,01_short_20_jpg.rf.faa61889de12d0af51a83710a3cb358c.jpg,b0a822a60ebd3021b68cb05faffb35f7
Data/pcb_dataset3/pcb_dataset3_225/pcb_dataset3_225.jpg,pcb_dataset3_225.jpg,pcb_dataset3,01_spur_01_jpg.rf.64bb75bcc9dab5ad32fc83086ec6ddff.jpg,05c81e89d45282bd5ac866e746a3f5e0
Data/pcb_dataset3/pcb_dataset3_226/pcb_dataset3_226.jpg,pcb_dataset3_226.jpg,pcb_dataset3,01_spur_02_jpg.rf.d01a83dbcaa623a54258ec34141a0db1.jpg,7920784d8d30de6047924494a1450bc0
Data/pcb_dataset3/pcb_dataset3_227/pcb_dataset3_227.jpg,pcb_dataset3_227.jpg,pcb_dataset3,01_spur_02_jpg.rf.d09f01c83e71dfe187688bf1c9262e42.jpg,f66ec8a5967a8f2f45f79444f6d7a96f
Data/pcb_dataset3/pcb_dataset3_228/pcb_dataset3_228.jpg,pcb_dataset3_228.jpg,pcb_dataset3,01_spur_03_jpg.rf.40a76d10189dcf6fac23d0f1dbca6439.jpg,f18a6ad82cb00ba7ffabdde23a9fa063
Data/pcb_dataset3/pcb_dataset3_229/pcb_dataset3_229.jpg,pcb_dataset3_229.jpg,pcb_dataset3,01_spur_03_jpg.rf.d8a1134830daaeb39d5c6b691dd02762.jpg,9346a841673c262eea2d69ef499b5521
Data/pcb_dataset3/pcb_dataset3_23/pcb_dataset3_23.jpg,pcb_dataset3_23.jpg,pcb_dataset3,01_spur_10_jpg.rf.bfc212915979adfd21ea6378b44fafc7.jpg,0548bb045f8476125b03783c4c1036b0
Data/pcb_dataset3/pcb_dataset3_230/pcb_dataset3_230.jpg,pcb_dataset3_230.jpg,pcb_dataset3,01_spur_04_jpg.rf.6b5519da1742ff0ca7be493cb5140d2b.jpg,8faa914fca377fe579cdf72d041eb026
Data/pcb_dataset3/pcb_dataset3_231/pcb_dataset3_231.jpg,pcb_dataset3_231.jpg,pcb_dataset3,01_spur_04_jpg.rf.d410f014f7bb049fdb5d1a58766b67cf.jpg,8bef13bc7022e41f796e426accdc2afd
Data/pcb_dataset3/pcb_dataset3_232/pcb_dataset3_232.jpg,pcb_dataset3_232.jpg,pcb_dataset3,01_spur_05_jpg.rf.ba2b8cb185b71cd3b4781ba59e2e78a1.jpg,0f9141e8ba4262fe41e1c6bfcf8bdc26
Data/pcb_dataset3/pcb_dataset3_233/pcb_dataset3_233.jpg,pcb_dataset3_233.jpg,pcb_dataset3,01_spur_06_jpg.rf.e1a35d114aa24540b39e22e64ed0d3d9.jpg,4de5f6202706d1626afa32299b865b8a
Data/pcb_dataset3/pcb_dataset3_234/pcb_dataset3_234.jpg,pcb_dataset3_234.jpg,pcb_dataset3,01_spur_07_jpg.rf.53810690fe5bc860641a57d163822439.jpg,04b5ceec96a88ff65852f3bd84e20397
Data/pcb_dataset3/pcb_dataset3_235/pcb_dataset3_235.jpg,pcb_dataset3_235.jpg,pcb_dataset3,01_spur_07_jpg.rf.6bf131bd89f287b317267efb6642dca6.jpg,06237c2352733a0c80a5482c38c14b08
Data/pcb_dataset3/pcb_dataset3_236/pcb_dataset3_236.jpg,pcb_dataset3_236.jpg,pcb_dataset3,01_spur_08_jpg.rf.1390d91ccb0c3f9b3cad2a448b8c31f5.jpg,3ed30d63a59ef1e4a42b73aa57e3c1a2
Data/pcb_dataset3/pcb_dataset3_237/pcb_dataset3_237.jpg,pcb_dataset3_237.jpg,pcb_dataset3,01_spur_08_jpg.rf.df373d3921acd3789316c3e2702aa2fd.jpg,ad282d5b57b6bed7e3af10655894a397
Data/pcb_dataset3/pcb_dataset3_238/pcb_dataset3_238.jpg,pcb_dataset3_238.jpg,pcb_dataset3,01_spur_09_jpg.rf.6de949a471f58d45109060a30cf114fb.jpg,a72c2328884cfc9b33c92f29973e9857
Data/pcb_dataset3/pcb_dataset3_239/pcb_dataset3_239.jpg,pcb_dataset3_239.jpg,pcb_dataset3,01_spur_09_jpg.rf.d36249bc1922988bd5b454a3c1c29ae1.jpg,324fdcc125e4c465a9ee36b36883f3f9
Data/pcb_dataset3/pcb_dataset3_24/pcb_dataset3_24.jpg,pcb_dataset3_24.jpg,pcb_dataset3,01_spur_11_jpg.rf.db4477a25e33e86f1a26852e256aea51.jpg,b61d71750d9340b696f48f08e3143547
Data/pcb_dataset3/pcb_dataset3_240/pcb_dataset3_240.jpg,pcb_dataset3_240.jpg,pcb_dataset3,01_spur_10_jpg.rf.59c15e1ee6cf86ea6c5df5b5ff483cb8.jpg,1ea24af9ae3ab2e2db206cdd45d2d669
Data/pcb_dataset3/pcb_dataset3_241/pcb_dataset3_241.jpg,pcb_dataset3_241.jpg,pcb_dataset3,01_spur_11_jpg.rf.597fd9c2aded1a8fee1a9a55b0822d38.jpg,702ca41543a6462f90121fe220a73468
Data/pcb_dataset3/pcb_dataset3_242/pcb_dataset3_242.jpg,pcb_dataset3_242.jpg,pcb_dataset3,01_spur_12_jpg.rf.0e286649fc4a139c5cc158dbe1020e9d.jpg,e1c372703a561d7ef94814b555dd7c1a
Data/pcb_dataset3/pcb_dataset3_243/pcb_dataset3_243.jpg,pcb_dataset3_243.jpg,pcb_dataset3,01_spur_12_jpg.rf.fefc034ea5168a0c18f891d27cad6596.jpg,7cef8e6c878badd99dba880d24bfc472
Data/pcb_dataset3/pcb_dataset3_244/pcb_dataset3_244.jpg,pcb_dataset3_244.jpg,pcb_dataset3,01_spur_13_jpg.rf.1704fd816d43f19675a3849214a0a3e7.jpg,15c1313f60a23e9800b166728b55b8ba
Data/pcb_dataset3/pcb_dataset3_245/pcb_dataset3_245.jpg,pcb_dataset3_245.jpg,pcb_dataset3,01_spur_13_jpg.rf.939678919f29a50862c1c6a4e08a966e.jpg,16c146842732bc1fa28406d5804900ff
Data/pcb_dataset3/pcb_dataset3_246/pcb_dataset3_246.jpg,pcb_dataset3_246.jpg,pcb_dataset3,01_spur_14_jpg.rf.41a1b7af2af9946eb595379bb643956c.jpg,20530b1b358bdb51e2f6d61536a33c35
Data/pcb_dataset3/pcb_dataset3_247/pcb_dataset3_247.jpg,pcb_dataset3_247.jpg,pcb_dataset3,01_spur_14_jpg.rf.a892bdd71173c91adf32fd17eada8381.jpg,4e57f44ff3fc1752048443eea9ed361b
Data/pcb_dataset3/pcb_dataset3_248/pcb_dataset3_248.jpg,pcb_dataset3_248.jpg,pcb_dataset3,01_spur_15_jpg.rf.a41a718865a18d43b2fe0362b55d64e6.jpg,a97001bf44a3218dedf07264783536ca
Data/pcb_dataset3/pcb_dataset3_249/pcb_dataset3_249.jpg,pcb_dataset3_249.jpg,pcb_dataset3,01_spur_16_jpg.rf.200d52d206a14bef9707c166ee68b054.jpg,de2f90b13cb21a98cf2edc2f9b415dfe
Data/pcb_dataset3/pcb_dataset3_25/pcb_dataset3_25.jpg,pcb_dataset3_25.jpg,pcb_dataset3,01_spur_18_jpg.rf.76c56cc227883be325b3f7f96d3c9d3c.jpg,bb58e5d53216354d886596302499efc7
Data/pcb_dataset3/pcb_dataset3_250/pcb_dataset3_250.jpg,pcb_dataset3_250.jpg,pcb_dataset3,01_spur_16_jpg.rf.744ab05df894f84488495de96ab46cc9.jpg,9a0c513d9a4dc18995df570737330411
Data/pcb_dataset3/pcb_dataset3_251/pcb_dataset3_251.jpg,pcb_dataset3_251.jpg,pcb_dataset3,01_spur_17_jpg.rf.298edfe7d8ed172cb985271069457694.jpg,dfec39abb979f532cf7839472002cd1d
Data/pcb_dataset3/pcb_dataset3_252/pcb_dataset3_252.jpg,pcb_dataset3_252.jpg,pcb_dataset3,01_spur_18_jpg.rf.b8bffa6568665fc8227628763d53d9f0.jpg,6f01a905561a73657966adbf6601ad06
Data/pcb_dataset3/pcb_dataset3_253/pcb_dataset3_253.jpg,pcb_dataset3_253.jpg,pcb_dataset3,01_spur_19_jpg.rf.b1c6e970cf5d1b07e9fb413526d7de1c.jpg,dcd7286bf4add91df2743f9c424b2fc9
Data/pcb_dataset3/pcb_dataset3_254/pcb_dataset3_254.jpg,pcb_dataset3_254.jpg,pcb_dataset3,01_spur_19_jpg.rf.c26b0a48844e3ba988f265084348a19a.jpg,506f23de1241af88f7afac3e214a0a83
Data/pcb_dataset3/pcb_dataset3_255/pcb_dataset3_255.jpg,pcb_dataset3_255.jpg,pcb_dataset3,01_spur_20_jpg.rf.3b0ecc25ce3204db195bfee2bfdd4d73.jpg,dd7d37bcd2b186ebbb9ef00a6ce92cb9
Data/pcb_dataset3/pcb_dataset3_256/pcb_dataset3_256.jpg,pcb_dataset3_256.jpg,pcb_dataset3,04_missing_hole_02_jpg.rf.300b922f4832f460559af05c18c51553.jpg,504f48c095cd740d70113bb37e52ea6e
Data/pcb_dataset3/pcb_dataset3_257/pcb_dataset3_257.jpg,pcb_dataset3_257.jpg,pcb_dataset3,04_missing_hole_03_jpg.rf.5d9c7035a255e3c5fcaadc7e6a64dce6.jpg,d4b26e68f3059f0e30be93d9f6567867
Data/pcb_dataset3/pcb_dataset3_258/pcb_dataset3_258.jpg,pcb_dataset3_258.jpg,pcb_dataset3,04_missing_hole_05_jpg.rf.893f963104705f16978f05b46a24a7df.jpg,d1a8de76832d6fdb705c992d847d4fca
Data/pcb_dataset3/pcb_dataset3_259/pcb_dataset3_259.jpg,pcb_dataset3_259.jpg,pcb_dataset3,04_missing_hole_06_jpg.rf.d51f7925bbc546617b836602d2ddce74.jpg,584e7872495b733869676fb2fcd829ef
Data/pcb_dataset3/pcb_dataset3_26/pcb_dataset3_26.jpg,pcb_dataset3_26.jpg,pcb_dataset3,04_missing_hole_01_jpg.rf.29e75ee8a252a95a2dbbfde88e585117.jpg,036975f3c0be674bec2cba30e437c6f3
Data/pcb_dataset3/pcb_dataset3_260/pcb_dataset3_260.jpg,pcb_dataset3_260.jpg,pcb_dataset3,04_missing_hole_07_jpg.rf.5c5650d51e97d46bae66597aeabe09d1.jpg,049482bf1a8ac54ec1d7fe8f82afc178
Data/pcb_dataset3/pcb_dataset3_261/pcb_dataset3_261.jpg,pcb_dataset3_261.jpg,pcb_dataset3,04_missing_hole_07_jpg.rf.dc5bd26e0368aff767fa7da81b7cee96.jpg,741f689dbf92f21436f7af461fed06da
Data/pcb_dataset3/pcb_dataset3_262/pcb_dataset3_262.jpg,pcb_dataset3_262.jpg,pcb_dataset3,04_missing_hole_08_jpg.rf.69cfb2e9f13cb14c8919ea7c305867ba.jpg,eb5f3d2efdd9638898218a3f594a3923
Data/pcb_dataset3/pcb_dataset3_263/pcb_dataset3_263.jpg,pcb_dataset3_263.jpg,pcb_dataset3,04_missing_hole_08_jpg.rf.860d405a18692614e1a9242526567a68.jpg,13d9e6dff31379f171eda4546f075d47
Data/pcb_dataset3/pcb_dataset3_264/pcb_dataset3_264.jpg,pcb_dataset3_264.jpg,pcb_dataset3,04_missing_hole_09_jpg.rf.3167ac73be40ef4a3f82772e2dceceec.jpg,b34f83714f81bde43f4557b2c3e5685c
Data/pcb_dataset3/pcb_dataset3_265/pcb_dataset3_265.jpg,pcb_dataset3_265.jpg,pcb_dataset3,04_missing_hole_10_jpg.rf.f07d51dda858099b32d92cf0099bd5ad.jpg,91b98dae2df49424bac971f12a5493f6
Data/pcb_dataset3/pcb_dataset3_266/pcb_dataset3_266.jpg,pcb_dataset3_266.jpg,pcb_dataset3,04_missing_hole_11_jpg.rf.968612a50700a97b8e18dfee036f0a66.jpg,48638db6d8e23b9e2176ab2bf8e6afcf
Data/pcb_dataset3/pcb_dataset3_267/pcb_dataset3_267.jpg,pcb_dataset3_267.jpg,pcb_dataset3,04_missing_hole_12_jpg.rf.272faaba14dddad39b5d12be920578c9.jpg,922987e09903be42fb2f9119639240c6
Data/pcb_dataset3/pcb_dataset3_268/pcb_dataset3_268.jpg,pcb_dataset3_268.jpg,pcb_dataset3,04_missing_hole_13_jpg.rf.a02f4c3cca34db1467a4d9c0d3324b1d.jpg,622df6650da4ed96883987e05972fdc0
Data/pcb_dataset3/pcb_dataset3_269/pcb_dataset3_269.jpg,pcb_dataset3_269.jpg,pcb_dataset3,04_missing_hole_14_jpg.rf.4384cffafa4c4605bbe21e50ee427348.jpg,b4f74e3eeeae4f254a9276a232d407e8
Data/pcb_dataset3/pcb_dataset3_27/pcb_dataset3_27.jpg,pcb_dataset3_27.jpg,pcb_dataset3,04_missing_hole_06_jpg.rf.f09b4ad2dfca6e87d9d55cbd23b0b096.jpg,9c359f4d97be0db3fb613557a8f0ffb5
Data/pcb_dataset3/pcb_dataset3_270/pcb_dataset3_270.jpg,pcb_dataset3_270.jpg,pcb_dataset3,04_missing_hole_14_jpg.rf.ba8347b2e38e7aa64d0200e21510c7e2.jpg,7c7484e4b5d5c1523208b2080ed43a89
Data/pcb_dataset3/pcb_dataset3_271/pcb_dataset3_271.jpg,pcb_dataset3_271.jpg,pcb_dataset3,04_missing_hole_15_jpg.rf.67b525d9add3e6c3bbe46b62d9fb542b.jpg,83f70f0f885e1a6141e47c2952f2d459
Data/pcb_dataset3/pcb_dataset3_272/pcb_dataset3_272.jpg,pcb_dataset3_272.jpg,pcb_dataset3,04_missing_hole_15_jpg.rf.acd7c35cc06524f8f2cae6432fa7cceb.jpg,5f238dd73c9046cfd750bcfb62153077
Data/pcb_dataset3/pcb_dataset3_273/pcb_dataset3_273.jpg,pcb_dataset3_273.jpg,pcb_dataset3,04_missing_hole_16_jpg.rf.e96f0c4d7a8147bdb133014561776033.jpg,3a2cb012dee0e7815efe173c4907e8b2
Data/pcb_dataset3/pcb_dataset3_274/pcb_dataset3_274.jpg,pcb_dataset3_274.jpg,pcb_dataset3,04_missing_hole_17_jpg.rf.ccf48a6a930ef10a64d431fd49fabce2.jpg,c26cba7298a91284c718f10f53924357
Data/pcb_dataset3/pcb_dataset3_275/pcb_dataset3_275.jpg,pcb_dataset3_275.jpg,pcb_dataset3,04_missing_hole_18_jpg.rf.ec1bb49fc5d0938b538cacad48fea7da.jpg,8483265cdccd02666a8b80706f2d8afd
Data/pcb_dataset3/pcb_dataset3_276/pcb_dataset3_276.jpg,pcb_dataset3_276.jpg,pcb_dataset3,04_missing_hole_19_jpg.rf.16704f9b38d707e377f20815174c657c.jpg,30c0d5f47c7cb2e59d6c33ed951a1efb
Data/pcb_dataset3/pcb_dataset3_277/pcb_dataset3_277.jpg,pcb_dataset3_277.jpg,pcb_dataset3,04_missing_hole_19_jpg.rf.53e8113a7624b42ec92e015bdd9c577d.jpg,5efa5f98efad74de9147cf43d82300a9
Data/pcb_dataset3/pcb_dataset3_278/pcb_dataset3_278.jpg,pcb_dataset3_278.jpg,pcb_dataset3,04_mouse_bite_02_jpg.rf.19a0ede08f18cf090fe57bc2b12e8c78.jpg,6f590d7749a46279ecf3793dc07afdd7
Data/pcb_dataset3/pcb_dataset3_279/pcb_dataset3_279.jpg,pcb_dataset3_279.jpg,pcb_dataset3,04_mouse_bite_02_jpg.rf.5e5b69714edf2071f630701f25c7f61a.jpg,6d7babfb87648ca89d187dd3c07b7b0e
Data/pcb_dataset3/pcb_dataset3_28/pcb_dataset3_28.jpg,pcb_dataset3_28.jpg,pcb_dataset3,04_missing_hole_10_jpg.rf.fe4dd3d60faef4c8fc7a833e7d172dcd.jpg,89857d67cfbd5ad476ae12d01be54075
Data/pcb_dataset3/pcb_dataset3_280/pcb_dataset3_280.jpg,pcb_dataset3_280.jpg,pcb_dataset3,04_mouse_bite_03_jpg.rf.a8d7cc582dcacee41a67daff4f7357de.jpg,7267450433ef4fdc0f1fa4e1025cd450
Data/pcb_dataset3/pcb_dataset3_281/pcb_dataset3_281.jpg,pcb_dataset3_281.jpg,pcb_dataset3,04_mouse_bite_04_jpg.rf.8ef5ef77cee1bbeca6e8b8fa23daf6d0.jpg,be42f57a3ada58b5518a0e4523734932
Data/pcb_dataset3/pcb_dataset3_282/pcb_dataset3_282.jpg,pcb_dataset3_282.jpg,pcb_dataset3,04_mouse_bite_04_jpg.rf.d076a8293ac5a164df0b029c08aef8be.jpg,55e845cb34bcd7d06dc35a415044be7b
Data/pcb_dataset3/pcb_dataset3_283/pcb_dataset3_283.jpg,pcb_dataset3_283.jpg,pcb_dataset3,04_mouse_bite_05_jpg.rf.e8313d0f3588c9f5c7a117d969e7ccf9.jpg,b8ef0fa1585c3ee7cfa105d09c28d1dd
Data/pcb_dataset3/pcb_dataset3_284/pcb_dataset3_284.jpg,pcb_dataset3_284.jpg,pcb_dataset3,04_mouse_bite_06_jpg.rf.0bdebb1d60ee5349dd92f6470a27de33.jpg,79e1536b4a79a674034ff0d583d5b61d
Data/pcb_dataset3/pcb_dataset3_285/pcb_dataset3_285.jpg,pcb_dataset3_285.jpg,pcb_dataset3,04_mouse_bite_07_jpg.rf.b5f583d4e58f17289c3ddabba240cc36.jpg,b07ab14328bb0eb9c98ef254a2aa08ba
Data/pcb_dataset3/pcb_dataset3_286/pcb_dataset3_286.jpg,pcb_dataset3_286.jpg,pcb_dataset3,04_mouse_bite_08_jpg.rf.6da156eddbc7c14712f4a8361dac2ca2.jpg,8451f06e47ffaa753b69997c97cb34fc
Data/pcb_dataset3/pcb_dataset3_287/pcb_dataset3_287.jpg,pcb_dataset3_287.jpg,pcb_dataset3,04_mouse_bite_09_jpg.rf.26b2866635d046e38f9b1dd0b133601a.jpg,15178c0243e7c74370f6af3519e231e6
Data/pcb_dataset3/pcb_dataset3_288/pcb_dataset3_288.jpg,pcb_dataset3_288.jpg,pcb_dataset3,04_mouse_bite_09_jpg.rf.d0d24bc40406e4e6554ed53ba349a07b.jpg,a85534d6fbd6c086e3ac815cb6ae4c26
Data/pcb_dataset3/pcb_dataset3_289/pcb_dataset3_289.jpg,pcb_dataset3_289.jpg,pcb_dataset3,04_mouse_bite_10_jpg.rf.2f0fccaa049162ef03e9044c18c5fcc6.jpg,238f5dad11973b8d906471326445f925
Data/pcb_dataset3/pcb_dataset3_29/pcb_dataset3_29.jpg,pcb_dataset3_29.jpg,pcb_dataset3,04_missing_hole_11_jpg.rf.e263ac863aef3c03fd2781c0ede977bd.jpg,f5c54326466aeba4f87437f67ccb7c1b
Data/pcb_dataset3/pcb_dataset3_290/pcb_dataset3_290.jpg,pcb_dataset3_290.jpg,pcb_dataset3,04_mouse_bite_10_jpg.rf.afbc7c3278db4f17eed49ffb5a02af2d.jpg,8fdc53d6058363d90e8e50b9e3551f97
Data/pcb_dataset3/pcb_dataset3_291/pcb_dataset3_291.jpg,pcb_dataset3_291.jpg,pcb_dataset3,04_mouse_bite_11_jpg.rf.800b671621c202c2095deaa5c5d720ff.jpg,201bb23ae162112fedad653b5f1c59e2
Data/pcb_dataset3/pcb_dataset3_292/pcb_dataset3_292.jpg,pcb_dataset3_292.jpg,pcb_dataset3,04_mouse_bite_11_jpg.rf.c6d638fc87efb78405c83cabbc864b31.jpg,f0408341f85808fe360ab316680c0aef
Data/pcb_dataset3/pcb_dataset3_293/pcb_dataset3_293.jpg,pcb_dataset3_293.jpg,pcb_dataset3,04_mouse_bite_12_jpg.rf.17e4a1e349594120b40f56e13ef41825.jpg,d25f37ae439204f5608fa55de924ce9c
Data/pcb_dataset3/pcb_dataset3_294/pcb_dataset3_294.jpg,pcb_dataset3_294.jpg,pcb_dataset3,04_mouse_bite_14_jpg.rf.265095979df304cbceac83e1acec9525.jpg,109ff0961dba045390b6d9275d255f18
Data/pcb_dataset3/pcb_dataset3_295/pcb_dataset3_295.jpg,pcb_dataset3_295.jpg,pcb_dataset3,04_mouse_bite_15_jpg.rf.da06d924c5e2177dbad887c4d021c198.jpg,579740b3f57b41565707ed160ea33292
Data/pcb_dataset3/pcb_dataset3_296/pcb_dataset3_296.jpg,pcb_dataset3_296.jpg,pcb_dataset3,04_mouse_bite_16_jpg.rf.0961b71eeb35ba5467d69f797cdefa17.jpg,8aa804106682ef809ee90f48d29240fa
Data/pcb_dataset3/pcb_dataset3_297/pcb_dataset3_297.jpg,pcb_dataset3_297.jpg,pcb_dataset3,04_mouse_bite_16_jpg.rf.b71b3ff011f16eff9ae688771eff1b9c.jpg,f2d10153040f089ecb510933255bb8c1
Data/pcb_dataset3/pcb_dataset3_298/pcb_dataset3_298.jpg,pcb_dataset3_298.jpg,pcb_dataset3,04_mouse_bite_17_jpg.rf.6aabba112d589da8437adf4707570652.jpg,2a877f2504c54d3d74f3e237eb6dd605
Data/pcb_dataset3/pcb_dataset3_299/pcb_dataset3_299.jpg,pcb_dataset3_299.jpg,pcb_dataset3,04_mouse_bite_17_jpg.rf.b705d4fdef304501ace65b7b4422e065.jpg,80ff9b1449a1e579215bd2518575f619
Data/pcb_dataset3/pcb_dataset3_3/pcb_dataset3_3.jpg,pcb_dataset3_3.jpg,pcb_dataset3,01_missing_hole_04_jpg.rf.b25392d8749857b93424215bfcda18c1.jpg,058de7620b1180db010194951e10f485
Data/pcb_dataset3/pcb_dataset3_30/pcb_dataset3_30.jpg,pcb_dataset3_30.jpg,pcb_dataset3,04_missing_hole_17_jpg.rf.4edd22cb559412fa0e6db6858f41450c.jpg,6c191e8448bb05bc372943ca62a2200e
Data/pcb_dataset3/pcb_dataset3_300/pcb_dataset3_300.jpg,pcb_dataset3_300.jpg,pcb_dataset3,04_mouse_bite_18_jpg.rf.276f0a6e8719d2e980886f0c91a57df1.jpg,2fadfbbeef5c864e2d32b54a241467da
Data/pcb_dataset3/pcb_dataset3_301/pcb_dataset3_301.jpg,pcb_dataset3_301.jpg,pcb_dataset3,04_mouse_bite_19_jpg.rf.32c73cc1edd6d368cc3aa44396742dc8.jpg,5593e38410359b6d186e0c44b5c55948
Data/pcb_dataset3/pcb_dataset3_302/pcb_dataset3_302.jpg,pcb_dataset3_302.jpg,pcb_dataset3,04_open_circuit_01_jpg.rf.9932bc8b503fa07000def3b8ea5de9fe.jpg,63ac25784a0c92ed4d9b9d50b434c59f
Data/pcb_dataset3/pcb_dataset3_303/pcb_dataset3_303.jpg,pcb_dataset3_303.jpg,pcb_dataset3,04_open_circuit_02_jpg.rf.6a289a5a7dcba62ce173c6cbf1c2e269.jpg,6ae6a5572cf4c0cfd95fae193010ecf1
Data/pcb_dataset3/pcb_dataset3_304/pcb_dataset3_304.jpg,pcb_dataset3_304.jpg,pcb_dataset3,04_open_circuit_03_jpg.rf.3bd384feb04e8e12d6460247f2d452ea.jpg,b8058269b98d96c3b387212a6f5567aa
Data/pcb_dataset3/pcb_dataset3_305/pcb_dataset3_305.jpg,pcb_dataset3_305.jpg,pcb_dataset3,04_open_circuit_03_jpg.rf.466b2e94161497af20ee4fa9de23c27b.jpg,4bb8ae6791a176150a7316c459880b72
Data/pcb_dataset3/pcb_dataset3_306/pcb_dataset3_306.jpg,pcb_dataset3_306.jpg,pcb_dataset3,04_open_circuit_04_jpg.rf.2a2a4c899667508ddca9c9a1b1834935.jpg,88d9f24cd19820c505c191ca8bfce840
Data/pcb_dataset3/pcb_dataset3_307/pcb_dataset3_307.jpg,pcb_dataset3_307.jpg,pcb_dataset3,04_open_circuit_04_jpg.rf.d9e340fd3fb64a1b529ff5252363a6c2.jpg,3725b3f394d11f85bb8fc8537daf449e
Data/pcb_dataset3/pcb_dataset3_308/pcb_dataset3_308.jpg,pcb_dataset3_308.jpg,pcb_dataset3,04_open_circuit_05_jpg.rf.93cfa04b6068be1831f7f6a8449a3445.jpg,235295e9be85b8bcdc251825db65c4fc
Data/pcb_dataset3/pcb_dataset3_309/pcb_dataset3_309.jpg,pcb_dataset3_309.jpg,pcb_dataset3,04_open_circuit_06_jpg.rf.565d4021faff1e3188bc1044e5a2c059.jpg,43a76f2642b2d7f3df3eeecafe88e884
Data/pcb_dataset3/pcb_dataset3_31/pcb_dataset3_31.jpg,pcb_dataset3_31.jpg,pcb_dataset3,04_missing_hole_18_jpg.rf.7667fd516a7ca70a7334560a2d597062.jpg,0f23ed7b7b2d05839a0d80843e5d8fb6
Data/pcb_dataset3/pcb_dataset3_310/pcb_dataset3_310.jpg,pcb_dataset3_310.jpg,pcb_dataset3,04_open_circuit_07_jpg.rf.dbc0350b7db31a3a21994097ee0ac78c.jpg,85f9121080d95100396fc08cfc422b1b
Data/pcb_dataset3/pcb_dataset3_311/pcb_dataset3_311.jpg,pcb_dataset3_311.jpg,pcb_dataset3,04_open_circuit_08_jpg.rf.83fa4794f9d5f682d5a209c56b2e2457.jpg,e7287f8d8c836bb75d91c85e73c27928
Data/pcb_dataset3/pcb_dataset3_312/pcb_dataset3_312.jpg,pcb_dataset3_312.jpg,pcb_dataset3,04_open_circuit_08_jpg.rf.edb9ca2c5eeb8aa22acafb6fc4296e24.jpg,351f6586cedec31f6c2283124e0f14d8
Data/pcb_dataset3/pcb_dataset3_313/pcb_dataset3_313.jpg,pcb_dataset3_313.jpg,pcb_dataset3,04_open_circuit_09_jpg.rf.7fb83908dcd24b41f412f0278329fda5.jpg,ecea923a82acc808ab311da67e173742
Data/pcb_dataset3/pcb_dataset3_314/pcb_dataset3_314.jpg,pcb_dataset3_314.jpg,pcb_dataset3,04_open_circuit_09_jpg.rf.e3976a1730720aa93b5885bfc022ed0c.jpg,878078ab80e2ce0c5a04ab42a5359182
Data/pcb_dataset3/pcb_dataset3_315/pcb_dataset3_315.jpg,pcb_dataset3_315.jpg,pcb_dataset3,04_open_circuit_10_jpg.rf.d5ce9ff5ab0a998ee8a1481c275839e7.jpg,e1ff47742d39b286907c7ecfa0b4b2d7
Data/pcb_dataset3/pcb_dataset3_316/pcb_dataset3_316.jpg,pcb_dataset3_316.jpg,pcb_dataset3,04_open_circuit_12_jpg.rf.9cd75f1d974b5f6cb976115e4aa6343e.jpg,6a6f14dca081866d50c879d88db945f0
Data/pcb_dataset3/pcb_dataset3_317/pcb_dataset3_317.jpg,pcb_dataset3_317.jpg,pcb_dataset3,04_open_circuit_12_jpg.rf.bb60efb231329d1c57f1e6d0b2f91cbe.jpg,1a2f33d899e9764e07b284f01baf1f5a
Data/pcb_dataset3/pcb_dataset3_318/pcb_dataset3_318.jpg,pcb_dataset3_318.jpg,pcb_dataset3,04_open_circuit_13_jpg.rf.a6877435b087890275c9080fe327a244.jpg,83b1d42d44a0013de1d71def0c1b7341
Data/pcb_dataset3/pcb_dataset3_319/pcb_dataset3_319.jpg,pcb_dataset3_319.jpg,pcb_dataset3,04_open_circuit_14_jpg.rf.197c700856f9c9f8e4fed653038bc01d.jpg,b7c10207235f33bc9d921e011a85a4f9
Data/pcb_dataset3/pcb_dataset3_32/pcb_dataset3_32.jpg,pcb_dataset3_32.jpg,pcb_dataset3,04_missing_hole_20_jpg.rf.d5f2b7a5968fc38aa449b993a5609300.jpg,ad95308d4419f188423bafe4dbf53c94
Data/pcb_dataset3/pcb_dataset3_320/pcb_dataset3_320.jpg,pcb_dataset3_320.jpg,pcb_dataset3,04_open_circuit_14_jpg.rf.e0a67c9788434583a98eab60210af856.jpg,1042879d381cf98c37881f5a8f263050
Data/pcb_dataset3/pcb_dataset3_321/pcb_dataset3_321.jpg,pcb_dataset3_321.jpg,pcb_dataset3,04_open_circuit_15_jpg.rf.3e5bcbc691704cfd0d93ebd18235a5f9.jpg,f09fa18af7ce0a1daa83a9692ba9b615
Data/pcb_dataset3/pcb_dataset3_322/pcb_dataset3_322.jpg,pcb_dataset3_322.jpg,pcb_dataset3,04_open_circuit_16_jpg.rf.5dd63fc91fc28d73176feb5df036237e.jpg,53ea99c19f8542184c4a745faf9e61db
Data/pcb_dataset3/pcb_dataset3_323/pcb_dataset3_323.jpg,pcb_dataset3_323.jpg,pcb_dataset3,04_open_circuit_16_jpg.rf.aca568d30580141dba98b69329087e1a.jpg,bff952db66df5215db81ceef6b2f8adc
Data/pcb_dataset3/pcb_dataset3_324/pcb_dataset3_324.jpg,pcb_dataset3_324.jpg,pcb_dataset3,04_open_circuit_17_jpg.rf.671a7ff7a6b78d18bb25a314180b6e9d.jpg,a079bda7fde49946dbe433987737c6e6
Data/pcb_dataset3/pcb_dataset3_325/pcb_dataset3_325.jpg,pcb_dataset3_325.jpg,pcb_dataset3,04_open_circuit_18_jpg.rf.43893868962dd0539d9e8f8a0defb4c4.jpg,4b3a4cd63d25e9a19572065355f46579
Data/pcb_dataset3/pcb_dataset3_326/pcb_dataset3_326.jpg,pcb_dataset3_326.jpg,pcb_dataset3,04_open_circuit_19_jpg.rf.44a8e2096e7eff528efd27eb9634b3fc.jpg,aaa076ccf90c8853e3af3cf3c41927e3
Data/pcb_dataset3/pcb_dataset3_327/pcb_dataset3_327.jpg,pcb_dataset3_327.jpg,pcb_dataset3,04_open_circuit_19_jpg.rf.d2ef55568f9b26b30b8667bb692b7eca.jpg,2712c8f4480f3d04b21623c1bc960b22
Data/pcb_dataset3/pcb_dataset3_328/pcb_dataset3_328.jpg,pcb_dataset3_328.jpg,pcb_dataset3,04_open_circuit_20_jpg.rf.fbeab4f35a4e8c2dfc4b4b5a192c7562.jpg,9c144ed81716e6e0784addf80beb2ef5
Data/pcb_dataset3/pcb_dataset3_329/pcb_dataset3_329.jpg,pcb_dataset3_329.jpg,pcb_dataset3,04_short_02_jpg.rf.b0052d6700f699a9ac2c2ad37b846f79.jpg,6332d3f281ab36ebf8ab2bc30afdee1b
Data/pcb_dataset3/pcb_dataset3_33/pcb_dataset3_33.jpg,pcb_dataset3_33.jpg,pcb_dataset3,04_mouse_bite_01_jpg.rf.d7b1956f24f9eff684cb829165555c41.jpg,1aa775a7a95cf02bc76afd7eb6e4fa25
Data/pcb_dataset3/pcb_dataset3_330/pcb_dataset3_330.jpg,pcb_dataset3_330.jpg,pcb_dataset3,04_short_03_jpg.rf.b5a65caff64dcf34a18ed9afcd01b713.jpg,16343d8898cbddb6a5b5efca2f10beb1
Data/pcb_dataset3/pcb_dataset3_331/pcb_dataset3_331.jpg,pcb_dataset3_331.jpg,pcb_dataset3,04_short_04_jpg.rf.7706efd5f82eeb997f718a70b03bbe9d.jpg,662a9015d0857ca3c2f15e74c6a323ec
Data/pcb_dataset3/pcb_dataset3_332/pcb_dataset3_332.jpg,pcb_dataset3_332.jpg,pcb_dataset3,04_short_05_jpg.rf.4e08604b418147a4fd5f6bdb4ebbf10b.jpg,7dd7fc76a96ec4abddfa1b47510f2b69
Data/pcb_dataset3/pcb_dataset3_333/pcb_dataset3_333.jpg,pcb_dataset3_333.jpg,pcb_dataset3,04_short_05_jpg.rf.c68c549b9414923da0eed7bf6d02442f.jpg,421b3dee0d4f9eb6af2dcbe05db6b4cf
Data/pcb_dataset3/pcb_dataset3_334/pcb_dataset3_334.jpg,pcb_dataset3_334.jpg,pcb_dataset3,04_short_06_jpg.rf.c545873e4adc75dcf1e962a7cf1f47c9.jpg,4884dcb101cdc44b17735f94f66479ca
Data/pcb_dataset3/pcb_dataset3_335/pcb_dataset3_335.jpg,pcb_dataset3_335.jpg,pcb_dataset3,04_short_07_jpg.rf.8c77c09c80c185a35cf6af658b3b0c56.jpg,bf3ab23de09806ef8080259b6197efdf
Data/pcb_dataset3/pcb_dataset3_336/pcb_dataset3_336.jpg,pcb_dataset3_336.jpg,pcb_dataset3,04_short_07_jpg.rf.8ff937e26ea5dcf268081129c6095383.jpg,936d276e98b760178d624426c3583d9c
Data/pcb_dataset3/pcb_dataset3_337/pcb_dataset3_337.jpg,pcb_dataset3_337.jpg,pcb_dataset3,04_short_08_jpg.rf.d61e0291f1414c0a37a3b3103d04c39d.jpg,34dff692b5caefbb9a138560418c6bed
Data/pcb_dataset3/pcb_dataset3_338/pcb_dataset3_338.jpg,pcb_dataset3_338.jpg,pcb_dataset3,04_short_09_jpg.rf.08e8e641500a16ec8036a5ec25e9ccec.jpg,540b86d08201c2dbc6a628a0b2dda8a9
Data/pcb_dataset3/pcb_dataset3_339/pcb_dataset3_339.jpg,pcb_dataset3_339.jpg,pcb_dataset3,04_short_09_jpg.rf.8891b9cf694b50249e9558f6b6dda39c.jpg,5c8199ac10ef2a10f384eaf5934e6641
Data/pcb_dataset3/pcb_dataset3_34/pcb_dataset3_34.jpg,pcb_dataset3_34.jpg,pcb_dataset3,04_mouse_bite_05_jpg.rf.b3ae206f6a2baeb66fa2149a017763ef.jpg,4762f3b30c2a364adcfe08a19cff79c0
Data/pcb_dataset3/pcb_dataset3_340/pcb_dataset3_340.jpg,pcb_dataset3_340.jpg,pcb_dataset3,04_short_10_jpg.rf.f69acdb552403d76b74d00f4a7996a9d.jpg,3101c985a6d949ea6bdc64f430dcf227
Data/pcb_dataset3/pcb_dataset3_341/pcb_dataset3_341.jpg,pcb_dataset3_341.jpg,pcb_dataset3,04_short_10_jpg.rf.fbc11d30b938e2a5c380fd29a1d3af37.jpg,ad9f45670404339099a9e54da38ddf79
Data/pcb_dataset3/pcb_dataset3_342/pcb_dataset3_342.jpg,pcb_dataset3_342.jpg,pcb_dataset3,04_short_11_jpg.rf.7613caea70c7546ad910d8c6571d0e71.jpg,fb5d31e22507d6d0814abcc8a17a794e
Data/pcb_dataset3/pcb_dataset3_343/pcb_dataset3_343.jpg,pcb_dataset3_343.jpg,pcb_dataset3,04_short_11_jpg.rf.d278a4e3acb594678937409c3063916f.jpg,71a9de88d1482d634c347cce562b4601
Data/pcb_dataset3/pcb_dataset3_344/pcb_dataset3_344.jpg,pcb_dataset3_344.jpg,pcb_dataset3,04_short_13_jpg.rf.1bc945e91010d071b6536a676a3c381f.jpg,1f1287037b361fc69007a3a818c88e5f
Data/pcb_dataset3/pcb_dataset3_345/pcb_dataset3_345.jpg,pcb_dataset3_345.jpg,pcb_dataset3,04_short_13_jpg.rf.51a90cd0cbddbdc564fe925a8717ccb5.jpg,5b8df0c6beae574c068a411d74b87ff9
Data/pcb_dataset3/pcb_dataset3_346/pcb_dataset3_346.jpg,pcb_dataset3_346.jpg,pcb_dataset3,04_short_16_jpg.rf.dd2e2845ea8c9f31a0e099fbc5a99709.jpg,585f340bc103b2ad8e71d79383b5b9f8
Data/pcb_dataset3/pcb_dataset3_347/pcb_dataset3_347.jpg,pcb_dataset3_347.jpg,pcb_dataset3,04_short_17_jpg.rf.bdc20e83ccc9049ac14cb0262e452024.jpg,5ebd5decc127952e1bfaecadbe8e8d60
Data/pcb_dataset3/pcb_dataset3_348/pcb_dataset3_348.jpg,pcb_dataset3_348.jpg,pcb_dataset3,04_short_18_jpg.rf.70b569980c61c0166afbd5aec3d85f75.jpg,659aa7c7bd1ecdf23cb5a381864eb89b
Data/pcb_dataset3/pcb_dataset3_349/pcb_dataset3_349.jpg,pcb_dataset3_349.jpg,pcb_dataset3,04_short_18_jpg.rf.f245cee4e46216f0c4b05a0167c56534.jpg,854a9980c857931a3ea646241d278414
Data/pcb_dataset3/pcb_dataset3_35/pcb_dataset3_35.jpg,pcb_dataset3_35.jpg,pcb_dataset3,04_mouse_bite_12_jpg.rf.b05ad3d03e62628716acea3aaa181dd2.jpg,bd8c79cf76a8d6ad1a04441b082ef83e
Data/pcb_dataset3/pcb_dataset3_350/pcb_dataset3_350.jpg,pcb_dataset3_350.jpg,pcb_dataset3,04_short_19_jpg.rf.256cf7cdf918605521a131652aa36a1e.jpg,0bd41159b75943ec3ae942c5a93fa462
Data/pcb_dataset3/pcb_dataset3_351/pcb_dataset3_351.jpg,pcb_dataset3_351.jpg,pcb_dataset3,04_short_19_jpg.rf.26c62d9c2a02add21d724d6435f7b4f0.jpg,41af13e4f91dc6bee7192ba00505f2f0
Data/pcb_dataset3/pcb_dataset3_352/pcb_dataset3_352.jpg,pcb_dataset3_352.jpg,pcb_dataset3,04_short_20_jpg.rf.2766284d418a2a11db4dc43317f9979f.jpg,48cc356fc0665995e43c9d1017dad5f1
Data/pcb_dataset3/pcb_dataset3_353/pcb_dataset3_353.jpg,pcb_dataset3_353.jpg,pcb_dataset3,04_short_20_jpg.rf.814184d332f9e15119618494d306b288.jpg,ea58a5e15476066b4618a99a60a0778c
Data/pcb_dataset3/pcb_dataset3_354/pcb_dataset3_354.jpg,pcb_dataset3_354.jpg,pcb_dataset3,04_spur_01_jpg.rf.890114aae0386190a3366d3c9ca9fe5d.jpg,82a86bfa242205479fc24e3f44113414
Data/pcb_dataset3/pcb_dataset3_355/pcb_dataset3_355.jpg,pcb_dataset3_355.jpg,pcb_dataset3,04_spur_02_jpg.rf.6be20333305032c4aca3d06ce258aaf7.jpg,c5d676bbbbc6d29d7456cc429bf5bc03
Data/pcb_dataset3/pcb_dataset3_356/pcb_dataset3_356.jpg,pcb_dataset3_356.jpg,pcb_dataset3,04_spur_03_jpg.rf.079aae390c987ca7d53eb8cbc1ca03a4.jpg,145cce0ec9e3fe2742e8350a19236af6
Data/pcb_dataset3/pcb_dataset3_357/pcb_dataset3_357.jpg,pcb_dataset3_357.jpg,pcb_dataset3,04_spur_04_jpg.rf.af84e418b3c4f57492ec28443a1071e0.jpg,ac35aa56a7e269c833546946e6f1b54c
Data/pcb_dataset3/pcb_dataset3_358/pcb_dataset3_358.jpg,pcb_dataset3_358.jpg,pcb_dataset3,04_spur_07_jpg.rf.6a6f2ad5136d10406605ffb43d14684c.jpg,1fff46f2142ba7d8e9a3b95ca1d69dd8
Data/pcb_dataset3/pcb_dataset3_359/pcb_dataset3_359.jpg,pcb_dataset3_359.jpg,pcb_dataset3,04_spur_08_jpg.rf.7003c1d3f860ee4f815e7de107e10b3d.jpg,def623b316652aad5e7d7dde5e45966f
Data/pcb_dataset3/pcb_dataset3_36/pcb_dataset3_36.jpg,pcb_dataset3_36.jpg,pcb_dataset3,04_mouse_bite_14_jpg.rf.a6a6c3c77c15881e480db2ed010af657.jpg,793871e6ff39f2700257191e41ccbbec
Data/pcb_dataset3/pcb_dataset3_360/pcb_dataset3_360.jpg,pcb_dataset3_360.jpg,pcb_dataset3,04_spur_08_jpg.rf.af1b09bd6445e5e0e8eb1e0fe01bf1de.jpg,a215c1c8bcf1dc5dde9acc7977be844b
Data/pcb_dataset3/pcb_dataset3_361/pcb_dataset3_361.jpg,pcb_dataset3_361.jpg,pcb_dataset3,04_spur_09_jpg.rf.99bdbeba0b927ceca88f72ecabb2a0f8.jpg,75542060365a9b3cd9cd72af7d2de45b
Data/pcb_dataset3/pcb_dataset3_362/pcb_dataset3_362.jpg,pcb_dataset3_362.jpg,pcb_dataset3,04_spur_09_jpg.rf.9d1f2bdd1e0cc1b6e150e64adefdc2b3.jpg,296c02b67c0eca1bd8243814d3853990
Data/pcb_dataset3/pcb_dataset3_363/pcb_dataset3_363.jpg,pcb_dataset3_363.jpg,pcb_dataset3,04_spur_10_jpg.rf.519a646db030d42084ef9bd5fca18c24.jpg,0f130f9bbb49efe4e8e68a8b632b1f43
Data/pcb_dataset3/pcb_dataset3_364/pcb_dataset3_364.jpg,pcb_dataset3_364.jpg,pcb_dataset3,04_spur_11_jpg.rf.fc8c7295568c64877038887b63640a2c.jpg,3fa4a45f84ebc1244839f0d9456788ea
Data/pcb_dataset3/pcb_dataset3_365/pcb_dataset3_365.jpg,pcb_dataset3_365.jpg,pcb_dataset3,04_spur_12_jpg.rf.ba79fe1a1859442743afc3fff1d7a235.jpg,b5769f0a3b52b1992e62e5c5a6d42144
Data/pcb_dataset3/pcb_dataset3_366/pcb_dataset3_366.jpg,pcb_dataset3_366.jpg,pcb_dataset3,04_spur_14_jpg.rf.562795a1dacbc58147698f630aaf3e4e.jpg,0c6f12716954e7c1d16d6434f714c90b
Data/pcb_dataset3/pcb_dataset3_367/pcb_dataset3_367.jpg,pcb_dataset3_367.jpg,pcb_dataset3,04_spur_14_jpg.rf.a5951cf2f310fd11c855d1f7aabfa38b.jpg,5599283110ab62c7df53425eb51fa6d8
Data/pcb_dataset3/pcb_dataset3_368/pcb_dataset3_368.jpg,pcb_dataset3_368.jpg,pcb_dataset3,04_spur_15_jpg.rf.72b961088a20a8ddb4cf92e70712ef0b.jpg,d83036c1d095971ad7c2a0badf1c10b0
Data/pcb_dataset3/pcb_dataset3_369/pcb_dataset3_369.jpg,pcb_dataset3_369.jpg,pcb_dataset3,04_spur_15_jpg.rf.ea1ed43d2096a56ec38fd87a7d44b705.jpg,9e2b00bec24dfb44942430c016f06f9d
Data/pcb_dataset3/pcb_dataset3_37/pcb_dataset3_37.jpg,pcb_dataset3_37.jpg,pcb_dataset3,04_mouse_bite_20_jpg.rf.5344a5948dac2eeace3311b5ff5d1483.jpg,ab11dea0c65ce6e352959cf45782e1aa
Data/pcb_dataset3/pcb_dataset3_370/pcb_dataset3_370.jpg,pcb_dataset3_370.jpg,pcb_dataset3,04_spur_16_jpg.rf.2e6885e4fba10995fdd51a9643a87b03.jpg,9b4b78413195079194ac4854848ab7a7
Data/pcb_dataset3/pcb_dataset3_371/pcb_dataset3_371.jpg,pcb_dataset3_371.jpg,pcb_dataset3,04_spur_16_jpg.rf.aa054b117b545f9175567841b562d4aa.jpg,f26b200e9e962acb5907a672523b6e79
Data/pcb_dataset3/pcb_dataset3_372/pcb_dataset3_372.jpg,pcb_dataset3_372.jpg,pcb_dataset3,04_spur_17_jpg.rf.05c9d0aa2a909cba9e7728c60483c0a2.jpg,2ffae69f0aa8562008db1b1e0826405a
Data/pcb_dataset3/pcb_dataset3_373/pcb_dataset3_373.jpg,pcb_dataset3_373.jpg,pcb_dataset3,04_spur_17_jpg.rf.1d1f7fca5a491beed75a24303c440fff.jpg,078d12d26a3989df2e2e81f27ea19ee7
Data/pcb_dataset3/pcb_dataset3_374/pcb_dataset3_374.jpg,pcb_dataset3_374.jpg,pcb_dataset3,04_spur_18_jpg.rf.63ea323faab7a8358677cfc93b057a3c.jpg,031a16fb07c3c3256b774fadb4be1f1e
Data/pcb_dataset3/pcb_dataset3_375/pcb_dataset3_375.jpg,pcb_dataset3_375.jpg,pcb_dataset3,04_spur_18_jpg.rf.f508493e70ac0fc15f223130ddca2bf2.jpg,c5f243de7b08e234609be014cab571dc
Data/pcb_dataset3/pcb_dataset3_376/pcb_dataset3_376.jpg,pcb_dataset3_376.jpg,pcb_dataset3,04_spur_19_jpg.rf.075130833153dc265d7ebd4cd10f43b2.jpg,7ee1787a724b67de2c05221df70c89f7
Data/pcb_dataset3/pcb_dataset3_377/pcb_dataset3_377.jpg,pcb_dataset3_377.jpg,pcb_dataset3,04_spur_20_jpg.rf.d79179d77c4ca29f32e447c6f24486f4.jpg,599a9f81a840c4225049cec8a8700c15
Data/pcb_dataset3/pcb_dataset3_378/pcb_dataset3_378.jpg,pcb_dataset3_378.jpg,pcb_dataset3,05_missing_hole_01_jpg.rf.935bfd641e2a5e2cc503b19c9d4e167d.jpg,3adc60e6aa2f592b1d3ab7b3f255e394
Data/pcb_dataset3/pcb_dataset3_379/pcb_dataset3_379.jpg,pcb_dataset3_379.jpg,pcb_dataset3,05_missing_hole_01_jpg.rf.b0d30d6557cae11857a67424c7945b23.jpg,92df4bdd9323699058cad62dd03f8ca3
Data/pcb_dataset3/pcb_dataset3_38/pcb_dataset3_38.jpg,pcb_dataset3_38.jpg,pcb_dataset3,04_open_circuit_01_jpg.rf.bf644bcd0d259a40954ba91b4b7770fe.jpg,3d43d68418fde3e077d83e0047f8fd5b
Data/pcb_dataset3/pcb_dataset3_380/pcb_dataset3_380.jpg,pcb_dataset3_380.jpg,pcb_dataset3,05_missing_hole_02_jpg.rf.376f68b16f9b661a9193fb4fc478e8cd.jpg,a8e721ce87c73e229f33ba01a9d9835f
Data/pcb_dataset3/pcb_dataset3_381/pcb_dataset3_381.jpg,pcb_dataset3_381.jpg,pcb_dataset3,05_missing_hole_02_jpg.rf.3b717a1e7ee0619585bb69e975c695eb.jpg,d4d749e846f94cf41b5758d771b31061
Data/pcb_dataset3/pcb_dataset3_382/pcb_dataset3_382.jpg,pcb_dataset3_382.jpg,pcb_dataset3,05_missing_hole_03_jpg.rf.dc126a97cb474b488c1290a0bb457544.jpg,4b35dd52873e962557598323c9785b6a
Data/pcb_dataset3/pcb_dataset3_383/pcb_dataset3_383.jpg,pcb_dataset3_383.jpg,pcb_dataset3,05_missing_hole_04_jpg.rf.100214c76fff108313ac045f40682645.jpg,3690ec5c2403fd1a6ff3cf9eedbad84b
Data/pcb_dataset3/pcb_dataset3_384/pcb_dataset3_384.jpg,pcb_dataset3_384.jpg,pcb_dataset3,05_missing_hole_04_jpg.rf.d194fde2a96b77e7b6791a75a4f0e6f8.jpg,e940fdabf470426d5199185883093294
Data/pcb_dataset3/pcb_dataset3_385/pcb_dataset3_385.jpg,pcb_dataset3_385.jpg,pcb_dataset3,05_missing_hole_05_jpg.rf.df02e14796abf6e19cfa1f7080d4ce0e.jpg,5f590cc025225c755dcd743cc22b7be5
Data/pcb_dataset3/pcb_dataset3_386/pcb_dataset3_386.jpg,pcb_dataset3_386.jpg,pcb_dataset3,05_missing_hole_06_jpg.rf.31848d16bd17c4bca723ab1829c154ec.jpg,7f1310312c41854123d92e96adea8aed
Data/pcb_dataset3/pcb_dataset3_387/pcb_dataset3_387.jpg,pcb_dataset3_387.jpg,pcb_dataset3,05_missing_hole_07_jpg.rf.52379bd8155bdb71629e201e5860e4d4.jpg,2975a2c16419fa3b9504d2c3521ba214
Data/pcb_dataset3/pcb_dataset3_388/pcb_dataset3_388.jpg,pcb_dataset3_388.jpg,pcb_dataset3,05_missing_hole_07_jpg.rf.fa93e1f3a9266e295f71deb545a68db5.jpg,a0c6a99d02bec3e0f98684e56d367503
Data/pcb_dataset3/pcb_dataset3_389/pcb_dataset3_389.jpg,pcb_dataset3_389.jpg,pcb_dataset3,05_missing_hole_08_jpg.rf.9875b8766e2692c2a747e6b51dbcfa1c.jpg,f004e9f1595d310956c49b6f7ebbc0fb
Data/pcb_dataset3/pcb_dataset3_39/pcb_dataset3_39.jpg,pcb_dataset3_39.jpg,pcb_dataset3,04_open_circuit_11_jpg.rf.b425a9a1629be118e240b1abba71969a.jpg,a77eb6360ea06e25771d0cbfe1654c17
Data/pcb_dataset3/pcb_dataset3_390/pcb_dataset3_390.jpg,pcb_dataset3_390.jpg,pcb_dataset3,05_missing_hole_08_jpg.rf.a8700f2fc01945f4759b3edf4db9399e.jpg,8c68b2e833f3fb87bb70ddbac229eb5c
Data/pcb_dataset3/pcb_dataset3_391/pcb_dataset3_391.jpg,pcb_dataset3_391.jpg,pcb_dataset3,05_missing_hole_09_jpg.rf.5c6349ba3146698696256d985c19d7bb.jpg,96db4cbbd0a9a03cd83e96e0863e98f6
Data/pcb_dataset3/pcb_dataset3_392/pcb_dataset3_392.jpg,pcb_dataset3_392.jpg,pcb_dataset3,05_missing_hole_10_jpg.rf.b821c7d64eae644a95890a245b3cd692.jpg,5af741a51196758eb38d49ecca999b47
Data/pcb_dataset3/pcb_dataset3_393/pcb_dataset3_393.jpg,pcb_dataset3_393.jpg,pcb_dataset3,05_mouse_bite_01_jpg.rf.3bf8e16392bc9a04428c67abdcefca16.jpg,0caf35685cd6f8bfc61ad342d92a1cd5
Data/pcb_dataset3/pcb_dataset3_394/pcb_dataset3_394.jpg,pcb_dataset3_394.jpg,pcb_dataset3,05_mouse_bite_01_jpg.rf.9c913604fc61a3c037a369c862021848.jpg,3c695e0a7747a4f34d204cfde2f5a3d2
Data/pcb_dataset3/pcb_dataset3_395/pcb_dataset3_395.jpg,pcb_dataset3_395.jpg,pcb_dataset3,05_mouse_bite_02_jpg.rf.0916d3adc44388d271c4e8399c1e13fc.jpg,0511de902a325bfd37d17c61fba2ebfd
Data/pcb_dataset3/pcb_dataset3_396/pcb_dataset3_396.jpg,pcb_dataset3_396.jpg,pcb_dataset3,05_mouse_bite_02_jpg.rf.3640c50725d878f00a73c49696759c51.jpg,ddc9858e72a4f9982f068f6e0f2c2d83
Data/pcb_dataset3/pcb_dataset3_397/pcb_dataset3_397.jpg,pcb_dataset3_397.jpg,pcb_dataset3,05_mouse_bite_03_jpg.rf.14036f031c77a4fb02b2c35e65b0881c.jpg,98f3a31fe4007fc3a8f1ec6662ccadbe
Data/pcb_dataset3/pcb_dataset3_398/pcb_dataset3_398.jpg,pcb_dataset3_398.jpg,pcb_dataset3,05_mouse_bite_04_jpg.rf.88c1a3ac2efea3a8247b16d6d5a40f59.jpg,185d1bc0d97e3307b5381c62883895e1
Data/pcb_dataset3/pcb_dataset3_399/pcb_dataset3_399.jpg,pcb_dataset3_399.jpg,pcb_dataset3,05_mouse_bite_04_jpg.rf.fcc955edbf4c95e8450e8b9999d5c174.jpg,a41051a4d0a4691d10804059d4a4e5f2
Data/pcb_dataset3/pcb_dataset3_4/pcb_dataset3_4.jpg,pcb_dataset3_4.jpg,pcb_dataset3,01_missing_hole_06_jpg.rf.367d919e982cb922a8b12b920f079a3e.jpg,afcc3b08428d369287157851f537cea2
Data/pcb_dataset3/pcb_dataset3_40/pcb_dataset3_40.jpg,pcb_dataset3_40.jpg,pcb_dataset3,04_open_circuit_15_jpg.rf.9238c0a2e0616df7f3a692d5964daec2.jpg,bd04cb23db1b7afb094ef6a59c8a1023
Data/pcb_dataset3/pcb_dataset3_400/pcb_dataset3_400.jpg,pcb_dataset3_400.jpg,pcb_dataset3,05_mouse_bite_05_jpg.rf.a5c3ee77e9ae3dc5c041c89fc90b373e.jpg,ce7dc90c97bfce1fbd49aaa37ef6e841
Data/pcb_dataset3/pcb_dataset3_401/pcb_dataset3_401.jpg,pcb_dataset3_401.jpg,pcb_dataset3,05_mouse_bite_05_jpg.rf.bed4a9f2c303377fd9feb752947ee807.jpg,3af87bb88a26e0f44bc18f1a946cc55a
Data/pcb_dataset3/pcb_dataset3_402/pcb_dataset3_402.jpg,pcb_dataset3_402.jpg,pcb_dataset3,05_mouse_bite_06_jpg.rf.2934f843766abb68637cfda014994ce1.jpg,8fe778fa543865cb38715cc8c5ec918c
Data/pcb_dataset3/pcb_dataset3_403/pcb_dataset3_403.jpg,pcb_dataset3_403.jpg,pcb_dataset3,05_mouse_bite_07_jpg.rf.133e862cb70c3eee83eb0bd5acb42c9d.jpg,6eeb0caf9095d8212d90e2f09b7c4de2
Data/pcb_dataset3/pcb_dataset3_404/pcb_dataset3_404.jpg,pcb_dataset3_404.jpg,pcb_dataset3,05_mouse_bite_07_jpg.rf.82950ef83567afe23ecf721685164f69.jpg,e3f74aaed68cfae0bca47bca03703cf6
Data/pcb_dataset3/pcb_dataset3_405/pcb_dataset3_405.jpg,pcb_dataset3_405.jpg,pcb_dataset3,05_mouse_bite_08_jpg.rf.c2e2f2ae6a2aa04c6a5a637547df0f22.jpg,c7be05a4467dc17560e28f286b79e7bd
Data/pcb_dataset3/pcb_dataset3_406/pcb_dataset3_406.jpg,pcb_dataset3_406.jpg,pcb_dataset3,05_mouse_bite_08_jpg.rf.fe402c1cdd3a4d83f19d8ba830460753.jpg,3e95cf8e47b42c1aaf09f8f58c5d1524
Data/pcb_dataset3/pcb_dataset3_407/pcb_dataset3_407.jpg,pcb_dataset3_407.jpg,pcb_dataset3,05_mouse_bite_09_jpg.rf.526c482ef841625f37841f7eaa965efd.jpg,c5faedd83b87f3c0b5ed571b4c2b4d21
Data/pcb_dataset3/pcb_dataset3_408/pcb_dataset3_408.jpg,pcb_dataset3_408.jpg,pcb_dataset3,05_mouse_bite_09_jpg.rf.d3001f239013d8fbd16ca7e9635b43c5.jpg,10e0ce6d1b8d761d42e9a1d1e9d831f1
Data/pcb_dataset3/pcb_dataset3_409/pcb_dataset3_409.jpg,pcb_dataset3_409.jpg,pcb_dataset3,05_mouse_bite_10_jpg.rf.4b792b3db3cbf57ac166e465ab61b2a3.jpg,d95c517241e0bd13c43979dbbd0f16ee
Data/pcb_dataset3/pcb_dataset3_41/pcb_dataset3_41.jpg,pcb_dataset3_41.jpg,pcb_dataset3,04_short_01_jpg.rf.6f808b048204bc56288c94def969a67a.jpg,8f70b0e641978e6fb5234c434de35a3c
Data/pcb_dataset3/pcb_dataset3_410/pcb_dataset3_410.jpg,pcb_dataset3_410.jpg,pcb_dataset3,05_open_circuit_01_jpg.rf.1533e10c43dc26824e5dee6dd5873ec7.jpg,65d665e115abf7bc161ee8a9b88a0672
Data/pcb_dataset3/pcb_dataset3_411/pcb_dataset3_411.jpg,pcb_dataset3_411.jpg,pcb_dataset3,05_open_circuit_01_jpg.rf.b8c59e35c5ea0ce27ed929ec861b3c17.jpg,3a3af5025e26c8c96ad628ff91e3ae23
Data/pcb_dataset3/pcb_dataset3_412/pcb_dataset3_412.jpg,pcb_dataset3_412.jpg,pcb_dataset3,05_open_circuit_02_jpg.rf.616fa7f1044cc5194bb8ebe237a1ed72.jpg,91becd2e78ac2e91b6dff85a0f5866be
Data/pcb_dataset3/pcb_dataset3_413/pcb_dataset3_413.jpg,pcb_dataset3_413.jpg,pcb_dataset3,05_open_circuit_02_jpg.rf.e6b257a1ad8b0ff10ff65e7e1b92c8c3.jpg,94eb4bf84eb0043e433fa28cf0f22835
Data/pcb_dataset3/pcb_dataset3_414/pcb_dataset3_414.jpg,pcb_dataset3_414.jpg,pcb_dataset3,05_open_circuit_04_jpg.rf.5b403cd249a9b50487860c6c6e33598b.jpg,58a25cf62717a4b16b1cd39905a569cd
Data/pcb_dataset3/pcb_dataset3_415/pcb_dataset3_415.jpg,pcb_dataset3_415.jpg,pcb_dataset3,05_open_circuit_04_jpg.rf.b3e7b06bb8bb9cf1518b9081ae906f93.jpg,f08c7618a5867eefec716c6c66b4e645
Data/pcb_dataset3/pcb_dataset3_416/pcb_dataset3_416.jpg,pcb_dataset3_416.jpg,pcb_dataset3,05_open_circuit_05_jpg.rf.40fdaba70566cfec469ef60bd6cc2b13.jpg,e055dc1608c362b37aafd1e5cb048a02
Data/pcb_dataset3/pcb_dataset3_417/pcb_dataset3_417.jpg,pcb_dataset3_417.jpg,pcb_dataset3,05_open_circuit_06_jpg.rf.0cf9ec836f73db37600911dbd2ae4a11.jpg,2ac4afbe1aa4332828ab0c58bc8fc14d
Data/pcb_dataset3/pcb_dataset3_418/pcb_dataset3_418.jpg,pcb_dataset3_418.jpg,pcb_dataset3,05_open_circuit_06_jpg.rf.78a72831c7a511c4abd7fc16d3add694.jpg,9134c9ed22da25a770582afed3b3e85b
Data/pcb_dataset3/pcb_dataset3_419/pcb_dataset3_419.jpg,pcb_dataset3_419.jpg,pcb_dataset3,05_open_circuit_07_jpg.rf.07b28dff68b754ed45ee868c0e73784e.jpg,623f1f2b8c0cc5f5c414935f88c71b34
Data/pcb_dataset3/pcb_dataset3_42/pcb_dataset3_42.jpg,pcb_dataset3_42.jpg,pcb_dataset3,04_short_06_jpg.rf.68e1663beb121ef98bde67b2d736c806.jpg,43d8fe1870eebe6a5c310e153bca29fc
Data/pcb_dataset3/pcb_dataset3_420/pcb_dataset3_420.jpg,pcb_dataset3_420.jpg,pcb_dataset3,05_open_circuit_07_jpg.rf.e87338746074176c110bf0adbd5c4d60.jpg,a9301b873183073a043a6b99b961c154
Data/pcb_dataset3/pcb_dataset3_421/pcb_dataset3_421.jpg,pcb_dataset3_421.jpg,pcb_dataset3,05_open_circuit_08_jpg.rf.c716f9bc5c03dfcc23b187cd38386a2b.jpg,3b201c9e84e530af0e7ac649ff2b03f5
Data/pcb_dataset3/pcb_dataset3_422/pcb_dataset3_422.jpg,pcb_dataset3_422.jpg,pcb_dataset3,05_open_circuit_10_jpg.rf.073b92f74e8cad609ecd26c7581a2ef5.jpg,e6beb584db3e541993f2fc058d96f353
Data/pcb_dataset3/pcb_dataset3_423/pcb_dataset3_423.jpg,pcb_dataset3_423.jpg,pcb_dataset3,05_open_circuit_10_jpg.rf.2b4a6cd9b2eef853b040dabc04089e81.jpg,3b95e3d2bd22a55b88a47682a931108f
Data/pcb_dataset3/pcb_dataset3_424/pcb_dataset3_424.jpg,pcb_dataset3_424.jpg,pcb_dataset3,05_short_01_jpg.rf.3298052a11e0bf89fe938d7198101344.jpg,0d57d414040e31409584ea76a2559e42
Data/pcb_dataset3/pcb_dataset3_425/pcb_dataset3_425.jpg,pcb_dataset3_425.jpg,pcb_dataset3,05_short_02_jpg.rf.8879cc439a80eda5fd69df9aa8e8205f.jpg,7cc85e4314214ed76ca81d34a5e37d91
Data/pcb_dataset3/pcb_dataset3_426/pcb_dataset3_426.jpg,pcb_dataset3_426.jpg,pcb_dataset3,05_short_03_jpg.rf.1eedca66d6d5871a9205a5ab1549b78c.jpg,e41e3bde51d77a31d9828342352588b8
Data/pcb_dataset3/pcb_dataset3_427/pcb_dataset3_427.jpg,pcb_dataset3_427.jpg,pcb_dataset3,05_short_04_jpg.rf.b6c810211ccd9fe0beda9a5d5e662e13.jpg,9752b639baf2661d1f04ca53c10f5eb2
Data/pcb_dataset3/pcb_dataset3_428/pcb_dataset3_428.jpg,pcb_dataset3_428.jpg,pcb_dataset3,05_short_06_jpg.rf.2f94f6a0275b0b70c3309ebe8edf70b7.jpg,28e53274f74656ec3723c711c9fd27c8
Data/pcb_dataset3/pcb_dataset3_429/pcb_dataset3_429.jpg,pcb_dataset3_429.jpg,pcb_dataset3,05_short_06_jpg.rf.3495c853b1a2cb97be441d37ddd038b3.jpg,89372c692e27cbdbac251d05eb4f2bfc
Data/pcb_dataset3/pcb_dataset3_43/pcb_dataset3_43.jpg,pcb_dataset3_43.jpg,pcb_dataset3,04_short_12_jpg.rf.796c5bf55c67714a7e119efee8874206.jpg,852a77f718b7585db7992b9d5b9d4760
Data/pcb_dataset3/pcb_dataset3_430/pcb_dataset3_430.jpg,pcb_dataset3_430.jpg,pcb_dataset3,05_short_07_jpg.rf.b4e0a67bf6f021b1b05c84af8dd2bd19.jpg,0c483b33fbb5fa1af25c738f2612271a
Data/pcb_dataset3/pcb_dataset3_431/pcb_dataset3_431.jpg,pcb_dataset3_431.jpg,pcb_dataset3,05_short_08_jpg.rf.4ea09a6f78ee0acf9e47bb5bbd7b849c.jpg,8c9e6f8a7ba5343e7ddba8796cc7e426
Data/pcb_dataset3/pcb_dataset3_432/pcb_dataset3_432.jpg,pcb_dataset3_432.jpg,pcb_dataset3,05_short_09_jpg.rf.9ca640728d1022e94185a4ebbfd2615e.jpg,8cc2a31713147d031af28c410ff02a94
Data/pcb_dataset3/pcb_dataset3_433/pcb_dataset3_433.jpg,pcb_dataset3_433.jpg,pcb_dataset3,05_short_10_jpg.rf.866c3f29b89639df3731867f7e474e83.jpg,d0546d4a539a7f8f8c73c2a9c88e1f86
Data/pcb_dataset3/pcb_dataset3_434/pcb_dataset3_434.jpg,pcb_dataset3_434.jpg,pcb_dataset3,05_spur_01_jpg.rf.714124fe07f1f36355cc46da1d9bae3c.jpg,31fcbf5933e2417c999394c25207dfab
Data/pcb_dataset3/pcb_dataset3_435/pcb_dataset3_435.jpg,pcb_dataset3_435.jpg,pcb_dataset3,05_spur_02_jpg.rf.3c40403eda5e61c93976bada4ee1135f.jpg,032fb5a236a18382370dfbe724ae6a91
Data/pcb_dataset3/pcb_dataset3_436/pcb_dataset3_436.jpg,pcb_dataset3_436.jpg,pcb_dataset3,05_spur_03_jpg.rf.448fa85a0d8e028f43ec89929e02b5cb.jpg,bcec823b651d2c1ee48e4c9b595d958b
Data/pcb_dataset3/pcb_dataset3_437/pcb_dataset3_437.jpg,pcb_dataset3_437.jpg,pcb_dataset3,05_spur_04_jpg.rf.5747b176a612a8a159b8a707d298cc60.jpg,be9d3f503b34696581cb8f43e6d03bfe
Data/pcb_dataset3/pcb_dataset3_438/pcb_dataset3_438.jpg,pcb_dataset3_438.jpg,pcb_dataset3,05_spur_05_jpg.rf.281811cbe2a4f19f3f0eee712e7f8a6c.jpg,65a7f86140f9ee268452581e9b5bfd72
Data/pcb_dataset3/pcb_dataset3_439/pcb_dataset3_439.jpg,pcb_dataset3_439.jpg,pcb_dataset3,05_spur_06_jpg.rf.341ee7918c223df2c28987f17bb9a7f5.jpg,15fdf899ded383ef2acf728218f356c8
Data/pcb_dataset3/pcb_dataset3_44/pcb_dataset3_44.jpg,pcb_dataset3_44.jpg,pcb_dataset3,04_short_12_jpg.rf.8785613ea10c972f8f6a2fafc894f11d.jpg,e9025dc49d482f3ea64eee3a7be6871e
Data/pcb_dataset3/pcb_dataset3_440/pcb_dataset3_440.jpg,pcb_dataset3_440.jpg,pcb_dataset3,05_spur_08_jpg.rf.b67c15073db2dd960b98583557a69f18.jpg,4b9dd8973cf0253ecf1e813722eeb2dc
Data/pcb_dataset3/pcb_dataset3_441/pcb_dataset3_441.jpg,pcb_dataset3_441.jpg,pcb_dataset3,05_spur_09_jpg.rf.fd9704c66911c5fa21c00e897b496dfc.jpg,fdae21333a97c4fa6d666d6915736cbd
Data/pcb_dataset3/pcb_dataset3_442/pcb_dataset3_442.jpg,pcb_dataset3_442.jpg,pcb_dataset3,05_spur_10_jpg.rf.30088f868887319acae92a7c884c6c59.jpg,80a08f8938248863d6010f1e232ed351
Data/pcb_dataset3/pcb_dataset3_443/pcb_dataset3_443.jpg,pcb_dataset3_443.jpg,pcb_dataset3,05_spur_10_jpg.rf.45ccd58a50f9b30fbda450457d71f77b.jpg,373677ec861e1017b877f5dd36378380
Data/pcb_dataset3/pcb_dataset3_444/pcb_dataset3_444.jpg,pcb_dataset3_444.jpg,pcb_dataset3,06_missing_hole_01_jpg.rf.330350b012423b24474dd661ccf552c8.jpg,7a8c25aba2b3409c9d2ffb03efa4682a
Data/pcb_dataset3/pcb_dataset3_445/pcb_dataset3_445.jpg,pcb_dataset3_445.jpg,pcb_dataset3,06_missing_hole_01_jpg.rf.3b0c351bf674173a5cace25a5f7f85c5.jpg,3f92a88e5bbebd070a957d34d1e12823
Data/pcb_dataset3/pcb_dataset3_446/pcb_dataset3_446.jpg,pcb_dataset3_446.jpg,pcb_dataset3,06_missing_hole_02_jpg.rf.862f3678cb18259e207e496ce2ad3685.jpg,bcdfe3a739478976f71af8d607c57d02
Data/pcb_dataset3/pcb_dataset3_447/pcb_dataset3_447.jpg,pcb_dataset3_447.jpg,pcb_dataset3,06_missing_hole_03_jpg.rf.c53409a38f86e0060a6fb7cce567af14.jpg,0dde3bd1e218ef7cf905e2213b025b8d
Data/pcb_dataset3/pcb_dataset3_448/pcb_dataset3_448.jpg,pcb_dataset3_448.jpg,pcb_dataset3,06_missing_hole_04_jpg.rf.fb086f89d2b67b37ca330a246277299c.jpg,3f3216e6f2864a042da7a3d69d378188
Data/pcb_dataset3/pcb_dataset3_449/pcb_dataset3_449.jpg,pcb_dataset3_449.jpg,pcb_dataset3,06_missing_hole_05_jpg.rf.22b9ef3fbca207d3c20cdfa2bf81ce95.jpg,68e8fd0b35316dc61f80febe4164d020
Data/pcb_dataset3/pcb_dataset3_45/pcb_dataset3_45.jpg,pcb_dataset3_45.jpg,pcb_dataset3,04_short_14_jpg.rf.6abbad579a45def9bd6b32956c4d439e.jpg,cb6c298fafa94c5a58710c088e487720
Data/pcb_dataset3/pcb_dataset3_450/pcb_dataset3_450.jpg,pcb_dataset3_450.jpg,pcb_dataset3,06_missing_hole_05_jpg.rf.356ed4e0205a78b8d759d6276ef4177c.jpg,c9103a11daae53800a7b6ea4db9d52b6
Data/pcb_dataset3/pcb_dataset3_451/pcb_dataset3_451.jpg,pcb_dataset3_451.jpg,pcb_dataset3,06_missing_hole_06_jpg.rf.d988b7af77555e0262ea8e9d74c703b4.jpg,dbd307436441af484cf872bd75912324
Data/pcb_dataset3/pcb_dataset3_452/pcb_dataset3_452.jpg,pcb_dataset3_452.jpg,pcb_dataset3,06_missing_hole_07_jpg.rf.7a590b93085f20f4f205a148a0034008.jpg,349278dccde2b547bf785c967eb20af6
Data/pcb_dataset3/pcb_dataset3_453/pcb_dataset3_453.jpg,pcb_dataset3_453.jpg,pcb_dataset3,06_missing_hole_07_jpg.rf.7be280ef49ac11d81cd7a4b120a0824f.jpg,807e39b457fd8f9d3245dc504800f073
Data/pcb_dataset3/pcb_dataset3_454/pcb_dataset3_454.jpg,pcb_dataset3_454.jpg,pcb_dataset3,06_missing_hole_08_jpg.rf.8844e5476e01b5c01aad6330ce780fa5.jpg,1f95ea1a16122cd1f7b050240724e442
Data/pcb_dataset3/pcb_dataset3_455/pcb_dataset3_455.jpg,pcb_dataset3_455.jpg,pcb_dataset3,06_missing_hole_08_jpg.rf.c20d4a6388809fef6a60e2e617733c9c.jpg,1f66ef55c8b4fce65c9200382759fa32
Data/pcb_dataset3/pcb_dataset3_456/pcb_dataset3_456.jpg,pcb_dataset3_456.jpg,pcb_dataset3,06_missing_hole_10_jpg.rf.8e8da7a57c84f8946f6a827a0d690a3f.jpg,52a0140f5cd43dd9f8be8c109912aa3b
Data/pcb_dataset3/pcb_dataset3_457/pcb_dataset3_457.jpg,pcb_dataset3_457.jpg,pcb_dataset3,06_mouse_bite_01_jpg.rf.1e6f9635571fc466dfea85fe3a2c8eb4.jpg,fc3f2a81ebf407c96bbff7636bdff19a
Data/pcb_dataset3/pcb_dataset3_458/pcb_dataset3_458.jpg,pcb_dataset3_458.jpg,pcb_dataset3,06_mouse_bite_01_jpg.rf.b1af3ebed144641c0e720b646f194ecc.jpg,45b3407578aeea95a4b96e14903795ed
Data/pcb_dataset3/pcb_dataset3_459/pcb_dataset3_459.jpg,pcb_dataset3_459.jpg,pcb_dataset3,06_mouse_bite_02_jpg.rf.e8af01a8ddb5202b094896716ac77fd9.jpg,b7ed17240517eb1791df9084852cbd9c
Data/pcb_dataset3/pcb_dataset3_46/pcb_dataset3_46.jpg,pcb_dataset3_46.jpg,pcb_dataset3,04_short_15_jpg.rf.423f7e750229fa12220ee750f8b9c51e.jpg,9d45160b6f3bc7fccb45261033a75de7
Data/pcb_dataset3/pcb_dataset3_460/pcb_dataset3_460.jpg,pcb_dataset3_460.jpg,pcb_dataset3,06_mouse_bite_03_jpg.rf.a9bc4813a65f948e9abe3fd9a850ecd0.jpg,2ce05cc4b813d07987f9390df7b5a01d
Data/pcb_dataset3/pcb_dataset3_461/pcb_dataset3_461.jpg,pcb_dataset3_461.jpg,pcb_dataset3,06_mouse_bite_03_jpg.rf.e03ca670fe1022e2f0998e06b03b2390.jpg,7e37d9196a44e486d6f8f6e92f7aaa24
Data/pcb_dataset3/pcb_dataset3_462/pcb_dataset3_462.jpg,pcb_dataset3_462.jpg,pcb_dataset3,06_mouse_bite_04_jpg.rf.0a05ab50252a3e37564e8149f24d3288.jpg,4b4de02b3b92f6f6f42b7a72dc26a647
Data/pcb_dataset3/pcb_dataset3_463/pcb_dataset3_463.jpg,pcb_dataset3_463.jpg,pcb_dataset3,06_mouse_bite_04_jpg.rf.d406a142b564cf0d55cc89b47719a6f9.jpg,fda7a5fb69918639af7a7856960a3b88
Data/pcb_dataset3/pcb_dataset3_464/pcb_dataset3_464.jpg,pcb_dataset3_464.jpg,pcb_dataset3,06_mouse_bite_05_jpg.rf.7ed854099db7a51950281265dfc0985e.jpg,74dc16c2323af4c12383de3c407d727b
Data/pcb_dataset3/pcb_dataset3_465/pcb_dataset3_465.jpg,pcb_dataset3_465.jpg,pcb_dataset3,06_mouse_bite_06_jpg.rf.5b0ac9a37dd038973728173beeeb7e39.jpg,6f9e3c3e4d5edc240c92ce69ca3df9b1
Data/pcb_dataset3/pcb_dataset3_466/pcb_dataset3_466.jpg,pcb_dataset3_466.jpg,pcb_dataset3,06_mouse_bite_06_jpg.rf.c9bb447f05ed1b2d45ef83e27cc5370b.jpg,f18ab856e63377bb0dd3c4cac29d75e2
Data/pcb_dataset3/pcb_dataset3_467/pcb_dataset3_467.jpg,pcb_dataset3_467.jpg,pcb_dataset3,06_mouse_bite_07_jpg.rf.1baddb59b303de875a370093b548f16d.jpg,9c2afb33137fbe838d41144336f8ab7a
Data/pcb_dataset3/pcb_dataset3_468/pcb_dataset3_468.jpg,pcb_dataset3_468.jpg,pcb_dataset3,06_mouse_bite_07_jpg.rf.adf41f59fb7361614791cbfa46a4a182.jpg,15c13578c1d0d562ad3feacca440d41e
Data/pcb_dataset3/pcb_dataset3_469/pcb_dataset3_469.jpg,pcb_dataset3_469.jpg,pcb_dataset3,06_mouse_bite_08_jpg.rf.4de13379ea5165594c118134d03b7fb8.jpg,4134854ae0a1e16565f5f240c638347d
Data/pcb_dataset3/pcb_dataset3_47/pcb_dataset3_47.jpg,pcb_dataset3_47.jpg,pcb_dataset3,04_spur_01_jpg.rf.b52eb6b50616f64f8a14c0bf5fbe2f45.jpg,02ba16e292519137ff7b5500d8ca9d40
Data/pcb_dataset3/pcb_dataset3_470/pcb_dataset3_470.jpg,pcb_dataset3_470.jpg,pcb_dataset3,06_mouse_bite_08_jpg.rf.b3e57335e7ddb9e48bb58556b5ec12e7.jpg,a4a2ccd710c67800ba2b0910502cb27c
Data/pcb_dataset3/pcb_dataset3_471/pcb_dataset3_471.jpg,pcb_dataset3_471.jpg,pcb_dataset3,06_mouse_bite_09_jpg.rf.37507964966f4a97f5e80b13f06639fa.jpg,ba9bed57c4c65a5161233672276dd36c
Data/pcb_dataset3/pcb_dataset3_472/pcb_dataset3_472.jpg,pcb_dataset3_472.jpg,pcb_dataset3,06_mouse_bite_09_jpg.rf.891c92b986a49d002ac5c3e4a5548448.jpg,74475264716801b6a41e4a05aeede278
Data/pcb_dataset3/pcb_dataset3_473/pcb_dataset3_473.jpg,pcb_dataset3_473.jpg,pcb_dataset3,06_mouse_bite_10_jpg.rf.00d8fbe1d57e2c4ef35a432d0ff66573.jpg,61f9c9706b9930af58b3db8096fd547b
Data/pcb_dataset3/pcb_dataset3_474/pcb_dataset3_474.jpg,pcb_dataset3_474.jpg,pcb_dataset3,06_mouse_bite_10_jpg.rf.1dc7d58aa1dae78e09fc14d28a421cc0.jpg,a663925fde972e39529848d139676caa
Data/pcb_dataset3/pcb_dataset3_475/pcb_dataset3_475.jpg,pcb_dataset3_475.jpg,pcb_dataset3,06_open_circuit_01_jpg.rf.e81bc689da054420906bf3338cb059d5.jpg,594f951de5a22a06271fd0d31cc66433
Data/pcb_dataset3/pcb_dataset3_476/pcb_dataset3_476.jpg,pcb_dataset3_476.jpg,pcb_dataset3,06_open_circuit_02_jpg.rf.4931c739158607bb1a2f62ef73ce98ce.jpg,fa2e473293b6229df791298510c6da70
Data/pcb_dataset3/pcb_dataset3_477/pcb_dataset3_477.jpg,pcb_dataset3_477.jpg,pcb_dataset3,06_open_circuit_03_jpg.rf.7e607853e34d6675f367ee97a99345bb.jpg,b8c523287328fe46a873ceb2ae5655ad
Data/pcb_dataset3/pcb_dataset3_478/pcb_dataset3_478.jpg,pcb_dataset3_478.jpg,pcb_dataset3,06_open_circuit_03_jpg.rf.e897bcbb4ac74f8f7a1ac31e4c26d35e.jpg,3dbf39cb86c11b6a35e2cf6a8ee7e656
Data/pcb_dataset3/pcb_dataset3_479/pcb_dataset3_479.jpg,pcb_dataset3_479.jpg,pcb_dataset3,06_open_circuit_04_jpg.rf.348ac20e3cd74fc73b38b250e6543d5c.jpg,9609c32efbc5c25b7e79cd79082eab9d
Data/pcb_dataset3/pcb_dataset3_48/pcb_dataset3_48.jpg,pcb_dataset3_48.jpg,pcb_dataset3,04_spur_04_jpg.rf.cd347b68448a97400993d85fefdd6cb9.jpg,cc9be491831e26848e31e43224d7b94f
Data/pcb_dataset3/pcb_dataset3_480/pcb_dataset3_480.jpg,pcb_dataset3_480.jpg,pcb_dataset3,06_open_circuit_05_jpg.rf.37508df4d4bd03d19947735193f3d650.jpg,d0f55d1364c8eb9a171be163c95ec4e4
Data/pcb_dataset3/pcb_dataset3_481/pcb_dataset3_481.jpg,pcb_dataset3_481.jpg,pcb_dataset3,06_open_circuit_05_jpg.rf.e1cc930d46d35497f12d8998fa82da23.jpg,453fe94c81777a8f9707f489f6a07f51
Data/pcb_dataset3/pcb_dataset3_482/pcb_dataset3_482.jpg,pcb_dataset3_482.jpg,pcb_dataset3,06_open_circuit_06_jpg.rf.69e333629fb16694ea3d1be2ce4b0ce1.jpg,32c1aa9082cba6a8cd817e92407dce85
Data/pcb_dataset3/pcb_dataset3_483/pcb_dataset3_483.jpg,pcb_dataset3_483.jpg,pcb_dataset3,06_open_circuit_08_jpg.rf.a857e27671300438fcfbe31774d02f2f.jpg,16159738f4c78dacbc7881c1e325d198
Data/pcb_dataset3/pcb_dataset3_484/pcb_dataset3_484.jpg,pcb_dataset3_484.jpg,pcb_dataset3,06_open_circuit_09_jpg.rf.5adba8c77ebe540f6d012093b24cb6e1.jpg,3d3ca1820ee2b2bfefef31c9600f413b
Data/pcb_dataset3/pcb_dataset3_485/pcb_dataset3_485.jpg,pcb_dataset3_485.jpg,pcb_dataset3,06_open_circuit_10_jpg.rf.d2005ec7e3a2b2540cadb6037d4f493a.jpg,dcd7a428cd88c1c2e9ea1b55d918a3f3
Data/pcb_dataset3/pcb_dataset3_486/pcb_dataset3_486.jpg,pcb_dataset3_486.jpg,pcb_dataset3,06_short_01_jpg.rf.c589fddd3823bff31253d782223d5a28.jpg,5500528b5c59ee44301dcce5e0ab581c
Data/pcb_dataset3/pcb_dataset3_487/pcb_dataset3_487.jpg,pcb_dataset3_487.jpg,pcb_dataset3,06_short_01_jpg.rf.dfb360b9e199674d72aa848ea4f39500.jpg,a32ef89e8d56c5735bc9659ae5452c88
Data/pcb_dataset3/pcb_dataset3_488/pcb_dataset3_488.jpg,pcb_dataset3_488.jpg,pcb_dataset3,06_short_02_jpg.rf.a5942b24c90b0718c30de4175dd2ccae.jpg,29aecdb9d457900e054768e6725cfe66
Data/pcb_dataset3/pcb_dataset3_489/pcb_dataset3_489.jpg,pcb_dataset3_489.jpg,pcb_dataset3,06_short_03_jpg.rf.53055a83dcefa22a2515248354718fc3.jpg,9d855a1752e6a07cf06ab218a67b5a2b
Data/pcb_dataset3/pcb_dataset3_49/pcb_dataset3_49.jpg,pcb_dataset3_49.jpg,pcb_dataset3,04_spur_12_jpg.rf.c40a2c2b3eff298cea8009bbc01322a7.jpg,56a0d09ef43d49e424ba463e34e2e448
Data/pcb_dataset3/pcb_dataset3_490/pcb_dataset3_490.jpg,pcb_dataset3_490.jpg,pcb_dataset3,06_short_03_jpg.rf.dfdac913fbd35009d933bfb6b52963a7.jpg,0435fc0b4f1813f8c9f3ce3ea5453a85
Data/pcb_dataset3/pcb_dataset3_491/pcb_dataset3_491.jpg,pcb_dataset3_491.jpg,pcb_dataset3,06_short_04_jpg.rf.c40c89d8a9bbcb6c8a7bf71cb26f5d8a.jpg,19aee1aede2ebf2b258a1b78aa3cf581
Data/pcb_dataset3/pcb_dataset3_492/pcb_dataset3_492.jpg,pcb_dataset3_492.jpg,pcb_dataset3,06_short_04_jpg.rf.c6bdb4eadce0395a01c067724962a35b.jpg,9aecd4f71686de40c8a7410c9a19811d
Data/pcb_dataset3/pcb_dataset3_493/pcb_dataset3_493.jpg,pcb_dataset3_493.jpg,pcb_dataset3,06_short_05_jpg.rf.3011f786b349a025abde7e2883166109.jpg,1c5b416eb58bcaa6336c790336049f2a
Data/pcb_dataset3/pcb_dataset3_494/pcb_dataset3_494.jpg,pcb_dataset3_494.jpg,pcb_dataset3,06_short_05_jpg.rf.bee36f20169383dd75f73376e71a412e.jpg,88c935c25a555d04a0c7e8bc8e4dfc29
Data/pcb_dataset3/pcb_dataset3_495/pcb_dataset3_495.jpg,pcb_dataset3_495.jpg,pcb_dataset3,06_short_06_jpg.rf.7ae511715431334efe5db634e4345fcd.jpg,c3fe94cf0f8c9fee6c11a792a057e4a0
Data/pcb_dataset3/pcb_dataset3_496/pcb_dataset3_496.jpg,pcb_dataset3_496.jpg,pcb_dataset3,06_short_06_jpg.rf.92dc6fe136dd6eca19b5627092a3fcff.jpg,ae29e9c5f4dd4bb6e21c29208e5ca16a
Data/pcb_dataset3/pcb_dataset3_497/pcb_dataset3_497.jpg,pcb_dataset3_497.jpg,pcb_dataset3,06_short_07_jpg.rf.58169315c6d3821a914995ba50c24cd4.jpg,c31a8739a32c5f6776a995be98582817
Data/pcb_dataset3/pcb_dataset3_498/pcb_dataset3_498.jpg,pcb_dataset3_498.jpg,pcb_dataset3,06_short_07_jpg.rf.ceb91fb942e3a7b58a9d714a7eda8620.jpg,274f6a03fc4a239b424e92ade6656fae
Data/pcb_dataset3/pcb_dataset3_499/pcb_dataset3_499.jpg,pcb_dataset3_499.jpg,pcb_dataset3,06_short_08_jpg.rf.5bb067166306d0e43d2ba10a016f35da.jpg,95942fee1c00dd5c7c0ba3181c50aded
Data/pcb_dataset3/pcb_dataset3_5/pcb_dataset3_5.jpg,pcb_dataset3_5.jpg,pcb_dataset3,01_missing_hole_07_jpg.rf.957f36e700d697d3db1b77c721aad23c.jpg,47580192a06241251bfaba4b9eca03b9
Data/pcb_dataset3/pcb_dataset3_50/pcb_dataset3_50.jpg,pcb_dataset3_50.jpg,pcb_dataset3,04_spur_19_jpg.rf.cf4e19bcdfc67de9e5dc665849ecdc16.jpg,1c815a341e8a9c3fbd4998c3607c7444
Data/pcb_dataset3/pcb_dataset3_500/pcb_dataset3_500.jpg,pcb_dataset3_500.jpg,pcb_dataset3,06_short_09_jpg.rf.7e4e31979bf266b2111f7afd543de6f5.jpg,ee84bf63465af2811c3d836f1d9b3352
Data/pcb_dataset3/pcb_dataset3_51/pcb_dataset3_51.jpg,pcb_dataset3_51.jpg,pcb_dataset3,05_missing_hole_05_jpg.rf.8feddcd4a4e142a66a87e7cb9569333c.jpg,4cda91d07af76fa1e9744e5713d649de
Data/pcb_dataset3/pcb_dataset3_52/pcb_dataset3_52.jpg,pcb_dataset3_52.jpg,pcb_dataset3,05_missing_hole_06_jpg.rf.b665df1fb66d1c05789d9c0744704e38.jpg,29a4f106324f2d77743bd754b66ef54d
Data/pcb_dataset3/pcb_dataset3_53/pcb_dataset3_53.jpg,pcb_dataset3_53.jpg,pcb_dataset3,05_missing_hole_10_jpg.rf.ff2343eeeb217624022fae365caf480d.jpg,319b59221e07e22a0859aeea2a3eceea
Data/pcb_dataset3/pcb_dataset3_54/pcb_dataset3_54.jpg,pcb_dataset3_54.jpg,pcb_dataset3,05_mouse_bite_03_jpg.rf.894d580c922883d100f5e5520ab1f8ca.jpg,f2c90c49d75df80dbca70eb09575f2e1
Data/pcb_dataset3/pcb_dataset3_55/pcb_dataset3_55.jpg,pcb_dataset3_55.jpg,pcb_dataset3,05_open_circuit_03_jpg.rf.f1ee856c1fbbdfb25dd3569cbf2b5573.jpg,4b1b39a86cdcadcd6208ef98a017af45
Data/pcb_dataset3/pcb_dataset3_56/pcb_dataset3_56.jpg,pcb_dataset3_56.jpg,pcb_dataset3,05_open_circuit_09_jpg.rf.384957fce3ad5dbf779a6b1d4354ec8d.jpg,b69161e83d4c1eb80f0d6f9e15967883
Data/pcb_dataset3/pcb_dataset3_57/pcb_dataset3_57.jpg,pcb_dataset3_57.jpg,pcb_dataset3,05_short_02_jpg.rf.d19b09ee0a4ec1868015bd34abd4f398.jpg,5c5424de8c13c3ef759e34f3f96107ce
Data/pcb_dataset3/pcb_dataset3_58/pcb_dataset3_58.jpg,pcb_dataset3_58.jpg,pcb_dataset3,05_short_04_jpg.rf.0e54f72a7571b126c4a603efc970ad8f.jpg,ccaa21ec0707b9c5982b2dee2d88cc1c
Data/pcb_dataset3/pcb_dataset3_59/pcb_dataset3_59.jpg,pcb_dataset3_59.jpg,pcb_dataset3,05_short_05_jpg.rf.fff7efd740ea603815d22bec2e28fc3b.jpg,d3f97feb9fced5afd2da73b70c548fa4
Data/pcb_dataset3/pcb_dataset3_6/pcb_dataset3_6.jpg,pcb_dataset3_6.jpg,pcb_dataset3,01_missing_hole_08_jpg.rf.26c92d854b1802ffc5baafda12615708.jpg,256d620fd042de47f3e2e7a8a4f331b2
Data/pcb_dataset3/pcb_dataset3_60/pcb_dataset3_60.jpg,pcb_dataset3_60.jpg,pcb_dataset3,05_spur_05_jpg.rf.d6fcd9aa98d331464cd79c41d4d4c57c.jpg,da3e7fce84a2033d116d894361a9d668
Data/pcb_dataset3/pcb_dataset3_61/pcb_dataset3_61.jpg,pcb_dataset3_61.jpg,pcb_dataset3,06_missing_hole_09_jpg.rf.73e0012e1d0386edbe125a451ea67172.jpg,ddaa3ddd66a45bea21cf74cf52d53652
Data/pcb_dataset3/pcb_dataset3_62/pcb_dataset3_62.jpg,pcb_dataset3_62.jpg,pcb_dataset3,06_missing_hole_10_jpg.rf.6239a55d3366406a04df6cb3146debfa.jpg,aef46d806318b09aece58011f9cd0d90
Data/pcb_dataset3/pcb_dataset3_63/pcb_dataset3_63.jpg,pcb_dataset3_63.jpg,pcb_dataset3,06_mouse_bite_02_jpg.rf.679d211ff62aadc6872635393d78b76d.jpg,3ca0faf7da8e8b2e2027751760c23943
Data/pcb_dataset3/pcb_dataset3_64/pcb_dataset3_64.jpg,pcb_dataset3_64.jpg,pcb_dataset3,06_mouse_bite_05_jpg.rf.a59fcc49e3cc1d1d7945a0152d33e2d3.jpg,d764db41f2d2b82056ee6570fd857020
Data/pcb_dataset3/pcb_dataset3_65/pcb_dataset3_65.jpg,pcb_dataset3_65.jpg,pcb_dataset3,06_short_02_jpg.rf.ca8c73ffd8d0519056152f7b29ffb496.jpg,71bc938af1fb7c335d137ee107c088ea
Data/pcb_dataset3/pcb_dataset3_66/pcb_dataset3_66.jpg,pcb_dataset3_66.jpg,pcb_dataset3,06_short_09_jpg.rf.0fb5c1aabf1c7a67286079bdaf879f1b.jpg,34a2fc21c8eb77b8592b0c8b5841d91e
Data/pcb_dataset3/pcb_dataset3_67/pcb_dataset3_67.jpg,pcb_dataset3_67.jpg,pcb_dataset3,07_missing_hole_01_jpg.rf.4b7d5604a8ad9fdef1a133a2cc04189b.jpg,a03c120d651949c59c2f6ccdf8a70ba2
Data/pcb_dataset3/pcb_dataset3_68/pcb_dataset3_68.jpg,pcb_dataset3_68.jpg,pcb_dataset3,07_mouse_bite_04_jpg.rf.7d2854b3af9f6d4ad672dbbb40ecbaff.jpg,67c2ceb6c48c7dd4e82fa7d8df674d18
Data/pcb_dataset3/pcb_dataset3_69/pcb_dataset3_69.jpg,pcb_dataset3_69.jpg,pcb_dataset3,07_mouse_bite_05_jpg.rf.543db198631f7334d9bbb895c98c4b7f.jpg,8ab4145928ad58ebb3780597feb23c0f
Data/pcb_dataset3/pcb_dataset3_7/pcb_dataset3_7.jpg,pcb_dataset3_7.jpg,pcb_dataset3,01_missing_hole_12_jpg.rf.774d4ab179d37913b9fa366a2fe4f91e.jpg,e4b5394c79919ecd5a70f8d4cb4889d0
Data/pcb_dataset3/pcb_dataset3_70/pcb_dataset3_70.jpg,pcb_dataset3_70.jpg,pcb_dataset3,07_open_circuit_03_jpg.rf.d5510af4ad7b7be3d695fc9b355feebf.jpg,28892dfa4708c8fd46d41c6308b22a19
Data/pcb_dataset3/pcb_dataset3_71/pcb_dataset3_71.jpg,pcb_dataset3_71.jpg,pcb_dataset3,07_open_circuit_05_jpg.rf.328e917bf559f3da57a4939489e60fba.jpg,cfce36d6b734fc93ecc0ff7532d2784c
Data/pcb_dataset3/pcb_dataset3_72/pcb_dataset3_72.jpg,pcb_dataset3_72.jpg,pcb_dataset3,07_open_circuit_05_jpg.rf.f659acfa15284432e1c3d5918312f0a5.jpg,cb279742486cdf3bdfeff79e0dcf1321
Data/pcb_dataset3/pcb_dataset3_73/pcb_dataset3_73.jpg,pcb_dataset3_73.jpg,pcb_dataset3,07_short_01_jpg.rf.f86b368f25c2004cffd846575b696009.jpg,5014cd7ce803957558ddfd8bdda1dbf1
Data/pcb_dataset3/pcb_dataset3_74/pcb_dataset3_74.jpg,pcb_dataset3_74.jpg,pcb_dataset3,07_short_06_jpg.rf.d90bd114ea125ef61b0f49eaf6b0ae55.jpg,82870817d46ea90b273ded0ac911bfc4
Data/pcb_dataset3/pcb_dataset3_75/pcb_dataset3_75.jpg,pcb_dataset3_75.jpg,pcb_dataset3,07_short_07_jpg.rf.ceb72104a366a2900dc392566e6a82eb.jpg,6299cd8085cbbda520fe0089a9dcdfbc
Data/pcb_dataset3/pcb_dataset3_76/pcb_dataset3_76.jpg,pcb_dataset3_76.jpg,pcb_dataset3,07_spur_08_jpg.rf.968616cf6224e5354a1de0e445abfe13.jpg,5f033b81ff6732e68a51eb9b58a080e9
Data/pcb_dataset3/pcb_dataset3_77/pcb_dataset3_77.jpg,pcb_dataset3_77.jpg,pcb_dataset3,08_missing_hole_01_jpg.rf.443def7671160ab4f8238e0de6ee7893.jpg,e0cbeb7c43512979bcf718e0769749ae
Data/pcb_dataset3/pcb_dataset3_78/pcb_dataset3_78.jpg,pcb_dataset3_78.jpg,pcb_dataset3,08_mouse_bite_03_jpg.rf.dbffda480cb92408256288da2b6dbca8.jpg,93fed8b924eb8cf3a10899167af2f82e
Data/pcb_dataset3/pcb_dataset3_79/pcb_dataset3_79.jpg,pcb_dataset3_79.jpg,pcb_dataset3,08_mouse_bite_06_jpg.rf.1d050fea58321766c934f3e61ab74f0d.jpg,4ebb8eb4c1057236daac4b7851cc8eca
Data/pcb_dataset3/pcb_dataset3_8/pcb_dataset3_8.jpg,pcb_dataset3_8.jpg,pcb_dataset3,01_mouse_bite_01_jpg.rf.2377cead3f4270b752c2b4fb1ed24cd0.jpg,219b875566f6b26edf70ceeb4e80b3eb
Data/pcb_dataset3/pcb_dataset3_80/pcb_dataset3_80.jpg,pcb_dataset3_80.jpg,pcb_dataset3,08_open_circuit_06_jpg.rf.3ddcf41577510e37a134eb05c9e5a9a4.jpg,d9839560992538ffaa737e0704a97ca0
Data/pcb_dataset3/pcb_dataset3_81/pcb_dataset3_81.jpg,pcb_dataset3_81.jpg,pcb_dataset3,08_short_09_jpg.rf.19a9b4c421298047d628f2d58b488dc6.jpg,25163f42d9eb12db188ab821d8f58bb7
Data/pcb_dataset3/pcb_dataset3_82/pcb_dataset3_82.jpg,pcb_dataset3_82.jpg,pcb_dataset3,08_short_09_jpg.rf.a88d9f3cfbd67ab85090442df1cdc2b0.jpg,60ed13faa27fabc6b9baa3b81cc6096a
Data/pcb_dataset3/pcb_dataset3_83/pcb_dataset3_83.jpg,pcb_dataset3_83.jpg,pcb_dataset3,08_spur_03_jpg.rf.da981763c523354667e0ed9acf50b677.jpg,e29465c999befe7d1ae4f5880ea080d2
Data/pcb_dataset3/pcb_dataset3_84/pcb_dataset3_84.jpg,pcb_dataset3_84.jpg,pcb_dataset3,09_missing_hole_06_jpg.rf.9fbf9ce2e92ae6dd34b4f12960790c50.jpg,480aa4948b1d468c23960e77913ae240
Data/pcb_dataset3/pcb_dataset3_85/pcb_dataset3_85.jpg,pcb_dataset3_85.jpg,pcb_dataset3,09_mouse_bite_07_jpg.rf.54dc9fa787730d8a080e608df866c5f7.jpg,00a86f617b2a77a20722a2136a13485c
Data/pcb_dataset3/pcb_dataset3_86/pcb_dataset3_86.jpg,pcb_dataset3_86.jpg,pcb_dataset3,09_mouse_bite_09_jpg.rf.487f51ee624d65dd4c812fd1f0cb8cb5.jpg,b6fb0df6859d47d0e4b8dbb9303069ad
Data/pcb_dataset3/pcb_dataset3_87/pcb_dataset3_87.jpg,pcb_dataset3_87.jpg,pcb_dataset3,09_mouse_bite_09_jpg.rf.8d64c1bfc4223c352a983204dbd380c9.jpg,0c934509a1180246eef16eb9a7599dc2
Data/pcb_dataset3/pcb_dataset3_88/pcb_dataset3_88.jpg,pcb_dataset3_88.jpg,pcb_dataset3,09_open_circuit_08_jpg.rf.c376e493823b151f800cf5a553d8f46f.jpg,e9aee666a564103193d2c28113e877c0
Data/pcb_dataset3/pcb_dataset3_89/pcb_dataset3_89.jpg,pcb_dataset3_89.jpg,pcb_dataset3,09_short_09_jpg.rf.95783d1b3fafc84594f98f20b569316f.jpg,0151da2f1d69ad9fd98ca8bbcf7b8208
Data/pcb_dataset3/pcb_dataset3_9/pcb_dataset3_9.jpg,pcb_dataset3_9.jpg,pcb_dataset3,01_mouse_bite_15_jpg.rf.20715ee379da7f5d6b370af4ad5774ea.jpg,1ee544339e3204ba291c5e8bb1390bfe
Data/pcb_dataset3/pcb_dataset3_90/pcb_dataset3_90.jpg,pcb_dataset3_90.jpg,pcb_dataset3,09_spur_02_jpg.rf.8dad941e24f08eb5d60147727990bac0.jpg,b110bb56c24ccfe52e6dac45fb3d40b9
Data/pcb_dataset3/pcb_dataset3_91/pcb_dataset3_91.jpg,pcb_dataset3_91.jpg,pcb_dataset3,10_open_circuit_05_jpg.rf.ed14ae1a44792493d08c3fdb65f581d8.jpg,9dab93331c4deeb0178846e3dc89c9db
Data/pcb_dataset3/pcb_dataset3_92/pcb_dataset3_92.jpg,pcb_dataset3_92.jpg,pcb_dataset3,10_open_circuit_06_jpg.rf.b9c656cd4ea81317f28cba83ccb027e0.jpg,fb3a1c20973174a0137fafa01e878345
Data/pcb_dataset3/pcb_dataset3_93/pcb_dataset3_93.jpg,pcb_dataset3_93.jpg,pcb_dataset3,10_short_04_jpg.rf.733dae5b923612a419a3e7f88b1a039a.jpg,2436a953b4cbee9e844a0c36399ddc8d
Data/pcb_dataset3/pcb_dataset3_94/pcb_dataset3_94.jpg,pcb_dataset3_94.jpg,pcb_dataset3,11_missing_hole_01_jpg.rf.e60ddaee89d58b90366734c378064d3c.jpg,34795635dadb1eb2548499dba3c5da4b
Data/pcb_dataset3/pcb_dataset3_95/pcb_dataset3_95.jpg,pcb_dataset3_95.jpg,pcb_dataset3,11_missing_hole_03_jpg.rf.527337e93e114957b9cc480d41356270.jpg,13e00b8901ebccae0e27b625a32096c6
Data/pcb_dataset3/pcb_dataset3_96/pcb_dataset3_96.jpg,pcb_dataset3_96.jpg,pcb_dataset3,11_open_circuit_06_jpg.rf.0914e94fc850cd354388425c4b2e2613.jpg,9a1388f6b18eea56fa86f39558c748d1
Data/pcb_dataset3/pcb_dataset3_97/pcb_dataset3_97.jpg,pcb_dataset3_97.jpg,pcb_dataset3,11_open_circuit_07_jpg.rf.52fc385ea4880b36cdc1da10cb2b0550.jpg,97ee80193c6cf4a8ed016926ca8e3a2e
Data/pcb_dataset3/pcb_dataset3_98/pcb_dataset3_98.jpg,pcb_dataset3_98.jpg,pcb_dataset3,11_open_circuit_07_jpg.rf.a00869c6c0a1b3601393b95edf32a975.jpg,981e8cb90b074445d32d843d2e75331e
Data/pcb_dataset3/pcb_dataset3_99/pcb_dataset3_99.jpg,pcb_dataset3_99.jpg,pcb_dataset3,11_short_05_jpg.rf.26f64ec066e0c61096c91b56b09a1063.jpg,baf3355f76b0f11bc2370d8b5b6cd10a
Data/pcb_dataset4/pcb_dataset4_1/pcb_dataset4_1.jpg,pcb_dataset4_1.jpg,pcb_dataset4,07_short_09_jpg.rf.8a746ba0857280101beb76da75b6db91.jpg,bbceff5dcc879eb0d432edabd3d49471
Data/pcb_dataset4/pcb_dataset4_10/pcb_dataset4_10.jpg,pcb_dataset4_10.jpg,pcb_dataset4,11_short_01_jpg.rf.f7b9d39a8d7e04552a1fa8f2693fbd15.jpg,9929a0ce02ea1922f6b0f98f406896f2
Data/pcb_dataset4/pcb_dataset4_100/pcb_dataset4_100.jpg,pcb_dataset4_100.jpg,pcb_dataset4,01_short_12_jpg.rf.5cb91eea5ab64cd3736142e15b04b7f3.jpg,b6c8a10946c8783eab3c3d0545515075
Data/pcb_dataset4/pcb_dataset4_101/pcb_dataset4_101.jpg,pcb_dataset4_101.jpg,pcb_dataset4,09_spur_07_jpg.rf.5cf39b70a4da576a22291a2d7850a7d4.jpg,f79a3cfc1737b74d22262094b85a1a1d
Data/pcb_dataset4/pcb_dataset4_102/pcb_dataset4_102.jpg,pcb_dataset4_102.jpg,pcb_dataset4,09_spur_07_jpg.rf.9ab0b3169985018e315b80a0ce3d0139.jpg,1a882b1759e2b112e38aa66d60a020ee
Data/pcb_dataset4/pcb_dataset4_103/pcb_dataset4_103.jpg,pcb_dataset4_103.jpg,pcb_dataset4,09_spur_07_jpg.rf.c5ed377f54caaf109628fd0a2ace31b4.jpg,202b56f3554f12cc27f06beb58f16e1f
Data/pcb_dataset4/pcb_dataset4_104/pcb_dataset4_104.jpg,pcb_dataset4_104.jpg,pcb_dataset4,09_spur_08_jpg.rf.19d30731eec29ce89e211018b4b60d78.jpg,5f18bd7e19b8befde73f8eba4e70fecd
Data/pcb_dataset4/pcb_dataset4_105/pcb_dataset4_105.jpg,pcb_dataset4_105.jpg,pcb_dataset4,09_spur_08_jpg.rf.a42bdfc5e208d9f45bd6a2549db5630f.jpg,f0b420d3c23b90126686c618b4df8820
Data/pcb_dataset4/pcb_dataset4_106/pcb_dataset4_106.jpg,pcb_dataset4_106.jpg,pcb_dataset4,09_spur_08_jpg.rf.b0500a5b5aaffaa70d529e3f478c5d9a.jpg,5a6508aed1768a49c0435d83b52a457f
Data/pcb_dataset4/pcb_dataset4_107/pcb_dataset4_107.jpg,pcb_dataset4_107.jpg,pcb_dataset4,09_spur_09_jpg.rf.0d3a975d9e1a4d5563bed1b09ddf98ad.jpg,8f877f981f227c80502c2c7a98e451f5
Data/pcb_dataset4/pcb_dataset4_108/pcb_dataset4_108.jpg,pcb_dataset4_108.jpg,pcb_dataset4,09_spur_09_jpg.rf.135228c8580ab0b51d0e3d72e5f8a828.jpg,938dffda97e4f8de20bedeef872eb0de
Data/pcb_dataset4/pcb_dataset4_109/pcb_dataset4_109.jpg,pcb_dataset4_109.jpg,pcb_dataset4,09_spur_09_jpg.rf.8c3b98aaba7233a1588afc6d09a94067.jpg,4dd4fd1ab9597c8d24751d9a54a1a918
Data/pcb_dataset4/pcb_dataset4_11/pcb_dataset4_11.jpg,pcb_dataset4_11.jpg,pcb_dataset4,11_short_03_jpg.rf.24a4195fd793e829634fc70b62b5105c.jpg,98bb754fd4abb9d200c7040205a01595
Data/pcb_dataset4/pcb_dataset4_110/pcb_dataset4_110.jpg,pcb_dataset4_110.jpg,pcb_dataset4,09_spur_09_jpg.rf.d26715954c6b663fb7da2e21a2293225.jpg,429aae4ec80baba4677fca1ff3e341bd
Data/pcb_dataset4/pcb_dataset4_111/pcb_dataset4_111.jpg,pcb_dataset4_111.jpg,pcb_dataset4,09_spur_10_jpg.rf.275b54ce99ab10cc11b1f9cb7a0ba4c5.jpg,b961bf6bb095e917ecf7255ae30306c7
Data/pcb_dataset4/pcb_dataset4_112/pcb_dataset4_112.jpg,pcb_dataset4_112.jpg,pcb_dataset4,09_spur_10_jpg.rf.70904d07aedda4f7c959b02e709b0fb0.jpg,0de99c65ea0c13fd1f2e87262f0e7452
Data/pcb_dataset4/pcb_dataset4_113/pcb_dataset4_113.jpg,pcb_dataset4_113.jpg,pcb_dataset4,09_spur_10_jpg.rf.8fbf9033f55867b18b901ad0c605c11b.jpg,5184f54fb0080981ea991075725471da
Data/pcb_dataset4/pcb_dataset4_114/pcb_dataset4_114.jpg,pcb_dataset4_114.jpg,pcb_dataset4,10_spur_01_jpg.rf.70aaa1d0dbc553ca340ed5ce7ea9b1e1.jpg,7b865eed6e2c559219c6718bce0523fc
Data/pcb_dataset4/pcb_dataset4_115/pcb_dataset4_115.jpg,pcb_dataset4_115.jpg,pcb_dataset4,10_spur_01_jpg.rf.9123fb8626add37c435b9b96f6deccb7.jpg,a9c360052e7e315c816bbab66df7f479
Data/pcb_dataset4/pcb_dataset4_116/pcb_dataset4_116.jpg,pcb_dataset4_116.jpg,pcb_dataset4,10_spur_01_jpg.rf.bfd4a601d8d0e479cd4408d4e3b19cb1.jpg,0be4c3e03b5f4d508d5a14726dc3bffc
Data/pcb_dataset4/pcb_dataset4_117/pcb_dataset4_117.jpg,pcb_dataset4_117.jpg,pcb_dataset4,10_spur_02_jpg.rf.6bdb02e95f1785a739f7f7736c1f0f92.jpg,b3335e4518922478033bb2320c742390
Data/pcb_dataset4/pcb_dataset4_118/pcb_dataset4_118.jpg,pcb_dataset4_118.jpg,pcb_dataset4,10_spur_02_jpg.rf.b4f50d6e90520cea91354867e55381c3.jpg,a8c71f8d7487d350bed26e6a577000ff
Data/pcb_dataset4/pcb_dataset4_119/pcb_dataset4_119.jpg,pcb_dataset4_119.jpg,pcb_dataset4,10_spur_02_jpg.rf.ce5fc6ccd25c97e8f0810e78909b628e.jpg,e97d0f676c735acc31c4e9306697e868
Data/pcb_dataset4/pcb_dataset4_12/pcb_dataset4_12.jpg,pcb_dataset4_12.jpg,pcb_dataset4,11_short_03_jpg.rf.72118248db16f5ecff02a3e96d6c9c35.jpg,d8c29b75315d8a98b40b07b63a2c9791
Data/pcb_dataset4/pcb_dataset4_120/pcb_dataset4_120.jpg,pcb_dataset4_120.jpg,pcb_dataset4,10_spur_02_jpg.rf.f853eb544a930809057bdc0081b9f304.jpg,8fafe3cc862af13c7af1969a994a2066
Data/pcb_dataset4/pcb_dataset4_121/pcb_dataset4_121.jpg,pcb_dataset4_121.jpg,pcb_dataset4,10_spur_03_jpg.rf.7e5dec4c9b3618132d4221341ef89091.jpg,533d4c9aa77adf78a7ad69db2cc61924
Data/pcb_dataset4/pcb_dataset4_122/pcb_dataset4_122.jpg,pcb_dataset4_122.jpg,pcb_dataset4,10_spur_03_jpg.rf.dce6c1e85bbf66f7b8ab1ddc4e9ac3bb.jpg,5a611a889ccd1e5fd38085229d415398
Data/pcb_dataset4/pcb_dataset4_123/pcb_dataset4_123.jpg,pcb_dataset4_123.jpg,pcb_dataset4,10_spur_04_jpg.rf.10929ebad063e8f7c3ffd68e95932c57.jpg,fd7cccb5d3a23b2aa874fefe62d3c4cb
Data/pcb_dataset4/pcb_dataset4_124/pcb_dataset4_124.jpg,pcb_dataset4_124.jpg,pcb_dataset4,10_spur_04_jpg.rf.469d1cf939fb445418ad9926742733ac.jpg,53056d7dd74b9f2eabe65f02b4497493
Data/pcb_dataset4/pcb_dataset4_125/pcb_dataset4_125.jpg,pcb_dataset4_125.jpg,pcb_dataset4,10_spur_04_jpg.rf.5c17334f4844aa2699d034c2069f9de6.jpg,87dc85ab8f9faa166432b9efce5b6d41
Data/pcb_dataset4/pcb_dataset4_126/pcb_dataset4_126.jpg,pcb_dataset4_126.jpg,pcb_dataset4,10_spur_05_jpg.rf.4460bea950aeb1860e5c4646477f5a1e.jpg,af3c7eda32de9e5bc72edd73a4fffc94
Data/pcb_dataset4/pcb_dataset4_127/pcb_dataset4_127.jpg,pcb_dataset4_127.jpg,pcb_dataset4,10_spur_05_jpg.rf.67c99e04458cfe038fb8f42a8fa3e801.jpg,ddb8bfd12c636330a4729b7d8852e165
Data/pcb_dataset4/pcb_dataset4_128/pcb_dataset4_128.jpg,pcb_dataset4_128.jpg,pcb_dataset4,10_spur_05_jpg.rf.a87517f1e647a5db7e72ed530546056b.jpg,7528c8c7937b4cecea902a088d5dea77
Data/pcb_dataset4/pcb_dataset4_129/pcb_dataset4_129.jpg,pcb_dataset4_129.jpg,pcb_dataset4,11_spur_01_jpg.rf.33ad2c67ffa4388c9e58fb83fb00a6f0.jpg,eea3cd455a47c97a8fd56b9f72e54b7a
Data/pcb_dataset4/pcb_dataset4_13/pcb_dataset4_13.jpg,pcb_dataset4_13.jpg,pcb_dataset4,11_short_03_jpg.rf.c9a82a9b0feb4ac39bcf065a4f4883af.jpg,04de5333dd67551c202137bac2e9eca3
Data/pcb_dataset4/pcb_dataset4_130/pcb_dataset4_130.jpg,pcb_dataset4_130.jpg,pcb_dataset4,11_spur_01_jpg.rf.4fae678219adcb1286d4faffd1b92e84.jpg,dc9fb1f5b64cb2dcfe487827222b2d33
Data/pcb_dataset4/pcb_dataset4_131/pcb_dataset4_131.jpg,pcb_dataset4_131.jpg,pcb_dataset4,11_spur_01_jpg.rf.a8cfe5a218e5650a7538d27a515eaca2.jpg,7c1a3598ca12069e14ce93bd4391c5bd
Data/pcb_dataset4/pcb_dataset4_132/pcb_dataset4_132.jpg,pcb_dataset4_132.jpg,pcb_dataset4,11_spur_01_jpg.rf.b265ed9c827c02948408812be7c70d7b.jpg,854e2b8947ce42cf81776543c46b3c06
Data/pcb_dataset4/pcb_dataset4_133/pcb_dataset4_133.jpg,pcb_dataset4_133.jpg,pcb_dataset4,11_spur_02_jpg.rf.2fba659f7855ec9540c000b48f683809.jpg,b044333c851c77ea8c8d6789f4def6ff
Data/pcb_dataset4/pcb_dataset4_134/pcb_dataset4_134.jpg,pcb_dataset4_134.jpg,pcb_dataset4,11_spur_02_jpg.rf.73ae0e2f3b17fc9922d7b998dfd4c504.jpg,1aa37dccb951edd4236f15e1cd8ed645
Data/pcb_dataset4/pcb_dataset4_135/pcb_dataset4_135.jpg,pcb_dataset4_135.jpg,pcb_dataset4,11_spur_02_jpg.rf.8497e83230116b5b7fc29837e8d249c9.jpg,95543b08594e6dbaec0ad44580a020f9
Data/pcb_dataset4/pcb_dataset4_136/pcb_dataset4_136.jpg,pcb_dataset4_136.jpg,pcb_dataset4,11_spur_02_jpg.rf.cdda72dae8cc1d91a31b0803af5ff0f8.jpg,f52066794df5fa5a6b7a0009d218ea6e
Data/pcb_dataset4/pcb_dataset4_137/pcb_dataset4_137.jpg,pcb_dataset4_137.jpg,pcb_dataset4,11_spur_03_jpg.rf.82ca5d217466b132d41b1219f2158111.jpg,0baa7ef87fb4cffd73fd1ce20b7870c4
Data/pcb_dataset4/pcb_dataset4_138/pcb_dataset4_138.jpg,pcb_dataset4_138.jpg,pcb_dataset4,11_spur_03_jpg.rf.8719ad4995d5236603eade8cece6e983.jpg,b88e207813ebe6e11d3d87c874305615
Data/pcb_dataset4/pcb_dataset4_139/pcb_dataset4_139.jpg,pcb_dataset4_139.jpg,pcb_dataset4,11_spur_03_jpg.rf.963697836d0739a7e4f13584fb056d7d.jpg,55b0fe67c3ca8d052666701d10a2547d
Data/pcb_dataset4/pcb_dataset4_14/pcb_dataset4_14.jpg,pcb_dataset4_14.jpg,pcb_dataset4,11_short_03_jpg.rf.e0c83c2330ab686d4e69b15f227e08fb.jpg,f5b3516e537ed59bb5bfcc26b4b47c96
Data/pcb_dataset4/pcb_dataset4_140/pcb_dataset4_140.jpg,pcb_dataset4_140.jpg,pcb_dataset4,11_spur_03_jpg.rf.ce578408402a7e0ef5c0321ccb76ba64.jpg,c25c4e5b4253d48eddaf8acebae554ea
Data/pcb_dataset4/pcb_dataset4_141/pcb_dataset4_141.jpg,pcb_dataset4_141.jpg,pcb_dataset4,11_spur_05_jpg.rf.3b780be7a8aaadc4635121ab6ca9ed7a.jpg,77f24386bb57bebaca13becb82b509c4
Data/pcb_dataset4/pcb_dataset4_142/pcb_dataset4_142.jpg,pcb_dataset4_142.jpg,pcb_dataset4,11_spur_05_jpg.rf.69d7480885738c86ab91779a578f1ae0.jpg,839c2e11216068e0cd691616316615ca
Data/pcb_dataset4/pcb_dataset4_143/pcb_dataset4_143.jpg,pcb_dataset4_143.jpg,pcb_dataset4,11_spur_05_jpg.rf.ae90a0e18e684f69045d150c24d5969d.jpg,2ae30c88047ac6352a900dbb6437121d
Data/pcb_dataset4/pcb_dataset4_144/pcb_dataset4_144.jpg,pcb_dataset4_144.jpg,pcb_dataset4,11_spur_05_jpg.rf.e4ef56c231acdb3b8be7bece57f66e6d.jpg,ffb418240fd575fa8584ec648eede2a4
Data/pcb_dataset4/pcb_dataset4_145/pcb_dataset4_145.jpg,pcb_dataset4_145.jpg,pcb_dataset4,11_spur_06_jpg.rf.1a92d0b5a9f48d67f32e44ec372d862c.jpg,54e09b1d281c36a66f8f48a79dd1d099
Data/pcb_dataset4/pcb_dataset4_146/pcb_dataset4_146.jpg,pcb_dataset4_146.jpg,pcb_dataset4,11_spur_06_jpg.rf.e08acf4767a3d1050c72ad5513e939bc.jpg,0331a64e3ec3a1f8dbbe4247f95ca374
Data/pcb_dataset4/pcb_dataset4_147/pcb_dataset4_147.jpg,pcb_dataset4_147.jpg,pcb_dataset4,11_spur_06_jpg.rf.e4e7516b943c53ea138ae498e6b2cdb8.jpg,214302e75e9a573dbeb916a2f919d192
Data/pcb_dataset4/pcb_dataset4_148/pcb_dataset4_148.jpg,pcb_dataset4_148.jpg,pcb_dataset4,11_spur_06_jpg.rf.fec882addb133bab631a38be57d00366.jpg,d5a8c2134c230ed835dc4932ae3c3d53
Data/pcb_dataset4/pcb_dataset4_149/pcb_dataset4_149.jpg,pcb_dataset4_149.jpg,pcb_dataset4,11_spur_07_jpg.rf.46940f8527160f925f0fcddfc5abde8d.jpg,f17162e346822f120124623dbd6a98f2
Data/pcb_dataset4/pcb_dataset4_15/pcb_dataset4_15.jpg,pcb_dataset4_15.jpg,pcb_dataset4,11_short_04_jpg.rf.981c46db5af53dcc0701d85c466a02d4.jpg,4fdd9db912786cb845088dc66dee2673
Data/pcb_dataset4/pcb_dataset4_150/pcb_dataset4_150.jpg,pcb_dataset4_150.jpg,pcb_dataset4,11_spur_07_jpg.rf.75be5a2fa48e47c5ddc06a0ac841735f.jpg,1fb3e3d9d0ec171026287b2627af0a82
Data/pcb_dataset4/pcb_dataset4_151/pcb_dataset4_151.jpg,pcb_dataset4_151.jpg,pcb_dataset4,11_spur_07_jpg.rf.a464212ae647e3054958ecaf48829276.jpg,dc75500d235f6d75460e3059c59aaf82
Data/pcb_dataset4/pcb_dataset4_152/pcb_dataset4_152.jpg,pcb_dataset4_152.jpg,pcb_dataset4,11_spur_07_jpg.rf.f1dfe9e74299b73b9de1fdec5cd18162.jpg,fe4c32a0880eae96b11bf56fc5fe9365
Data/pcb_dataset4/pcb_dataset4_153/pcb_dataset4_153.jpg,pcb_dataset4_153.jpg,pcb_dataset4,11_spur_08_jpg.rf.5ac36addce50901eeb037b9b5b43e653.jpg,ce7c1242cb4176a6c29b34739a2cd8fd
Data/pcb_dataset4/pcb_dataset4_154/pcb_dataset4_154.jpg,pcb_dataset4_154.jpg,pcb_dataset4,11_spur_08_jpg.rf.d92413599ee0af6751c4c6b431f7c645.jpg,27d393344f2e5d28d356c015c3cfe2c6
Data/pcb_dataset4/pcb_dataset4_155/pcb_dataset4_155.jpg,pcb_dataset4_155.jpg,pcb_dataset4,11_spur_08_jpg.rf.f499b98c80e49724056b84039b255c36.jpg,4230803b89157d36b1272d1f89ae3b0b
Data/pcb_dataset4/pcb_dataset4_156/pcb_dataset4_156.jpg,pcb_dataset4_156.jpg,pcb_dataset4,11_spur_09_jpg.rf.74d3fa1f4307338bf50745a7f67f2a53.jpg,03e7b2376710fbd906b956e05c9c5e8d
Data/pcb_dataset4/pcb_dataset4_157/pcb_dataset4_157.jpg,pcb_dataset4_157.jpg,pcb_dataset4,11_spur_09_jpg.rf.935cd846e9dd3ba26b826e9d329de9d5.jpg,c800864be632682ab4bcf09f2f7a3956
Data/pcb_dataset4/pcb_dataset4_158/pcb_dataset4_158.jpg,pcb_dataset4_158.jpg,pcb_dataset4,11_spur_09_jpg.rf.ba5920fb7a99fea8adfdf1d06a8f6aac.jpg,6ead31434a2779da61ca54d5b5b1ccab
Data/pcb_dataset4/pcb_dataset4_159/pcb_dataset4_159.jpg,pcb_dataset4_159.jpg,pcb_dataset4,11_spur_09_jpg.rf.fd378bc8dad86aa5e74d24baf73850f5.jpg,c6b9e915262b260ddb0c312943b03769
Data/pcb_dataset4/pcb_dataset4_16/pcb_dataset4_16.jpg,pcb_dataset4_16.jpg,pcb_dataset4,11_short_04_jpg.rf.fc4e3021766806414390e0a4bcdf9fca.jpg,4535e374dd0172699d3ed8be414b8baa
Data/pcb_dataset4/pcb_dataset4_160/pcb_dataset4_160.jpg,pcb_dataset4_160.jpg,pcb_dataset4,11_spur_10_jpg.rf.9bf1e4569fd4f98addcc250350096d48.jpg,c3be4d9dbbffaeaf79f7413a9fed1b5c
Data/pcb_dataset4/pcb_dataset4_161/pcb_dataset4_161.jpg,pcb_dataset4_161.jpg,pcb_dataset4,11_spur_10_jpg.rf.c8075542e4576ade37e57570723097bb.jpg,d52658e8707b7218236879640ed51e59
Data/pcb_dataset4/pcb_dataset4_162/pcb_dataset4_162.jpg,pcb_dataset4_162.jpg,pcb_dataset4,12_spur_02_jpg.rf.3b892d8be4d593d5604147e156825b04.jpg,66b5c5ad633dc3f7429f67f6c5851e28
Data/pcb_dataset4/pcb_dataset4_163/pcb_dataset4_163.jpg,pcb_dataset4_163.jpg,pcb_dataset4,12_spur_02_jpg.rf.a46e23b3eebada43d7577b674c4e54ba.jpg,66faf40d61591757db31a537cadd1e8e
Data/pcb_dataset4/pcb_dataset4_164/pcb_dataset4_164.jpg,pcb_dataset4_164.jpg,pcb_dataset4,12_spur_02_jpg.rf.e81521999e24131dc6f743e564df0b46.jpg,78c2f6fab3e4fd38d350bf43765c352c
Data/pcb_dataset4/pcb_dataset4_165/pcb_dataset4_165.jpg,pcb_dataset4_165.jpg,pcb_dataset4,12_spur_03_jpg.rf.8d46f81d8f60604474273791691f8cd3.jpg,a3c565db0272be4beabf2d015486dc33
Data/pcb_dataset4/pcb_dataset4_166/pcb_dataset4_166.jpg,pcb_dataset4_166.jpg,pcb_dataset4,12_spur_03_jpg.rf.ebe7dcaf060b6058b5cd4f0245a94188.jpg,3454ccd8761fd860cca36bb3be329aa9
Data/pcb_dataset4/pcb_dataset4_167/pcb_dataset4_167.jpg,pcb_dataset4_167.jpg,pcb_dataset4,12_spur_07_jpg.rf.548547bdfe534bf8705b84ab3fac900e.jpg,8b4696bcd580034d2721a11ff9d3c9b5
Data/pcb_dataset4/pcb_dataset4_168/pcb_dataset4_168.jpg,pcb_dataset4_168.jpg,pcb_dataset4,12_spur_07_jpg.rf.785707bab178507d37f47b975f3a3f5f.jpg,2a46c3f56e1668fa4574da866f26cc9e
Data/pcb_dataset4/pcb_dataset4_169/pcb_dataset4_169.jpg,pcb_dataset4_169.jpg,pcb_dataset4,12_spur_10_jpg.rf.3ae86d9164ea5a4c2e849df9c7cfb795.jpg,1477c6e403406d714f307b86411b350e
Data/pcb_dataset4/pcb_dataset4_17/pcb_dataset4_17.jpg,pcb_dataset4_17.jpg,pcb_dataset4,11_short_05_jpg.rf.6c9967bd86a8b6b8d54f45b76a2c2883.jpg,6c3dbeac336d5487743216bcbec37bd1
Data/pcb_dataset4/pcb_dataset4_170/pcb_dataset4_170.jpg,pcb_dataset4_170.jpg,pcb_dataset4,12_spur_10_jpg.rf.7cc370c753679b4ec48d29ac69ce0b84.jpg,1cdc2a0d85d605c5fa5062393fb92295
Data/pcb_dataset4/pcb_dataset4_171/pcb_dataset4_171.jpg,pcb_dataset4_171.jpg,pcb_dataset4,12_spur_10_jpg.rf.c66541e67219e7995a8b38e45557f254.jpg,dfa96bb1b0cc370e5e881822f81b49ab
Data/pcb_dataset4/pcb_dataset4_172/pcb_dataset4_172.jpg,pcb_dataset4_172.jpg,pcb_dataset4,01_spur_01_jpg.rf.3b114b90e8a674754d3133b87e05434c.jpg,2a5fabd0d42fb18740fea15632ea1b02
Data/pcb_dataset4/pcb_dataset4_173/pcb_dataset4_173.jpg,pcb_dataset4_173.jpg,pcb_dataset4,01_spur_01_jpg.rf.52dc4149b3d25a5b4e1917765c7c510f.jpg,9deeaff28cea6bfe0afa83695e9bc7b7
Data/pcb_dataset4/pcb_dataset4_174/pcb_dataset4_174.jpg,pcb_dataset4_174.jpg,pcb_dataset4,01_spur_01_jpg.rf.d042beddaa7ae7f31256e861d8ca4f2c.jpg,77a5ce34120bedbb7e3d01fbbcdb6d2d
Data/pcb_dataset4/pcb_dataset4_175/pcb_dataset4_175.jpg,pcb_dataset4_175.jpg,pcb_dataset4,01_spur_02_jpg.rf.00c80239fe8e145fd2f592bc3f72d5de.jpg,18f6df2cfa87d7b13c9757b3f581bfb8
Data/pcb_dataset4/pcb_dataset4_176/pcb_dataset4_176.jpg,pcb_dataset4_176.jpg,pcb_dataset4,01_spur_02_jpg.rf.367d31b3eeffb7d665d3e931c2165f28.jpg,5840bfefe600f6cd5c2ef5bd6cc75ff1
Data/pcb_dataset4/pcb_dataset4_177/pcb_dataset4_177.jpg,pcb_dataset4_177.jpg,pcb_dataset4,01_spur_02_jpg.rf.e890d5fa34fa983ab9219290a8e0b624.jpg,ff33ebf4f721c578d3ac25bd2d623f00
Data/pcb_dataset4/pcb_dataset4_178/pcb_dataset4_178.jpg,pcb_dataset4_178.jpg,pcb_dataset4,01_spur_03_jpg.rf.1fd712288a8c3f86cbd8700d0b238b5d.jpg,dc26e5bd3ebc83c7ea2aa1d0604e7e2a
Data/pcb_dataset4/pcb_dataset4_179/pcb_dataset4_179.jpg,pcb_dataset4_179.jpg,pcb_dataset4,01_spur_03_jpg.rf.21b41080b2c0c2ce71e658f794a59cfb.jpg,3d065005d8e6e24ebc33628b6bed17ed
Data/pcb_dataset4/pcb_dataset4_18/pcb_dataset4_18.jpg,pcb_dataset4_18.jpg,pcb_dataset4,11_short_05_jpg.rf.80a15279db6eb9d1c461ff37e396cacf.jpg,a180f854dd42f0591ea0f06c4e6a1cde
Data/pcb_dataset4/pcb_dataset4_180/pcb_dataset4_180.jpg,pcb_dataset4_180.jpg,pcb_dataset4,01_spur_03_jpg.rf.495a194acd28d7308f8c06560cb26edb.jpg,6fe5b0c706faa8cd764bdeef1a6f9613
Data/pcb_dataset4/pcb_dataset4_181/pcb_dataset4_181.jpg,pcb_dataset4_181.jpg,pcb_dataset4,01_spur_03_jpg.rf.4b2f0065f6486d02469e5f46f4507c3b.jpg,980d4e2033aa16dc7781eb805f45601b
Data/pcb_dataset4/pcb_dataset4_182/pcb_dataset4_182.jpg,pcb_dataset4_182.jpg,pcb_dataset4,01_spur_03_jpg.rf.ea53dfb09201fe6f6ee9c85f2d3248cb.jpg,40d3d63bf5939999af1b16445c70c04a
Data/pcb_dataset4/pcb_dataset4_183/pcb_dataset4_183.jpg,pcb_dataset4_183.jpg,pcb_dataset4,01_spur_03_jpg.rf.f687053056e98e4c82c09a50a2bc1ec8.jpg,ec81e676485f763f2e41e3d203171e0d
Data/pcb_dataset4/pcb_dataset4_184/pcb_dataset4_184.jpg,pcb_dataset4_184.jpg,pcb_dataset4,01_spur_04_jpg.rf.07c3c18ad643e1b9d18e1fca9ec607a8.jpg,29eb5ea18e4954b1ea3253540e67ef26
Data/pcb_dataset4/pcb_dataset4_185/pcb_dataset4_185.jpg,pcb_dataset4_185.jpg,pcb_dataset4,01_spur_04_jpg.rf.16e1d23dd4f2f71bf546ba3a976bb1f8.jpg,4f2fc314fc0721f135d85dad6ab6cc0b
Data/pcb_dataset4/pcb_dataset4_186/pcb_dataset4_186.jpg,pcb_dataset4_186.jpg,pcb_dataset4,01_spur_04_jpg.rf.af94d664bd1b24c2d4d938e01d0cec46.jpg,bb48ba12e5882b5fbb3082cdb2168f76
Data/pcb_dataset4/pcb_dataset4_187/pcb_dataset4_187.jpg,pcb_dataset4_187.jpg,pcb_dataset4,01_spur_05_jpg.rf.66d13cad8e61d949d97f9db67d00ff55.jpg,38e11cdbed3b67acf1865ebfcee28d8e
Data/pcb_dataset4/pcb_dataset4_188/pcb_dataset4_188.jpg,pcb_dataset4_188.jpg,pcb_dataset4,01_spur_05_jpg.rf.8e4162dc37f6a72c05d06e1772670099.jpg,a200ec8b6387404bec9a092b13e8d555
Data/pcb_dataset4/pcb_dataset4_189/pcb_dataset4_189.jpg,pcb_dataset4_189.jpg,pcb_dataset4,01_spur_05_jpg.rf.da76a860e3ae6000474eea902a5849ca.jpg,3456963f909c8bb2ee2a8682cd9b3a3a
Data/pcb_dataset4/pcb_dataset4_19/pcb_dataset4_19.jpg,pcb_dataset4_19.jpg,pcb_dataset4,11_short_05_jpg.rf.b1590a4e17eeb7ad06cf176fb88d221a.jpg,6dd7ac9f2d3ae3b929998ed6276e437e
Data/pcb_dataset4/pcb_dataset4_190/pcb_dataset4_190.jpg,pcb_dataset4_190.jpg,pcb_dataset4,01_spur_08_jpg.rf.03181b27cd4fbe87bf7ae0679f1429d4.jpg,4a718f8c4e148ca6f2a11a240c57f5d2
Data/pcb_dataset4/pcb_dataset4_191/pcb_dataset4_191.jpg,pcb_dataset4_191.jpg,pcb_dataset4,01_spur_08_jpg.rf.4cda373ce2830b71a7226de4fbc95f59.jpg,daa7f4f2c9d95ac349094a080f6e79de
Data/pcb_dataset4/pcb_dataset4_192/pcb_dataset4_192.jpg,pcb_dataset4_192.jpg,pcb_dataset4,01_spur_08_jpg.rf.54e6348a47c3d804dc3a403ca714c279.jpg,08de0eee30a3ea3e7aed060245dc3100
Data/pcb_dataset4/pcb_dataset4_193/pcb_dataset4_193.jpg,pcb_dataset4_193.jpg,pcb_dataset4,01_spur_08_jpg.rf.89932c23b2e7bee623f8608962632130.jpg,ead3128e6533c287b3b4b2ac2be96a19
Data/pcb_dataset4/pcb_dataset4_194/pcb_dataset4_194.jpg,pcb_dataset4_194.jpg,pcb_dataset4,01_spur_08_jpg.rf.9c381f6cbb4ee4c0e98746b1ca27fa18.jpg,b5329dfe23adae5a9c6af307db863640
Data/pcb_dataset4/pcb_dataset4_195/pcb_dataset4_195.jpg,pcb_dataset4_195.jpg,pcb_dataset4,01_spur_08_jpg.rf.a81d629402fa05c23b9136ec7f311b8d.jpg,be03d3f731a8002c38ccb35287aeb9a4
Data/pcb_dataset4/pcb_dataset4_196/pcb_dataset4_196.jpg,pcb_dataset4_196.jpg,pcb_dataset4,01_spur_09_jpg.rf.68b57d06262eb2a1c5c5202c117c8e97.jpg,e8c6f94eae842c266780f8638095cfe6
Data/pcb_dataset4/pcb_dataset4_197/pcb_dataset4_197.jpg,pcb_dataset4_197.jpg,pcb_dataset4,01_spur_09_jpg.rf.a979ec682d16ce2479a0903dee36764b.jpg,f5d2836f7f1e870afa47fe2be68fd7e6
Data/pcb_dataset4/pcb_dataset4_198/pcb_dataset4_198.jpg,pcb_dataset4_198.jpg,pcb_dataset4,01_spur_09_jpg.rf.ee753656471041fcdf3907b456a06959.jpg,ac7f32cce5c2c2218d76410d1543199c
Data/pcb_dataset4/pcb_dataset4_199/pcb_dataset4_199.jpg,pcb_dataset4_199.jpg,pcb_dataset4,01_spur_10_jpg.rf.433dad91d7555fc1fe68ddc2a87b66a3.jpg,f83bb065b46c98fe7a580f776d753143
Data/pcb_dataset4/pcb_dataset4_2/pcb_dataset4_2.jpg,pcb_dataset4_2.jpg,pcb_dataset4,07_short_09_jpg.rf.b356cd6974f015f252531c07af2bd8fb.jpg,dedd7829867e607a142dfbae9bc6857e
Data/pcb_dataset4/pcb_dataset4_20/pcb_dataset4_20.jpg,pcb_dataset4_20.jpg,pcb_dataset4,11_short_06_jpg.rf.41a5b65686dfeede28c70f3a175e0b3e.jpg,da121c57ec8ce310c56e509c59b521e8
Data/pcb_dataset4/pcb_dataset4_200/pcb_dataset4_200.jpg,pcb_dataset4_200.jpg,pcb_dataset4,01_spur_10_jpg.rf.a08c17c8664065cdbcb3099f24b65bc7.jpg,c3563c8083c8abf76eb7a8bd34a50249
Data/pcb_dataset4/pcb_dataset4_201/pcb_dataset4_201.jpg,pcb_dataset4_201.jpg,pcb_dataset4,09_missing_hole_03_jpg.rf.0d86df8e3ff8fae6d889b3c122c65fa0.jpg,961a93ccaf13128dac52c928c6e936e3
Data/pcb_dataset4/pcb_dataset4_202/pcb_dataset4_202.jpg,pcb_dataset4_202.jpg,pcb_dataset4,09_missing_hole_03_jpg.rf.624f77c8da1df1a7b1271b3d0afc49de.jpg,43d93affcf9484f4314cc8bdf39ded66
Data/pcb_dataset4/pcb_dataset4_203/pcb_dataset4_203.jpg,pcb_dataset4_203.jpg,pcb_dataset4,09_missing_hole_03_jpg.rf.e78fb312c1dc3a71c69c3f6cf24d3926.jpg,11dcd954bea6d783cc942e8c70e75cee
Data/pcb_dataset4/pcb_dataset4_204/pcb_dataset4_204.jpg,pcb_dataset4_204.jpg,pcb_dataset4,10_missing_hole_01_jpg.rf.0291342fab1adf2f8bf664d5f0ea0f4b.jpg,91bd8ad24fd57eb6dad4d8ca53d3cc5e
Data/pcb_dataset4/pcb_dataset4_205/pcb_dataset4_205.jpg,pcb_dataset4_205.jpg,pcb_dataset4,10_missing_hole_01_jpg.rf.67cc848281036628d36a834df49ca0fe.jpg,8d1dfced346a1bee0c3ea4d052679352
Data/pcb_dataset4/pcb_dataset4_206/pcb_dataset4_206.jpg,pcb_dataset4_206.jpg,pcb_dataset4,10_missing_hole_01_jpg.rf.dab8087db00af6caa2956667bd881aba.jpg,815c0f6e388dc0791b499f01e57f07ad
Data/pcb_dataset4/pcb_dataset4_207/pcb_dataset4_207.jpg,pcb_dataset4_207.jpg,pcb_dataset4,11_missing_hole_01_jpg.rf.8fa2bb91676cc95d329d840309ac8022.jpg,a05f5f1df4475d2f421b1ece927c03c7
Data/pcb_dataset4/pcb_dataset4_208/pcb_dataset4_208.jpg,pcb_dataset4_208.jpg,pcb_dataset4,11_missing_hole_01_jpg.rf.9ec21f352b98fdc6c7f1284fe6a32363.jpg,bd97f254d112b6507cca660159d5e7e5
Data/pcb_dataset4/pcb_dataset4_209/pcb_dataset4_209.jpg,pcb_dataset4_209.jpg,pcb_dataset4,11_missing_hole_01_jpg.rf.c9743e2057dcfe45cad8c7e7f885efdf.jpg,2f2be976117fb965554609b6e4a78745
Data/pcb_dataset4/pcb_dataset4_21/pcb_dataset4_21.jpg,pcb_dataset4_21.jpg,pcb_dataset4,11_short_06_jpg.rf.c7660db28af312ad75d6663708b016b5.jpg,a8c050499b499ecd20dfc22abc4b348c
Data/pcb_dataset4/pcb_dataset4_210/pcb_dataset4_210.jpg,pcb_dataset4_210.jpg,pcb_dataset4,11_missing_hole_02_jpg.rf.334018fd3286b8b51b629a3708dfda78.jpg,5dcc44874ff0e2424bc256fc62ed1944
Data/pcb_dataset4/pcb_dataset4_211/pcb_dataset4_211.jpg,pcb_dataset4_211.jpg,pcb_dataset4,11_missing_hole_02_jpg.rf.6ad759e17e8dbda6e4d245812886a716.jpg,7d9fa3e5247509b6b367060c999365f9
Data/pcb_dataset4/pcb_dataset4_212/pcb_dataset4_212.jpg,pcb_dataset4_212.jpg,pcb_dataset4,11_missing_hole_02_jpg.rf.c4ff5ce74f595ed11be50df3c0cac017.jpg,f7d2a004dc339edd3a617fa71e9577f7
Data/pcb_dataset4/pcb_dataset4_213/pcb_dataset4_213.jpg,pcb_dataset4_213.jpg,pcb_dataset4,11_missing_hole_02_jpg.rf.ec83f5c0595bad8e77602a7e9effa388.jpg,b9437da5e87be47f232f9d6d0ae8af88
Data/pcb_dataset4/pcb_dataset4_214/pcb_dataset4_214.jpg,pcb_dataset4_214.jpg,pcb_dataset4,11_missing_hole_03_jpg.rf.085cd08843494b3fa33efd3d2fc44b9c.jpg,eb8026fbd5c7719c2dd5ed68fbc02822
Data/pcb_dataset4/pcb_dataset4_215/pcb_dataset4_215.jpg,pcb_dataset4_215.jpg,pcb_dataset4,11_missing_hole_03_jpg.rf.3adf433f35bd85ed103e378f00fdad43.jpg,239ebf6352fa914565673957dfb17e66
Data/pcb_dataset4/pcb_dataset4_216/pcb_dataset4_216.jpg,pcb_dataset4_216.jpg,pcb_dataset4,11_missing_hole_03_jpg.rf.e56e4cea2e6f5d635b81986be20b8480.jpg,10864f491e4a3c894dbceda41d5132c3
Data/pcb_dataset4/pcb_dataset4_217/pcb_dataset4_217.jpg,pcb_dataset4_217.jpg,pcb_dataset4,11_missing_hole_04_jpg.rf.3ced73330cb60785c9aaeef01982258d.jpg,aafff578e44bcd841f8d9aab55e2624e
Data/pcb_dataset4/pcb_dataset4_218/pcb_dataset4_218.jpg,pcb_dataset4_218.jpg,pcb_dataset4,11_missing_hole_04_jpg.rf.5b0fab0ac4e6ad43558c00b5b25abd37.jpg,b6cda1be515b5e9c22afb8a5c2f494ed
Data/pcb_dataset4/pcb_dataset4_219/pcb_dataset4_219.jpg,pcb_dataset4_219.jpg,pcb_dataset4,11_missing_hole_04_jpg.rf.646408a191f4fb8cce470b42eed520e5.jpg,3fa29802897fb7bea632c1487e94dd78
Data/pcb_dataset4/pcb_dataset4_22/pcb_dataset4_22.jpg,pcb_dataset4_22.jpg,pcb_dataset4,11_short_08_jpg.rf.184433a160a521f5ce4aaae6060bdd6f.jpg,b24b46df3b9eda7eaf90bc29d7f3ff1e
Data/pcb_dataset4/pcb_dataset4_220/pcb_dataset4_220.jpg,pcb_dataset4_220.jpg,pcb_dataset4,11_missing_hole_04_jpg.rf.92eb4ae9d2c09d26eab7690318b87d5b.jpg,7c984a588db0980571ba5ab4ddad0a52
Data/pcb_dataset4/pcb_dataset4_221/pcb_dataset4_221.jpg,pcb_dataset4_221.jpg,pcb_dataset4,11_missing_hole_06_jpg.rf.78914bd764f57afc5b512e76742250e2.jpg,0254811175d1bb4c158ac4156838d101
Data/pcb_dataset4/pcb_dataset4_222/pcb_dataset4_222.jpg,pcb_dataset4_222.jpg,pcb_dataset4,11_missing_hole_06_jpg.rf.9adea848e2f27e451facf024263d24c4.jpg,7a91575231b2f75bb8ae06abdc681a9f
Data/pcb_dataset4/pcb_dataset4_223/pcb_dataset4_223.jpg,pcb_dataset4_223.jpg,pcb_dataset4,11_missing_hole_06_jpg.rf.ce00186be5a22f6be698f13bc88374fb.jpg,d3b0a823771f1595a7a4e35d97995f54
Data/pcb_dataset4/pcb_dataset4_224/pcb_dataset4_224.jpg,pcb_dataset4_224.jpg,pcb_dataset4,11_missing_hole_08_jpg.rf.2f5966a96c33689c89bd5d29a03337fb.jpg,75ffb072885014a771f39da07a7a786f
Data/pcb_dataset4/pcb_dataset4_225/pcb_dataset4_225.jpg,pcb_dataset4_225.jpg,pcb_dataset4,11_missing_hole_08_jpg.rf.8be9950c8705d6507c82fa21417fe3da.jpg,154fb4efba13668f1c90426c22820dcb
Data/pcb_dataset4/pcb_dataset4_226/pcb_dataset4_226.jpg,pcb_dataset4_226.jpg,pcb_dataset4,11_missing_hole_08_jpg.rf.c3146ca3d0a581644995117c88275dfd.jpg,ea9f3876c8fa7b90338d4275c7406096
Data/pcb_dataset4/pcb_dataset4_227/pcb_dataset4_227.jpg,pcb_dataset4_227.jpg,pcb_dataset4,11_missing_hole_08_jpg.rf.cb22fcaa4ea08edd328727c9d7af9265.jpg,faebb3edd378a30d081da7d004382d95
Data/pcb_dataset4/pcb_dataset4_228/pcb_dataset4_228.jpg,pcb_dataset4_228.jpg,pcb_dataset4,11_missing_hole_09_jpg.rf.3235583392e9505ea26c57a58ce1eec5.jpg,9c48d54f9c2c8ded2598d81bf0ae207b
Data/pcb_dataset4/pcb_dataset4_229/pcb_dataset4_229.jpg,pcb_dataset4_229.jpg,pcb_dataset4,11_missing_hole_09_jpg.rf.65bdc7f54f0bfb3bd1e5cf039c04a7c4.jpg,a3feae13eb56c691af19d0973e2821e8
Data/pcb_dataset4/pcb_dataset4_23/pcb_dataset4_23.jpg,pcb_dataset4_23.jpg,pcb_dataset4,11_short_08_jpg.rf.4154cbbce538bf261a5b73cc2b965c6d.jpg,d2f2afb889d19df0aae86efa14362882
Data/pcb_dataset4/pcb_dataset4_230/pcb_dataset4_230.jpg,pcb_dataset4_230.jpg,pcb_dataset4,11_missing_hole_09_jpg.rf.67fd5ee6a744644b4cd2d91b9ef3336b.jpg,3308d598787239698d1982a510651aba
Data/pcb_dataset4/pcb_dataset4_231/pcb_dataset4_231.jpg,pcb_dataset4_231.jpg,pcb_dataset4,11_missing_hole_09_jpg.rf.caffff7f05b6d61327ace1d277551e7a.jpg,214d07003010cbf714b07af75b3e2853
Data/pcb_dataset4/pcb_dataset4_232/pcb_dataset4_232.jpg,pcb_dataset4_232.jpg,pcb_dataset4,12_missing_hole_02_jpg.rf.2239258b4b5f732eee0d7863b1946d5d.jpg,2ea03933d75259d0c3e940c489745679
Data/pcb_dataset4/pcb_dataset4_233/pcb_dataset4_233.jpg,pcb_dataset4_233.jpg,pcb_dataset4,12_missing_hole_02_jpg.rf.243906bb9f15070012e3a2f62c1581cc.jpg,ceae9052fefd642526a466acad0bb665
Data/pcb_dataset4/pcb_dataset4_234/pcb_dataset4_234.jpg,pcb_dataset4_234.jpg,pcb_dataset4,12_missing_hole_02_jpg.rf.7e678ea2beab8e865208c04bce1ab9b0.jpg,576aef9a7952ce72eb3402e8456b4352
Data/pcb_dataset4/pcb_dataset4_235/pcb_dataset4_235.jpg,pcb_dataset4_235.jpg,pcb_dataset4,12_missing_hole_02_jpg.rf.d4d62234b73444713b3fa6d3481734b4.jpg,1706ced3606012c279c9b91fc46e3f1c
Data/pcb_dataset4/pcb_dataset4_236/pcb_dataset4_236.jpg,pcb_dataset4_236.jpg,pcb_dataset4,12_missing_hole_03_jpg.rf.02e41eb4801ff104c49ee8ff1e04f41a.jpg,0471a61900bff4375aa0f61b7d992838
Data/pcb_dataset4/pcb_dataset4_237/pcb_dataset4_237.jpg,pcb_dataset4_237.jpg,pcb_dataset4,12_missing_hole_03_jpg.rf.19e1071ee4cf5d44908cd1d35ad03e1f.jpg,36cda7dff0fe964df6750863b04a3299
Data/pcb_dataset4/pcb_dataset4_238/pcb_dataset4_238.jpg,pcb_dataset4_238.jpg,pcb_dataset4,12_missing_hole_03_jpg.rf.abf67fe907254f34dd17ebd86aacef7c.jpg,c0a59bee1269c9f50caa36692d0a4a8c
Data/pcb_dataset4/pcb_dataset4_239/pcb_dataset4_239.jpg,pcb_dataset4_239.jpg,pcb_dataset4,12_missing_hole_03_jpg.rf.c07c1b1cccb25095573516ad1b23281f.jpg,122bb71e97b6a1abd346b9a24aa6ed32
Data/pcb_dataset4/pcb_dataset4_24/pcb_dataset4_24.jpg,pcb_dataset4_24.jpg,pcb_dataset4,11_short_08_jpg.rf.8110dbbe5d13a5b7019fb44ca297e8f9.jpg,4e60a878ed95cf94b937522f2541535f
Data/pcb_dataset4/pcb_dataset4_240/pcb_dataset4_240.jpg,pcb_dataset4_240.jpg,pcb_dataset4,12_missing_hole_04_jpg.rf.21fac0c44aa62188f05f820fed60995b.jpg,c662145e04c128e9b6a63d62c3a2743b
Data/pcb_dataset4/pcb_dataset4_241/pcb_dataset4_241.jpg,pcb_dataset4_241.jpg,pcb_dataset4,12_missing_hole_04_jpg.rf.3c11bfe5d2dfd7332beddf82d5086f20.jpg,f73fde848bda8b6fa3dd5d8477f5d24c
Data/pcb_dataset4/pcb_dataset4_242/pcb_dataset4_242.jpg,pcb_dataset4_242.jpg,pcb_dataset4,12_missing_hole_07_jpg.rf.26a4ff7b359280125ea2fe02b05fb169.jpg,aa7e207f6bf3400e0c27ff4b6da8e810
Data/pcb_dataset4/pcb_dataset4_243/pcb_dataset4_243.jpg,pcb_dataset4_243.jpg,pcb_dataset4,12_missing_hole_07_jpg.rf.2de6a3834543d58f26124e79fdf86371.jpg,2a99cae2a962b66f4a8fec243e21d439
Data/pcb_dataset4/pcb_dataset4_244/pcb_dataset4_244.jpg,pcb_dataset4_244.jpg,pcb_dataset4,12_missing_hole_07_jpg.rf.c143e64bec219e6e96981aca85a442fc.jpg,87a391429f1d06d1bd9e07908dbd0cd1
Data/pcb_dataset4/pcb_dataset4_245/pcb_dataset4_245.jpg,pcb_dataset4_245.jpg,pcb_dataset4,12_missing_hole_08_jpg.rf.275ebf0783d1149ae21325047e3cb0ee.jpg,9cc0f6a0a6623a7f623182e763f4a849
Data/pcb_dataset4/pcb_dataset4_246/pcb_dataset4_246.jpg,pcb_dataset4_246.jpg,pcb_dataset4,12_missing_hole_08_jpg.rf.6af0030c85fc52cb647168b9b3bb7292.jpg,b66a3042c01a5fe78e16658604e9ac6c
Data/pcb_dataset4/pcb_dataset4_247/pcb_dataset4_247.jpg,pcb_dataset4_247.jpg,pcb_dataset4,12_missing_hole_08_jpg.rf.9bce815a101cdc9e9d1d5f0f7cdc17c3.jpg,141586f927a1e94a7a9894f564abf785
Data/pcb_dataset4/pcb_dataset4_248/pcb_dataset4_248.jpg,pcb_dataset4_248.jpg,pcb_dataset4,12_missing_hole_09_jpg.rf.3893cde686addeba7edd0ba941b7dc23.jpg,abc5399fb767ebaa892608c9c38bcf6d
Data/pcb_dataset4/pcb_dataset4_249/pcb_dataset4_249.jpg,pcb_dataset4_249.jpg,pcb_dataset4,12_missing_hole_09_jpg.rf.696adec1a72316e40c8849e66b3e4784.jpg,2dd5fc6bdf97c1ca4034eaa54f780f39
Data/pcb_dataset4/pcb_dataset4_25/pcb_dataset4_25.jpg,pcb_dataset4_25.jpg,pcb_dataset4,11_short_09_jpg.rf.152ceeb14797a5d6414ead4f94c367e5.jpg,ba6c803cb36456e7fcb4c77b497ea069
Data/pcb_dataset4/pcb_dataset4_250/pcb_dataset4_250.jpg,pcb_dataset4_250.jpg,pcb_dataset4,12_missing_hole_09_jpg.rf.7e5cf4a464ecf994a4f0f79afd407484.jpg,f3dc3586e5e8bd070efe15205d6bc8c2
Data/pcb_dataset4/pcb_dataset4_251/pcb_dataset4_251.jpg,pcb_dataset4_251.jpg,pcb_dataset4,12_missing_hole_09_jpg.rf.8bf883968d3f294a704f9c8c19c4d4c4.jpg,e00a0ae87fcbd58236013b60e28f5f3f
Data/pcb_dataset4/pcb_dataset4_252/pcb_dataset4_252.jpg,pcb_dataset4_252.jpg,pcb_dataset4,01_missing_hole_01_jpg.rf.2bacae9723bc0e0581748296d8c8ae9e.jpg,1b764a1868a841b44f7de80047c86c49
Data/pcb_dataset4/pcb_dataset4_253/pcb_dataset4_253.jpg,pcb_dataset4_253.jpg,pcb_dataset4,01_missing_hole_01_jpg.rf.3acbe7947e49a989298da5e43613619c.jpg,a4b5bb83cb3c02ad9597d7f7656604e5
Data/pcb_dataset4/pcb_dataset4_254/pcb_dataset4_254.jpg,pcb_dataset4_254.jpg,pcb_dataset4,01_missing_hole_01_jpg.rf.4ec1667af00b37ed270bdfcb75e9164f.jpg,7a49fca60274ddf04ec3496b16c2766b
Data/pcb_dataset4/pcb_dataset4_255/pcb_dataset4_255.jpg,pcb_dataset4_255.jpg,pcb_dataset4,01_missing_hole_01_jpg.rf.7dcab8322899dc9479b53369f9950f29.jpg,3935db68202c7edbe1183234b647fa60
Data/pcb_dataset4/pcb_dataset4_256/pcb_dataset4_256.jpg,pcb_dataset4_256.jpg,pcb_dataset4,01_missing_hole_01_jpg.rf.bcfdc3cfb3ef40c97a7c8a9182696ada.jpg,b91536fc6f34ddff06f900e2b0285bf6
Data/pcb_dataset4/pcb_dataset4_257/pcb_dataset4_257.jpg,pcb_dataset4_257.jpg,pcb_dataset4,01_missing_hole_01_jpg.rf.ef574f61d78be502e3656fc3d332eded.jpg,7f2cedbb06696fffa40512a5d9c030b1
Data/pcb_dataset4/pcb_dataset4_258/pcb_dataset4_258.jpg,pcb_dataset4_258.jpg,pcb_dataset4,01_missing_hole_02_jpg.rf.3647ea1b37832b893dbe8a1d16b1202b.jpg,0ded2d516e470af4f1612304aa4d4f74
Data/pcb_dataset4/pcb_dataset4_259/pcb_dataset4_259.jpg,pcb_dataset4_259.jpg,pcb_dataset4,01_missing_hole_02_jpg.rf.45be8bdf02a121da239697e33761cb71.jpg,249639a4d46a86b2a0594a0cc8bff38e
Data/pcb_dataset4/pcb_dataset4_26/pcb_dataset4_26.jpg,pcb_dataset4_26.jpg,pcb_dataset4,11_short_09_jpg.rf.603b58133aea286adedd6ca605f19d5d.jpg,21e3cc62690a200c57b1bef6b068615b
Data/pcb_dataset4/pcb_dataset4_260/pcb_dataset4_260.jpg,pcb_dataset4_260.jpg,pcb_dataset4,01_missing_hole_02_jpg.rf.b4b270f93153593a556b1fa576268722.jpg,f1b1766048f610321528e82af6f78d60
Data/pcb_dataset4/pcb_dataset4_261/pcb_dataset4_261.jpg,pcb_dataset4_261.jpg,pcb_dataset4,01_missing_hole_02_jpg.rf.cfd57a900d9121e0e9c1110b591bc974.jpg,7797cb8993263b9656cc61d70c306433
Data/pcb_dataset4/pcb_dataset4_262/pcb_dataset4_262.jpg,pcb_dataset4_262.jpg,pcb_dataset4,01_missing_hole_02_jpg.rf.e1f3c5899a202948da8d7de97724a82d.jpg,b010d731e5f0d9249c01f80bb032c037
Data/pcb_dataset4/pcb_dataset4_263/pcb_dataset4_263.jpg,pcb_dataset4_263.jpg,pcb_dataset4,01_missing_hole_02_jpg.rf.ea38acd59d03285e9ed7c8ed3a2fc5ec.jpg,301aff7be545cbbb664df030faa6676d
Data/pcb_dataset4/pcb_dataset4_264/pcb_dataset4_264.jpg,pcb_dataset4_264.jpg,pcb_dataset4,01_missing_hole_02_jpg.rf.eb78a317ed06753d6767b925c1e0b68a.jpg,c66c22c0234c8263a64206074047d5c7
Data/pcb_dataset4/pcb_dataset4_265/pcb_dataset4_265.jpg,pcb_dataset4_265.jpg,pcb_dataset4,01_missing_hole_03_jpg.rf.138ff5bad1e63cb137c5654b43713e42.jpg,c2afe86365799e8c796fd14c7d5ddf4c
Data/pcb_dataset4/pcb_dataset4_266/pcb_dataset4_266.jpg,pcb_dataset4_266.jpg,pcb_dataset4,01_missing_hole_03_jpg.rf.14135e9cc2306bd447692d0513729bdb.jpg,c45c16d4aa3f14c159b01599bfe8c34e
Data/pcb_dataset4/pcb_dataset4_267/pcb_dataset4_267.jpg,pcb_dataset4_267.jpg,pcb_dataset4,01_missing_hole_03_jpg.rf.4e408a6c495d97f296de514016dd8992.jpg,bcdc189fdd7dbed04a95cd7f2252cf9c
Data/pcb_dataset4/pcb_dataset4_268/pcb_dataset4_268.jpg,pcb_dataset4_268.jpg,pcb_dataset4,01_missing_hole_03_jpg.rf.5f67ee2f56fa6b05e5ca6a647d6e2cf6.jpg,bf0dcd61d1cb70b708ad6d8824cffd3f
Data/pcb_dataset4/pcb_dataset4_269/pcb_dataset4_269.jpg,pcb_dataset4_269.jpg,pcb_dataset4,01_missing_hole_01_jpg.rf.21c562e37b5360e3e0c867bf3276fdcc.jpg,dc2b168d09acdd683ec8ab98d0ac6786
Data/pcb_dataset4/pcb_dataset4_27/pcb_dataset4_27.jpg,pcb_dataset4_27.jpg,pcb_dataset4,11_short_09_jpg.rf.8da28258792c7c4c1139a2ef5d97666d.jpg,30d2447307ff40c6bdbe356190a47149
Data/pcb_dataset4/pcb_dataset4_270/pcb_dataset4_270.jpg,pcb_dataset4_270.jpg,pcb_dataset4,01_missing_hole_03_jpg.rf.9b792575c99ed5beaa0c11cbbfd732d6.jpg,0e1fa33bb574d81d1173cd4408c306fb
Data/pcb_dataset4/pcb_dataset4_271/pcb_dataset4_271.jpg,pcb_dataset4_271.jpg,pcb_dataset4,01_missing_hole_03_jpg.rf.abd7ac7b8fc55a8eefc253757de919d0.jpg,29640eb2db90281b6659bb148cc64fe8
Data/pcb_dataset4/pcb_dataset4_272/pcb_dataset4_272.jpg,pcb_dataset4_272.jpg,pcb_dataset4,01_missing_hole_03_jpg.rf.d5fcf8ce9a61286e24249eaf524243fc.jpg,f9a2d33412a1db758dde384f163fd3cd
Data/pcb_dataset4/pcb_dataset4_273/pcb_dataset4_273.jpg,pcb_dataset4_273.jpg,pcb_dataset4,01_missing_hole_05_jpg.rf.02eddc7f7e5d66d4fbd26d9cbc7968ff.jpg,97e73b3478f04fdced7b4288cbafac2d
Data/pcb_dataset4/pcb_dataset4_274/pcb_dataset4_274.jpg,pcb_dataset4_274.jpg,pcb_dataset4,01_missing_hole_05_jpg.rf.09eb12566267b0f4df96b614c4e0abd1.jpg,2e7fdb2c12d84a28a27eef96d313af78
Data/pcb_dataset4/pcb_dataset4_275/pcb_dataset4_275.jpg,pcb_dataset4_275.jpg,pcb_dataset4,01_missing_hole_05_jpg.rf.14ae63bbf2ded8ed36fdac50845a945a.jpg,774b9fa5e49b09d8805f29dd95332a36
Data/pcb_dataset4/pcb_dataset4_276/pcb_dataset4_276.jpg,pcb_dataset4_276.jpg,pcb_dataset4,01_missing_hole_05_jpg.rf.1fd047f2d105bb1e886adfbd19439cf0.jpg,8400ebf50a27252688328e7602e40a96
Data/pcb_dataset4/pcb_dataset4_277/pcb_dataset4_277.jpg,pcb_dataset4_277.jpg,pcb_dataset4,01_missing_hole_05_jpg.rf.7241b6f80867299ec09769a8f5b326b7.jpg,dcea48cb4127f2a3150731ec32e45913
Data/pcb_dataset4/pcb_dataset4_278/pcb_dataset4_278.jpg,pcb_dataset4_278.jpg,pcb_dataset4,01_missing_hole_05_jpg.rf.a39e7c8833c3b3133fc11323b306472b.jpg,2ef5aa7027e8e96136db506e7bf65dc8
Data/pcb_dataset4/pcb_dataset4_279/pcb_dataset4_279.jpg,pcb_dataset4_279.jpg,pcb_dataset4,01_missing_hole_05_jpg.rf.d683fcfc332671999947200e0f04408e.jpg,d40a7c3c5115109e2a4e07c3bdec052f
Data/pcb_dataset4/pcb_dataset4_28/pcb_dataset4_28.jpg,pcb_dataset4_28.jpg,pcb_dataset4,11_short_10_jpg.rf.1b903e252124b32e9f420b2faae50bcb.jpg,61e6e6f9e8a21d4d39f0b0d2eb0759da
Data/pcb_dataset4/pcb_dataset4_280/pcb_dataset4_280.jpg,pcb_dataset4_280.jpg,pcb_dataset4,01_missing_hole_05_jpg.rf.ddaeeef27869b3990ccb966002d1b953.jpg,b3257288521676c08aafdd2195d557c7
Data/pcb_dataset4/pcb_dataset4_281/pcb_dataset4_281.jpg,pcb_dataset4_281.jpg,pcb_dataset4,01_missing_hole_05_jpg.rf.f24609c5b2359befbf65fca9366f1dba.jpg,4187c22e2a13968b21ce5ee8b871d7ba
Data/pcb_dataset4/pcb_dataset4_282/pcb_dataset4_282.jpg,pcb_dataset4_282.jpg,pcb_dataset4,01_missing_hole_07_jpg.rf.1ef98a7303dc246b6c63e94ab9a2ae51.jpg,68e8c26d933dca2e72992c0c4e9cfb6d
Data/pcb_dataset4/pcb_dataset4_283/pcb_dataset4_283.jpg,pcb_dataset4_283.jpg,pcb_dataset4,01_missing_hole_07_jpg.rf.7cb094f6732dd58a21026a4a385e6026.jpg,17c868f6da5da04b3fa1e7067bacb83f
Data/pcb_dataset4/pcb_dataset4_284/pcb_dataset4_284.jpg,pcb_dataset4_284.jpg,pcb_dataset4,01_missing_hole_07_jpg.rf.dbb999a2a6f1ef14bd33c3a4c2e189bf.jpg,b30137b064d8134da7f0bd6c04f6c880
Data/pcb_dataset4/pcb_dataset4_285/pcb_dataset4_285.jpg,pcb_dataset4_285.jpg,pcb_dataset4,01_missing_hole_07_jpg.rf.dc2555b49731d5f14c8ab9bf3adee588.jpg,5f79826193e9febed75beafbfcd60842
Data/pcb_dataset4/pcb_dataset4_286/pcb_dataset4_286.jpg,pcb_dataset4_286.jpg,pcb_dataset4,01_missing_hole_07_jpg.rf.df118537ebef8fc44b4741151eee8455.jpg,eff66482a69992d1c67d296a1d78a0a0
Data/pcb_dataset4/pcb_dataset4_287/pcb_dataset4_287.jpg,pcb_dataset4_287.jpg,pcb_dataset4,01_missing_hole_07_jpg.rf.f3285c5eed1e5c352a86e47e3b5ddd6e.jpg,5e9ff4d1bc2cee252e422db6eaf21cf4
Data/pcb_dataset4/pcb_dataset4_288/pcb_dataset4_288.jpg,pcb_dataset4_288.jpg,pcb_dataset4,01_missing_hole_08_jpg.rf.40df6fd862ed49f57f5587edcd8a774c.jpg,d5c848fad9e1405163a69d562eccefd6
Data/pcb_dataset4/pcb_dataset4_289/pcb_dataset4_289.jpg,pcb_dataset4_289.jpg,pcb_dataset4,01_missing_hole_08_jpg.rf.654e95b401f93dd1a805bda7cc98547a.jpg,5d1039229264f386c4ea9124d669c9d2
Data/pcb_dataset4/pcb_dataset4_29/pcb_dataset4_29.jpg,pcb_dataset4_29.jpg,pcb_dataset4,11_short_10_jpg.rf.439fbad2cb90a55cdb3e5441f9b76a85.jpg,810bcecb32f3822bd41f2cc6b2db8047
Data/pcb_dataset4/pcb_dataset4_290/pcb_dataset4_290.jpg,pcb_dataset4_290.jpg,pcb_dataset4,01_missing_hole_08_jpg.rf.75b233b054753fa62e6481cdd24bea9e.jpg,ca1f127a0157397e8b6db9b313649aca
Data/pcb_dataset4/pcb_dataset4_291/pcb_dataset4_291.jpg,pcb_dataset4_291.jpg,pcb_dataset4,01_missing_hole_08_jpg.rf.7c08ba36e9d91dba9753dfe428fb6913.jpg,f263aefceb2730a318e071fcc492a750
Data/pcb_dataset4/pcb_dataset4_292/pcb_dataset4_292.jpg,pcb_dataset4_292.jpg,pcb_dataset4,01_missing_hole_08_jpg.rf.7c0c11474e83f5eb5e9762c874fb3d59.jpg,43ce56011a4a7e4ffb9d2302381eb833
Data/pcb_dataset4/pcb_dataset4_293/pcb_dataset4_293.jpg,pcb_dataset4_293.jpg,pcb_dataset4,01_missing_hole_08_jpg.rf.8117ac386ee42313e6baa6b49f74a5b6.jpg,bc878580059506f71582e9fca17015ab
Data/pcb_dataset4/pcb_dataset4_294/pcb_dataset4_294.jpg,pcb_dataset4_294.jpg,pcb_dataset4,01_missing_hole_08_jpg.rf.9f35be755e63bd1b18761cb4d5474657.jpg,8f32999de25567d27b17019d1b7d18c8
Data/pcb_dataset4/pcb_dataset4_295/pcb_dataset4_295.jpg,pcb_dataset4_295.jpg,pcb_dataset4,01_missing_hole_08_jpg.rf.cc959189d901dabd20ac0f7b80a0e72c.jpg,051e60845d325a7c8ecd54dff6b176aa
Data/pcb_dataset4/pcb_dataset4_296/pcb_dataset4_296.jpg,pcb_dataset4_296.jpg,pcb_dataset4,01_missing_hole_08_jpg.rf.f4e44ab2d7f5a087ca01198ebc8a7961.jpg,1c35fbdb6c10b0f8b77f95c456aaf7b7
Data/pcb_dataset4/pcb_dataset4_297/pcb_dataset4_297.jpg,pcb_dataset4_297.jpg,pcb_dataset4,01_missing_hole_09_jpg.rf.1a080a266c549081ee785e3f621f72bc.jpg,87786e6651b506afb39a3aec5d8a6d99
Data/pcb_dataset4/pcb_dataset4_298/pcb_dataset4_298.jpg,pcb_dataset4_298.jpg,pcb_dataset4,01_missing_hole_09_jpg.rf.23fe0e49bc15d12d2274680124f96d7d.jpg,908fdedc5f8a6a930c0e7227f926acfc
Data/pcb_dataset4/pcb_dataset4_299/pcb_dataset4_299.jpg,pcb_dataset4_299.jpg,pcb_dataset4,01_missing_hole_09_jpg.rf.44f67cba3647c7f2bd659264d10b98a7.jpg,e46eb2ba6ac4e08299e833cd0a5d8e1e
Data/pcb_dataset4/pcb_dataset4_3/pcb_dataset4_3.jpg,pcb_dataset4_3.jpg,pcb_dataset4,09_short_01_jpg.rf.083770d2fb788a736da8946f3a221b30.jpg,279025acf21439bbd1a8d85b85da937c
Data/pcb_dataset4/pcb_dataset4_30/pcb_dataset4_30.jpg,pcb_dataset4_30.jpg,pcb_dataset4,11_short_10_jpg.rf.a519f77322f577b8b410b0ac2edc1a5b.jpg,eccb7dca722456042e6b64196d372f01
Data/pcb_dataset4/pcb_dataset4_300/pcb_dataset4_300.jpg,pcb_dataset4_300.jpg,pcb_dataset4,01_missing_hole_09_jpg.rf.8392f55a3fc564813d6655b3452d9cec.jpg,259460b1cc00387a8fb6d8233594c213
Data/pcb_dataset4/pcb_dataset4_301/pcb_dataset4_301.jpg,pcb_dataset4_301.jpg,pcb_dataset4,09_mouse_bite_09_jpg.rf.20b789f8f7e1b12e14e717a75d1109c4.jpg,4d5dfb41d0e24d9ff6d1f538bc19107e
Data/pcb_dataset4/pcb_dataset4_302/pcb_dataset4_302.jpg,pcb_dataset4_302.jpg,pcb_dataset4,09_mouse_bite_09_jpg.rf.43c3f2105173263c2a0d8a7eeec5e2f5.jpg,efc314436a37087d16e54d71b9ab28b9
Data/pcb_dataset4/pcb_dataset4_303/pcb_dataset4_303.jpg,pcb_dataset4_303.jpg,pcb_dataset4,09_mouse_bite_09_jpg.rf.90471c33034f9716fb555de120fcc1b9.jpg,44dea19cff35b4fb6f12fffb95c9bd2e
Data/pcb_dataset4/pcb_dataset4_304/pcb_dataset4_304.jpg,pcb_dataset4_304.jpg,pcb_dataset4,09_missing_hole_03_jpg.rf.3192a11e7ecd94927d1f58eaf180f001.jpg,65bce205d72fd2c51cd3f957b30100af
Data/pcb_dataset4/pcb_dataset4_305/pcb_dataset4_305.jpg,pcb_dataset4_305.jpg,pcb_dataset4,11_mouse_bite_01_jpg.rf.475feeeb1e91da9e199e9c6d993eecc5.jpg,9d2a8f712d6ed992b716e3b35dcd996b
Data/pcb_dataset4/pcb_dataset4_306/pcb_dataset4_306.jpg,pcb_dataset4_306.jpg,pcb_dataset4,11_mouse_bite_01_jpg.rf.56a1e3548953e6a5a8ab675402303f42.jpg,7d200d470b54de79094188dac271e349
Data/pcb_dataset4/pcb_dataset4_307/pcb_dataset4_307.jpg,pcb_dataset4_307.jpg,pcb_dataset4,11_mouse_bite_01_jpg.rf.730ab15848c839ab6bb8db2aa0999b95.jpg,bcb4a45f3865a29f028aba5ef557a8c6
Data/pcb_dataset4/pcb_dataset4_308/pcb_dataset4_308.jpg,pcb_dataset4_308.jpg,pcb_dataset4,11_mouse_bite_01_jpg.rf.ecc67eaa25abd7d48e99f386cbae17bf.jpg,3340e613af0e8ace0fd3182befd4c739
Data/pcb_dataset4/pcb_dataset4_309/pcb_dataset4_309.jpg,pcb_dataset4_309.jpg,pcb_dataset4,11_mouse_bite_02_jpg.rf.633ea04da2e184e408e5458a61df769b.jpg,b3247278bf9e8f84c6b6f1591ad07fe4
Data/pcb_dataset4/pcb_dataset4_31/pcb_dataset4_31.jpg,pcb_dataset4_31.jpg,pcb_dataset4,11_short_10_jpg.rf.fa509d057e2331a23300f86a9a480f9f.jpg,c029ccb156b508f427b6b82fdcd8313b
Data/pcb_dataset4/pcb_dataset4_310/pcb_dataset4_310.jpg,pcb_dataset4_310.jpg,pcb_dataset4,11_mouse_bite_02_jpg.rf.b4b133aaa9dc1ba2d1454e649abe3e25.jpg,210665eacee8f046a276192d8097d93d
Data/pcb_dataset4/pcb_dataset4_311/pcb_dataset4_311.jpg,pcb_dataset4_311.jpg,pcb_dataset4,11_missing_hole_01_jpg.rf.6485d03c91961e9506a61c35fb18328c.jpg,9983e9c89f72c27d8946a17d2519fa3a
Data/pcb_dataset4/pcb_dataset4_312/pcb_dataset4_312.jpg,pcb_dataset4_312.jpg,pcb_dataset4,11_mouse_bite_02_jpg.rf.e1449ccd14131b255f8096c55f164787.jpg,7de116ddaec30767baf3f91811ae336d
Data/pcb_dataset4/pcb_dataset4_313/pcb_dataset4_313.jpg,pcb_dataset4_313.jpg,pcb_dataset4,11_mouse_bite_04_jpg.rf.4e41569df1a12ad157ec6f11f87037e3.jpg,206af197cf11de03d284057222940dec
Data/pcb_dataset4/pcb_dataset4_314/pcb_dataset4_314.jpg,pcb_dataset4_314.jpg,pcb_dataset4,11_mouse_bite_04_jpg.rf.da06fd180f077dec9bcc0ca9a9a7d05f.jpg,e6bed21340c323574e93b96d62085ff0
Data/pcb_dataset4/pcb_dataset4_315/pcb_dataset4_315.jpg,pcb_dataset4_315.jpg,pcb_dataset4,11_mouse_bite_05_jpg.rf.2f7c932a6a7168ae008f99ea12d96a7b.jpg,97c1712cf18a044d87a99ef797f5044b
Data/pcb_dataset4/pcb_dataset4_316/pcb_dataset4_316.jpg,pcb_dataset4_316.jpg,pcb_dataset4,11_mouse_bite_05_jpg.rf.5608db86eb9d868bfe04618a335fa46b.jpg,b0d305a54c1e2b78c26022d6ae1da713
Data/pcb_dataset4/pcb_dataset4_317/pcb_dataset4_317.jpg,pcb_dataset4_317.jpg,pcb_dataset4,11_mouse_bite_05_jpg.rf.6c9c2cb8e64bec54a14e44804b67b2b7.jpg,95321f42079b8026feac04f8dbdffe31
Data/pcb_dataset4/pcb_dataset4_318/pcb_dataset4_318.jpg,pcb_dataset4_318.jpg,pcb_dataset4,11_mouse_bite_05_jpg.rf.f42d2e02d43184520b5b80c508e43160.jpg,8face993309b8917e10b9a56655fcec6
Data/pcb_dataset4/pcb_dataset4_319/pcb_dataset4_319.jpg,pcb_dataset4_319.jpg,pcb_dataset4,11_mouse_bite_06_jpg.rf.51472b0e3f496f2e9437c1dcaa9a4949.jpg,936e79fb6ffa7befa486ebb088ed2b5a
Data/pcb_dataset4/pcb_dataset4_32/pcb_dataset4_32.jpg,pcb_dataset4_32.jpg,pcb_dataset4,12_short_02_jpg.rf.4cd97afbd818744e77d1799e449ae80c.jpg,435ba19c7ca9ed8b1b9128663bb31847
Data/pcb_dataset4/pcb_dataset4_320/pcb_dataset4_320.jpg,pcb_dataset4_320.jpg,pcb_dataset4,11_mouse_bite_06_jpg.rf.6335e392ad58540561642ed1113dde70.jpg,e1d1fa489fdbdf0f5e1e347d52d58f99
Data/pcb_dataset4/pcb_dataset4_321/pcb_dataset4_321.jpg,pcb_dataset4_321.jpg,pcb_dataset4,11_mouse_bite_06_jpg.rf.7a28803006aabdb8570e0bac98d1042a.jpg,2aa58be345d554f7ace811606420a539
Data/pcb_dataset4/pcb_dataset4_322/pcb_dataset4_322.jpg,pcb_dataset4_322.jpg,pcb_dataset4,11_mouse_bite_07_jpg.rf.7db38557b62d0fcaab30cec65dc044ca.jpg,c8718da246086168a11a4f3cf044d646
Data/pcb_dataset4/pcb_dataset4_323/pcb_dataset4_323.jpg,pcb_dataset4_323.jpg,pcb_dataset4,11_mouse_bite_07_jpg.rf.ada0379668e298765b934ce7522508bd.jpg,16bfb8924cc08ceb30e970b0d17236ff
Data/pcb_dataset4/pcb_dataset4_324/pcb_dataset4_324.jpg,pcb_dataset4_324.jpg,pcb_dataset4,11_mouse_bite_07_jpg.rf.bad680368bf541fcb882d80a90fc0f00.jpg,1a0096da9a521fe6b76006264bfeb6e4
Data/pcb_dataset4/pcb_dataset4_325/pcb_dataset4_325.jpg,pcb_dataset4_325.jpg,pcb_dataset4,11_mouse_bite_08_jpg.rf.3047061c0ebc333c3009fd53c8381813.jpg,66c572a47eddc3309106001b57554bbf
Data/pcb_dataset4/pcb_dataset4_326/pcb_dataset4_326.jpg,pcb_dataset4_326.jpg,pcb_dataset4,11_mouse_bite_08_jpg.rf.4b6c42176274deccdd96cccd07a3623e.jpg,ef359ba344f291bdbb1f7afc21c36be4
Data/pcb_dataset4/pcb_dataset4_327/pcb_dataset4_327.jpg,pcb_dataset4_327.jpg,pcb_dataset4,11_mouse_bite_08_jpg.rf.7cb781a042d64ad18b89cdfdcad575ac.jpg,482a37c992f74e0cdc5ab4b9e85cba92
Data/pcb_dataset4/pcb_dataset4_328/pcb_dataset4_328.jpg,pcb_dataset4_328.jpg,pcb_dataset4,11_mouse_bite_08_jpg.rf.8e00d3f26bb072f656a33bdf77e9456e.jpg,4e96e31825ed65b23b6eb79af38a3c31
Data/pcb_dataset4/pcb_dataset4_329/pcb_dataset4_329.jpg,pcb_dataset4_329.jpg,pcb_dataset4,11_mouse_bite_09_jpg.rf.106de2ef765c55a975b21177ff5dfb35.jpg,5ab9584a6ca27d921b415e9beef72c3d
Data/pcb_dataset4/pcb_dataset4_33/pcb_dataset4_33.jpg,pcb_dataset4_33.jpg,pcb_dataset4,12_short_02_jpg.rf.4e729934f9e299f398a0f8e69eb83720.jpg,8b026a667e1a919016a83d73efb92ccc
Data/pcb_dataset4/pcb_dataset4_330/pcb_dataset4_330.jpg,pcb_dataset4_330.jpg,pcb_dataset4,11_mouse_bite_09_jpg.rf.a49aee0719e5f16f1f2cfcc9d8b2d35c.jpg,8345f107816074647ff2f316ff1d3224
Data/pcb_dataset4/pcb_dataset4_331/pcb_dataset4_331.jpg,pcb_dataset4_331.jpg,pcb_dataset4,11_mouse_bite_09_jpg.rf.a4f24902b9748de934f5cdef87ae9957.jpg,b9077e65c908a243a0ea8448fab06b9d
Data/pcb_dataset4/pcb_dataset4_332/pcb_dataset4_332.jpg,pcb_dataset4_332.jpg,pcb_dataset4,11_mouse_bite_04_jpg.rf.1b3cfdf577cd5d330d34150df2e98857.jpg,1678926b50ae8a07b1193bd59cf0475c
Data/pcb_dataset4/pcb_dataset4_333/pcb_dataset4_333.jpg,pcb_dataset4_333.jpg,pcb_dataset4,11_mouse_bite_10_jpg.rf.04dc8492f145aeb63a6deabca2904fff.jpg,27c3095c30bb4f700c3600dca4b9ebc5
Data/pcb_dataset4/pcb_dataset4_334/pcb_dataset4_334.jpg,pcb_dataset4_334.jpg,pcb_dataset4,11_mouse_bite_10_jpg.rf.4749c59da836b949412a44cba0fb66c9.jpg,eb36a6f181faf71e3550d77c037a6851
Data/pcb_dataset4/pcb_dataset4_335/pcb_dataset4_335.jpg,pcb_dataset4_335.jpg,pcb_dataset4,11_mouse_bite_10_jpg.rf.9e7c8024caf1e44c9b2c7ad97c8923d7.jpg,9ad558db1c91b380ad7754979f3c03c5
Data/pcb_dataset4/pcb_dataset4_336/pcb_dataset4_336.jpg,pcb_dataset4_336.jpg,pcb_dataset4,12_mouse_bite_04_jpg.rf.12f45e536cc04ce4b07648c40f136b33.jpg,b0cd033cdf1b13f19854dbbda585b2d1
Data/pcb_dataset4/pcb_dataset4_337/pcb_dataset4_337.jpg,pcb_dataset4_337.jpg,pcb_dataset4,12_mouse_bite_04_jpg.rf.2e1195b856657898f0605bbf6ccf22bb.jpg,bf19a5acc7bee294c03af5dc8a39a4e8
Data/pcb_dataset4/pcb_dataset4_338/pcb_dataset4_338.jpg,pcb_dataset4_338.jpg,pcb_dataset4,12_mouse_bite_04_jpg.rf.814392f929e647a3f16ac8f7fe8f2ca6.jpg,70d27c124e36a1cb98446d6396b15606
Data/pcb_dataset4/pcb_dataset4_339/pcb_dataset4_339.jpg,pcb_dataset4_339.jpg,pcb_dataset4,12_mouse_bite_06_jpg.rf.6e8b90de59f554d3af88c3b214a8bea0.jpg,40d7359cfcb5e3a85a963fd98e4060fa
Data/pcb_dataset4/pcb_dataset4_34/pcb_dataset4_34.jpg,pcb_dataset4_34.jpg,pcb_dataset4,12_short_02_jpg.rf.bffb991720d81504a4aa62617bc773c2.jpg,198850c3340acf724621b366b52d727c
Data/pcb_dataset4/pcb_dataset4_340/pcb_dataset4_340.jpg,pcb_dataset4_340.jpg,pcb_dataset4,12_mouse_bite_06_jpg.rf.90e3ec65e0ac5220ebb07d8d0d42694d.jpg,043756b83f7404fc045bf6d1e0559f6c
Data/pcb_dataset4/pcb_dataset4_341/pcb_dataset4_341.jpg,pcb_dataset4_341.jpg,pcb_dataset4,12_mouse_bite_06_jpg.rf.96d08b64c87481f0990f615535a221ca.jpg,c5dd5b0d9af9f501781c6e5e3996d506
Data/pcb_dataset4/pcb_dataset4_342/pcb_dataset4_342.jpg,pcb_dataset4_342.jpg,pcb_dataset4,12_mouse_bite_06_jpg.rf.9d647cca173801dc42461350caa670c2.jpg,6bc33e8676e1e64d19d0ffb0146b370c
Data/pcb_dataset4/pcb_dataset4_343/pcb_dataset4_343.jpg,pcb_dataset4_343.jpg,pcb_dataset4,12_mouse_bite_08_jpg.rf.8ad2ba5edfef6c4353b834147b94639b.jpg,6ce68c335a9ab917c1270e37f9098042
Data/pcb_dataset4/pcb_dataset4_344/pcb_dataset4_344.jpg,pcb_dataset4_344.jpg,pcb_dataset4,12_mouse_bite_08_jpg.rf.cd175b7785028cf1cf2ee78794e921b0.jpg,ca2e9077095598330381da3f0f76bc15
Data/pcb_dataset4/pcb_dataset4_345/pcb_dataset4_345.jpg,pcb_dataset4_345.jpg,pcb_dataset4,12_mouse_bite_08_jpg.rf.f2174472b309fceb53b27c1c87d21180.jpg,93c340b51bb05570b3eb10eb52999632
Data/pcb_dataset4/pcb_dataset4_346/pcb_dataset4_346.jpg,pcb_dataset4_346.jpg,pcb_dataset4,12_mouse_bite_09_jpg.rf.ccc5f2ef81cb9d1c38c57f66716742f6.jpg,0737cd8c194eb8c20d24c1d304e32039
Data/pcb_dataset4/pcb_dataset4_347/pcb_dataset4_347.jpg,pcb_dataset4_347.jpg,pcb_dataset4,12_mouse_bite_09_jpg.rf.f7c5c7fc67c6b32e35eb8782c73ea614.jpg,09cc6801b8a37a52857ee516bee8afbd
Data/pcb_dataset4/pcb_dataset4_348/pcb_dataset4_348.jpg,pcb_dataset4_348.jpg,pcb_dataset4,01_mouse_bite_01_jpg.rf.19682ab75466bbe65a6382739f86ca65.jpg,8c63b390f8c4409e1114c5ea5b8e0eba
Data/pcb_dataset4/pcb_dataset4_349/pcb_dataset4_349.jpg,pcb_dataset4_349.jpg,pcb_dataset4,01_mouse_bite_01_jpg.rf.800c5231601ba95893356d553d7e4b23.jpg,2124ed942bd7717b6944fa8fb286bba0
Data/pcb_dataset4/pcb_dataset4_35/pcb_dataset4_35.jpg,pcb_dataset4_35.jpg,pcb_dataset4,12_short_03_jpg.rf.12e23ced1c81baabdea8c18ae539ba27.jpg,fb757572bd7f8ffd49b9277a6a618a53
Data/pcb_dataset4/pcb_dataset4_350/pcb_dataset4_350.jpg,pcb_dataset4_350.jpg,pcb_dataset4,01_mouse_bite_01_jpg.rf.cdf906d7a3cf9624eaedab4448bdd6dd.jpg,00a1708f1464d6d7d69e32c7dbf5b39e
Data/pcb_dataset4/pcb_dataset4_351/pcb_dataset4_351.jpg,pcb_dataset4_351.jpg,pcb_dataset4,01_mouse_bite_02_jpg.rf.0d2abab3dbe56933a05e8eb490337a82.jpg,454b1a576ca88956f613a24d722bee39
Data/pcb_dataset4/pcb_dataset4_352/pcb_dataset4_352.jpg,pcb_dataset4_352.jpg,pcb_dataset4,01_mouse_bite_02_jpg.rf.15a038b4f6fc1e736aae6af0a238b498.jpg,7e32984431a7af29fa2d1e9eeb9e8720
Data/pcb_dataset4/pcb_dataset4_353/pcb_dataset4_353.jpg,pcb_dataset4_353.jpg,pcb_dataset4,01_mouse_bite_02_jpg.rf.a4128431f92ed9892fcec3e4dcc9f7e7.jpg,8b0d1f2280090b989439625fb626b4b1
Data/pcb_dataset4/pcb_dataset4_354/pcb_dataset4_354.jpg,pcb_dataset4_354.jpg,pcb_dataset4,01_mouse_bite_02_jpg.rf.c1a918d505a1b8e0738bab3a5191973e.jpg,ca0178c86a662997b26166464048c05b
Data/pcb_dataset4/pcb_dataset4_355/pcb_dataset4_355.jpg,pcb_dataset4_355.jpg,pcb_dataset4,01_mouse_bite_02_jpg.rf.c88069cd8bb6008244f6f95c06dffc40.jpg,b98188615d8bfee2b57538f4bbf236fb
Data/pcb_dataset4/pcb_dataset4_356/pcb_dataset4_356.jpg,pcb_dataset4_356.jpg,pcb_dataset4,01_mouse_bite_02_jpg.rf.d3cd2c67ddcf0ed25b774a6119770125.jpg,481e9dc0942de3a03e6d6cecd0902c28
Data/pcb_dataset4/pcb_dataset4_357/pcb_dataset4_357.jpg,pcb_dataset4_357.jpg,pcb_dataset4,01_mouse_bite_04_jpg.rf.0c6797eccb14ee246102e9f2868e1246.jpg,fe47f88a91cca101d7131bed7d146c30
Data/pcb_dataset4/pcb_dataset4_358/pcb_dataset4_358.jpg,pcb_dataset4_358.jpg,pcb_dataset4,01_mouse_bite_04_jpg.rf.2a04971e2d9418300f590437a664784f.jpg,01010fa47382954188ffec74a340257e
Data/pcb_dataset4/pcb_dataset4_359/pcb_dataset4_359.jpg,pcb_dataset4_359.jpg,pcb_dataset4,01_mouse_bite_04_jpg.rf.354c72a064343db068c4c36a3d5a921d.jpg,26bf338c5bf4666485341c67ed66878c
Data/pcb_dataset4/pcb_dataset4_36/pcb_dataset4_36.jpg,pcb_dataset4_36.jpg,pcb_dataset4,12_short_03_jpg.rf.4c7750427b7e05d2e1958f45f29fc6de.jpg,091d961a13fb9ef2a739158ab16f845b
Data/pcb_dataset4/pcb_dataset4_360/pcb_dataset4_360.jpg,pcb_dataset4_360.jpg,pcb_dataset4,01_mouse_bite_04_jpg.rf.7b3151f37f9f092b518d56127cd5acdb.jpg,213ad9a43745d1b67c53a855ea21068b
Data/pcb_dataset4/pcb_dataset4_361/pcb_dataset4_361.jpg,pcb_dataset4_361.jpg,pcb_dataset4,01_mouse_bite_04_jpg.rf.a3043e88c75b4e4039d20f0cf3bb8307.jpg,5979c70a8fa026824852ed1310b0aba7
Data/pcb_dataset4/pcb_dataset4_362/pcb_dataset4_362.jpg,pcb_dataset4_362.jpg,pcb_dataset4,01_mouse_bite_04_jpg.rf.c24d61752c9a141f15ee0b4b029bb8b1.jpg,6aace8d934bf2e5f98b94638da06edef
Data/pcb_dataset4/pcb_dataset4_363/pcb_dataset4_363.jpg,pcb_dataset4_363.jpg,pcb_dataset4,01_mouse_bite_05_jpg.rf.059816d3737be70602df9437a2ddaacb.jpg,46050a26ae99c5ee303ae611aadfa9fa
Data/pcb_dataset4/pcb_dataset4_364/pcb_dataset4_364.jpg,pcb_dataset4_364.jpg,pcb_dataset4,01_mouse_bite_05_jpg.rf.07e637f487018c85f7fbcace008ae2b8.jpg,58a880eae7b180ed52108296cc1cab76
Data/pcb_dataset4/pcb_dataset4_365/pcb_dataset4_365.jpg,pcb_dataset4_365.jpg,pcb_dataset4,01_mouse_bite_05_jpg.rf.3293d21dea3775a11f0ac5798eb420f1.jpg,5949e4c0fbaec1dab0c74ef1a5be7d8c
Data/pcb_dataset4/pcb_dataset4_366/pcb_dataset4_366.jpg,pcb_dataset4_366.jpg,pcb_dataset4,01_mouse_bite_05_jpg.rf.4c5c9b09bc4e2298b026176678f33013.jpg,dc7f25f302fd2662abdf33fa2d178928
Data/pcb_dataset4/pcb_dataset4_367/pcb_dataset4_367.jpg,pcb_dataset4_367.jpg,pcb_dataset4,01_mouse_bite_05_jpg.rf.cc29dd711515c54e493ea95ef1573a2e.jpg,4f770d7489f0542667dec2e94e407149
Data/pcb_dataset4/pcb_dataset4_368/pcb_dataset4_368.jpg,pcb_dataset4_368.jpg,pcb_dataset4,01_mouse_bite_05_jpg.rf.e2a8a71514459a78428109de02c5e540.jpg,be17d55ea79201096ec1db8a34c69ef7
Data/pcb_dataset4/pcb_dataset4_369/pcb_dataset4_369.jpg,pcb_dataset4_369.jpg,pcb_dataset4,01_mouse_bite_07_jpg.rf.05188368ea9a5e122063b25256c265ad.jpg,2ef64e68bc2a57e3b22ccb737c83693f
Data/pcb_dataset4/pcb_dataset4_37/pcb_dataset4_37.jpg,pcb_dataset4_37.jpg,pcb_dataset4,12_short_03_jpg.rf.9ec637e6bc0273079659ce93293158eb.jpg,e638bb838932982ba3758e72bb1f10d1
Data/pcb_dataset4/pcb_dataset4_370/pcb_dataset4_370.jpg,pcb_dataset4_370.jpg,pcb_dataset4,01_mouse_bite_07_jpg.rf.40a343c53ccbd70acfd420d9792d7aa5.jpg,0feb7aa5591375439b0ddfefd66a03d5
Data/pcb_dataset4/pcb_dataset4_371/pcb_dataset4_371.jpg,pcb_dataset4_371.jpg,pcb_dataset4,01_mouse_bite_07_jpg.rf.55b6d78edd79c1e078ef4cfaea92f225.jpg,9857b0fddf14e28f182691d90b2dd84b
Data/pcb_dataset4/pcb_dataset4_372/pcb_dataset4_372.jpg,pcb_dataset4_372.jpg,pcb_dataset4,01_mouse_bite_07_jpg.rf.85aa0e1c5816cae481ca2de9646a67e6.jpg,b719a69fce8092ce4adb9d3c77a4237d
Data/pcb_dataset4/pcb_dataset4_373/pcb_dataset4_373.jpg,pcb_dataset4_373.jpg,pcb_dataset4,01_mouse_bite_07_jpg.rf.b1f6240d9a40da683475800896b04312.jpg,30dd8fde903c65fc0aae9b5dc71c6ba0
Data/pcb_dataset4/pcb_dataset4_374/pcb_dataset4_374.jpg,pcb_dataset4_374.jpg,pcb_dataset4,01_mouse_bite_07_jpg.rf.fe5dd525ad49b6b133b01560458ce750.jpg,e6ffc969b76ea2c84bd13c1c2ae93d4f
Data/pcb_dataset4/pcb_dataset4_375/pcb_dataset4_375.jpg,pcb_dataset4_375.jpg,pcb_dataset4,01_mouse_bite_09_jpg.rf.0acfab5a8b3220147e2ceeae9c25a69d.jpg,2c30b0125cd455e68f8f1d3211c4dec4
Data/pcb_dataset4/pcb_dataset4_376/pcb_dataset4_376.jpg,pcb_dataset4_376.jpg,pcb_dataset4,01_mouse_bite_09_jpg.rf.16bc65ef5169168a46e76541898c4c7a.jpg,b74554b29aeac9bffcc31317300930c9
Data/pcb_dataset4/pcb_dataset4_377/pcb_dataset4_377.jpg,pcb_dataset4_377.jpg,pcb_dataset4,01_mouse_bite_09_jpg.rf.26da4360bfd40ff4d4590ebb7152e895.jpg,ee978307e419d2f583f7a9dfdc6aeb5e
Data/pcb_dataset4/pcb_dataset4_378/pcb_dataset4_378.jpg,pcb_dataset4_378.jpg,pcb_dataset4,01_mouse_bite_10_jpg.rf.082b1b8bb6886803b0ed03cb0e0a6b4e.jpg,344e7cad0dea121ffee7f948479e1026
Data/pcb_dataset4/pcb_dataset4_379/pcb_dataset4_379.jpg,pcb_dataset4_379.jpg,pcb_dataset4,01_mouse_bite_10_jpg.rf.40bcc3239084278ef5fe7d06cf6f1f42.jpg,8a7f456d430c8b49c8a061bbb738c1fd
Data/pcb_dataset4/pcb_dataset4_38/pcb_dataset4_38.jpg,pcb_dataset4_38.jpg,pcb_dataset4,12_short_05_jpg.rf.3274bbe5af27a03d67b96bf43f2be0fe.jpg,a7eeeff7186fe6f7e54820722a01c059
Data/pcb_dataset4/pcb_dataset4_380/pcb_dataset4_380.jpg,pcb_dataset4_380.jpg,pcb_dataset4,01_mouse_bite_10_jpg.rf.50ebaa07fd82880bde6f42898041dbf4.jpg,c6784b9a8afc9cac72fb11c92aa7ae4d
Data/pcb_dataset4/pcb_dataset4_381/pcb_dataset4_381.jpg,pcb_dataset4_381.jpg,pcb_dataset4,01_mouse_bite_10_jpg.rf.7d566bad3740b748ae7bb20b752b81bc.jpg,be6c16634c252a41bd060ff992d08250
Data/pcb_dataset4/pcb_dataset4_382/pcb_dataset4_382.jpg,pcb_dataset4_382.jpg,pcb_dataset4,01_mouse_bite_10_jpg.rf.7db84979bd9642af97dd7287695a57c4.jpg,356089987d2967ea21657f497b7e0884
Data/pcb_dataset4/pcb_dataset4_383/pcb_dataset4_383.jpg,pcb_dataset4_383.jpg,pcb_dataset4,01_mouse_bite_10_jpg.rf.e259046b3296599414736850754110f2.jpg,969fc96b2f94ebedc6ca1fe4a4c7171e
Data/pcb_dataset4/pcb_dataset4_384/pcb_dataset4_384.jpg,pcb_dataset4_384.jpg,pcb_dataset4,01_mouse_bite_12_jpg.rf.1fc32528b32a94b9490aed7b8cac5bea.jpg,03fad2e14f06a3be152a1c2afd4f0164
Data/pcb_dataset4/pcb_dataset4_385/pcb_dataset4_385.jpg,pcb_dataset4_385.jpg,pcb_dataset4,01_mouse_bite_12_jpg.rf.2f466f6ed82380b0231f4abfe663e272.jpg,2a8f6035ab964dedbc288faf61133cde
Data/pcb_dataset4/pcb_dataset4_386/pcb_dataset4_386.jpg,pcb_dataset4_386.jpg,pcb_dataset4,01_mouse_bite_12_jpg.rf.505edd82132b5a4c31f4a92cb211b1f3.jpg,044e100f156a118bda8bf450cb1063e0
Data/pcb_dataset4/pcb_dataset4_387/pcb_dataset4_387.jpg,pcb_dataset4_387.jpg,pcb_dataset4,01_mouse_bite_12_jpg.rf.52d294e4c5111d27afeb5701ee79a25f.jpg,b6a324e19c3dc3b3dcf1b9a9566cd2b9
Data/pcb_dataset4/pcb_dataset4_388/pcb_dataset4_388.jpg,pcb_dataset4_388.jpg,pcb_dataset4,01_mouse_bite_12_jpg.rf.d2599a94d4fa6a72f3e545aef0f0f6e7.jpg,b4fdcadc92f371c59dc54a3d1484cb0d
Data/pcb_dataset4/pcb_dataset4_389/pcb_dataset4_389.jpg,pcb_dataset4_389.jpg,pcb_dataset4,01_mouse_bite_12_jpg.rf.d55bf57b00a9e797ac6c7976dd73283e.jpg,93daa41fffbed6c17ddb69585fedfccd
Data/pcb_dataset4/pcb_dataset4_39/pcb_dataset4_39.jpg,pcb_dataset4_39.jpg,pcb_dataset4,12_short_05_jpg.rf.4bdeaa24e8834bc97b7634717bcec7f0.jpg,7a6fc05e83c9a1cb45c566a07ceb0151
Data/pcb_dataset4/pcb_dataset4_390/pcb_dataset4_390.jpg,pcb_dataset4_390.jpg,pcb_dataset4,01_mouse_bite_13_jpg.rf.0afc483fe4454183648cb2632ae93d0a.jpg,84034b3e216b27154cb9f8f59301693f
Data/pcb_dataset4/pcb_dataset4_391/pcb_dataset4_391.jpg,pcb_dataset4_391.jpg,pcb_dataset4,01_mouse_bite_13_jpg.rf.0d4c26286150afb43d1948146269fc0f.jpg,e786627b5e701ed6ec9cdc96fefa6e97
Data/pcb_dataset4/pcb_dataset4_392/pcb_dataset4_392.jpg,pcb_dataset4_392.jpg,pcb_dataset4,01_mouse_bite_13_jpg.rf.28bbaa8eeeb65436dd3fe31327b70a7b.jpg,c7a9ee2bead51fcb04ed4cc6abf6eb19
Data/pcb_dataset4/pcb_dataset4_393/pcb_dataset4_393.jpg,pcb_dataset4_393.jpg,pcb_dataset4,01_mouse_bite_13_jpg.rf.30b8d693aa3a6c226655cb59bb6970b0.jpg,7bdadcd234735fe8bfbc9747630a5e23
Data/pcb_dataset4/pcb_dataset4_394/pcb_dataset4_394.jpg,pcb_dataset4_394.jpg,pcb_dataset4,01_mouse_bite_13_jpg.rf.4f7a218a0152476a9c8888bcf94de0d8.jpg,069b6b26897ee3d77c1234c0fba3b174
Data/pcb_dataset4/pcb_dataset4_395/pcb_dataset4_395.jpg,pcb_dataset4_395.jpg,pcb_dataset4,01_mouse_bite_13_jpg.rf.74fe062b242471e62aabdc1c8ee6e7c1.jpg,4476b53b4e98c0f9738fddfd48789b92
Data/pcb_dataset4/pcb_dataset4_396/pcb_dataset4_396.jpg,pcb_dataset4_396.jpg,pcb_dataset4,01_mouse_bite_14_jpg.rf.1668b63f215b6b0b74a30fca62ca87f7.jpg,078e6efcc37bdd4b50a225a8af2d5282
Data/pcb_dataset4/pcb_dataset4_397/pcb_dataset4_397.jpg,pcb_dataset4_397.jpg,pcb_dataset4,01_mouse_bite_14_jpg.rf.59d54df3591e5931b8b717cd0ab281e3.jpg,1647afe9bb71120431f65a407622fed6
Data/pcb_dataset4/pcb_dataset4_398/pcb_dataset4_398.jpg,pcb_dataset4_398.jpg,pcb_dataset4,01_mouse_bite_14_jpg.rf.c0c93ab1fc694b25d9e18f786853edbd.jpg,06bae4e985ec691b50bbbc21be8a7427
Data/pcb_dataset4/pcb_dataset4_399/pcb_dataset4_399.jpg,pcb_dataset4_399.jpg,pcb_dataset4,01_mouse_bite_15_jpg.rf.0e58daa067972f95fbcd63cb10ba3401.jpg,8c9e75c22cb0f8868d2096b05351e476
Data/pcb_dataset4/pcb_dataset4_4/pcb_dataset4_4.jpg,pcb_dataset4_4.jpg,pcb_dataset4,09_short_01_jpg.rf.3af9e41fc08017b164f3795abb52cc00.jpg,8e9cb8499512eb573deeabe0e489f47a
Data/pcb_dataset4/pcb_dataset4_40/pcb_dataset4_40.jpg,pcb_dataset4_40.jpg,pcb_dataset4,12_short_05_jpg.rf.827d25c065735be573c4c61a8ce6e47a.jpg,52c9324383f057559ae39d9961310684
Data/pcb_dataset4/pcb_dataset4_400/pcb_dataset4_400.jpg,pcb_dataset4_400.jpg,pcb_dataset4,01_mouse_bite_15_jpg.rf.3efe455ee15e37f93c880e7359bd67bb.jpg,c9179f4e04c73bbf082c5dcc1f2b08a2
Data/pcb_dataset4/pcb_dataset4_401/pcb_dataset4_401.jpg,pcb_dataset4_401.jpg,pcb_dataset4,09_open_circuit_09_jpg.rf.0584dcfe22e3b11e1bc4bc9b610269f1.jpg,166390411ece6955637240054727e1ef
Data/pcb_dataset4/pcb_dataset4_402/pcb_dataset4_402.jpg,pcb_dataset4_402.jpg,pcb_dataset4,09_open_circuit_09_jpg.rf.0aa306796ad83805aa91d0d8409d2ff4.jpg,c424c1fb9d49bc0965c16bf4b609dabc
Data/pcb_dataset4/pcb_dataset4_403/pcb_dataset4_403.jpg,pcb_dataset4_403.jpg,pcb_dataset4,09_open_circuit_09_jpg.rf.0d1754d030e0432e0ed9573d34c559e4.jpg,3db828aad30cacbd93a4301a4b668800
Data/pcb_dataset4/pcb_dataset4_404/pcb_dataset4_404.jpg,pcb_dataset4_404.jpg,pcb_dataset4,09_open_circuit_09_jpg.rf.82526e94c450b4e850db6806517165a5.jpg,e3f9aa3ac998834af251163582991b71
Data/pcb_dataset4/pcb_dataset4_405/pcb_dataset4_405.jpg,pcb_dataset4_405.jpg,pcb_dataset4,10_open_circuit_02_jpg.rf.6aaf94b1faee345a65aa22ca6faf6622.jpg,193383761a84ae2116f639c035f1cde9
Data/pcb_dataset4/pcb_dataset4_406/pcb_dataset4_406.jpg,pcb_dataset4_406.jpg,pcb_dataset4,10_open_circuit_02_jpg.rf.70ad81af8330fa7bee354248ec568f56.jpg,987c978f79750e15ec6731f0c79ca257
Data/pcb_dataset4/pcb_dataset4_407/pcb_dataset4_407.jpg,pcb_dataset4_407.jpg,pcb_dataset4,11_open_circuit_01_jpg.rf.42c0ee9d6f02a1fd552addf5541c5971.jpg,0374de8632eba4227f2427ffd67b1c5d
Data/pcb_dataset4/pcb_dataset4_408/pcb_dataset4_408.jpg,pcb_dataset4_408.jpg,pcb_dataset4,11_open_circuit_01_jpg.rf.c667b3ea479f7d60a6dd4280ef442756.jpg,6f388095c9962ed6da9fbfb17588a059
Data/pcb_dataset4/pcb_dataset4_409/pcb_dataset4_409.jpg,pcb_dataset4_409.jpg,pcb_dataset4,11_open_circuit_01_jpg.rf.e082f22398720e8d961592ec1e7cfa4e.jpg,c1095da9b4d2c2b4b19745517489bf94
Data/pcb_dataset4/pcb_dataset4_41/pcb_dataset4_41.jpg,pcb_dataset4_41.jpg,pcb_dataset4,12_short_06_jpg.rf.058d934e4e55435affaa057fddb8d238.jpg,c1e559640492cd88a263b8e8a8ee2eaa
Data/pcb_dataset4/pcb_dataset4_410/pcb_dataset4_410.jpg,pcb_dataset4_410.jpg,pcb_dataset4,11_open_circuit_01_jpg.rf.f0b6c612ba905615a5e7907a4667780e.jpg,98370bd9aa9d6a7c55dbaad151a4f95d
Data/pcb_dataset4/pcb_dataset4_411/pcb_dataset4_411.jpg,pcb_dataset4_411.jpg,pcb_dataset4,11_open_circuit_02_jpg.rf.7055735e96e7e337c68f29d92e80fdf4.jpg,fab0b131a6f7676d0ae0c987b7fddaa6
Data/pcb_dataset4/pcb_dataset4_412/pcb_dataset4_412.jpg,pcb_dataset4_412.jpg,pcb_dataset4,11_open_circuit_02_jpg.rf.73382b060da56406f5c8db216430dda2.jpg,a3a4d4c079ecba131f99a19443456d70
Data/pcb_dataset4/pcb_dataset4_413/pcb_dataset4_413.jpg,pcb_dataset4_413.jpg,pcb_dataset4,11_open_circuit_02_jpg.rf.9d86a240f390ba95e01117c7e23edf1f.jpg,4db5fb522e3bfb09874f280bb4d23b00
Data/pcb_dataset4/pcb_dataset4_414/pcb_dataset4_414.jpg,pcb_dataset4_414.jpg,pcb_dataset4,11_open_circuit_02_jpg.rf.e7620bd7de29cf22449249f608895fa5.jpg,a5f073626684eb7faedc15af8ab3e759
Data/pcb_dataset4/pcb_dataset4_415/pcb_dataset4_415.jpg,pcb_dataset4_415.jpg,pcb_dataset4,11_open_circuit_03_jpg.rf.3880c7298074f913abb01abb60b70d85.jpg,d3c6cd21af15a913b05d0f23e87afd5a
Data/pcb_dataset4/pcb_dataset4_416/pcb_dataset4_416.jpg,pcb_dataset4_416.jpg,pcb_dataset4,11_open_circuit_03_jpg.rf.8de255adfd370095c87a99a814c5d1e5.jpg,0b155dbf20637b8b6d49615a9c6fd3e6
Data/pcb_dataset4/pcb_dataset4_417/pcb_dataset4_417.jpg,pcb_dataset4_417.jpg,pcb_dataset4,11_open_circuit_03_jpg.rf.de6a2768e25073fcaaa86ed8d71944a7.jpg,ba3e02340774e003bd9511daa0f73212
Data/pcb_dataset4/pcb_dataset4_418/pcb_dataset4_418.jpg,pcb_dataset4_418.jpg,pcb_dataset4,11_open_circuit_03_jpg.rf.fa4724cf9982f152eae8109decfbee3c.jpg,97f7ae815620c90632ccc082d8ddf012
Data/pcb_dataset4/pcb_dataset4_419/pcb_dataset4_419.jpg,pcb_dataset4_419.jpg,pcb_dataset4,11_open_circuit_04_jpg.rf.08fe4dd5802ae69d3d80c8493d81ffa6.jpg,4cd64c999ad84f27108f599aad7e8de6
Data/pcb_dataset4/pcb_dataset4_42/pcb_dataset4_42.jpg,pcb_dataset4_42.jpg,pcb_dataset4,12_short_06_jpg.rf.2e0cad430e98756325f9ba3062ea1509.jpg,6a082f5242189796dfa5679ab504388e
Data/pcb_dataset4/pcb_dataset4_420/pcb_dataset4_420.jpg,pcb_dataset4_420.jpg,pcb_dataset4,11_open_circuit_04_jpg.rf.672411b8ba5c843c47dd1900ff4cbf89.jpg,32edb580b1fe6655fd3cfa5bd74358bd
Data/pcb_dataset4/pcb_dataset4_421/pcb_dataset4_421.jpg,pcb_dataset4_421.jpg,pcb_dataset4,11_missing_hole_03_jpg.rf.eb69b11e49ffefcb423056ca33f56ba1.jpg,67748778d4e2a891b36167106902963a
Data/pcb_dataset4/pcb_dataset4_422/pcb_dataset4_422.jpg,pcb_dataset4_422.jpg,pcb_dataset4,11_open_circuit_05_jpg.rf.1e7e78001c3346f46268bdea9b5dc66d.jpg,683b0d185df4c41d3d06e22e8536783e
Data/pcb_dataset4/pcb_dataset4_423/pcb_dataset4_423.jpg,pcb_dataset4_423.jpg,pcb_dataset4,11_open_circuit_05_jpg.rf.bba1aab75efad55c986f87f343756ae6.jpg,ee573a23974ea5dbe968c257c065de13
Data/pcb_dataset4/pcb_dataset4_424/pcb_dataset4_424.jpg,pcb_dataset4_424.jpg,pcb_dataset4,11_open_circuit_05_jpg.rf.edadba7804d4f50afca024bdb9c66edc.jpg,2890adc3dc8aa68872d5c8e496bc59e7
Data/pcb_dataset4/pcb_dataset4_425/pcb_dataset4_425.jpg,pcb_dataset4_425.jpg,pcb_dataset4,11_open_circuit_06_jpg.rf.b27b399b7c17d927be874da73b3f3d94.jpg,11e6584f0888eea0bf5774ddac2eaeb1
Data/pcb_dataset4/pcb_dataset4_426/pcb_dataset4_426.jpg,pcb_dataset4_426.jpg,pcb_dataset4,11_open_circuit_06_jpg.rf.c717804213f715e0847b6d972643ffae.jpg,a5777fa0fdc3b4b93c61bd64dbc8d92e
Data/pcb_dataset4/pcb_dataset4_427/pcb_dataset4_427.jpg,pcb_dataset4_427.jpg,pcb_dataset4,11_open_circuit_06_jpg.rf.e7c39b7842f9cd89a89a76852e6cf3d9.jpg,a4f06cc3916e3d7a4d5758eac0139035
Data/pcb_dataset4/pcb_dataset4_428/pcb_dataset4_428.jpg,pcb_dataset4_428.jpg,pcb_dataset4,11_open_circuit_07_jpg.rf.8107d18a487c591bdc25f22509b02c89.jpg,4f8065228dae7c227395beced1a98185
Data/pcb_dataset4/pcb_dataset4_429/pcb_dataset4_429.jpg,pcb_dataset4_429.jpg,pcb_dataset4,11_open_circuit_07_jpg.rf.df9e9ffe46ccc8b69716d4e07aec4e7c.jpg,c8c467756f39c665b25aea0985e88d0e
Data/pcb_dataset4/pcb_dataset4_43/pcb_dataset4_43.jpg,pcb_dataset4_43.jpg,pcb_dataset4,12_short_06_jpg.rf.c76a504219de1e81ad1b0b0d7f591ac3.jpg,212c17fdc0c5219155597944fa3ef69e
Data/pcb_dataset4/pcb_dataset4_430/pcb_dataset4_430.jpg,pcb_dataset4_430.jpg,pcb_dataset4,11_open_circuit_08_jpg.rf.66c79c436a0b40041f2b50f7bfeee2b8.jpg,902b1c4bcec102499b056dcc0e8f5a3e
Data/pcb_dataset4/pcb_dataset4_431/pcb_dataset4_431.jpg,pcb_dataset4_431.jpg,pcb_dataset4,11_open_circuit_08_jpg.rf.8a769b382970ae9e7bda36161fc5e490.jpg,0b157d5426d9a9a773335758fcba2e6c
Data/pcb_dataset4/pcb_dataset4_432/pcb_dataset4_432.jpg,pcb_dataset4_432.jpg,pcb_dataset4,11_open_circuit_08_jpg.rf.9f431e56068991abe1b35b2099cced46.jpg,99b6fe1eab229b1eca2ca84d031e2804
Data/pcb_dataset4/pcb_dataset4_433/pcb_dataset4_433.jpg,pcb_dataset4_433.jpg,pcb_dataset4,11_open_circuit_08_jpg.rf.eacc058cef1a6b44d0b0eb098bf7fdec.jpg,88be8d5b8bc37e242a35e33fc975193f
Data/pcb_dataset4/pcb_dataset4_434/pcb_dataset4_434.jpg,pcb_dataset4_434.jpg,pcb_dataset4,11_open_circuit_09_jpg.rf.2d6b1af835ce455f81830bfd1271b75f.jpg,9cb46b910a956c6bcb461635a994f6d3
Data/pcb_dataset4/pcb_dataset4_435/pcb_dataset4_435.jpg,pcb_dataset4_435.jpg,pcb_dataset4,11_open_circuit_09_jpg.rf.3fb30592b3d4e8110a1f4976dffd0e53.jpg,c4fca230bd80a5836ba10ccc4a8666b8
Data/pcb_dataset4/pcb_dataset4_436/pcb_dataset4_436.jpg,pcb_dataset4_436.jpg,pcb_dataset4,11_open_circuit_09_jpg.rf.b90744b418e177367f2d0c6206dd84d2.jpg,57684d6fd9b48eaeea23e6838b0b3105
Data/pcb_dataset4/pcb_dataset4_437/pcb_dataset4_437.jpg,pcb_dataset4_437.jpg,pcb_dataset4,11_open_circuit_10_jpg.rf.291439cb860ef9af560ae797f4c947f6.jpg,e61160c798989ae15d3fc72c46213ab9
Data/pcb_dataset4/pcb_dataset4_438/pcb_dataset4_438.jpg,pcb_dataset4_438.jpg,pcb_dataset4,11_open_circuit_10_jpg.rf.9ad717e7d0c9356816eb6da749bb9d7d.jpg,e2dc861b104a1f122eedfb2af1700e03
Data/pcb_dataset4/pcb_dataset4_439/pcb_dataset4_439.jpg,pcb_dataset4_439.jpg,pcb_dataset4,11_open_circuit_10_jpg.rf.9d28b2fb6a5180dde817cf94196cd49e.jpg,d864867e9b86f4377ac6856c9c1274a8
Data/pcb_dataset4/pcb_dataset4_44/pcb_dataset4_44.jpg,pcb_dataset4_44.jpg,pcb_dataset4,12_short_07_jpg.rf.0bcc8cd76ed407fcbdb2efd8d6a049eb.jpg,f512d27da0ac42df5f14a35e337e8be4
Data/pcb_dataset4/pcb_dataset4_440/pcb_dataset4_440.jpg,pcb_dataset4_440.jpg,pcb_dataset4,11_open_circuit_10_jpg.rf.efca37597215b41f425b58221d5f605b.jpg,58bf06763dbb1dba26353d1a6f4afc0f
Data/pcb_dataset4/pcb_dataset4_441/pcb_dataset4_441.jpg,pcb_dataset4_441.jpg,pcb_dataset4,12_open_circuit_01_jpg.rf.5aa9aa0ae5e7c6758827b70bffef89e2.jpg,fe94afc6f0a80697a5caad6eef2af82d
Data/pcb_dataset4/pcb_dataset4_442/pcb_dataset4_442.jpg,pcb_dataset4_442.jpg,pcb_dataset4,12_open_circuit_01_jpg.rf.78978e10dc10e0e199cb5553aaf05563.jpg,05a92499cd4377626815622ec8186b45
Data/pcb_dataset4/pcb_dataset4_443/pcb_dataset4_443.jpg,pcb_dataset4_443.jpg,pcb_dataset4,12_open_circuit_01_jpg.rf.fbdf4fe0433d2d58239cef3504b1ec62.jpg,4a8b6b9793ab9f9d4f09a4fe809360f4
Data/pcb_dataset4/pcb_dataset4_444/pcb_dataset4_444.jpg,pcb_dataset4_444.jpg,pcb_dataset4,12_open_circuit_06_jpg.rf.070a26984fad875f0224ac38990d0ae6.jpg,39e748372823029ded743424f620c254
Data/pcb_dataset4/pcb_dataset4_445/pcb_dataset4_445.jpg,pcb_dataset4_445.jpg,pcb_dataset4,12_open_circuit_06_jpg.rf.916cca121206d6692b29c78b856be912.jpg,0b7e5400ca4254d154b23166837f1b65
Data/pcb_dataset4/pcb_dataset4_446/pcb_dataset4_446.jpg,pcb_dataset4_446.jpg,pcb_dataset4,12_open_circuit_06_jpg.rf.b92453583ccd4ba538fa936cdfa80af5.jpg,abe27d3d53ad649f84a423e0251cb76d
Data/pcb_dataset4/pcb_dataset4_447/pcb_dataset4_447.jpg,pcb_dataset4_447.jpg,pcb_dataset4,01_open_circuit_01_jpg.rf.067fa8f278cf00f120c54e0872ab6fc8.jpg,7133ac96bb7a7fcdf7c24da80b3d14e4
Data/pcb_dataset4/pcb_dataset4_448/pcb_dataset4_448.jpg,pcb_dataset4_448.jpg,pcb_dataset4,01_open_circuit_01_jpg.rf.196869f27a762352a09047bbc1aba9d2.jpg,34920abbc16c2fc823d1799c1425646a
Data/pcb_dataset4/pcb_dataset4_449/pcb_dataset4_449.jpg,pcb_dataset4_449.jpg,pcb_dataset4,01_open_circuit_01_jpg.rf.2fb7a79e78a64149c68c3f7e6660c9b1.jpg,ed7cedeb7642f2f891dcdb3f2067b7c3
Data/pcb_dataset4/pcb_dataset4_45/pcb_dataset4_45.jpg,pcb_dataset4_45.jpg,pcb_dataset4,12_short_07_jpg.rf.275cacc087bdafaf8cfa29c4fbb49f00.jpg,3f62a4a78a67d12f187b428454a3d9a5
Data/pcb_dataset4/pcb_dataset4_450/pcb_dataset4_450.jpg,pcb_dataset4_450.jpg,pcb_dataset4,01_open_circuit_01_jpg.rf.4f5edc7f554c9d260500005e59c2eb36.jpg,8d3f1b0f7f3ee0c6dbb9c4d57349c46e
Data/pcb_dataset4/pcb_dataset4_451/pcb_dataset4_451.jpg,pcb_dataset4_451.jpg,pcb_dataset4,01_open_circuit_01_jpg.rf.7f5e81b2f8ada90ba827fef5e813cc7b.jpg,8b200b2c4e8b91d94b500f0ea0b6c28a
Data/pcb_dataset4/pcb_dataset4_452/pcb_dataset4_452.jpg,pcb_dataset4_452.jpg,pcb_dataset4,01_open_circuit_01_jpg.rf.b8e0ff445b2dced800492ec8948473eb.jpg,d6acfbe9605c0b95e8625636d2df1eb2
Data/pcb_dataset4/pcb_dataset4_453/pcb_dataset4_453.jpg,pcb_dataset4_453.jpg,pcb_dataset4,01_open_circuit_01_jpg.rf.c454f9b3df5748b6f906db01068a7b1b.jpg,a9276a6cf21196c87a5c41461d1acecf
Data/pcb_dataset4/pcb_dataset4_454/pcb_dataset4_454.jpg,pcb_dataset4_454.jpg,pcb_dataset4,01_open_circuit_01_jpg.rf.d3bc527aca290e9cbb9acc72df479921.jpg,370d4c156b04b29f921cd310dd983f4f
Data/pcb_dataset4/pcb_dataset4_455/pcb_dataset4_455.jpg,pcb_dataset4_455.jpg,pcb_dataset4,01_open_circuit_01_jpg.rf.dcc49a42a930a188d78ec150e2e9ef4c.jpg,45c4105984ed3adb3785f77a9cb7f83f
Data/pcb_dataset4/pcb_dataset4_456/pcb_dataset4_456.jpg,pcb_dataset4_456.jpg,pcb_dataset4,01_open_circuit_02_jpg.rf.0cb5168fa7fa47a17cfd799ddbf39c61.jpg,4c9ef050a81e9d93e4e6d95f552c0a88
Data/pcb_dataset4/pcb_dataset4_457/pcb_dataset4_457.jpg,pcb_dataset4_457.jpg,pcb_dataset4,01_open_circuit_02_jpg.rf.1d999d1f17c19047df4a6cab66af535b.jpg,37b572ca2b7892151cdcff186e8f73a3
Data/pcb_dataset4/pcb_dataset4_458/pcb_dataset4_458.jpg,pcb_dataset4_458.jpg,pcb_dataset4,01_open_circuit_02_jpg.rf.284945348b68f768b93971b3540734a5.jpg,a6a9ff2c68bd63c800641e4d76ed61d1
Data/pcb_dataset4/pcb_dataset4_459/pcb_dataset4_459.jpg,pcb_dataset4_459.jpg,pcb_dataset4,01_open_circuit_02_jpg.rf.2cc176f803812990d065c8fffef6f769.jpg,cc30d31facdfa154186f08ff650810d6
Data/pcb_dataset4/pcb_dataset4_46/pcb_dataset4_46.jpg,pcb_dataset4_46.jpg,pcb_dataset4,12_short_07_jpg.rf.5ef2432206ba8cbe70e28d2fafe1343f.jpg,2d1d3dc7e78953863b8614a3c5e09fa0
Data/pcb_dataset4/pcb_dataset4_460/pcb_dataset4_460.jpg,pcb_dataset4_460.jpg,pcb_dataset4,01_open_circuit_02_jpg.rf.2dfab1c94026d7960ee7af2f44373ff1.jpg,5c88ee0cb6be23ff427875ba0b14c0b8
Data/pcb_dataset4/pcb_dataset4_461/pcb_dataset4_461.jpg,pcb_dataset4_461.jpg,pcb_dataset4,01_open_circuit_02_jpg.rf.95d19bdca41c62916db15bf3fe409ad3.jpg,6b8498121699cf743b0296bf745752cb
Data/pcb_dataset4/pcb_dataset4_462/pcb_dataset4_462.jpg,pcb_dataset4_462.jpg,pcb_dataset4,01_open_circuit_04_jpg.rf.0c75da1aafdc1ded70d1f107d8192fa7.jpg,08b45902ba7774fc7c2b8e73bddeb476
Data/pcb_dataset4/pcb_dataset4_463/pcb_dataset4_463.jpg,pcb_dataset4_463.jpg,pcb_dataset4,01_open_circuit_04_jpg.rf.1de1907e94b7099aa77d7e0d165bf0a7.jpg,5940020f367feef29e1148bf638eb397
Data/pcb_dataset4/pcb_dataset4_464/pcb_dataset4_464.jpg,pcb_dataset4_464.jpg,pcb_dataset4,01_open_circuit_04_jpg.rf.4fa1db069e5b42f55a029d1c669d4d9c.jpg,07497c88836a78f107f518dee2bc51dd
Data/pcb_dataset4/pcb_dataset4_465/pcb_dataset4_465.jpg,pcb_dataset4_465.jpg,pcb_dataset4,01_open_circuit_04_jpg.rf.7dcc4eef4976c67d701b6e15b2a35e7d.jpg,11c2361303a6447b42e4a1dd0c56dc07
Data/pcb_dataset4/pcb_dataset4_466/pcb_dataset4_466.jpg,pcb_dataset4_466.jpg,pcb_dataset4,01_open_circuit_04_jpg.rf.a1e6bf75544ccec16b28a774bcb22ea5.jpg,2a00a21cd4d4e67c828035ec3dabc833
Data/pcb_dataset4/pcb_dataset4_467/pcb_dataset4_467.jpg,pcb_dataset4_467.jpg,pcb_dataset4,01_open_circuit_04_jpg.rf.b871d4387c1b6d38140362e9e97c2a62.jpg,f591c5bd4b4ebd0d9562398ea8e22f5d
Data/pcb_dataset4/pcb_dataset4_468/pcb_dataset4_468.jpg,pcb_dataset4_468.jpg,pcb_dataset4,01_open_circuit_04_jpg.rf.c45d7fd734d1c95de3b3dc885958e2a5.jpg,02ac536ff3d519c4ae92d6477b1d1532
Data/pcb_dataset4/pcb_dataset4_469/pcb_dataset4_469.jpg,pcb_dataset4_469.jpg,pcb_dataset4,01_open_circuit_04_jpg.rf.d3421fae157828055b0433fbdbf1f9ee.jpg,78c492381f37b4a79e2b615a5490085c
Data/pcb_dataset4/pcb_dataset4_47/pcb_dataset4_47.jpg,pcb_dataset4_47.jpg,pcb_dataset4,12_mouse_bite_09_jpg.rf.581d9c928a969018bfca818154828303.jpg,bbb9247ddec5798a6c1a15414510d7b4
Data/pcb_dataset4/pcb_dataset4_470/pcb_dataset4_470.jpg,pcb_dataset4_470.jpg,pcb_dataset4,01_open_circuit_04_jpg.rf.df0237da3d895456ed6ff9cec3f602a2.jpg,cceb080d33fa5edeb94bf892b5229404
Data/pcb_dataset4/pcb_dataset4_471/pcb_dataset4_471.jpg,pcb_dataset4_471.jpg,pcb_dataset4,01_open_circuit_06_jpg.rf.0132a732fe7e79c670627c4ef3884054.jpg,7f42ec084c9ab460ca23bbb2f18bc7bb
Data/pcb_dataset4/pcb_dataset4_472/pcb_dataset4_472.jpg,pcb_dataset4_472.jpg,pcb_dataset4,01_open_circuit_06_jpg.rf.3e945932a8349fd31942d5d214c2cbb8.jpg,bf906ee98631f13ec03b8587dabc9ff8
Data/pcb_dataset4/pcb_dataset4_473/pcb_dataset4_473.jpg,pcb_dataset4_473.jpg,pcb_dataset4,01_open_circuit_06_jpg.rf.5ba39a74267547e6ad8394df1794f649.jpg,afd5fd3653b10380337b0d5c6d5facbd
Data/pcb_dataset4/pcb_dataset4_474/pcb_dataset4_474.jpg,pcb_dataset4_474.jpg,pcb_dataset4,01_open_circuit_06_jpg.rf.745cd4d688e067035942acb87d555d02.jpg,e085fd30b2b7567d0982c8e32bdd987b
Data/pcb_dataset4/pcb_dataset4_475/pcb_dataset4_475.jpg,pcb_dataset4_475.jpg,pcb_dataset4,01_open_circuit_06_jpg.rf.f26a1ace4d301d6a1dca0f1d24eebc93.jpg,142e344f3f3fe94de2c0ca5ba78e10dd
Data/pcb_dataset4/pcb_dataset4_476/pcb_dataset4_476.jpg,pcb_dataset4_476.jpg,pcb_dataset4,01_open_circuit_07_jpg.rf.09f3fff0b178c4b085c2151399e44524.jpg,b3046dfb97be402243a499fedde1309c
Data/pcb_dataset4/pcb_dataset4_477/pcb_dataset4_477.jpg,pcb_dataset4_477.jpg,pcb_dataset4,01_open_circuit_07_jpg.rf.5b3cc87f4fe56285491cb84bb6ba8582.jpg,dc6ea63cfb68ad457feb584b384607c7
Data/pcb_dataset4/pcb_dataset4_478/pcb_dataset4_478.jpg,pcb_dataset4_478.jpg,pcb_dataset4,01_open_circuit_07_jpg.rf.74a0e1054cd61ae9df321bc16c737c2f.jpg,4755ec90d02229e5886a1f6082c2b489
Data/pcb_dataset4/pcb_dataset4_479/pcb_dataset4_479.jpg,pcb_dataset4_479.jpg,pcb_dataset4,01_open_circuit_07_jpg.rf.86166970d45f2ac4d14ad3af4ca4ebc8.jpg,f2d6276e8569fd6963109bd9bc9380be
Data/pcb_dataset4/pcb_dataset4_48/pcb_dataset4_48.jpg,pcb_dataset4_48.jpg,pcb_dataset4,12_short_08_jpg.rf.ae21941af015a99984047257ddf3e3fa.jpg,e868d610e7dfbcc0af07d48c14644b3f
Data/pcb_dataset4/pcb_dataset4_480/pcb_dataset4_480.jpg,pcb_dataset4_480.jpg,pcb_dataset4,01_open_circuit_07_jpg.rf.96965f8c469a6e3fba2e5821b351c187.jpg,e27cffb918a139b1ef76dacf67fe2326
Data/pcb_dataset4/pcb_dataset4_481/pcb_dataset4_481.jpg,pcb_dataset4_481.jpg,pcb_dataset4,01_open_circuit_07_jpg.rf.ac441f37bd4f64722823e0723c299a58.jpg,ce8944b5e4c0c5a2883cf358de5a1f29
Data/pcb_dataset4/pcb_dataset4_482/pcb_dataset4_482.jpg,pcb_dataset4_482.jpg,pcb_dataset4,01_open_circuit_08_jpg.rf.056185bfa509bdc9ac96f38375cdae09.jpg,04f855f3d5c0bfe926677c2bb6d4c1ba
Data/pcb_dataset4/pcb_dataset4_483/pcb_dataset4_483.jpg,pcb_dataset4_483.jpg,pcb_dataset4,01_open_circuit_08_jpg.rf.2332bcfa6f51290dfe0d59e8bbaef1c2.jpg,52ea5b0f16d79ad70367814788f59028
Data/pcb_dataset4/pcb_dataset4_484/pcb_dataset4_484.jpg,pcb_dataset4_484.jpg,pcb_dataset4,01_open_circuit_08_jpg.rf.38d8ee8543707a49a195c451b1229031.jpg,3c922d0193eddbc2a207d133c2f02e72
Data/pcb_dataset4/pcb_dataset4_485/pcb_dataset4_485.jpg,pcb_dataset4_485.jpg,pcb_dataset4,01_open_circuit_08_jpg.rf.3b0828428c806ec1b7cc0c6119ea3647.jpg,d4dcbee04e051554a732f262f7a3a915
Data/pcb_dataset4/pcb_dataset4_486/pcb_dataset4_486.jpg,pcb_dataset4_486.jpg,pcb_dataset4,01_open_circuit_08_jpg.rf.4d32ff5d20d8f4f02a48e2aee9b04c27.jpg,7705658f49af07e0aedc7745e4b5ab81
Data/pcb_dataset4/pcb_dataset4_487/pcb_dataset4_487.jpg,pcb_dataset4_487.jpg,pcb_dataset4,01_open_circuit_08_jpg.rf.8328901f425083bb8add9ee0d53416ba.jpg,a06fa5e2df2eb32866c49b7d2fee515c
Data/pcb_dataset4/pcb_dataset4_488/pcb_dataset4_488.jpg,pcb_dataset4_488.jpg,pcb_dataset4,01_open_circuit_08_jpg.rf.acd49577c5c6b55658b6f369315e526f.jpg,1aed5a93f20fe9b97949efe04408ad0f
Data/pcb_dataset4/pcb_dataset4_489/pcb_dataset4_489.jpg,pcb_dataset4_489.jpg,pcb_dataset4,01_open_circuit_08_jpg.rf.b0adcf02b0522f0bdd5f2f2c7ef9c528.jpg,f8b74ebaa468aa33e46fb9b473cdb2a7
Data/pcb_dataset4/pcb_dataset4_49/pcb_dataset4_49.jpg,pcb_dataset4_49.jpg,pcb_dataset4,12_short_08_jpg.rf.db455ffcd27ef01eee54dc98b4e30ec7.jpg,8ae2b955ec0f9346788e41be4ebe57fe
Data/pcb_dataset4/pcb_dataset4_490/pcb_dataset4_490.jpg,pcb_dataset4_490.jpg,pcb_dataset4,01_open_circuit_08_jpg.rf.ca765424eaddfd14123ac51e506ec917.jpg,1aa5300b786a2abc4d6b0fe5ac799c8b
Data/pcb_dataset4/pcb_dataset4_491/pcb_dataset4_491.jpg,pcb_dataset4_491.jpg,pcb_dataset4,01_open_circuit_09_jpg.rf.000b3e6b7afe971213ad4e248f555240.jpg,59757e00cdfb90cf2d0078fd2e4d6c16
Data/pcb_dataset4/pcb_dataset4_492/pcb_dataset4_492.jpg,pcb_dataset4_492.jpg,pcb_dataset4,01_open_circuit_09_jpg.rf.10fc437468c995c654d019df21df6246.jpg,2cbe3eb9f83acb92290c5f39b29c6bfc
Data/pcb_dataset4/pcb_dataset4_493/pcb_dataset4_493.jpg,pcb_dataset4_493.jpg,pcb_dataset4,01_open_circuit_09_jpg.rf.112fa259eec83af4af3ff796a32c2c9f.jpg,3fc8648c034ba844f2011396634a8038
Data/pcb_dataset4/pcb_dataset4_494/pcb_dataset4_494.jpg,pcb_dataset4_494.jpg,pcb_dataset4,01_open_circuit_09_jpg.rf.1b106d233a8e4b92af9ab57062cdae0f.jpg,7caac9f823741f429968f1e3d5c6495d
Data/pcb_dataset4/pcb_dataset4_495/pcb_dataset4_495.jpg,pcb_dataset4_495.jpg,pcb_dataset4,01_open_circuit_09_jpg.rf.3685ce406904cb2abb77292187a6a912.jpg,9b43f8fb9e37e29f64bc2f74c04a4b1e
Data/pcb_dataset4/pcb_dataset4_496/pcb_dataset4_496.jpg,pcb_dataset4_496.jpg,pcb_dataset4,01_open_circuit_09_jpg.rf.479f80d51d065537902f56a583c3f56f.jpg,a09879e0d355e570a6f8a7ed25be7db4
Data/pcb_dataset4/pcb_dataset4_497/pcb_dataset4_497.jpg,pcb_dataset4_497.jpg,pcb_dataset4,01_open_circuit_09_jpg.rf.7882c806996a79caf57f6ae027e99a01.jpg,ee5e1ba8241f29de02b8be0e0713e20c
Data/pcb_dataset4/pcb_dataset4_498/pcb_dataset4_498.jpg,pcb_dataset4_498.jpg,pcb_dataset4,01_open_circuit_09_jpg.rf.cfd3022b873f769cd46bc9136b856ad1.jpg,50f0f8048ef1dbbcc1be278c6d423db5
Data/pcb_dataset4/pcb_dataset4_499/pcb_dataset4_499.jpg,pcb_dataset4_499.jpg,pcb_dataset4,01_open_circuit_09_jpg.rf.ff2404b9b0b82ad2af686e62f4c8c8dd.jpg,65b28cfbcbe16908094a40d988116210
Data/pcb_dataset4/pcb_dataset4_5/pcb_dataset4_5.jpg,pcb_dataset4_5.jpg,pcb_dataset4,09_short_01_jpg.rf.8bfed2e08c1a9be54b6939993509dbf1.jpg,51cd00193bf66c0a94142a971ad693f7
Data/pcb_dataset4/pcb_dataset4_50/pcb_dataset4_50.jpg,pcb_dataset4_50.jpg,pcb_dataset4,12_short_08_jpg.rf.e0a1dea683d6cdbf31b6865d938cc40f.jpg,f47f89e65c2f5a1be22fecb9665dc84a
Data/pcb_dataset4/pcb_dataset4_500/pcb_dataset4_500.jpg,pcb_dataset4_500.jpg,pcb_dataset4,01_open_circuit_10_jpg.rf.2d920cd7f37dff50959689fb2aafbb56.jpg,7d0eae51ca9568699a3d5921af72752b
Data/pcb_dataset4/pcb_dataset4_501/pcb_dataset4_501.jpg,pcb_dataset4_501.jpg,pcb_dataset4,01_missing_hole_09_jpg.rf.c2314f909c7be674aa85f02f4fef26ea.jpg,0c0d29300f3988ea85c9d52c0f49bf2c
Data/pcb_dataset4/pcb_dataset4_502/pcb_dataset4_502.jpg,pcb_dataset4_502.jpg,pcb_dataset4,01_missing_hole_09_jpg.rf.fba76aa8224052bd3952bb260f85d376.jpg,db802295af9ad9150c29481e08e7490e
Data/pcb_dataset4/pcb_dataset4_503/pcb_dataset4_503.jpg,pcb_dataset4_503.jpg,pcb_dataset4,01_missing_hole_10_jpg.rf.41cc632a4bd42d92380fa5d0af3db1bf.jpg,6d737560caede2ed20407fb1ac8edaaf
Data/pcb_dataset4/pcb_dataset4_504/pcb_dataset4_504.jpg,pcb_dataset4_504.jpg,pcb_dataset4,01_missing_hole_10_jpg.rf.5bee304b2a21980cb6c3831e46a41c7c.jpg,e7e6fe4c473c3d14375155091c3130b6
Data/pcb_dataset4/pcb_dataset4_505/pcb_dataset4_505.jpg,pcb_dataset4_505.jpg,pcb_dataset4,01_missing_hole_10_jpg.rf.99d4509930eb1f81350a143cd2e9d039.jpg,a15b0dd31040f387673a559897f3c850
Data/pcb_dataset4/pcb_dataset4_506/pcb_dataset4_506.jpg,pcb_dataset4_506.jpg,pcb_dataset4,01_missing_hole_10_jpg.rf.a6f1f666326a0b7193c8060009a400f1.jpg,a8eaeac829f659feae66bbda7cbf982c
Data/pcb_dataset4/pcb_dataset4_507/pcb_dataset4_507.jpg,pcb_dataset4_507.jpg,pcb_dataset4,01_missing_hole_10_jpg.rf.b1ab338a84fe05bfce9fe4a60bc01bec.jpg,832fd088a5d72a534a7a53e522b265bb
Data/pcb_dataset4/pcb_dataset4_508/pcb_dataset4_508.jpg,pcb_dataset4_508.jpg,pcb_dataset4,01_missing_hole_10_jpg.rf.c7545ab4d6e02e42b13b4f7edb72c0f2.jpg,336e8a5ebbee90ef4a01fff1288cc983
Data/pcb_dataset4/pcb_dataset4_509/pcb_dataset4_509.jpg,pcb_dataset4_509.jpg,pcb_dataset4,01_missing_hole_10_jpg.rf.cb4964d81779e71020f8b00a881629f4.jpg,f1dd80896e620b6308d0fba1e1df2824
Data/pcb_dataset4/pcb_dataset4_51/pcb_dataset4_51.jpg,pcb_dataset4_51.jpg,pcb_dataset4,01_short_01_jpg.rf.689a0b8f9d8f9b304220fc542c224a01.jpg,1707754ab44a295f34857b24665b876b
Data/pcb_dataset4/pcb_dataset4_510/pcb_dataset4_510.jpg,pcb_dataset4_510.jpg,pcb_dataset4,01_missing_hole_10_jpg.rf.d74c9b57fa7cf07f09fff3eab294f3da.jpg,b36617424aaa712ad638ec6e78e44464
Data/pcb_dataset4/pcb_dataset4_511/pcb_dataset4_511.jpg,pcb_dataset4_511.jpg,pcb_dataset4,01_missing_hole_10_jpg.rf.e8577e11bd4049f91ec2b527ab137aec.jpg,d230f4a0435a7a143eea6ff9ac97019f
Data/pcb_dataset4/pcb_dataset4_512/pcb_dataset4_512.jpg,pcb_dataset4_512.jpg,pcb_dataset4,01_missing_hole_03_jpg.rf.82799d58368c0b858cc44440b8655a75.jpg,cf733260904c780e956171bfaa73c189
Data/pcb_dataset4/pcb_dataset4_513/pcb_dataset4_513.jpg,pcb_dataset4_513.jpg,pcb_dataset4,01_missing_hole_11_jpg.rf.4b823549e2fab08302378d4081d5c95e.jpg,7be701819a6cc7f8a3c2bec3b94a37f3
Data/pcb_dataset4/pcb_dataset4_514/pcb_dataset4_514.jpg,pcb_dataset4_514.jpg,pcb_dataset4,01_missing_hole_11_jpg.rf.5e86d9395ef7f9143eacd5c80d792cd4.jpg,2b340b038d9831f34a3125b4a7c9fd16
Data/pcb_dataset4/pcb_dataset4_515/pcb_dataset4_515.jpg,pcb_dataset4_515.jpg,pcb_dataset4,01_missing_hole_11_jpg.rf.62605e6c4e36724c11fd9dea4808f659.jpg,87ced026a0816ea5ff6acc0e19b196be
Data/pcb_dataset4/pcb_dataset4_516/pcb_dataset4_516.jpg,pcb_dataset4_516.jpg,pcb_dataset4,01_missing_hole_11_jpg.rf.773f35b2dbdff8a545d10a697e75d1cf.jpg,298893eb1b7704436cfe84e317f853f1
Data/pcb_dataset4/pcb_dataset4_517/pcb_dataset4_517.jpg,pcb_dataset4_517.jpg,pcb_dataset4,01_missing_hole_11_jpg.rf.9113d1b22f484c922f739ea2414d19c2.jpg,07e6cd662111f07ef5525297c0baa855
Data/pcb_dataset4/pcb_dataset4_518/pcb_dataset4_518.jpg,pcb_dataset4_518.jpg,pcb_dataset4,01_missing_hole_11_jpg.rf.922baa89c3365e475416a56e327ed929.jpg,6d710711f2626aac59b18d0f50e86ec2
Data/pcb_dataset4/pcb_dataset4_519/pcb_dataset4_519.jpg,pcb_dataset4_519.jpg,pcb_dataset4,01_missing_hole_11_jpg.rf.e5ead48e12605c2ed2340f6407ca0014.jpg,c12444db6be6d831852d972738b3789c
Data/pcb_dataset4/pcb_dataset4_52/pcb_dataset4_52.jpg,pcb_dataset4_52.jpg,pcb_dataset4,01_short_01_jpg.rf.695f802e0a5e89dd1dbd628d8bc7a61c.jpg,acfb1f7469490e0e2a280c5ca6562e12
Data/pcb_dataset4/pcb_dataset4_520/pcb_dataset4_520.jpg,pcb_dataset4_520.jpg,pcb_dataset4,01_missing_hole_11_jpg.rf.fe0d03d2f74f01926e0240a54dacbfc0.jpg,6040c0b99a808498bf86d0936d812553
Data/pcb_dataset4/pcb_dataset4_521/pcb_dataset4_521.jpg,pcb_dataset4_521.jpg,pcb_dataset4,01_missing_hole_12_jpg.rf.518bb595d56e7441c6205041c0e51f32.jpg,cc6c26f27537a6de41f32e7aa95171ce
Data/pcb_dataset4/pcb_dataset4_522/pcb_dataset4_522.jpg,pcb_dataset4_522.jpg,pcb_dataset4,01_missing_hole_12_jpg.rf.7abfddba33b470bc17bc98caa6cdeef6.jpg,973618df614d312c0723c302d04d508a
Data/pcb_dataset4/pcb_dataset4_523/pcb_dataset4_523.jpg,pcb_dataset4_523.jpg,pcb_dataset4,01_missing_hole_12_jpg.rf.8742c9831a83edb20b33307697116b41.jpg,214fe8956a99e8b49fee9fc338e10232
Data/pcb_dataset4/pcb_dataset4_524/pcb_dataset4_524.jpg,pcb_dataset4_524.jpg,pcb_dataset4,01_missing_hole_12_jpg.rf.c953e5c6a9a8a1aa88ff3e49cd466ae7.jpg,2d1c8c6f231458ab5e3202f63c81b2e3
Data/pcb_dataset4/pcb_dataset4_525/pcb_dataset4_525.jpg,pcb_dataset4_525.jpg,pcb_dataset4,01_missing_hole_12_jpg.rf.d0062f16b631db74b3c5a54738b51475.jpg,932376eea2e05daa6fb9fb236bbeba59
Data/pcb_dataset4/pcb_dataset4_526/pcb_dataset4_526.jpg,pcb_dataset4_526.jpg,pcb_dataset4,01_missing_hole_12_jpg.rf.fdcb3fdb87a3ec87ec89de76bac20b3d.jpg,f07d5a542924280afe9aae76d88d483e
Data/pcb_dataset4/pcb_dataset4_527/pcb_dataset4_527.jpg,pcb_dataset4_527.jpg,pcb_dataset4,01_missing_hole_01_jpg.rf.69c1206c2b5fc7408c21bf3098205781.jpg,a12ad69494293e96983c55aeefd9b66b
Data/pcb_dataset4/pcb_dataset4_528/pcb_dataset4_528.jpg,pcb_dataset4_528.jpg,pcb_dataset4,01_missing_hole_13_jpg.rf.1370e06d9c25cda6ea535dd1585bea37.jpg,f0bca1d0af9087b20e818b7b2beb2dd2
Data/pcb_dataset4/pcb_dataset4_529/pcb_dataset4_529.jpg,pcb_dataset4_529.jpg,pcb_dataset4,01_missing_hole_13_jpg.rf.182818abe70fcad3e10b143f00d7468d.jpg,7a56c084a1caa5f9562a840bfd4005be
Data/pcb_dataset4/pcb_dataset4_53/pcb_dataset4_53.jpg,pcb_dataset4_53.jpg,pcb_dataset4,01_short_01_jpg.rf.729013eb0c5863610f3300645613a6a4.jpg,f988ef19632243a479be85e8423a5b5d
Data/pcb_dataset4/pcb_dataset4_530/pcb_dataset4_530.jpg,pcb_dataset4_530.jpg,pcb_dataset4,01_missing_hole_01_jpg.rf.21c562e37b5360e3e0c867bf3276fdcc.jpg,dc2b168d09acdd683ec8ab98d0ac6786
Data/pcb_dataset4/pcb_dataset4_531/pcb_dataset4_531.jpg,pcb_dataset4_531.jpg,pcb_dataset4,01_missing_hole_13_jpg.rf.ca15003c5a35b6c31a71a43c9c1188d4.jpg,7da12ec4d36823aacef0417809ba22c5
Data/pcb_dataset4/pcb_dataset4_532/pcb_dataset4_532.jpg,pcb_dataset4_532.jpg,pcb_dataset4,01_missing_hole_14_jpg.rf.34184bd7018a7cbc93b854f25ffcc632.jpg,98d25f1d7a93772837ed46ac6fa7a8bd
Data/pcb_dataset4/pcb_dataset4_533/pcb_dataset4_533.jpg,pcb_dataset4_533.jpg,pcb_dataset4,01_missing_hole_14_jpg.rf.34785a139bc0150af09d7ea4789a6837.jpg,0337b77b05aec71c032cc8d7144e8951
Data/pcb_dataset4/pcb_dataset4_534/pcb_dataset4_534.jpg,pcb_dataset4_534.jpg,pcb_dataset4,01_missing_hole_14_jpg.rf.8c300804edef81833811ef63c48bb63a.jpg,1b0457e5d3a46cdd229c0c6f79c79674
Data/pcb_dataset4/pcb_dataset4_535/pcb_dataset4_535.jpg,pcb_dataset4_535.jpg,pcb_dataset4,01_missing_hole_14_jpg.rf.9e19e6f999f1ecea60c4165252f31ee6.jpg,33a9a1355f6b3553909cbf5a747bdc71
Data/pcb_dataset4/pcb_dataset4_536/pcb_dataset4_536.jpg,pcb_dataset4_536.jpg,pcb_dataset4,01_missing_hole_14_jpg.rf.a7b1b3e123d73ddb5720d5d172555235.jpg,0551ff8aacf1bf15f46fc06180bba6dd
Data/pcb_dataset4/pcb_dataset4_537/pcb_dataset4_537.jpg,pcb_dataset4_537.jpg,pcb_dataset4,01_missing_hole_14_jpg.rf.ddb40d9a0a0fcbb3ff08d7bd55c548ee.jpg,476571fc4d3eaedbbb3ac93df5e8e986
Data/pcb_dataset4/pcb_dataset4_538/pcb_dataset4_538.jpg,pcb_dataset4_538.jpg,pcb_dataset4,01_missing_hole_14_jpg.rf.f479540040572a443d7ae2c2eb548904.jpg,e01c5bfc6f014e0a3e5405b54afbb739
Data/pcb_dataset4/pcb_dataset4_539/pcb_dataset4_539.jpg,pcb_dataset4_539.jpg,pcb_dataset4,01_missing_hole_14_jpg.rf.fc2c01d3aa6ea0b5367a31a19f8a1662.jpg,0fe70bd56987194dab700680f374645d
Data/pcb_dataset4/pcb_dataset4_54/pcb_dataset4_54.jpg,pcb_dataset4_54.jpg,pcb_dataset4,01_short_01_jpg.rf.887746a57c760ab58ec864f788dd7180.jpg,fd76ab999e6880511dd5cf45aeaa73c7
Data/pcb_dataset4/pcb_dataset4_540/pcb_dataset4_540.jpg,pcb_dataset4_540.jpg,pcb_dataset4,01_missing_hole_15_jpg.rf.1e6137854814ca27ebcccb07f5475c23.jpg,1f279cdd5f71f9b74a241c2f5ab85013
Data/pcb_dataset4/pcb_dataset4_541/pcb_dataset4_541.jpg,pcb_dataset4_541.jpg,pcb_dataset4,01_missing_hole_15_jpg.rf.3ff388898bc41265362409c16c42274c.jpg,455c658f55f42bf994fc21cea0a459b7
Data/pcb_dataset4/pcb_dataset4_542/pcb_dataset4_542.jpg,pcb_dataset4_542.jpg,pcb_dataset4,01_missing_hole_15_jpg.rf.4d8dbf8ef207931272f8c63f20f81036.jpg,de4173a1ae7d7b4d367549246031445e
Data/pcb_dataset4/pcb_dataset4_543/pcb_dataset4_543.jpg,pcb_dataset4_543.jpg,pcb_dataset4,01_missing_hole_15_jpg.rf.8c3fe5dfce69cc232c3509fd07abd79d.jpg,ebe1a1ebcf3c3d568341428578fb1812
Data/pcb_dataset4/pcb_dataset4_544/pcb_dataset4_544.jpg,pcb_dataset4_544.jpg,pcb_dataset4,01_missing_hole_15_jpg.rf.e8f0b2bb273a30fabaeee09b1915c747.jpg,94ff696ffe671fd2e50cbba0853a4bce
Data/pcb_dataset4/pcb_dataset4_545/pcb_dataset4_545.jpg,pcb_dataset4_545.jpg,pcb_dataset4,01_missing_hole_15_jpg.rf.f6ed335800266085b11db58a2b206f4c.jpg,aed434427b0d6ebbebae4f52519363a8
Data/pcb_dataset4/pcb_dataset4_546/pcb_dataset4_546.jpg,pcb_dataset4_546.jpg,pcb_dataset4,01_missing_hole_16_jpg.rf.47b723bd7806c026918594045f76d0aa.jpg,4d5e7740cd900ea2b7c5149d0878e58f
Data/pcb_dataset4/pcb_dataset4_547/pcb_dataset4_547.jpg,pcb_dataset4_547.jpg,pcb_dataset4,01_missing_hole_16_jpg.rf.4e059a9f2ab29dcf4e9e92a39fd6c67a.jpg,1c3cce2507c932c5fa921a739fa6d7d3
Data/pcb_dataset4/pcb_dataset4_548/pcb_dataset4_548.jpg,pcb_dataset4_548.jpg,pcb_dataset4,01_missing_hole_16_jpg.rf.6318a2e547166f9df1533f2a7222940a.jpg,55fe8e48376f5560608cebc411d784a0
Data/pcb_dataset4/pcb_dataset4_549/pcb_dataset4_549.jpg,pcb_dataset4_549.jpg,pcb_dataset4,01_missing_hole_01_jpg.rf.21c562e37b5360e3e0c867bf3276fdcc.jpg,dc2b168d09acdd683ec8ab98d0ac6786
Data/pcb_dataset4/pcb_dataset4_55/pcb_dataset4_55.jpg,pcb_dataset4_55.jpg,pcb_dataset4,01_short_01_jpg.rf.acc46c125bd6762bf003d74278246428.jpg,4b21c1253d823f809fb49e9096e512e3
Data/pcb_dataset4/pcb_dataset4_550/pcb_dataset4_550.jpg,pcb_dataset4_550.jpg,pcb_dataset4,01_missing_hole_16_jpg.rf.bfdbdfe0181792da4eeb3d11e4d0f093.jpg,bc1b35da2ab8f3d2b960f1387d32412d
Data/pcb_dataset4/pcb_dataset4_551/pcb_dataset4_551.jpg,pcb_dataset4_551.jpg,pcb_dataset4,01_missing_hole_16_jpg.rf.f024ad2c59274f1c71d06337f1ca7719.jpg,ba2bc697c982503975f6ee1d6a0475c2
Data/pcb_dataset4/pcb_dataset4_552/pcb_dataset4_552.jpg,pcb_dataset4_552.jpg,pcb_dataset4,01_missing_hole_16_jpg.rf.f64f51e7487dfc9e33b91e2c54db88e8.jpg,32cef8a34ae6068eb486a1ee5a5c809e
Data/pcb_dataset4/pcb_dataset4_553/pcb_dataset4_553.jpg,pcb_dataset4_553.jpg,pcb_dataset4,01_missing_hole_03_jpg.rf.82799d58368c0b858cc44440b8655a75.jpg,cf733260904c780e956171bfaa73c189
Data/pcb_dataset4/pcb_dataset4_554/pcb_dataset4_554.jpg,pcb_dataset4_554.jpg,pcb_dataset4,01_missing_hole_17_jpg.rf.049d6b0b16f2c8f559c83c5a12709132.jpg,def6d3ac6618a853f789487ae72393c8
Data/pcb_dataset4/pcb_dataset4_555/pcb_dataset4_555.jpg,pcb_dataset4_555.jpg,pcb_dataset4,01_missing_hole_17_jpg.rf.0a2d366ddb3206a2fe88af6edb405ae8.jpg,5dfbbd50e3dab566fe9cc9fbe3389e59
Data/pcb_dataset4/pcb_dataset4_556/pcb_dataset4_556.jpg,pcb_dataset4_556.jpg,pcb_dataset4,01_missing_hole_17_jpg.rf.0b272d5ff1c4344d5cad83320790cf30.jpg,ce4340d3937f54fe9b1beb919b5b6baf
Data/pcb_dataset4/pcb_dataset4_557/pcb_dataset4_557.jpg,pcb_dataset4_557.jpg,pcb_dataset4,01_missing_hole_17_jpg.rf.2603540f5b1e3f96aaad57ed7d2246af.jpg,7c3b0fa00ca5c65899f916de18576433
Data/pcb_dataset4/pcb_dataset4_558/pcb_dataset4_558.jpg,pcb_dataset4_558.jpg,pcb_dataset4,01_missing_hole_17_jpg.rf.9741f45e399529e39abbec0991d42f1b.jpg,ea6ff962f2843d791ceda20749a14236
Data/pcb_dataset4/pcb_dataset4_559/pcb_dataset4_559.jpg,pcb_dataset4_559.jpg,pcb_dataset4,01_missing_hole_17_jpg.rf.a8fdd3efe51989a34e9e5555153ac0c3.jpg,c84ea399ab24c566ae82d18430afa29e
Data/pcb_dataset4/pcb_dataset4_56/pcb_dataset4_56.jpg,pcb_dataset4_56.jpg,pcb_dataset4,01_short_01_jpg.rf.bd24c2a26f4c6b5d5d8c4b242a3545a9.jpg,9734e53da3464f0df1e025510e7f7292
Data/pcb_dataset4/pcb_dataset4_560/pcb_dataset4_560.jpg,pcb_dataset4_560.jpg,pcb_dataset4,01_missing_hole_17_jpg.rf.d7e23f58fbc03caaf8a2f8b5691a5a7e.jpg,a6831916b2789bb43c06e0bc05d3a253
Data/pcb_dataset4/pcb_dataset4_561/pcb_dataset4_561.jpg,pcb_dataset4_561.jpg,pcb_dataset4,01_missing_hole_17_jpg.rf.fc2b0063081bf4441015c3c4af43ded7.jpg,16df511ff83e515659965493ed2af358
Data/pcb_dataset4/pcb_dataset4_562/pcb_dataset4_562.jpg,pcb_dataset4_562.jpg,pcb_dataset4,01_missing_hole_17_jpg.rf.fef58c6c3cb19be4a694dd3702848b94.jpg,5c52b9ff56d28e8137e5c80efe63d541
Data/pcb_dataset4/pcb_dataset4_563/pcb_dataset4_563.jpg,pcb_dataset4_563.jpg,pcb_dataset4,01_missing_hole_18_jpg.rf.00b1fa60e9949f24d6081f2c59a03961.jpg,0196133dab9049c58dd672ac65eabd43
Data/pcb_dataset4/pcb_dataset4_564/pcb_dataset4_564.jpg,pcb_dataset4_564.jpg,pcb_dataset4,01_missing_hole_18_jpg.rf.058e1d420c29ad75b2f8ad686c022e2b.jpg,f07d3b51a3a550772a777743773831d2
Data/pcb_dataset4/pcb_dataset4_565/pcb_dataset4_565.jpg,pcb_dataset4_565.jpg,pcb_dataset4,01_missing_hole_18_jpg.rf.4f5e5f78f17865f4c197b10911e4ca53.jpg,2cd58bccf9475a5a2517996bfaa751ac
Data/pcb_dataset4/pcb_dataset4_566/pcb_dataset4_566.jpg,pcb_dataset4_566.jpg,pcb_dataset4,01_missing_hole_18_jpg.rf.79784d74be4c5e97a4a8d1d090962a3f.jpg,c26fd9871a8644a4f656b33828f88116
Data/pcb_dataset4/pcb_dataset4_567/pcb_dataset4_567.jpg,pcb_dataset4_567.jpg,pcb_dataset4,01_missing_hole_18_jpg.rf.dc1eae80dcf0e479490ae19fc3e3fdba.jpg,ac46339e0d8414cbda5acd4832d8bc21
Data/pcb_dataset4/pcb_dataset4_568/pcb_dataset4_568.jpg,pcb_dataset4_568.jpg,pcb_dataset4,01_missing_hole_18_jpg.rf.f24da8a142ef35dddd050485f3defd3e.jpg,397c155d1fd9e22d5ee18d45f75a2f85
Data/pcb_dataset4/pcb_dataset4_569/pcb_dataset4_569.jpg,pcb_dataset4_569.jpg,pcb_dataset4,01_missing_hole_19_jpg.rf.b047557c3cd959ac7f2c63292ecf18c4.jpg,8a5aaafaca016e464361d22fbfdb9ebc
Data/pcb_dataset4/pcb_dataset4_57/pcb_dataset4_57.jpg,pcb_dataset4_57.jpg,pcb_dataset4,01_short_03_jpg.rf.bd87d71cd4c32d7bb3d803d382dd90ab.jpg,33f93c0f69fdea34ec490b0fcf96fb3c
Data/pcb_dataset4/pcb_dataset4_570/pcb_dataset4_570.jpg,pcb_dataset4_570.jpg,pcb_dataset4,01_missing_hole_19_jpg.rf.b094b9b6968d2e94933a60dc28c91d88.jpg,2745461e3b0b47068e2a71c6d57e206d
Data/pcb_dataset4/pcb_dataset4_571/pcb_dataset4_571.jpg,pcb_dataset4_571.jpg,pcb_dataset4,01_missing_hole_19_jpg.rf.c54d349890f0ab0143b47c4216125319.jpg,daa2c4b4b02298ae430e05e61d57557a
Data/pcb_dataset4/pcb_dataset4_572/pcb_dataset4_572.jpg,pcb_dataset4_572.jpg,pcb_dataset4,01_missing_hole_19_jpg.rf.cbfce5306ae9f110e0644815c634fd61.jpg,215d013fef53e26cd6034393a2bd45e2
Data/pcb_dataset4/pcb_dataset4_573/pcb_dataset4_573.jpg,pcb_dataset4_573.jpg,pcb_dataset4,01_missing_hole_19_jpg.rf.e068d19e35a789c43b846c80bb932a82.jpg,316dea32259aaab28241dfb43ccd16cd
Data/pcb_dataset4/pcb_dataset4_574/pcb_dataset4_574.jpg,pcb_dataset4_574.jpg,pcb_dataset4,01_missing_hole_19_jpg.rf.e13e09445516463ee3d73da9a4035bd8.jpg,a747cda6747b3063d81a34f2e92a5f1a
Data/pcb_dataset4/pcb_dataset4_575/pcb_dataset4_575.jpg,pcb_dataset4_575.jpg,pcb_dataset4,01_mouse_bite_15_jpg.rf.588981bb4bdabae5b2461d2ef6080be4.jpg,32ce8ad7309bf6dcebdae5bea69ab681
Data/pcb_dataset4/pcb_dataset4_576/pcb_dataset4_576.jpg,pcb_dataset4_576.jpg,pcb_dataset4,01_mouse_bite_15_jpg.rf.a4675226736e10ca324d7b41e481d39a.jpg,9afb1482701b399c68c4a03bc6bb015f
Data/pcb_dataset4/pcb_dataset4_577/pcb_dataset4_577.jpg,pcb_dataset4_577.jpg,pcb_dataset4,01_mouse_bite_15_jpg.rf.ce2537fa8f07e67b89b806b90897a0c1.jpg,737989e37813cecb4b12b46446968a87
Data/pcb_dataset4/pcb_dataset4_578/pcb_dataset4_578.jpg,pcb_dataset4_578.jpg,pcb_dataset4,01_mouse_bite_15_jpg.rf.f991592c4745e36ff4f6ccbbc0a815e9.jpg,d24f91ac8698fb92eb6eb08f9207a2e6
Data/pcb_dataset4/pcb_dataset4_579/pcb_dataset4_579.jpg,pcb_dataset4_579.jpg,pcb_dataset4,01_mouse_bite_16_jpg.rf.01903a95a1c8ad8392dfc882be887108.jpg,0a5f131236085f618ec7ef4d842109b2
Data/pcb_dataset4/pcb_dataset4_58/pcb_dataset4_58.jpg,pcb_dataset4_58.jpg,pcb_dataset4,01_short_03_jpg.rf.dc229f167e3b7bd50e5d98e2b2ae68bd.jpg,e15d2d73da5cf2f858fa5842c2f9d15f
Data/pcb_dataset4/pcb_dataset4_580/pcb_dataset4_580.jpg,pcb_dataset4_580.jpg,pcb_dataset4,01_mouse_bite_16_jpg.rf.4c4ef9f9fe284772a3b3bb9f950280cb.jpg,19bc11aa3daaf3b102a2a394973f600e
Data/pcb_dataset4/pcb_dataset4_581/pcb_dataset4_581.jpg,pcb_dataset4_581.jpg,pcb_dataset4,01_mouse_bite_16_jpg.rf.4d34a39dfeda3a86dd66dac6bb018913.jpg,feb847e3c812e21f585b068e9430d192
Data/pcb_dataset4/pcb_dataset4_582/pcb_dataset4_582.jpg,pcb_dataset4_582.jpg,pcb_dataset4,01_mouse_bite_16_jpg.rf.7a5384e82c8045491b62f7ac4da90c4a.jpg,9c328edb1430048a54aeceaec91ef742
Data/pcb_dataset4/pcb_dataset4_583/pcb_dataset4_583.jpg,pcb_dataset4_583.jpg,pcb_dataset4,01_mouse_bite_16_jpg.rf.d8edb1287e3e3fc6c0e62fc7d042e5c0.jpg,e5dfd3976f003f9fe6ddd5b9f2550d3f
Data/pcb_dataset4/pcb_dataset4_584/pcb_dataset4_584.jpg,pcb_dataset4_584.jpg,pcb_dataset4,01_mouse_bite_16_jpg.rf.f011cf161401282119bc4421eec9e647.jpg,bb1bdee6884c3ca75acc6f670e6e45ce
Data/pcb_dataset4/pcb_dataset4_585/pcb_dataset4_585.jpg,pcb_dataset4_585.jpg,pcb_dataset4,01_mouse_bite_17_jpg.rf.0e99ad987bc857f9bfb6b643ebd8edb8.jpg,3750d58700049ab4331b250acb94dd54
Data/pcb_dataset4/pcb_dataset4_586/pcb_dataset4_586.jpg,pcb_dataset4_586.jpg,pcb_dataset4,01_mouse_bite_17_jpg.rf.35582de28f77e21624cfa316fbaa0e32.jpg,f1d79679f4b162dea02ace0ecce33f21
Data/pcb_dataset4/pcb_dataset4_587/pcb_dataset4_587.jpg,pcb_dataset4_587.jpg,pcb_dataset4,01_mouse_bite_17_jpg.rf.60e84e4b23ff6750355f255ee04587c4.jpg,186e5e5ac0e6078a4e62ab8ff2e5d694
Data/pcb_dataset4/pcb_dataset4_588/pcb_dataset4_588.jpg,pcb_dataset4_588.jpg,pcb_dataset4,01_missing_hole_01_jpg.rf.21c562e37b5360e3e0c867bf3276fdcc.jpg,dc2b168d09acdd683ec8ab98d0ac6786
Data/pcb_dataset4/pcb_dataset4_589/pcb_dataset4_589.jpg,pcb_dataset4_589.jpg,pcb_dataset4,01_mouse_bite_17_jpg.rf.bba01ad13aaf4a51eea63020238ead39.jpg,b675f10b6f79d888ee353095af2ce3f2
Data/pcb_dataset4/pcb_dataset4_59/pcb_dataset4_59.jpg,pcb_dataset4_59.jpg,pcb_dataset4,01_short_03_jpg.rf.fdacbedd87738324e45ba542ef1940d6.jpg,7afed4ea0163deb9e48d5624f1b3e2ae
Data/pcb_dataset4/pcb_dataset4_590/pcb_dataset4_590.jpg,pcb_dataset4_590.jpg,pcb_dataset4,01_mouse_bite_17_jpg.rf.bc48297ff23d9ae50527713adff944c5.jpg,3db103fff60209f59b63db0c48dcf9f0
Data/pcb_dataset4/pcb_dataset4_591/pcb_dataset4_591.jpg,pcb_dataset4_591.jpg,pcb_dataset4,01_mouse_bite_18_jpg.rf.14fa5981c72d4dd5d53299a4880a3149.jpg,a3f4478fe72677a912778c4a51db3ac9
Data/pcb_dataset4/pcb_dataset4_592/pcb_dataset4_592.jpg,pcb_dataset4_592.jpg,pcb_dataset4,01_mouse_bite_18_jpg.rf.156c019af09a59cf88a4d7b9eb2559cd.jpg,d73b3bccfc555625ed33253710cad4fd
Data/pcb_dataset4/pcb_dataset4_593/pcb_dataset4_593.jpg,pcb_dataset4_593.jpg,pcb_dataset4,01_mouse_bite_18_jpg.rf.baa559697dedb7792aa15b63c47a40eb.jpg,dafabe07e511a4e1dae4d886b387651d
Data/pcb_dataset4/pcb_dataset4_594/pcb_dataset4_594.jpg,pcb_dataset4_594.jpg,pcb_dataset4,01_mouse_bite_19_jpg.rf.7444a77cfee8bbfd25a9429978d3359e.jpg,5e68cc02f89fd0d84a822ad59cf4b5af
Data/pcb_dataset4/pcb_dataset4_595/pcb_dataset4_595.jpg,pcb_dataset4_595.jpg,pcb_dataset4,01_mouse_bite_19_jpg.rf.a30c5eba7d2ab846ab1aa67910133f6d.jpg,b0ecab465b327ade7c3db2fed7cbebbd
Data/pcb_dataset4/pcb_dataset4_596/pcb_dataset4_596.jpg,pcb_dataset4_596.jpg,pcb_dataset4,01_mouse_bite_19_jpg.rf.fba510834acbf18f1fc5815bf1d35106.jpg,0ca83022967936e4be091068621e6ed7
Data/pcb_dataset4/pcb_dataset4_597/pcb_dataset4_597.jpg,pcb_dataset4_597.jpg,pcb_dataset4,01_mouse_bite_20_jpg.rf.57be6a1f544ce3c14fe5a9ae070a8c74.jpg,8ac9d9766b3333a6d10d1e7c7402e508
Data/pcb_dataset4/pcb_dataset4_598/pcb_dataset4_598.jpg,pcb_dataset4_598.jpg,pcb_dataset4,01_mouse_bite_20_jpg.rf.705f9cc9186c7baaa010b1fe327610b6.jpg,1a8136bae7227f58a42f59ec67df582d
Data/pcb_dataset4/pcb_dataset4_599/pcb_dataset4_599.jpg,pcb_dataset4_599.jpg,pcb_dataset4,01_mouse_bite_20_jpg.rf.aa4f4683515f46da0bc64074a0492cae.jpg,be4da6a573984eea1c2b29fb339ee016
Data/pcb_dataset4/pcb_dataset4_6/pcb_dataset4_6.jpg,pcb_dataset4_6.jpg,pcb_dataset4,09_short_01_jpg.rf.a8c739eadbd386152faf51bc35ae684b.jpg,bead564eb2aa253d7b803e7a205608e5
Data/pcb_dataset4/pcb_dataset4_60/pcb_dataset4_60.jpg,pcb_dataset4_60.jpg,pcb_dataset4,01_short_04_jpg.rf.2be13b5c47688f79e65f788e904e2b8a.jpg,6a210c17b2d366753855fc4d469cfd44
Data/pcb_dataset4/pcb_dataset4_600/pcb_dataset4_600.jpg,pcb_dataset4_600.jpg,pcb_dataset4,01_open_circuit_10_jpg.rf.8f483c361fdb98733fb19e4fbf17b9ba.jpg,512f20dc22a9157e4caf80feea4c6afc
Data/pcb_dataset4/pcb_dataset4_601/pcb_dataset4_601.jpg,pcb_dataset4_601.jpg,pcb_dataset4,01_open_circuit_10_jpg.rf.94410907e7bd2edf8fbcd46a2eaebdc9.jpg,df2330da3821f4d582a51c39c52d39aa
Data/pcb_dataset4/pcb_dataset4_602/pcb_dataset4_602.jpg,pcb_dataset4_602.jpg,pcb_dataset4,01_open_circuit_10_jpg.rf.a4d58e74214dfa42ab31e68fb2981020.jpg,20b525bae6d001b70777de0618c67a21
Data/pcb_dataset4/pcb_dataset4_603/pcb_dataset4_603.jpg,pcb_dataset4_603.jpg,pcb_dataset4,01_open_circuit_10_jpg.rf.b7f3169e7f6a98bea3cb6c3040793481.jpg,fadd08a9d933ece6d4f09a13fe60aeaa
Data/pcb_dataset4/pcb_dataset4_604/pcb_dataset4_604.jpg,pcb_dataset4_604.jpg,pcb_dataset4,01_open_circuit_10_jpg.rf.e696aea817d49a6031773424dcd57e14.jpg,df6419e8f54d0eca2a0fd3ea5292436b
Data/pcb_dataset4/pcb_dataset4_605/pcb_dataset4_605.jpg,pcb_dataset4_605.jpg,pcb_dataset4,01_open_circuit_11_jpg.rf.5f9cf08935ed844c247f5b73a8764efd.jpg,6096964fa7f3d49a0b137ec210e50fdf
Data/pcb_dataset4/pcb_dataset4_606/pcb_dataset4_606.jpg,pcb_dataset4_606.jpg,pcb_dataset4,01_open_circuit_11_jpg.rf.6f5d29136b299587b09c935264f50de1.jpg,afce5ab9210f5fa647607b0a68fd33f7
Data/pcb_dataset4/pcb_dataset4_607/pcb_dataset4_607.jpg,pcb_dataset4_607.jpg,pcb_dataset4,01_open_circuit_11_jpg.rf.850dece55c86429cf9b673e1c5bd373c.jpg,2ec3904b21b1e3758dd3957a68345966
Data/pcb_dataset4/pcb_dataset4_608/pcb_dataset4_608.jpg,pcb_dataset4_608.jpg,pcb_dataset4,01_open_circuit_11_jpg.rf.bb02d32bbaaa4f65193c8e8f13886dfb.jpg,fdf62fb6bfe0128764c0a7150c8095d1
Data/pcb_dataset4/pcb_dataset4_609/pcb_dataset4_609.jpg,pcb_dataset4_609.jpg,pcb_dataset4,01_open_circuit_11_jpg.rf.e8974a2f44870975543091a09a4f1030.jpg,02cd335ccde565a7a9dc60b6b4b1e93a
Data/pcb_dataset4/pcb_dataset4_61/pcb_dataset4_61.jpg,pcb_dataset4_61.jpg,pcb_dataset4,01_short_04_jpg.rf.36dd9ca21ad71f84ae679a7bde4f2b18.jpg,3b95679bd22b96bde2084b77e8353570
Data/pcb_dataset4/pcb_dataset4_610/pcb_dataset4_610.jpg,pcb_dataset4_610.jpg,pcb_dataset4,01_open_circuit_11_jpg.rf.f153f174596ccd5fbaa134e5da12c7bb.jpg,134549e972f8915631f4e3929fdbdeeb
Data/pcb_dataset4/pcb_dataset4_611/pcb_dataset4_611.jpg,pcb_dataset4_611.jpg,pcb_dataset4,01_open_circuit_13_jpg.rf.07e1cc04a864705a64326927e0e1c1d0.jpg,bde71923fd97f44341ad262bcd76e387
Data/pcb_dataset4/pcb_dataset4_612/pcb_dataset4_612.jpg,pcb_dataset4_612.jpg,pcb_dataset4,01_open_circuit_13_jpg.rf.6ef4a3cb4b329d69127d150952514c68.jpg,969f35c7faa0ca4ca91e1b194992d93e
Data/pcb_dataset4/pcb_dataset4_613/pcb_dataset4_613.jpg,pcb_dataset4_613.jpg,pcb_dataset4,01_open_circuit_13_jpg.rf.999de8827661d0105201cc40467707cb.jpg,9f415246b047f505fcbd5a3b82671c96
Data/pcb_dataset4/pcb_dataset4_614/pcb_dataset4_614.jpg,pcb_dataset4_614.jpg,pcb_dataset4,01_open_circuit_13_jpg.rf.9cf4ed9ca146d1e4fb4202ee323a0aee.jpg,867899f2a758b788811eed671180b85d
Data/pcb_dataset4/pcb_dataset4_615/pcb_dataset4_615.jpg,pcb_dataset4_615.jpg,pcb_dataset4,01_open_circuit_13_jpg.rf.d6c2e2fe0646e2cd9d720e9e3e45f183.jpg,a503810eca7619c3194ff8b0f17817d0
Data/pcb_dataset4/pcb_dataset4_616/pcb_dataset4_616.jpg,pcb_dataset4_616.jpg,pcb_dataset4,01_open_circuit_13_jpg.rf.ecef9f4523a4b4c303a73801a19c3964.jpg,a29262f7e1c13b6e40b10d49553185a7
Data/pcb_dataset4/pcb_dataset4_617/pcb_dataset4_617.jpg,pcb_dataset4_617.jpg,pcb_dataset4,01_open_circuit_14_jpg.rf.105ee766363be02950d50b3dbf517c32.jpg,ae078a91a0bd74a2f54eb4aa158d87cf
Data/pcb_dataset4/pcb_dataset4_618/pcb_dataset4_618.jpg,pcb_dataset4_618.jpg,pcb_dataset4,01_open_circuit_14_jpg.rf.49e4fd0ddabe610de09938145e04775b.jpg,214825bbf8ba0a50f5b875f0dd47f908
Data/pcb_dataset4/pcb_dataset4_619/pcb_dataset4_619.jpg,pcb_dataset4_619.jpg,pcb_dataset4,01_open_circuit_14_jpg.rf.4e8088f73b06570ae3888e1191532a99.jpg,83e93db89b14a6f4892163fad73de4ff
Data/pcb_dataset4/pcb_dataset4_62/pcb_dataset4_62.jpg,pcb_dataset4_62.jpg,pcb_dataset4,01_short_04_jpg.rf.e61fe5ed49a428c174e7ab3ce2b5cc28.jpg,dbc28dccfef4eb4d0c0513d5b27ab988
Data/pcb_dataset4/pcb_dataset4_620/pcb_dataset4_620.jpg,pcb_dataset4_620.jpg,pcb_dataset4,01_open_circuit_14_jpg.rf.6ab93c54519d971c19ba9e1887239eb6.jpg,82cff02ef0cb8022934adb318f5fd621
Data/pcb_dataset4/pcb_dataset4_621/pcb_dataset4_621.jpg,pcb_dataset4_621.jpg,pcb_dataset4,01_open_circuit_14_jpg.rf.a1c4021976977471566264c426a6f003.jpg,ce8b495729820bf04333499202670bd3
Data/pcb_dataset4/pcb_dataset4_622/pcb_dataset4_622.jpg,pcb_dataset4_622.jpg,pcb_dataset4,01_open_circuit_14_jpg.rf.a304e7777858b9e016a6d77a3fe48a91.jpg,a93aa207873c4a2ad7d1658b98f27682
Data/pcb_dataset4/pcb_dataset4_623/pcb_dataset4_623.jpg,pcb_dataset4_623.jpg,pcb_dataset4,01_open_circuit_14_jpg.rf.bc129c080a526cdb61837022bb7dd0e0.jpg,2f933117f59ce7e4a15acafb4d470eec
Data/pcb_dataset4/pcb_dataset4_624/pcb_dataset4_624.jpg,pcb_dataset4_624.jpg,pcb_dataset4,01_open_circuit_14_jpg.rf.d1c4597568f28de65d5418cf5a3db0b3.jpg,90acdf9a4b3ed661566f41844065019f
Data/pcb_dataset4/pcb_dataset4_625/pcb_dataset4_625.jpg,pcb_dataset4_625.jpg,pcb_dataset4,01_open_circuit_14_jpg.rf.dee21c7555ae55ba674c36ea3e31ce68.jpg,6f5ad61bef37ee0ac2740738d53e2c2a
Data/pcb_dataset4/pcb_dataset4_626/pcb_dataset4_626.jpg,pcb_dataset4_626.jpg,pcb_dataset4,01_open_circuit_15_jpg.rf.193b447e5648aa63d6580d77cd911410.jpg,10395c480d179385704fe7300318cb09
Data/pcb_dataset4/pcb_dataset4_627/pcb_dataset4_627.jpg,pcb_dataset4_627.jpg,pcb_dataset4,01_open_circuit_15_jpg.rf.26c05929c41181250579d707a40787c4.jpg,e9453df3be6f224dc1b067664f9ae202
Data/pcb_dataset4/pcb_dataset4_628/pcb_dataset4_628.jpg,pcb_dataset4_628.jpg,pcb_dataset4,01_open_circuit_15_jpg.rf.a3aec0a2fb8fec485b25ea5f1b2de5d5.jpg,3fd74ab60cbc72d33150d6619b0c0cef
Data/pcb_dataset4/pcb_dataset4_629/pcb_dataset4_629.jpg,pcb_dataset4_629.jpg,pcb_dataset4,01_open_circuit_17_jpg.rf.04991b7edaa6fe906bd768c8929350ac.jpg,80615924fb7eeadc0a320468006f3b5b
Data/pcb_dataset4/pcb_dataset4_63/pcb_dataset4_63.jpg,pcb_dataset4_63.jpg,pcb_dataset4,01_short_06_jpg.rf.27f28d05808afa0f9191357632ea6df7.jpg,daafa7156fd2f48b0d70a0b5341aa25c
Data/pcb_dataset4/pcb_dataset4_630/pcb_dataset4_630.jpg,pcb_dataset4_630.jpg,pcb_dataset4,01_open_circuit_17_jpg.rf.0a506c99fcdc913e0693ea7de894e8d6.jpg,b616df41d4fce655238e5f4504260535
Data/pcb_dataset4/pcb_dataset4_631/pcb_dataset4_631.jpg,pcb_dataset4_631.jpg,pcb_dataset4,01_open_circuit_17_jpg.rf.59b4a3eb9e3dffcb7f0cbe6a37a315fb.jpg,e1a83d39f3385266fde03273ae75f989
Data/pcb_dataset4/pcb_dataset4_632/pcb_dataset4_632.jpg,pcb_dataset4_632.jpg,pcb_dataset4,01_open_circuit_17_jpg.rf.727aacc1f7a9ad980a52d6e9a9912f1f.jpg,7bf37610a2ca7664c16ba4d1783c5e59
Data/pcb_dataset4/pcb_dataset4_633/pcb_dataset4_633.jpg,pcb_dataset4_633.jpg,pcb_dataset4,01_open_circuit_17_jpg.rf.893aa57ab97836ca204cfd97f9311a95.jpg,589504e510071f82922f9f2d76f33daa
Data/pcb_dataset4/pcb_dataset4_634/pcb_dataset4_634.jpg,pcb_dataset4_634.jpg,pcb_dataset4,01_open_circuit_17_jpg.rf.ffdb6f4d4fc784970145ecaacbfed0c5.jpg,9f07813baa87b06791b5a39431505644
Data/pcb_dataset4/pcb_dataset4_635/pcb_dataset4_635.jpg,pcb_dataset4_635.jpg,pcb_dataset4,01_open_circuit_18_jpg.rf.3dfe91e48fb1fbf1ba0bc38d283156b9.jpg,78d683848693bb0859c907e205defe45
Data/pcb_dataset4/pcb_dataset4_636/pcb_dataset4_636.jpg,pcb_dataset4_636.jpg,pcb_dataset4,01_open_circuit_18_jpg.rf.982042cb3e441755c922a0df06558b7f.jpg,d0027ffae21a696e8b5cbf9de1044cd4
Data/pcb_dataset4/pcb_dataset4_637/pcb_dataset4_637.jpg,pcb_dataset4_637.jpg,pcb_dataset4,01_open_circuit_18_jpg.rf.c27ffd19a3b664b92a4f88b212f6d933.jpg,cad7b68a821c51972beb4beeb751f783
Data/pcb_dataset4/pcb_dataset4_638/pcb_dataset4_638.jpg,pcb_dataset4_638.jpg,pcb_dataset4,01_open_circuit_19_jpg.rf.0a55dc0359f062ca166527a0430e7987.jpg,f2fda5dfe132a1af0045d9234a6164ad
Data/pcb_dataset4/pcb_dataset4_639/pcb_dataset4_639.jpg,pcb_dataset4_639.jpg,pcb_dataset4,01_open_circuit_19_jpg.rf.6c0a6e752d9b4cf59d9defa6130f28a2.jpg,1a95e3e93319998b8a0350ff5337c4e0
Data/pcb_dataset4/pcb_dataset4_64/pcb_dataset4_64.jpg,pcb_dataset4_64.jpg,pcb_dataset4,01_short_06_jpg.rf.4bcbd72c4f93783367fe3f369aab5cac.jpg,ff8863f336e7da116b9c55f2c4306f65
Data/pcb_dataset4/pcb_dataset4_640/pcb_dataset4_640.jpg,pcb_dataset4_640.jpg,pcb_dataset4,01_open_circuit_19_jpg.rf.7c2ef5e2d326995645e7470cc3d63ebc.jpg,6c2b24c9534e38d0c7cc48996d95d903
Data/pcb_dataset4/pcb_dataset4_641/pcb_dataset4_641.jpg,pcb_dataset4_641.jpg,pcb_dataset4,01_open_circuit_19_jpg.rf.8d1e998ec85947e5ebdc78046f8919a2.jpg,d6afc911c372e4f5c28f443cc52bb198
Data/pcb_dataset4/pcb_dataset4_642/pcb_dataset4_642.jpg,pcb_dataset4_642.jpg,pcb_dataset4,01_open_circuit_19_jpg.rf.8ee2e05315ee7ffb2d9c9cb3867b4c51.jpg,aba0e7d574760c2336763519f97d9c25
Data/pcb_dataset4/pcb_dataset4_643/pcb_dataset4_643.jpg,pcb_dataset4_643.jpg,pcb_dataset4,01_open_circuit_19_jpg.rf.b022efac8aca1ef318506fce2d24fceb.jpg,4427a477fb67b52d6bd1807544838ed5
Data/pcb_dataset4/pcb_dataset4_644/pcb_dataset4_644.jpg,pcb_dataset4_644.jpg,pcb_dataset4,01_open_circuit_19_jpg.rf.ba61f89ac19b9f6c62044e3543b1f448.jpg,15910780d957d90e82c547fc6f1767b5
Data/pcb_dataset4/pcb_dataset4_645/pcb_dataset4_645.jpg,pcb_dataset4_645.jpg,pcb_dataset4,01_open_circuit_19_jpg.rf.c42eb650e31991547e30e92e1f92dc54.jpg,02415a08b5c118f453c47b2fd335318e
Data/pcb_dataset4/pcb_dataset4_646/pcb_dataset4_646.jpg,pcb_dataset4_646.jpg,pcb_dataset4,01_open_circuit_19_jpg.rf.e3e2ab182efc53540b1b019c5b0c78df.jpg,c40361d7be432d1f27da3ecd8d3872bb
Data/pcb_dataset4/pcb_dataset4_647/pcb_dataset4_647.jpg,pcb_dataset4_647.jpg,pcb_dataset4,01_open_circuit_20_jpg.rf.039030c1ffcc87a6459995cd3cbf3328.jpg,e85cab15d65f3904ebb46253ce7d1db3
Data/pcb_dataset4/pcb_dataset4_648/pcb_dataset4_648.jpg,pcb_dataset4_648.jpg,pcb_dataset4,01_open_circuit_20_jpg.rf.cae9e10fad98db52249eb9b54399bb6b.jpg,eff08d3b44efcbfdaecbc6c037e8d930
Data/pcb_dataset4/pcb_dataset4_649/pcb_dataset4_649.jpg,pcb_dataset4_649.jpg,pcb_dataset4,01_open_circuit_20_jpg.rf.f7f4856b0282729d9080f2d39eb39d42.jpg,0f0b41f5ef55fa5c8c457d90bfaa3fc7
Data/pcb_dataset4/pcb_dataset4_65/pcb_dataset4_65.jpg,pcb_dataset4_65.jpg,pcb_dataset4,01_short_06_jpg.rf.82a07c0f5d3c0f02901f8e2a062794c5.jpg,53ac7361b9ceab6412057babbc129fb7
Data/pcb_dataset4/pcb_dataset4_650/pcb_dataset4_650.jpg,pcb_dataset4_650.jpg,pcb_dataset4,01_short_12_jpg.rf.8e2f593d2751ccc1772af6e30f7b5f0b.jpg,3000cb978c5bbe9eac0652751bfa75f4
Data/pcb_dataset4/pcb_dataset4_651/pcb_dataset4_651.jpg,pcb_dataset4_651.jpg,pcb_dataset4,01_short_12_jpg.rf.c4f0b0aef90d422c5abc4e7e6682f894.jpg,e46dffbd87916b12194768cc1470366e
Data/pcb_dataset4/pcb_dataset4_652/pcb_dataset4_652.jpg,pcb_dataset4_652.jpg,pcb_dataset4,01_short_12_jpg.rf.eb12128d8c2875f311c26a22d7c6f275.jpg,6d075673063592d288b2829954bbefb1
Data/pcb_dataset4/pcb_dataset4_653/pcb_dataset4_653.jpg,pcb_dataset4_653.jpg,pcb_dataset4,01_short_12_jpg.rf.f08ae754aafceec8f0fdd0a516f9e188.jpg,a7f581099ac003b82362b27019b3540e
Data/pcb_dataset4/pcb_dataset4_654/pcb_dataset4_654.jpg,pcb_dataset4_654.jpg,pcb_dataset4,01_short_13_jpg.rf.1a68c74669046b6c28e01f449c0d4dba.jpg,7efcc8fd6f503035cfefba2b5a829dd9
Data/pcb_dataset4/pcb_dataset4_655/pcb_dataset4_655.jpg,pcb_dataset4_655.jpg,pcb_dataset4,01_short_13_jpg.rf.32433072368d07bfa38faca959e67c98.jpg,c4c14b9f10ece998325aa4457553f4d0
Data/pcb_dataset4/pcb_dataset4_656/pcb_dataset4_656.jpg,pcb_dataset4_656.jpg,pcb_dataset4,01_short_13_jpg.rf.37003ba3b1d033346119ee561efa0a6b.jpg,0bcc544d62a70cae7c39052a53f5b0f5
Data/pcb_dataset4/pcb_dataset4_657/pcb_dataset4_657.jpg,pcb_dataset4_657.jpg,pcb_dataset4,01_short_13_jpg.rf.40eab4da15efab9e97de72910fe087ba.jpg,c1e450f0d84f92d6aa8b7bda5a18ba37
Data/pcb_dataset4/pcb_dataset4_658/pcb_dataset4_658.jpg,pcb_dataset4_658.jpg,pcb_dataset4,01_short_13_jpg.rf.5ab6af068389f612cd4d1b68871fbabf.jpg,1783d69118e06a12dffce79fa09352df
Data/pcb_dataset4/pcb_dataset4_659/pcb_dataset4_659.jpg,pcb_dataset4_659.jpg,pcb_dataset4,01_short_13_jpg.rf.665eb40accfe62b2fcd4618f21979426.jpg,e3d33ce6ebe93061f6cfbc375792950f
Data/pcb_dataset4/pcb_dataset4_66/pcb_dataset4_66.jpg,pcb_dataset4_66.jpg,pcb_dataset4,01_short_06_jpg.rf.bdcecb696a784e1dd945f69d7cff6055.jpg,f715d44af9c5167bb8a4d8326e61c566
Data/pcb_dataset4/pcb_dataset4_660/pcb_dataset4_660.jpg,pcb_dataset4_660.jpg,pcb_dataset4,01_short_14_jpg.rf.0d79bf92258f1d611593ac7375c73ae2.jpg,e61b542abaf455a7a2cc75390c9ff1f0
Data/pcb_dataset4/pcb_dataset4_661/pcb_dataset4_661.jpg,pcb_dataset4_661.jpg,pcb_dataset4,01_short_14_jpg.rf.35ecb65d5c40bc1a47f9633f91410794.jpg,1b1ed98cc8bff3cf7799e5375bfb12a7
Data/pcb_dataset4/pcb_dataset4_662/pcb_dataset4_662.jpg,pcb_dataset4_662.jpg,pcb_dataset4,01_short_14_jpg.rf.89d1550552cb7350c855e750c08717b4.jpg,0ee72d02d639cdb16606ba15253ed533
Data/pcb_dataset4/pcb_dataset4_663/pcb_dataset4_663.jpg,pcb_dataset4_663.jpg,pcb_dataset4,01_short_14_jpg.rf.ab06ba8fb22ae1488606fc16123853ba.jpg,597106b0104046a8fd9a19b634ad7c3d
Data/pcb_dataset4/pcb_dataset4_664/pcb_dataset4_664.jpg,pcb_dataset4_664.jpg,pcb_dataset4,01_short_14_jpg.rf.dae85e6f113a970b94de8672a1e7ec07.jpg,d10110628d65447f1e812953f07867b0
Data/pcb_dataset4/pcb_dataset4_665/pcb_dataset4_665.jpg,pcb_dataset4_665.jpg,pcb_dataset4,01_short_14_jpg.rf.df20f0333cdb037728ad892fc0308463.jpg,4c9f819a0074e6992b445713049b9a1c
Data/pcb_dataset4/pcb_dataset4_666/pcb_dataset4_666.jpg,pcb_dataset4_666.jpg,pcb_dataset4,01_short_15_jpg.rf.7399a1005d498047d4883b6193c99f41.jpg,8fe733bd1dadb51430d4bb2b57ef1564
Data/pcb_dataset4/pcb_dataset4_667/pcb_dataset4_667.jpg,pcb_dataset4_667.jpg,pcb_dataset4,01_short_15_jpg.rf.acabeba610ca665616512b2ece699981.jpg,a5211fcd736c5b09f5be94b71654b5d4
Data/pcb_dataset4/pcb_dataset4_668/pcb_dataset4_668.jpg,pcb_dataset4_668.jpg,pcb_dataset4,01_short_15_jpg.rf.c0967acdc01b01c398f87440b26a3eea.jpg,06a58c3439a8d2f366d9eefbafa71df4
Data/pcb_dataset4/pcb_dataset4_669/pcb_dataset4_669.jpg,pcb_dataset4_669.jpg,pcb_dataset4,01_short_15_jpg.rf.c16f7f706faa44ab1de5654171d61326.jpg,27e9d3562ddf1d43a15c5c07f7739148
Data/pcb_dataset4/pcb_dataset4_67/pcb_dataset4_67.jpg,pcb_dataset4_67.jpg,pcb_dataset4,01_short_06_jpg.rf.d022985c7096dd79287b6b03b75f4f8d.jpg,dad17e8c1d37ab36e9514afd47820e8b
Data/pcb_dataset4/pcb_dataset4_670/pcb_dataset4_670.jpg,pcb_dataset4_670.jpg,pcb_dataset4,01_short_15_jpg.rf.cb30107bef14ebc6364b5a7b5c366ef0.jpg,0615c2affcf519b78ccd3811e3fd7dfc
Data/pcb_dataset4/pcb_dataset4_671/pcb_dataset4_671.jpg,pcb_dataset4_671.jpg,pcb_dataset4,01_short_15_jpg.rf.d106ecf693ee43b81da10eb54245b201.jpg,c13bc9bd1886ccebf07357c5ec9758a4
Data/pcb_dataset4/pcb_dataset4_672/pcb_dataset4_672.jpg,pcb_dataset4_672.jpg,pcb_dataset4,01_short_13_jpg.rf.32433072368d07bfa38faca959e67c98.jpg,c4c14b9f10ece998325aa4457553f4d0
Data/pcb_dataset4/pcb_dataset4_673/pcb_dataset4_673.jpg,pcb_dataset4_673.jpg,pcb_dataset4,01_short_16_jpg.rf.2efc842d5bb87104873bd0aac7c77802.jpg,3a1bbb4619967ea86cce3aade4739b5f
Data/pcb_dataset4/pcb_dataset4_674/pcb_dataset4_674.jpg,pcb_dataset4_674.jpg,pcb_dataset4,01_short_16_jpg.rf.4fe9416e1cb8f71e3438ca4a63fb732e.jpg,154c679b5c5fa3f48f2083bb11fd8bf7
Data/pcb_dataset4/pcb_dataset4_675/pcb_dataset4_675.jpg,pcb_dataset4_675.jpg,pcb_dataset4,01_short_16_jpg.rf.7d0273d86d916d34015e8d8dcaecb5ff.jpg,6752d63b8db14649533359117bd4b301
Data/pcb_dataset4/pcb_dataset4_676/pcb_dataset4_676.jpg,pcb_dataset4_676.jpg,pcb_dataset4,01_short_16_jpg.rf.a68ec7cf3ae78da4308204f15d41295a.jpg,72778c9705e0175a421b4459bbb11615
Data/pcb_dataset4/pcb_dataset4_677/pcb_dataset4_677.jpg,pcb_dataset4_677.jpg,pcb_dataset4,01_short_16_jpg.rf.ac6dc7a1b082b33606f7a36c3e998d19.jpg,b715afb4112ea43c51aae2fecdb1a968
Data/pcb_dataset4/pcb_dataset4_678/pcb_dataset4_678.jpg,pcb_dataset4_678.jpg,pcb_dataset4,01_short_16_jpg.rf.b552ebb451fe2c64e3b84d4ce554b254.jpg,aa61f43709984aaab969e84606260f9a
Data/pcb_dataset4/pcb_dataset4_679/pcb_dataset4_679.jpg,pcb_dataset4_679.jpg,pcb_dataset4,01_short_16_jpg.rf.c60351b405b2b4c5d4a8d3abb44a84d4.jpg,6ae387e7a408506bf52daa3d3b75c387
Data/pcb_dataset4/pcb_dataset4_68/pcb_dataset4_68.jpg,pcb_dataset4_68.jpg,pcb_dataset4,01_short_06_jpg.rf.e4013ea2820a4d995a7d1bd250cbcffd.jpg,17f6d6b750cb7a8d48497ff85737d96d
Data/pcb_dataset4/pcb_dataset4_680/pcb_dataset4_680.jpg,pcb_dataset4_680.jpg,pcb_dataset4,01_short_16_jpg.rf.dc5285820706aeb3db7c7a00822c3062.jpg,bc4e8fd9e64ac350ba864037ef9bb302
Data/pcb_dataset4/pcb_dataset4_681/pcb_dataset4_681.jpg,pcb_dataset4_681.jpg,pcb_dataset4,01_short_17_jpg.rf.48120c3b8b59b8c11bd4d487f8c27385.jpg,cd4e9ad288951592398dae10b37dc8aa
Data/pcb_dataset4/pcb_dataset4_682/pcb_dataset4_682.jpg,pcb_dataset4_682.jpg,pcb_dataset4,01_short_17_jpg.rf.4d80ab00ee90a7c22ae2d9fea6ff085b.jpg,e9ce81e7a50568b77b18283484e38fac
Data/pcb_dataset4/pcb_dataset4_683/pcb_dataset4_683.jpg,pcb_dataset4_683.jpg,pcb_dataset4,01_short_17_jpg.rf.741537f8f62499f73c5bbffc4efab08a.jpg,ff51e544cbb43353069f6d685dd54c69
Data/pcb_dataset4/pcb_dataset4_684/pcb_dataset4_684.jpg,pcb_dataset4_684.jpg,pcb_dataset4,01_short_19_jpg.rf.0239ac2ef8cf594955b205e8f039c2cf.jpg,ecd75749223ed74e5813f5a2e38557a2
Data/pcb_dataset4/pcb_dataset4_685/pcb_dataset4_685.jpg,pcb_dataset4_685.jpg,pcb_dataset4,01_short_19_jpg.rf.240d846929feaa2462d7d9b4cb21b864.jpg,6b9c0a5e64e22e3d7d0a09fe70f83c28
Data/pcb_dataset4/pcb_dataset4_686/pcb_dataset4_686.jpg,pcb_dataset4_686.jpg,pcb_dataset4,01_short_19_jpg.rf.448b01de5a7838316be465ff7e67551e.jpg,5b9da7d5947f57b7c87ffdb56c5823d6
Data/pcb_dataset4/pcb_dataset4_687/pcb_dataset4_687.jpg,pcb_dataset4_687.jpg,pcb_dataset4,01_short_19_jpg.rf.67164affd0b345271335c3198b7e3c3d.jpg,7e45243eee51d3c602b84a62177ec3d5
Data/pcb_dataset4/pcb_dataset4_688/pcb_dataset4_688.jpg,pcb_dataset4_688.jpg,pcb_dataset4,01_short_19_jpg.rf.b7ccf1f6df7063e74dba415230d5aa13.jpg,8e838f837951f3f3ae0dfa7d934c5ffa
Data/pcb_dataset4/pcb_dataset4_689/pcb_dataset4_689.jpg,pcb_dataset4_689.jpg,pcb_dataset4,01_short_19_jpg.rf.de2885e6ea640dd94bd20be5980beff9.jpg,da4feca67d75cd9def60a9cbf3ea717f
Data/pcb_dataset4/pcb_dataset4_69/pcb_dataset4_69.jpg,pcb_dataset4_69.jpg,pcb_dataset4,01_short_07_jpg.rf.04224996a352834973ef58ceadcbf34d.jpg,288b68c5546e849a8a668aac7f650175
Data/pcb_dataset4/pcb_dataset4_690/pcb_dataset4_690.jpg,pcb_dataset4_690.jpg,pcb_dataset4,01_short_20_jpg.rf.123e29b8497f2f8c63f328275d9b103a.jpg,0987c201d80c8b55544f9932a8b25269
Data/pcb_dataset4/pcb_dataset4_7/pcb_dataset4_7.jpg,pcb_dataset4_7.jpg,pcb_dataset4,11_short_01_jpg.rf.493b1669b664736612e6b845550b776e.jpg,49fec4e882f36f80e5faf4d507d5872e
Data/pcb_dataset4/pcb_dataset4_70/pcb_dataset4_70.jpg,pcb_dataset4_70.jpg,pcb_dataset4,01_short_07_jpg.rf.048ec6ccb23361d565f7d47d6a5cb914.jpg,300b5b59a2c832d4247a61341eabdd4e
Data/pcb_dataset4/pcb_dataset4_71/pcb_dataset4_71.jpg,pcb_dataset4_71.jpg,pcb_dataset4,01_short_07_jpg.rf.400a44906f87d146d9036af6dc0560c9.jpg,47c59062c7f9c6d8524aa556daa5a023
Data/pcb_dataset4/pcb_dataset4_72/pcb_dataset4_72.jpg,pcb_dataset4_72.jpg,pcb_dataset4,01_short_07_jpg.rf.6120f2b896779d206295f6ded5aeece7.jpg,e4d7ab9cd777eef24c37c9aeb07a6282
Data/pcb_dataset4/pcb_dataset4_73/pcb_dataset4_73.jpg,pcb_dataset4_73.jpg,pcb_dataset4,01_short_07_jpg.rf.906a9ed8cb5f56d1e65de97828a84285.jpg,16c1a430657bef73c8e210daf2a4a7da
Data/pcb_dataset4/pcb_dataset4_74/pcb_dataset4_74.jpg,pcb_dataset4_74.jpg,pcb_dataset4,01_short_07_jpg.rf.df98a903ead4ec1c346afa75360693c1.jpg,3903c019933ffc592a2334ff333c8ea3
Data/pcb_dataset4/pcb_dataset4_75/pcb_dataset4_75.jpg,pcb_dataset4_75.jpg,pcb_dataset4,01_short_07_jpg.rf.e29cf9ebb8ce70f44ba5d72fd4af0c58.jpg,e2eba37b9366a00437352f0d74ab4b9c
Data/pcb_dataset4/pcb_dataset4_76/pcb_dataset4_76.jpg,pcb_dataset4_76.jpg,pcb_dataset4,01_short_07_jpg.rf.fdaf470769f8186e6cca79cb99245e16.jpg,5f028635cadd7a3f54de6ca3bdaa26ac
Data/pcb_dataset4/pcb_dataset4_77/pcb_dataset4_77.jpg,pcb_dataset4_77.jpg,pcb_dataset4,01_short_07_jpg.rf.feb135d7caddaae8a7fb585ecec9f9d4.jpg,763b68e49716a0dcf8b4979172388cbc
Data/pcb_dataset4/pcb_dataset4_78/pcb_dataset4_78.jpg,pcb_dataset4_78.jpg,pcb_dataset4,01_short_08_jpg.rf.66a7bd1c734b8431218515051f69c098.jpg,f8f8f05d0bebed046f761b0e8110894b
Data/pcb_dataset4/pcb_dataset4_79/pcb_dataset4_79.jpg,pcb_dataset4_79.jpg,pcb_dataset4,01_short_08_jpg.rf.9937b2db2a831349bda0b0934fc30ea1.jpg,19a0fae23412c894cf022c15853a40be
Data/pcb_dataset4/pcb_dataset4_8/pcb_dataset4_8.jpg,pcb_dataset4_8.jpg,pcb_dataset4,11_short_01_jpg.rf.977c128b68e0a172d7b761229772034f.jpg,758f277aa1dd39f2cba7f5f0e93425dd
Data/pcb_dataset4/pcb_dataset4_80/pcb_dataset4_80.jpg,pcb_dataset4_80.jpg,pcb_dataset4,01_short_08_jpg.rf.a9e6f655aa469aaf88eaa77173561b6e.jpg,208a2f31a29bc1e6933db94da1964ce9
Data/pcb_dataset4/pcb_dataset4_81/pcb_dataset4_81.jpg,pcb_dataset4_81.jpg,pcb_dataset4,01_short_08_jpg.rf.bdc97edbec5513bf05e9ddf4c3002eb7.jpg,d2ca201647ed10fc3d3a8a941c44891a
Data/pcb_dataset4/pcb_dataset4_82/pcb_dataset4_82.jpg,pcb_dataset4_82.jpg,pcb_dataset4,01_short_08_jpg.rf.f08a9747eda959479fe903153385c50f.jpg,091dd438dd9c7a722a0e7ef48af6fda4
Data/pcb_dataset4/pcb_dataset4_83/pcb_dataset4_83.jpg,pcb_dataset4_83.jpg,pcb_dataset4,01_short_08_jpg.rf.fd74a3b6bc6dae56da1d336a8bd01b03.jpg,cbdae9df2f60b80ea9d61f6f8b68d764
Data/pcb_dataset4/pcb_dataset4_84/pcb_dataset4_84.jpg,pcb_dataset4_84.jpg,pcb_dataset4,01_short_08_jpg.rf.fd74a3b6bc6dae56da1d336a8bd01b03.jpg,cbdae9df2f60b80ea9d61f6f8b68d764
Data/pcb_dataset4/pcb_dataset4_85/pcb_dataset4_85.jpg,pcb_dataset4_85.jpg,pcb_dataset4,01_short_09_jpg.rf.54ffdea723cdce9aebae43c8c56957d8.jpg,9efc3af0b56d1b147607fa33cb6b7b0d
Data/pcb_dataset4/pcb_dataset4_86/pcb_dataset4_86.jpg,pcb_dataset4_86.jpg,pcb_dataset4,01_short_09_jpg.rf.62c44d9b9a68a22a7e48dbde0ee6d484.jpg,e7e2ba77e472234877ebc1cacf619a58
Data/pcb_dataset4/pcb_dataset4_87/pcb_dataset4_87.jpg,pcb_dataset4_87.jpg,pcb_dataset4,01_short_09_jpg.rf.8ceb058fa004b99f56613ead6283fc7a.jpg,a1488dfeb74560fb2337a5aa691b6957
Data/pcb_dataset4/pcb_dataset4_88/pcb_dataset4_88.jpg,pcb_dataset4_88.jpg,pcb_dataset4,01_short_09_jpg.rf.bd6105ad8c70f7e106916b3cdea61013.jpg,6ebd61f6c2d54fb402d1e61d732bfe68
Data/pcb_dataset4/pcb_dataset4_89/pcb_dataset4_89.jpg,pcb_dataset4_89.jpg,pcb_dataset4,01_short_09_jpg.rf.e444a547c38dcfff16d5a77bbdb33ad8.jpg,6143b7a17d7aa64c79154b7a1eeb6dc7
Data/pcb_dataset4/pcb_dataset4_9/pcb_dataset4_9.jpg,pcb_dataset4_9.jpg,pcb_dataset4,11_short_01_jpg.rf.ade42f16d550f08154aa29917102326f.jpg,fda4d5b31962a6c1357eb498ea0ce7d4
Data/pcb_dataset4/pcb_dataset4_90/pcb_dataset4_90.jpg,pcb_dataset4_90.jpg,pcb_dataset4,01_short_10_jpg.rf.7ef2651fa17e84ec9c897977a3966408.jpg,e7111da6625fdb7c136a9188c242e223
Data/pcb_dataset4/pcb_dataset4_91/pcb_dataset4_91.jpg,pcb_dataset4_91.jpg,pcb_dataset4,01_short_10_jpg.rf.926f6457fd5d1072d3828061e7112e2c.jpg,1749ad015a6a66ad8770c8e52435b5ee
Data/pcb_dataset4/pcb_dataset4_92/pcb_dataset4_92.jpg,pcb_dataset4_92.jpg,pcb_dataset4,01_short_10_jpg.rf.e9b9cae941109e631d09d5b1ade9db31.jpg,c404f9e752bfd16ec5a6b31454749861
Data/pcb_dataset4/pcb_dataset4_93/pcb_dataset4_93.jpg,pcb_dataset4_93.jpg,pcb_dataset4,01_short_11_jpg.rf.3dab81e6c210a23d6bb63c96b24d9d49.jpg,00426373824536c613896462cb047777
Data/pcb_dataset4/pcb_dataset4_94/pcb_dataset4_94.jpg,pcb_dataset4_94.jpg,pcb_dataset4,01_short_11_jpg.rf.80c3188704e3ad9e7d625c904ac75c32.jpg,8ce8a1c5fb6446b81bbb68d85500c374
Data/pcb_dataset4/pcb_dataset4_95/pcb_dataset4_95.jpg,pcb_dataset4_95.jpg,pcb_dataset4,01_short_11_jpg.rf.8ea7f1e914cdb693ac8d5ab7e1c88d09.jpg,b6f4cb551c39121ece98649bf9796f29
Data/pcb_dataset4/pcb_dataset4_96/pcb_dataset4_96.jpg,pcb_dataset4_96.jpg,pcb_dataset4,01_short_11_jpg.rf.be703604866dd8f366b51e13c27dfbd9.jpg,810d5ed40b1daf33d19f8648f5b0f6c1
Data/pcb_dataset4/pcb_dataset4_97/pcb_dataset4_97.jpg,pcb_dataset4_97.jpg,pcb_dataset4,01_short_11_jpg.rf.e5b1fac7582e9ce8da4d83832aa1ac7f.jpg,f50a788833b61d7a92804ede92a2e0cb
Data/pcb_dataset4/pcb_dataset4_98/pcb_dataset4_98.jpg,pcb_dataset4_98.jpg,pcb_dataset4,01_short_11_jpg.rf.ec800c6701fdefe1bbc731bf639c4f20.jpg,226c569cf1ad29c954e15b1b6c931405
Data/pcb_dataset4/pcb_dataset4_99/pcb_dataset4_99.jpg,pcb_dataset4_99.jpg,pcb_dataset4,01_short_12_jpg.rf.045e5772f4952d3e10e31ee0faf4b6df.jpg,a2373e0ebebb16d44f1e93319e493e69
Data/pcb_neg_dataset1/pcb_neg_dataset1_1/pcb_neg_dataset1_1.jpg,pcb_neg_dataset1_1.jpg,pcb_neg_dataset1,01_spurious_copper_05_jpg.rf.c1e418c1033fed5f9e9677b1085e5d36.jpg,0429f2c627348fb51a069ca006e57737
Data/pcb_neg_dataset1/pcb_neg_dataset1_10/pcb_neg_dataset1_10.jpg,pcb_neg_dataset1_10.jpg,pcb_neg_dataset1,01_spurious_copper_09_jpg.rf.63e71628324dbb10dbe281a1bef61ae2.jpg,fb30d5cd58aad768ccf14306f6bc39f9
Data/pcb_neg_dataset1/pcb_neg_dataset1_100/pcb_neg_dataset1_100.jpg,pcb_neg_dataset1_100.jpg,pcb_neg_dataset1,11_spurious_copper_04_jpg.rf.cc670028cf70faa7ecd068fa32a25d64.jpg,873cfea13d15dd80230c2eecce09f219
Data/pcb_neg_dataset1/pcb_neg_dataset1_101/pcb_neg_dataset1_101.jpg,pcb_neg_dataset1_101.jpg,pcb_neg_dataset1,11_spurious_copper_05_jpg.rf.de4773355a984594d807171a40040614.jpg,a6c55a9043f61155b2867aab30a8718e
Data/pcb_neg_dataset1/pcb_neg_dataset1_102/pcb_neg_dataset1_102.jpg,pcb_neg_dataset1_102.jpg,pcb_neg_dataset1,11_spurious_copper_06_jpg.rf.e35a77c882b6540b8399b0e97f10e076.jpg,2ea867fe41e3c11c4624f11856516b87
Data/pcb_neg_dataset1/pcb_neg_dataset1_103/pcb_neg_dataset1_103.jpg,pcb_neg_dataset1_103.jpg,pcb_neg_dataset1,11_spurious_copper_07_jpg.rf.f53800010f9f19314f2e3e498b6b676c.jpg,b4e4232ca23a80400eb2f41743e0e843
Data/pcb_neg_dataset1/pcb_neg_dataset1_104/pcb_neg_dataset1_104.jpg,pcb_neg_dataset1_104.jpg,pcb_neg_dataset1,11_spurious_copper_08_jpg.rf.24b83cebdafa2daede13ab2cf0088319.jpg,b1297464f91f2a7dab99f8ac5af2970b
Data/pcb_neg_dataset1/pcb_neg_dataset1_105/pcb_neg_dataset1_105.jpg,pcb_neg_dataset1_105.jpg,pcb_neg_dataset1,11_spurious_copper_09_jpg.rf.2d61c7dee23f582f5d43e23936252ade.jpg,51a7978c56dc307e26645e704384a2b7
Data/pcb_neg_dataset1/pcb_neg_dataset1_106/pcb_neg_dataset1_106.jpg,pcb_neg_dataset1_106.jpg,pcb_neg_dataset1,11_spurious_copper_10_jpg.rf.a62e67a99e6eb528f6680a61a2e64847.jpg,ee682f08d3c11199b7ec407459151959
Data/pcb_neg_dataset1/pcb_neg_dataset1_107/pcb_neg_dataset1_107.jpg,pcb_neg_dataset1_107.jpg,pcb_neg_dataset1,12_spurious_copper_01_jpg.rf.7eb3caec3e7c5bda9ca993c4c7e38fc3.jpg,59f66ed430e916d545eb6cf2cdd3f70d
Data/pcb_neg_dataset1/pcb_neg_dataset1_108/pcb_neg_dataset1_108.jpg,pcb_neg_dataset1_108.jpg,pcb_neg_dataset1,12_spurious_copper_02_jpg.rf.2c369e8829d6ba8d138f53f238849c1c.jpg,ef4dd1287f89ae5b97a69f8e18d79d01
Data/pcb_neg_dataset1/pcb_neg_dataset1_109/pcb_neg_dataset1_109.jpg,pcb_neg_dataset1_109.jpg,pcb_neg_dataset1,12_spurious_copper_03_jpg.rf.49d218515e9375a8a704f1dd9b4f59a4.jpg,279bd9fc188a16c2ce9f067436da4188
Data/pcb_neg_dataset1/pcb_neg_dataset1_11/pcb_neg_dataset1_11.jpg,pcb_neg_dataset1_11.jpg,pcb_neg_dataset1,01_spurious_copper_11_jpg.rf.4e303d5cfe71bc6f4c9ac897ac92380e.jpg,943807090d45afab48202b8225307c74
Data/pcb_neg_dataset1/pcb_neg_dataset1_110/pcb_neg_dataset1_110.jpg,pcb_neg_dataset1_110.jpg,pcb_neg_dataset1,12_spurious_copper_04_jpg.rf.b6f7d4188e30b4a9105cf4a3484cc479.jpg,b867b71032626eff388ee34336cc9d04
Data/pcb_neg_dataset1/pcb_neg_dataset1_111/pcb_neg_dataset1_111.jpg,pcb_neg_dataset1_111.jpg,pcb_neg_dataset1,12_spurious_copper_05_jpg.rf.ad61737fcc0c63772165a32c17c22088.jpg,501c018ef3cf53cabac6f02ef38573f5
Data/pcb_neg_dataset1/pcb_neg_dataset1_112/pcb_neg_dataset1_112.jpg,pcb_neg_dataset1_112.jpg,pcb_neg_dataset1,12_spurious_copper_06_jpg.rf.c145db82d6914358de437f7c174aed7b.jpg,8dfe40bb8b971658f9b42f6689de55b3
Data/pcb_neg_dataset1/pcb_neg_dataset1_113/pcb_neg_dataset1_113.jpg,pcb_neg_dataset1_113.jpg,pcb_neg_dataset1,12_spurious_copper_07_jpg.rf.ebde64edf654086fa4d0881277d7e828.jpg,4619ed72a48e85dcf99ab2c76cc62c6f
Data/pcb_neg_dataset1/pcb_neg_dataset1_114/pcb_neg_dataset1_114.jpg,pcb_neg_dataset1_114.jpg,pcb_neg_dataset1,12_spurious_copper_08_jpg.rf.6061764b954aa0ed087aee30e4a9537b.jpg,d14873334e69507a50cad6881b3ff7aa
Data/pcb_neg_dataset1/pcb_neg_dataset1_115/pcb_neg_dataset1_115.jpg,pcb_neg_dataset1_115.jpg,pcb_neg_dataset1,12_spurious_copper_09_jpg.rf.dbc2a8283ade88f0adc848771afe3729.jpg,44640a929a1b6341c3ee8749d6ef36e7
Data/pcb_neg_dataset1/pcb_neg_dataset1_116/pcb_neg_dataset1_116.jpg,pcb_neg_dataset1_116.jpg,pcb_neg_dataset1,12_spurious_copper_10_jpg.rf.7e61c02d65bca50afa9ee0e27b6aa4a3.jpg,8bec1e124ee048a64778a199bf229d3e
Data/pcb_neg_dataset1/pcb_neg_dataset1_12/pcb_neg_dataset1_12.jpg,pcb_neg_dataset1_12.jpg,pcb_neg_dataset1,01_spurious_copper_12_jpg.rf.2e8fa89cab6391e329a74f8f8d44c4b3.jpg,db2e4cfb302c0f1740b5728b5d86edcc
Data/pcb_neg_dataset1/pcb_neg_dataset1_13/pcb_neg_dataset1_13.jpg,pcb_neg_dataset1_13.jpg,pcb_neg_dataset1,01_spurious_copper_13_jpg.rf.bda4bc74f6b7f4ca34d37daa78e6c35a.jpg,62e6f86ebcf5be19295027f23c54554c
Data/pcb_neg_dataset1/pcb_neg_dataset1_14/pcb_neg_dataset1_14.jpg,pcb_neg_dataset1_14.jpg,pcb_neg_dataset1,01_spurious_copper_14_jpg.rf.853a0e90470c1097993fec8391a8f27a.jpg,c139b32efa28b09f941e1507d0989bea
Data/pcb_neg_dataset1/pcb_neg_dataset1_15/pcb_neg_dataset1_15.jpg,pcb_neg_dataset1_15.jpg,pcb_neg_dataset1,01_spurious_copper_15_jpg.rf.2b365869eea632c049ce465a3dfd3fc4.jpg,34d8dfb74a77ab80247edf14126b4fac
Data/pcb_neg_dataset1/pcb_neg_dataset1_16/pcb_neg_dataset1_16.jpg,pcb_neg_dataset1_16.jpg,pcb_neg_dataset1,01_spurious_copper_16_jpg.rf.d3233f724db5e46bc384bd3f8abc0ac8.jpg,6562c846d9cc1b5cf72ddd6556cd6a70
Data/pcb_neg_dataset1/pcb_neg_dataset1_17/pcb_neg_dataset1_17.jpg,pcb_neg_dataset1_17.jpg,pcb_neg_dataset1,01_spurious_copper_17_jpg.rf.89852d57b75f225af23b0b8bf6f81448.jpg,4d44cc6c9db87347353bf9216af4af6b
Data/pcb_neg_dataset1/pcb_neg_dataset1_18/pcb_neg_dataset1_18.jpg,pcb_neg_dataset1_18.jpg,pcb_neg_dataset1,01_spurious_copper_18_jpg.rf.ac9a5f90c6791747c478aef88cd19ad3.jpg,022e9fcc21d689a5a9f42cd49c5a40e7
Data/pcb_neg_dataset1/pcb_neg_dataset1_19/pcb_neg_dataset1_19.jpg,pcb_neg_dataset1_19.jpg,pcb_neg_dataset1,01_spurious_copper_19_jpg.rf.93b42783bb288041cb77b665eab6c3cd.jpg,5800ce046c958beee0eaef3e1aafa640
Data/pcb_neg_dataset1/pcb_neg_dataset1_2/pcb_neg_dataset1_2.jpg,pcb_neg_dataset1_2.jpg,pcb_neg_dataset1,01_spurious_copper_10_jpg.rf.1341c158450bf202e82e2291181400ab.jpg,aef386aab7bd011a4745f29165c52763
Data/pcb_neg_dataset1/pcb_neg_dataset1_20/pcb_neg_dataset1_20.jpg,pcb_neg_dataset1_20.jpg,pcb_neg_dataset1,01_spurious_copper_20_jpg.rf.f54898559a7fa41300aaa87976eb7410.jpg,8739b28fcf7ae7eda3fc3d47af795758
Data/pcb_neg_dataset1/pcb_neg_dataset1_21/pcb_neg_dataset1_21.jpg,pcb_neg_dataset1_21.jpg,pcb_neg_dataset1,04_spurious_copper_01_jpg.rf.68b545a0f2bc37634ed6e72708a2437c.jpg,bf6f7b96497463b89676cb2a16999bf4
Data/pcb_neg_dataset1/pcb_neg_dataset1_22/pcb_neg_dataset1_22.jpg,pcb_neg_dataset1_22.jpg,pcb_neg_dataset1,04_spurious_copper_02_jpg.rf.8524c6db9aceaeffd6d82ad7cde8c680.jpg,61192001fec9c83bed05859f0f8c6ae5
Data/pcb_neg_dataset1/pcb_neg_dataset1_23/pcb_neg_dataset1_23.jpg,pcb_neg_dataset1_23.jpg,pcb_neg_dataset1,04_spurious_copper_03_jpg.rf.50425a63a20400305a1e5a88cd0e1bae.jpg,cd8fb2eac115d970789a22bc62859cae
Data/pcb_neg_dataset1/pcb_neg_dataset1_24/pcb_neg_dataset1_24.jpg,pcb_neg_dataset1_24.jpg,pcb_neg_dataset1,04_spurious_copper_04_jpg.rf.6f3ffbcfee2701ec61839695b141ec05.jpg,f0bdc8aa8d203bdd1141a99ee8ca1989
Data/pcb_neg_dataset1/pcb_neg_dataset1_25/pcb_neg_dataset1_25.jpg,pcb_neg_dataset1_25.jpg,pcb_neg_dataset1,04_spurious_copper_05_jpg.rf.59d0241a7dacba4c111590a69353d34c.jpg,f3e753d2d31e2bb86c39a15ecd5ad597
Data/pcb_neg_dataset1/pcb_neg_dataset1_26/pcb_neg_dataset1_26.jpg,pcb_neg_dataset1_26.jpg,pcb_neg_dataset1,04_spurious_copper_06_jpg.rf.0821bfee1cd7614adb2791e7045f4fff.jpg,d3c9c5959eb9d5425dc8b91a4da8519b
Data/pcb_neg_dataset1/pcb_neg_dataset1_27/pcb_neg_dataset1_27.jpg,pcb_neg_dataset1_27.jpg,pcb_neg_dataset1,04_spurious_copper_07_jpg.rf.db510d1fcced26755b62bf006a021114.jpg,89e4b2b98854f4cb8126c1c2b685b3e6
Data/pcb_neg_dataset1/pcb_neg_dataset1_28/pcb_neg_dataset1_28.jpg,pcb_neg_dataset1_28.jpg,pcb_neg_dataset1,04_spurious_copper_08_jpg.rf.b3f8ab2c05ae8db7f0cb713c1d027348.jpg,3d5ba116a5fbc1e13b0ea17cdd2ec962
Data/pcb_neg_dataset1/pcb_neg_dataset1_29/pcb_neg_dataset1_29.jpg,pcb_neg_dataset1_29.jpg,pcb_neg_dataset1,04_spurious_copper_09_jpg.rf.4b4729fb7d9c5459e2261796c3713df4.jpg,0ad7b9cc18d8b22ce8f436891a38de3e
Data/pcb_neg_dataset1/pcb_neg_dataset1_3/pcb_neg_dataset1_3.jpg,pcb_neg_dataset1_3.jpg,pcb_neg_dataset1,01_spurious_copper_01_jpg.rf.2cb72833373f55b1da78145d2d124a20.jpg,bd196a100831f15d5baba89fb4d69c00
Data/pcb_neg_dataset1/pcb_neg_dataset1_30/pcb_neg_dataset1_30.jpg,pcb_neg_dataset1_30.jpg,pcb_neg_dataset1,04_spurious_copper_10_jpg.rf.f458b8646b66434c91da2f257bdefd13.jpg,02d4f44d2ba5210d53a1564260a6d552
Data/pcb_neg_dataset1/pcb_neg_dataset1_31/pcb_neg_dataset1_31.jpg,pcb_neg_dataset1_31.jpg,pcb_neg_dataset1,04_spurious_copper_11_jpg.rf.ae6bf2585f9b59858873b9c1b2a52f67.jpg,cff2943adb1d32493a0f7300aa695489
Data/pcb_neg_dataset1/pcb_neg_dataset1_32/pcb_neg_dataset1_32.jpg,pcb_neg_dataset1_32.jpg,pcb_neg_dataset1,04_spurious_copper_12_jpg.rf.092ecdc382350a7baf63d67ee94d5d67.jpg,d279191f8280bf606c2b244311a349c7
Data/pcb_neg_dataset1/pcb_neg_dataset1_33/pcb_neg_dataset1_33.jpg,pcb_neg_dataset1_33.jpg,pcb_neg_dataset1,04_spurious_copper_13_jpg.rf.5c94407bcbc7aae1b768d6bdb6b652aa.jpg,83b92d08d4950a595cfd7e4aa800c462
Data/pcb_neg_dataset1/pcb_neg_dataset1_34/pcb_neg_dataset1_34.jpg,pcb_neg_dataset1_34.jpg,pcb_neg_dataset1,04_spurious_copper_14_jpg.rf.addbb20245430b4ba34bd0e2d4cb699c.jpg,9f2e858305d52e6b576df41e49fb6090
Data/pcb_neg_dataset1/pcb_neg_dataset1_35/pcb_neg_dataset1_35.jpg,pcb_neg_dataset1_35.jpg,pcb_neg_dataset1,04_spurious_copper_15_jpg.rf.a966d27d6e5834e368aee6353407211c.jpg,2ba411c5818e8a773cf75b45eac83714
Data/pcb_neg_dataset1/pcb_neg_dataset1_36/pcb_neg_dataset1_36.jpg,pcb_neg_dataset1_36.jpg,pcb_neg_dataset1,04_spurious_copper_16_jpg.rf.b85d9d96bf015829b33d6da2e61aa217.jpg,84dc591893c4729bf9abbf95b9b6f328
Data/pcb_neg_dataset1/pcb_neg_dataset1_37/pcb_neg_dataset1_37.jpg,pcb_neg_dataset1_37.jpg,pcb_neg_dataset1,04_spurious_copper_17_jpg.rf.a15f5d28ae504f7caaf2961328e9b792.jpg,df90274460bb816ffad17eb9d5309f37
Data/pcb_neg_dataset1/pcb_neg_dataset1_38/pcb_neg_dataset1_38.jpg,pcb_neg_dataset1_38.jpg,pcb_neg_dataset1,04_spurious_copper_18_jpg.rf.70ba9b6860dbe58a5d925b8f6562ad25.jpg,e5863c145320c251fa4cf14319e05b24
Data/pcb_neg_dataset1/pcb_neg_dataset1_39/pcb_neg_dataset1_39.jpg,pcb_neg_dataset1_39.jpg,pcb_neg_dataset1,04_spurious_copper_19_jpg.rf.18b0b5caf29be980484ce6a77df5578d.jpg,e3ed6552c62aaf655a9d8012543fb47b
Data/pcb_neg_dataset1/pcb_neg_dataset1_4/pcb_neg_dataset1_4.jpg,pcb_neg_dataset1_4.jpg,pcb_neg_dataset1,01_spurious_copper_02_jpg.rf.96959295a864da663b6c5edeee1266a5.jpg,d901abca3935739149bfbfbf1c410609
Data/pcb_neg_dataset1/pcb_neg_dataset1_40/pcb_neg_dataset1_40.jpg,pcb_neg_dataset1_40.jpg,pcb_neg_dataset1,04_spurious_copper_20_jpg.rf.b62accef0e2d840a3b49881ea5bfcc6f.jpg,b373cea4821fdb9f91ffa27fb45d34ac
Data/pcb_neg_dataset1/pcb_neg_dataset1_41/pcb_neg_dataset1_41.jpg,pcb_neg_dataset1_41.jpg,pcb_neg_dataset1,05_spurious_copper_01_jpg.rf.51c47440b6cd4e3882e9ee698cc16056.jpg,3575ae38cda9bed6b21c55549f207b50
Data/pcb_neg_dataset1/pcb_neg_dataset1_42/pcb_neg_dataset1_42.jpg,pcb_neg_dataset1_42.jpg,pcb_neg_dataset1,05_spurious_copper_02_jpg.rf.56a8616a565d13752e51d57b9e162e3b.jpg,1996dd0f1fa15905d953e6f698cf8ab0
Data/pcb_neg_dataset1/pcb_neg_dataset1_43/pcb_neg_dataset1_43.jpg,pcb_neg_dataset1_43.jpg,pcb_neg_dataset1,05_spurious_copper_03_jpg.rf.0c2562af9178f8789247899360a38ccd.jpg,e405ea61ba3e1e386b38b19ce4fba4cb
Data/pcb_neg_dataset1/pcb_neg_dataset1_44/pcb_neg_dataset1_44.jpg,pcb_neg_dataset1_44.jpg,pcb_neg_dataset1,05_spurious_copper_04_jpg.rf.3e7db6d7785f6924e199c053be84aef0.jpg,be4b26c48d982675eda8082795cd2045
Data/pcb_neg_dataset1/pcb_neg_dataset1_45/pcb_neg_dataset1_45.jpg,pcb_neg_dataset1_45.jpg,pcb_neg_dataset1,05_spurious_copper_05_jpg.rf.f5464e136dc79e91fc8e218d60ef1dcf.jpg,c7a2d3ed75e3953b681eda22d776427f
Data/pcb_neg_dataset1/pcb_neg_dataset1_46/pcb_neg_dataset1_46.jpg,pcb_neg_dataset1_46.jpg,pcb_neg_dataset1,05_spurious_copper_06_jpg.rf.60310b2abe11ecbdf40b56774499c392.jpg,bcaba11cc9060bac9f449e24b10300e2
Data/pcb_neg_dataset1/pcb_neg_dataset1_47/pcb_neg_dataset1_47.jpg,pcb_neg_dataset1_47.jpg,pcb_neg_dataset1,05_spurious_copper_07_jpg.rf.a4afcedd7ea705f6a6e7115723c2c644.jpg,724110ebfb1953d46c88352824f2162d
Data/pcb_neg_dataset1/pcb_neg_dataset1_48/pcb_neg_dataset1_48.jpg,pcb_neg_dataset1_48.jpg,pcb_neg_dataset1,05_spurious_copper_08_jpg.rf.cd6d70515389908799e528af52a7931e.jpg,f8b48f0e17596d1e7dae06eda0ce6eed
Data/pcb_neg_dataset1/pcb_neg_dataset1_49/pcb_neg_dataset1_49.jpg,pcb_neg_dataset1_49.jpg,pcb_neg_dataset1,05_spurious_copper_09_jpg.rf.1e01a84f6de1ff14eb2b28a036188d39.jpg,110af3a680fb4fb0c7802fde2886a0ed
Data/pcb_neg_dataset1/pcb_neg_dataset1_5/pcb_neg_dataset1_5.jpg,pcb_neg_dataset1_5.jpg,pcb_neg_dataset1,01_spurious_copper_03_jpg.rf.ceaad0af7e252e19e992a9d64bc1ba4b.jpg,1885612c2eca4fbefd4e6d317588891f
Data/pcb_neg_dataset1/pcb_neg_dataset1_50/pcb_neg_dataset1_50.jpg,pcb_neg_dataset1_50.jpg,pcb_neg_dataset1,05_spurious_copper_10_jpg.rf.d1c1f7f82561b0a43b203b99e6e55971.jpg,860c5a068f59cd89a34c21fb067281ef
Data/pcb_neg_dataset1/pcb_neg_dataset1_51/pcb_neg_dataset1_51.jpg,pcb_neg_dataset1_51.jpg,pcb_neg_dataset1,06_spurious_copper_01_jpg.rf.fce1a7d46f364916ca6d9a034436307a.jpg,3b6dce336acefad52b64d38c1b80f521
Data/pcb_neg_dataset1/pcb_neg_dataset1_52/pcb_neg_dataset1_52.jpg,pcb_neg_dataset1_52.jpg,pcb_neg_dataset1,06_spurious_copper_02_jpg.rf.fe5ab382efda81b8d600cc64e42ce6e0.jpg,d6306d7d06ef78c380ba6a629ac90e8c
Data/pcb_neg_dataset1/pcb_neg_dataset1_53/pcb_neg_dataset1_53.jpg,pcb_neg_dataset1_53.jpg,pcb_neg_dataset1,06_spurious_copper_03_jpg.rf.b3f957493b56e587db083b55af39f027.jpg,93fd93804ba3a1ff4af517fcce6b71d8
Data/pcb_neg_dataset1/pcb_neg_dataset1_54/pcb_neg_dataset1_54.jpg,pcb_neg_dataset1_54.jpg,pcb_neg_dataset1,06_spurious_copper_04_jpg.rf.72828bcc94d08681f5a01f594ed183da.jpg,c598043aac4940855e2ddee2a5924ef3
Data/pcb_neg_dataset1/pcb_neg_dataset1_55/pcb_neg_dataset1_55.jpg,pcb_neg_dataset1_55.jpg,pcb_neg_dataset1,06_spurious_copper_05_jpg.rf.182926d3b8636387fd3c696e81e91bef.jpg,4cf94ba3eae8de6db96cbf4c34e9660b
Data/pcb_neg_dataset1/pcb_neg_dataset1_56/pcb_neg_dataset1_56.jpg,pcb_neg_dataset1_56.jpg,pcb_neg_dataset1,06_spurious_copper_06_jpg.rf.ec08fd5f05394b248e97983f4bef95c8.jpg,ff5b87b50d54600e592b36c4b9ab6cff
Data/pcb_neg_dataset1/pcb_neg_dataset1_57/pcb_neg_dataset1_57.jpg,pcb_neg_dataset1_57.jpg,pcb_neg_dataset1,06_spurious_copper_07_jpg.rf.fa799bd75a432987a13ee7fee1a92d30.jpg,942817568be06ff005049fa43a83e725
Data/pcb_neg_dataset1/pcb_neg_dataset1_58/pcb_neg_dataset1_58.jpg,pcb_neg_dataset1_58.jpg,pcb_neg_dataset1,06_spurious_copper_08_jpg.rf.d824b2fd782f64851c03dc5a1a3c8ffd.jpg,285cfdd3f5a9b0037245cc934a37f2df
Data/pcb_neg_dataset1/pcb_neg_dataset1_59/pcb_neg_dataset1_59.jpg,pcb_neg_dataset1_59.jpg,pcb_neg_dataset1,06_spurious_copper_09_jpg.rf.092b04415ea183352b2ea05dfaa95335.jpg,ac677c6d027b7470e7d108701d7e2b2e
Data/pcb_neg_dataset1/pcb_neg_dataset1_6/pcb_neg_dataset1_6.jpg,pcb_neg_dataset1_6.jpg,pcb_neg_dataset1,01_spurious_copper_04_jpg.rf.f83e59da035eb3fc52e25007b59ae1d3.jpg,4979ec850c63b9d4a81d7c97c7ea0f90
Data/pcb_neg_dataset1/pcb_neg_dataset1_60/pcb_neg_dataset1_60.jpg,pcb_neg_dataset1_60.jpg,pcb_neg_dataset1,06_spurious_copper_10_jpg.rf.ecdf3f991a38af6f08a3e1ae2c2afc36.jpg,3f2bbaedf4d5a8766c221b268d1a0e37
Data/pcb_neg_dataset1/pcb_neg_dataset1_61/pcb_neg_dataset1_61.jpg,pcb_neg_dataset1_61.jpg,pcb_neg_dataset1,07_spurious_copper_01_jpg.rf.04eb35c8da8f27f0ca4ebac53dd62b27.jpg,d1ec1466af4e612ff170f599f32f9040
Data/pcb_neg_dataset1/pcb_neg_dataset1_62/pcb_neg_dataset1_62.jpg,pcb_neg_dataset1_62.jpg,pcb_neg_dataset1,07_spurious_copper_02_jpg.rf.de4cebf2d484e5e40d9abed50aa1f14d.jpg,66969830a9df53076712ca4874776891
Data/pcb_neg_dataset1/pcb_neg_dataset1_63/pcb_neg_dataset1_63.jpg,pcb_neg_dataset1_63.jpg,pcb_neg_dataset1,07_spurious_copper_03_jpg.rf.10bbb343125cc0ccb0ce46cef87eb098.jpg,e749af9621e8a211ffc8985b6a055ba0
Data/pcb_neg_dataset1/pcb_neg_dataset1_64/pcb_neg_dataset1_64.jpg,pcb_neg_dataset1_64.jpg,pcb_neg_dataset1,07_spurious_copper_04_jpg.rf.f1627280e936f6ccac16ff2d8997ef07.jpg,d59049126ebb3f848acafd2d2ff30c47
Data/pcb_neg_dataset1/pcb_neg_dataset1_65/pcb_neg_dataset1_65.jpg,pcb_neg_dataset1_65.jpg,pcb_neg_dataset1,07_spurious_copper_05_jpg.rf.71b5bbcd7a9202b013cc58bc7ff3bafe.jpg,88c8492e466b1a472f085c0ff781b9f1
Data/pcb_neg_dataset1/pcb_neg_dataset1_66/pcb_neg_dataset1_66.jpg,pcb_neg_dataset1_66.jpg,pcb_neg_dataset1,07_spurious_copper_06_jpg.rf.228dcf40849dcdffee2178921860901b.jpg,773e6e5514cdbed56ffcfdec296937cd
Data/pcb_neg_dataset1/pcb_neg_dataset1_67/pcb_neg_dataset1_67.jpg,pcb_neg_dataset1_67.jpg,pcb_neg_dataset1,07_spurious_copper_07_jpg.rf.8a76f3ac356255d1cee206bded2f43e5.jpg,18768b833c96323d52f32b6010f5d8bb
Data/pcb_neg_dataset1/pcb_neg_dataset1_68/pcb_neg_dataset1_68.jpg,pcb_neg_dataset1_68.jpg,pcb_neg_dataset1,07_spurious_copper_08_jpg.rf.efe5bea1a7eefc088f60e283b161b399.jpg,3d2157bda8aed4fad013b9e4596f6b0f
Data/pcb_neg_dataset1/pcb_neg_dataset1_69/pcb_neg_dataset1_69.jpg,pcb_neg_dataset1_69.jpg,pcb_neg_dataset1,07_spurious_copper_09_jpg.rf.f0205bb9fefeb8abe4098c8c18507c57.jpg,af9bfc5e107e22342ddf7732c4d9abe9
Data/pcb_neg_dataset1/pcb_neg_dataset1_7/pcb_neg_dataset1_7.jpg,pcb_neg_dataset1_7.jpg,pcb_neg_dataset1,01_spurious_copper_06_jpg.rf.bfbf72983fb26ac317c0183e8ff7c705.jpg,81fff138e0c42845a81a02ebb4e98724
Data/pcb_neg_dataset1/pcb_neg_dataset1_70/pcb_neg_dataset1_70.jpg,pcb_neg_dataset1_70.jpg,pcb_neg_dataset1,07_spurious_copper_10_jpg.rf.b2f7a4f5227f04be1fa56c20539f25d6.jpg,eb3cde1ad54660f6f88ffd6a386dc144
Data/pcb_neg_dataset1/pcb_neg_dataset1_71/pcb_neg_dataset1_71.jpg,pcb_neg_dataset1_71.jpg,pcb_neg_dataset1,08_spurious_copper_01_jpg.rf.8835186a8118e71e2b846ece35c70cf9.jpg,b269652d297e7e3036e7e92e3500de81
Data/pcb_neg_dataset1/pcb_neg_dataset1_72/pcb_neg_dataset1_72.jpg,pcb_neg_dataset1_72.jpg,pcb_neg_dataset1,08_spurious_copper_02_jpg.rf.71f4120d64313a94ce73c6132a96d55c.jpg,ef9f5cfe3877ac0743c803bfb92735b0
Data/pcb_neg_dataset1/pcb_neg_dataset1_73/pcb_neg_dataset1_73.jpg,pcb_neg_dataset1_73.jpg,pcb_neg_dataset1,08_spurious_copper_03_jpg.rf.38039d755e552df19472b0a5e3c3c490.jpg,ffcccf87755e8ff3fd2d04003b622015
Data/pcb_neg_dataset1/pcb_neg_dataset1_74/pcb_neg_dataset1_74.jpg,pcb_neg_dataset1_74.jpg,pcb_neg_dataset1,08_spurious_copper_04_jpg.rf.2a3ccdfead6f108e49a67b1240888584.jpg,c460c1af0362a01b614be2446237e986
Data/pcb_neg_dataset1/pcb_neg_dataset1_75/pcb_neg_dataset1_75.jpg,pcb_neg_dataset1_75.jpg,pcb_neg_dataset1,08_spurious_copper_05_jpg.rf.59b1d31e683bced4eee1354a84939e2a.jpg,58942aa4948001e2b6473ed11668e8f7
Data/pcb_neg_dataset1/pcb_neg_dataset1_76/pcb_neg_dataset1_76.jpg,pcb_neg_dataset1_76.jpg,pcb_neg_dataset1,08_spurious_copper_06_jpg.rf.5faa56c77da2411a9bc6748c1ee36312.jpg,528d5960c7b26771e7e12be45191b0a1
Data/pcb_neg_dataset1/pcb_neg_dataset1_77/pcb_neg_dataset1_77.jpg,pcb_neg_dataset1_77.jpg,pcb_neg_dataset1,08_spurious_copper_07_jpg.rf.504b5aa1107ad7f4b187cd9bffc91c11.jpg,cba8142b09df24991add8b1a22df194f
Data/pcb_neg_dataset1/pcb_neg_dataset1_78/pcb_neg_dataset1_78.jpg,pcb_neg_dataset1_78.jpg,pcb_neg_dataset1,08_spurious_copper_08_jpg.rf.0c217f9988d616299a2edae97d8fcd45.jpg,3df1c2606cea4622d61b3082d09a71d5
Data/pcb_neg_dataset1/pcb_neg_dataset1_79/pcb_neg_dataset1_79.jpg,pcb_neg_dataset1_79.jpg,pcb_neg_dataset1,08_spurious_copper_09_jpg.rf.662f38aa1eb99c0896740533ad36f30a.jpg,ed08b61a867cd81cdd42c46121a2d546
Data/pcb_neg_dataset1/pcb_neg_dataset1_8/pcb_neg_dataset1_8.jpg,pcb_neg_dataset1_8.jpg,pcb_neg_dataset1,01_spurious_copper_07_jpg.rf.48e1644d9bb5908f2911b0ac891c73c6.jpg,40df3602ff161c89932b29ec75739979
Data/pcb_neg_dataset1/pcb_neg_dataset1_80/pcb_neg_dataset1_80.jpg,pcb_neg_dataset1_80.jpg,pcb_neg_dataset1,08_spurious_copper_10_jpg.rf.a4f830152a1f7619c6d23e98af6f7f31.jpg,8b0e405094fcebb2e0abf937bbc2112a
Data/pcb_neg_dataset1/pcb_neg_dataset1_81/pcb_neg_dataset1_81.jpg,pcb_neg_dataset1_81.jpg,pcb_neg_dataset1,09_spurious_copper_01_jpg.rf.bc1d21f1c7daf3ed1f73557b3355d0a4.jpg,362662c6b2ca87403cf9ba78a8819b7c
Data/pcb_neg_dataset1/pcb_neg_dataset1_82/pcb_neg_dataset1_82.jpg,pcb_neg_dataset1_82.jpg,pcb_neg_dataset1,09_spurious_copper_02_jpg.rf.0ffb86f7f6a9782cccb60258989d5db7.jpg,76567e9ced540e148973013c18abfd37
Data/pcb_neg_dataset1/pcb_neg_dataset1_83/pcb_neg_dataset1_83.jpg,pcb_neg_dataset1_83.jpg,pcb_neg_dataset1,09_spurious_copper_03_jpg.rf.8cb69f524827a1dd6736bd47df2e5054.jpg,51b05ed20ad5395167f5afba1ce12c2f
Data/pcb_neg_dataset1/pcb_neg_dataset1_84/pcb_neg_dataset1_84.jpg,pcb_neg_dataset1_84.jpg,pcb_neg_dataset1,09_spurious_copper_04_jpg.rf.333bdbee238ede068ef2fb1be184baed.jpg,78b1362ffc6307c12e82fafcaf33eb0d
Data/pcb_neg_dataset1/pcb_neg_dataset1_85/pcb_neg_dataset1_85.jpg,pcb_neg_dataset1_85.jpg,pcb_neg_dataset1,09_spurious_copper_05_jpg.rf.edfaf283bc1bcf8851711757933379d0.jpg,f24fa575537d88a92911225f1aed48c3
Data/pcb_neg_dataset1/pcb_neg_dataset1_86/pcb_neg_dataset1_86.jpg,pcb_neg_dataset1_86.jpg,pcb_neg_dataset1,09_spurious_copper_06_jpg.rf.8f95c7be6c51520435377e5ebbcdf518.jpg,756ec2b5a775e9a87a36d22bf9f70d6e
Data/pcb_neg_dataset1/pcb_neg_dataset1_87/pcb_neg_dataset1_87.jpg,pcb_neg_dataset1_87.jpg,pcb_neg_dataset1,09_spurious_copper_07_jpg.rf.f251abbf9604551e40a66f635f90e4b0.jpg,91d0b910f7c9e33bf1a364018daf886b
Data/pcb_neg_dataset1/pcb_neg_dataset1_88/pcb_neg_dataset1_88.jpg,pcb_neg_dataset1_88.jpg,pcb_neg_dataset1,09_spurious_copper_08_jpg.rf.09fb86ce1b825c7470fb842d652d671f.jpg,63ed7865b860c244ced190b513cefa03
Data/pcb_neg_dataset1/pcb_neg_dataset1_89/pcb_neg_dataset1_89.jpg,pcb_neg_dataset1_89.jpg,pcb_neg_dataset1,09_spurious_copper_09_jpg.rf.354a0523885f0dca5407091491407d8b.jpg,5299ebe8ed0721dce1323d709443452c
Data/pcb_neg_dataset1/pcb_neg_dataset1_9/pcb_neg_dataset1_9.jpg,pcb_neg_dataset1_9.jpg,pcb_neg_dataset1,01_spurious_copper_08_jpg.rf.d0e988b64006a686adf34b2632bfae41.jpg,c2b91584809f4e20a968749b3706f3e9
Data/pcb_neg_dataset1/pcb_neg_dataset1_90/pcb_neg_dataset1_90.jpg,pcb_neg_dataset1_90.jpg,pcb_neg_dataset1,09_spurious_copper_10_jpg.rf.d8a0a1178f0b5603ab5de5190b45b8f2.jpg,fb75780e836c79e04d8a5245aebe6490
Data/pcb_neg_dataset1/pcb_neg_dataset1_91/pcb_neg_dataset1_91.jpg,pcb_neg_dataset1_91.jpg,pcb_neg_dataset1,10_spurious_copper_01_jpg.rf.c96f714fc91c2e9a9cfc18c213d8d826.jpg,18a463fad712170019000810a6da8c36
Data/pcb_neg_dataset1/pcb_neg_dataset1_92/pcb_neg_dataset1_92.jpg,pcb_neg_dataset1_92.jpg,pcb_neg_dataset1,10_spurious_copper_02_jpg.rf.5ef540f75228656997b0dc4be72ede96.jpg,e17a3066154a8d42214c8e6a26f9f96c
Data/pcb_neg_dataset1/pcb_neg_dataset1_93/pcb_neg_dataset1_93.jpg,pcb_neg_dataset1_93.jpg,pcb_neg_dataset1,10_spurious_copper_03_jpg.rf.7bb34dd4dda52818892dbc301a833609.jpg,f6287503a9819e40e74216b27d523fd7
Data/pcb_neg_dataset1/pcb_neg_dataset1_94/pcb_neg_dataset1_94.jpg,pcb_neg_dataset1_94.jpg,pcb_neg_dataset1,10_spurious_copper_04_jpg.rf.ddc1d5508a4378e8c59180cbc52a68ae.jpg,6f57a08a3d325965365b4f3c2c2936d0
Data/pcb_neg_dataset1/pcb_neg_dataset1_95/pcb_neg_dataset1_95.jpg,pcb_neg_dataset1_95.jpg,pcb_neg_dataset1,10_spurious_copper_05_jpg.rf.4c3834968fa688eaadf6a96ae67f9f44.jpg,865ce77163888fdf40b21d750513c814
Data/pcb_neg_dataset1/pcb_neg_dataset1_96/pcb_neg_dataset1_96.jpg,pcb_neg_dataset1_96.jpg,pcb_neg_dataset1,10_spurious_copper_06_jpg.rf.cf4cf2205561a6fb3ad037b0fcbb38eb.jpg,919c2665977ff9928b6733e23222905e
Data/pcb_neg_dataset1/pcb_neg_dataset1_97/pcb_neg_dataset1_97.jpg,pcb_neg_dataset1_97.jpg,pcb_neg_dataset1,11_spurious_copper_01_jpg.rf.d7ee0bf8759bf83504becd645473f2bd.jpg,3674427d5ff836c0ad1e85d90174faaa
Data/pcb_neg_dataset1/pcb_neg_dataset1_98/pcb_neg_dataset1_98.jpg,pcb_neg_dataset1_98.jpg,pcb_neg_dataset1,11_spurious_copper_02_jpg.rf.d5017fdb36f4db13a7bd61bebc9ac791.jpg,ee6849bd8732488382f99651139ad877
Data/pcb_neg_dataset1/pcb_neg_dataset1_99/pcb_neg_dataset1_99.jpg,pcb_neg_dataset1_99.jpg,pcb_neg_dataset1,11_spurious_copper_03_jpg.rf.e8da6e8b5a30c015ad6ae3e7df2cbf11.jpg,492097d4e246ac056eb0a7b42fd314cf
Data/pcb_neg_dataset2/pcb_neg_dataset2_1/pcb_neg_dataset2_1.jpg,pcb_neg_dataset2_1.jpg,pcb_neg_dataset2,01_spurious_copper_03_jpg.rf.81dd41f4c20dd373c7a48fb7b9934198.jpg,f97d933860d66c98d942e473f5259ed7
Data/pcb_neg_dataset2/pcb_neg_dataset2_10/pcb_neg_dataset2_10.jpg,pcb_neg_dataset2_10.jpg,pcb_neg_dataset2,05_spurious_copper_04_jpg.rf.94f1c205cc75ded5c2187503360a02dd.jpg,9ef3d16518376a801a0d7d92566fd1e2
Data/pcb_neg_dataset2/pcb_neg_dataset2_100/pcb_neg_dataset2_100.jpg,pcb_neg_dataset2_100.jpg,pcb_neg_dataset2,06_spurious_copper_08_jpg.rf.0b81ddff5f03ceeff71e9510683350a1.jpg,4ed5019ade029ec31240949958a014b7
Data/pcb_neg_dataset2/pcb_neg_dataset2_101/pcb_neg_dataset2_101.jpg,pcb_neg_dataset2_101.jpg,pcb_neg_dataset2,06_spurious_copper_08_jpg.rf.f282256c5679341d53513224e3d61511.jpg,bd30bb176e55add959c638a1d2a2876a
Data/pcb_neg_dataset2/pcb_neg_dataset2_102/pcb_neg_dataset2_102.jpg,pcb_neg_dataset2_102.jpg,pcb_neg_dataset2,06_spurious_copper_09_jpg.rf.eca585cc4dc19edcfd7e6991a6222205.jpg,2b76b65e4fef5f0b1365eb5ba3157861
Data/pcb_neg_dataset2/pcb_neg_dataset2_103/pcb_neg_dataset2_103.jpg,pcb_neg_dataset2_103.jpg,pcb_neg_dataset2,06_spurious_copper_09_jpg.rf.f8e4a51d71e422d134c55f455260bd88.jpg,e13539e6f9337fe679b7f7ce134a899a
Data/pcb_neg_dataset2/pcb_neg_dataset2_104/pcb_neg_dataset2_104.jpg,pcb_neg_dataset2_104.jpg,pcb_neg_dataset2,06_spurious_copper_10_jpg.rf.c3e9821e6443c2f48914ad3eaa40077b.jpg,9a820123182d8bdd96d903e630e3b44d
Data/pcb_neg_dataset2/pcb_neg_dataset2_105/pcb_neg_dataset2_105.jpg,pcb_neg_dataset2_105.jpg,pcb_neg_dataset2,07_spurious_copper_01_jpg.rf.0a91112797a94b0eb5903105a5cd5efd.jpg,5522639b74e16a0642195fb056838918
Data/pcb_neg_dataset2/pcb_neg_dataset2_106/pcb_neg_dataset2_106.jpg,pcb_neg_dataset2_106.jpg,pcb_neg_dataset2,07_spurious_copper_01_jpg.rf.5e2998224d11fec7cfe4231428f97fdb.jpg,c86c876316d747ba432e518a8df22e52
Data/pcb_neg_dataset2/pcb_neg_dataset2_107/pcb_neg_dataset2_107.jpg,pcb_neg_dataset2_107.jpg,pcb_neg_dataset2,07_spurious_copper_02_jpg.rf.3c5d66d035ae637bc1c0fc249d1552ec.jpg,68be18a6e5e615ce76747380a77ef592
Data/pcb_neg_dataset2/pcb_neg_dataset2_108/pcb_neg_dataset2_108.jpg,pcb_neg_dataset2_108.jpg,pcb_neg_dataset2,07_spurious_copper_03_jpg.rf.48c3347be15401429bd4d09885ad31ff.jpg,1567d1fd10a514396859d8aa16053b2b
Data/pcb_neg_dataset2/pcb_neg_dataset2_109/pcb_neg_dataset2_109.jpg,pcb_neg_dataset2_109.jpg,pcb_neg_dataset2,07_spurious_copper_03_jpg.rf.e2de87f44f7f127c0ceb394dbacaf3ce.jpg,8e09b54be7d706b3714d7b62337c9ce3
Data/pcb_neg_dataset2/pcb_neg_dataset2_11/pcb_neg_dataset2_11.jpg,pcb_neg_dataset2_11.jpg,pcb_neg_dataset2,05_spurious_copper_08_jpg.rf.e54622eb574d91430d4564f162b9455d.jpg,71d84c2a62a4be380b2508ad4ad883fc
Data/pcb_neg_dataset2/pcb_neg_dataset2_110/pcb_neg_dataset2_110.jpg,pcb_neg_dataset2_110.jpg,pcb_neg_dataset2,07_spurious_copper_04_jpg.rf.e1efae46475d68c391c40c0cbc4ff47c.jpg,dc2cc722c5a352b7db6bfedc7247d2ce
Data/pcb_neg_dataset2/pcb_neg_dataset2_111/pcb_neg_dataset2_111.jpg,pcb_neg_dataset2_111.jpg,pcb_neg_dataset2,07_spurious_copper_04_jpg.rf.f8b0cab8808f1f6601cfee8d80f1aad8.jpg,85a2c0ec0ab8da3fc90159cb930f5bb7
Data/pcb_neg_dataset2/pcb_neg_dataset2_112/pcb_neg_dataset2_112.jpg,pcb_neg_dataset2_112.jpg,pcb_neg_dataset2,07_spurious_copper_05_jpg.rf.2827241da6efac4adf02311a647cb5cf.jpg,219f81c3241f5e2c49b990d9bdc24ce9
Data/pcb_neg_dataset2/pcb_neg_dataset2_113/pcb_neg_dataset2_113.jpg,pcb_neg_dataset2_113.jpg,pcb_neg_dataset2,07_spurious_copper_06_jpg.rf.29e1d7bc91f4b552e0078b245699d604.jpg,1f56cda315e7d5c9523343b15a965f33
Data/pcb_neg_dataset2/pcb_neg_dataset2_114/pcb_neg_dataset2_114.jpg,pcb_neg_dataset2_114.jpg,pcb_neg_dataset2,07_spurious_copper_06_jpg.rf.6839dcabb1a273808c9688c717309f98.jpg,8978e7adc52fccbb8c8fcfd89292c145
Data/pcb_neg_dataset2/pcb_neg_dataset2_115/pcb_neg_dataset2_115.jpg,pcb_neg_dataset2_115.jpg,pcb_neg_dataset2,07_spurious_copper_07_jpg.rf.ba007c5ef35b68e4b6da9faba87c26e1.jpg,f395c05b723d80be5b16ca2ad766d558
Data/pcb_neg_dataset2/pcb_neg_dataset2_116/pcb_neg_dataset2_116.jpg,pcb_neg_dataset2_116.jpg,pcb_neg_dataset2,07_spurious_copper_08_jpg.rf.6d6d6a8857711f668c5e0f2153b76653.jpg,fac80d00a1dec664a9f2afdd8dbf58c7
Data/pcb_neg_dataset2/pcb_neg_dataset2_117/pcb_neg_dataset2_117.jpg,pcb_neg_dataset2_117.jpg,pcb_neg_dataset2,07_spurious_copper_08_jpg.rf.b1164b2870502892db1bbbd5eb565566.jpg,dd1f6a717429429f9748bd17ab21887c
Data/pcb_neg_dataset2/pcb_neg_dataset2_118/pcb_neg_dataset2_118.jpg,pcb_neg_dataset2_118.jpg,pcb_neg_dataset2,07_spurious_copper_09_jpg.rf.111e1ece39ec99b0248dcaae2a0a90e5.jpg,6e795b65700bcf5f0f53ce4a2f02c4d3
Data/pcb_neg_dataset2/pcb_neg_dataset2_119/pcb_neg_dataset2_119.jpg,pcb_neg_dataset2_119.jpg,pcb_neg_dataset2,07_spurious_copper_10_jpg.rf.3494692979ec4cf4338f03e84747c0d2.jpg,a3dda0525a0c4167dfa10332200dcb1f
Data/pcb_neg_dataset2/pcb_neg_dataset2_12/pcb_neg_dataset2_12.jpg,pcb_neg_dataset2_12.jpg,pcb_neg_dataset2,05_spurious_copper_10_jpg.rf.1cd30765fe8dcf37b1c98c9321fa424a.jpg,10dde8c7100a31bf7e4367719bb2faf1
Data/pcb_neg_dataset2/pcb_neg_dataset2_120/pcb_neg_dataset2_120.jpg,pcb_neg_dataset2_120.jpg,pcb_neg_dataset2,07_spurious_copper_10_jpg.rf.819bb06ea1309136fc240e86016b0f83.jpg,a9914b73f9fcec2849de5f60ecf6798c
Data/pcb_neg_dataset2/pcb_neg_dataset2_121/pcb_neg_dataset2_121.jpg,pcb_neg_dataset2_121.jpg,pcb_neg_dataset2,08_spurious_copper_01_jpg.rf.cc59f7587324c239dcd665d9d2577886.jpg,be94ac20eb7059c1fd83fb57ac775e82
Data/pcb_neg_dataset2/pcb_neg_dataset2_122/pcb_neg_dataset2_122.jpg,pcb_neg_dataset2_122.jpg,pcb_neg_dataset2,08_spurious_copper_02_jpg.rf.bdcdff7e97d641f032865f68bf1e8c89.jpg,01b73d0814a487e3be36595254518def
Data/pcb_neg_dataset2/pcb_neg_dataset2_123/pcb_neg_dataset2_123.jpg,pcb_neg_dataset2_123.jpg,pcb_neg_dataset2,08_spurious_copper_04_jpg.rf.48dff45e1f6f6b8d4da9ef6c7b4e61b6.jpg,c64d231875e97b6bf7cad0716b36127b
Data/pcb_neg_dataset2/pcb_neg_dataset2_124/pcb_neg_dataset2_124.jpg,pcb_neg_dataset2_124.jpg,pcb_neg_dataset2,08_spurious_copper_04_jpg.rf.af22ad9548422658d184c250084ec89b.jpg,654a2937d780225b3b7279cdce8e6748
Data/pcb_neg_dataset2/pcb_neg_dataset2_125/pcb_neg_dataset2_125.jpg,pcb_neg_dataset2_125.jpg,pcb_neg_dataset2,08_spurious_copper_05_jpg.rf.e5648cff507430bd423dc3ca82a8a474.jpg,998dd32641a5e4ac0df2ca9ffc42886e
Data/pcb_neg_dataset2/pcb_neg_dataset2_126/pcb_neg_dataset2_126.jpg,pcb_neg_dataset2_126.jpg,pcb_neg_dataset2,08_spurious_copper_06_jpg.rf.38bdf3fb466d3f2ee3741ac5b1d8490a.jpg,dc17f4d6efab7d30026e6a8389045eed
Data/pcb_neg_dataset2/pcb_neg_dataset2_127/pcb_neg_dataset2_127.jpg,pcb_neg_dataset2_127.jpg,pcb_neg_dataset2,08_spurious_copper_06_jpg.rf.d9d169703852ff3be5ddf81023356570.jpg,101e7ec37b53f2fdb8b2edb23f9fce9f
Data/pcb_neg_dataset2/pcb_neg_dataset2_128/pcb_neg_dataset2_128.jpg,pcb_neg_dataset2_128.jpg,pcb_neg_dataset2,08_spurious_copper_07_jpg.rf.153aeab1bfbfd5a8e60501ec094e8495.jpg,62d9eeff557cf4fbf307bb454e493ac9
Data/pcb_neg_dataset2/pcb_neg_dataset2_129/pcb_neg_dataset2_129.jpg,pcb_neg_dataset2_129.jpg,pcb_neg_dataset2,08_spurious_copper_07_jpg.rf.d4a84d24100098f0f6dff68f383c2990.jpg,33a061c8724b1f9e525477d2af24e1ea
Data/pcb_neg_dataset2/pcb_neg_dataset2_13/pcb_neg_dataset2_13.jpg,pcb_neg_dataset2_13.jpg,pcb_neg_dataset2,06_spurious_copper_02_jpg.rf.f3fb0075f9488fa6e449e2b6091ceb39.jpg,aea61bb9aa037c37c8823f59fce1506d
Data/pcb_neg_dataset2/pcb_neg_dataset2_130/pcb_neg_dataset2_130.jpg,pcb_neg_dataset2_130.jpg,pcb_neg_dataset2,08_spurious_copper_08_jpg.rf.d6397279460c8662cd5dcd6f3e29d3b3.jpg,5115cfe257b82c475af7488fb92b1cd5
Data/pcb_neg_dataset2/pcb_neg_dataset2_131/pcb_neg_dataset2_131.jpg,pcb_neg_dataset2_131.jpg,pcb_neg_dataset2,08_spurious_copper_09_jpg.rf.2f5bedd1c1a2200e34d066422f6f2ada.jpg,f0712533e4896e59250a507e0e0e82eb
Data/pcb_neg_dataset2/pcb_neg_dataset2_132/pcb_neg_dataset2_132.jpg,pcb_neg_dataset2_132.jpg,pcb_neg_dataset2,08_spurious_copper_10_jpg.rf.51c92fb20715416b33202bcb792bc152.jpg,9b45c43e6a1c5ff12fbd0a83705885b5
Data/pcb_neg_dataset2/pcb_neg_dataset2_133/pcb_neg_dataset2_133.jpg,pcb_neg_dataset2_133.jpg,pcb_neg_dataset2,09_spurious_copper_01_jpg.rf.6292b4f7c2da49ba86b2696e2fe8c273.jpg,13ea6404bfe3a73990357cba3d4ee3c2
Data/pcb_neg_dataset2/pcb_neg_dataset2_134/pcb_neg_dataset2_134.jpg,pcb_neg_dataset2_134.jpg,pcb_neg_dataset2,09_spurious_copper_02_jpg.rf.5baeed4c3b07c7e711e3459185a2c486.jpg,9494369a1ebdeb2900d3ef5ac588c54b
Data/pcb_neg_dataset2/pcb_neg_dataset2_135/pcb_neg_dataset2_135.jpg,pcb_neg_dataset2_135.jpg,pcb_neg_dataset2,09_spurious_copper_03_jpg.rf.0a218b5229411e1d5816bce33b28f6e0.jpg,4c95cca267fb804be9dcc48f9a8aca94
Data/pcb_neg_dataset2/pcb_neg_dataset2_136/pcb_neg_dataset2_136.jpg,pcb_neg_dataset2_136.jpg,pcb_neg_dataset2,09_spurious_copper_04_jpg.rf.0c82867078931befc923be8039254635.jpg,32206b5cb987dced937f2d5de0c6bff4
Data/pcb_neg_dataset2/pcb_neg_dataset2_137/pcb_neg_dataset2_137.jpg,pcb_neg_dataset2_137.jpg,pcb_neg_dataset2,09_spurious_copper_04_jpg.rf.b4dd212279299009e847d4e88a866349.jpg,4b0af0e1e9b5cdf148e81c909490c16a
Data/pcb_neg_dataset2/pcb_neg_dataset2_138/pcb_neg_dataset2_138.jpg,pcb_neg_dataset2_138.jpg,pcb_neg_dataset2,09_spurious_copper_05_jpg.rf.2a05d3f9ebe731bc56f9f616d90e82c8.jpg,f3113aa4629e512d5f7cb3a7424b0500
Data/pcb_neg_dataset2/pcb_neg_dataset2_139/pcb_neg_dataset2_139.jpg,pcb_neg_dataset2_139.jpg,pcb_neg_dataset2,09_spurious_copper_05_jpg.rf.88d4b0dbbddb00c0c40ea0a6994fb6d1.jpg,6672767ab6e5f4d8d7aee189b1414fc9
Data/pcb_neg_dataset2/pcb_neg_dataset2_14/pcb_neg_dataset2_14.jpg,pcb_neg_dataset2_14.jpg,pcb_neg_dataset2,06_spurious_copper_03_jpg.rf.e28453c837d8470361ee48d524fceca3.jpg,f90a12058534eab26f1a25514099b3b1
Data/pcb_neg_dataset2/pcb_neg_dataset2_140/pcb_neg_dataset2_140.jpg,pcb_neg_dataset2_140.jpg,pcb_neg_dataset2,09_spurious_copper_06_jpg.rf.0c36a1d1ea508118aa205f711c6bf462.jpg,9db2b7d178992596652452365e431f80
Data/pcb_neg_dataset2/pcb_neg_dataset2_141/pcb_neg_dataset2_141.jpg,pcb_neg_dataset2_141.jpg,pcb_neg_dataset2,09_spurious_copper_06_jpg.rf.9a1b32606c2a039d83783aaa4b058c7b.jpg,be72ceb6327962ec46792d12ce5ced9b
Data/pcb_neg_dataset2/pcb_neg_dataset2_142/pcb_neg_dataset2_142.jpg,pcb_neg_dataset2_142.jpg,pcb_neg_dataset2,09_spurious_copper_07_jpg.rf.0ec2554314765c89b81b086377177402.jpg,a4e58141d2a5c7af15aabcde839b1ed8
Data/pcb_neg_dataset2/pcb_neg_dataset2_143/pcb_neg_dataset2_143.jpg,pcb_neg_dataset2_143.jpg,pcb_neg_dataset2,09_spurious_copper_07_jpg.rf.93e0c019969b8716ac2de327b8aebe15.jpg,bbe42f5db6eeff18225dd190e17361a2
Data/pcb_neg_dataset2/pcb_neg_dataset2_144/pcb_neg_dataset2_144.jpg,pcb_neg_dataset2_144.jpg,pcb_neg_dataset2,09_spurious_copper_08_jpg.rf.798ec383d4466221a43d005e99ec12cd.jpg,b8fa5a51b0ab611af4bab74b6cb8acef
Data/pcb_neg_dataset2/pcb_neg_dataset2_145/pcb_neg_dataset2_145.jpg,pcb_neg_dataset2_145.jpg,pcb_neg_dataset2,09_spurious_copper_09_jpg.rf.3720918dd9c32db78dafea06fe493e3a.jpg,9757687a7c8fc7b9737e16735453974f
Data/pcb_neg_dataset2/pcb_neg_dataset2_146/pcb_neg_dataset2_146.jpg,pcb_neg_dataset2_146.jpg,pcb_neg_dataset2,09_spurious_copper_09_jpg.rf.5636adce571d4c1834f1a096a00fce38.jpg,aac6e994723f89b181b28873ed8bc190
Data/pcb_neg_dataset2/pcb_neg_dataset2_147/pcb_neg_dataset2_147.jpg,pcb_neg_dataset2_147.jpg,pcb_neg_dataset2,09_spurious_copper_10_jpg.rf.0187e03d8ab119494ca73ed5f5fa4a47.jpg,de4fc084ced526b14d0fe0372c760c0a
Data/pcb_neg_dataset2/pcb_neg_dataset2_148/pcb_neg_dataset2_148.jpg,pcb_neg_dataset2_148.jpg,pcb_neg_dataset2,09_spurious_copper_10_jpg.rf.36a1711023950bd4763a49d2931a53c8.jpg,7d68b59df8e629dc89f3f0612a209ff1
Data/pcb_neg_dataset2/pcb_neg_dataset2_149/pcb_neg_dataset2_149.jpg,pcb_neg_dataset2_149.jpg,pcb_neg_dataset2,10_spurious_copper_01_jpg.rf.8bda4f2323e6f1ce69497a07f22b82c2.jpg,afbca1d32a694d0d2821ddc4850fb712
Data/pcb_neg_dataset2/pcb_neg_dataset2_15/pcb_neg_dataset2_15.jpg,pcb_neg_dataset2_15.jpg,pcb_neg_dataset2,06_spurious_copper_04_jpg.rf.3b296e54ffa5fa44acec676f9ab8d44f.jpg,7160899c088b397e71bd34dc6e1a90f3
Data/pcb_neg_dataset2/pcb_neg_dataset2_150/pcb_neg_dataset2_150.jpg,pcb_neg_dataset2_150.jpg,pcb_neg_dataset2,10_spurious_copper_01_jpg.rf.be585253d4dadbb0e26284d85bf78bb8.jpg,4f7d65ee65e18510ae45a1ddb9facf44
Data/pcb_neg_dataset2/pcb_neg_dataset2_151/pcb_neg_dataset2_151.jpg,pcb_neg_dataset2_151.jpg,pcb_neg_dataset2,10_spurious_copper_02_jpg.rf.a4ace11abfd17db22db810173a2447c8.jpg,81d57a14eff5d3ccbeabf3427345a64a
Data/pcb_neg_dataset2/pcb_neg_dataset2_152/pcb_neg_dataset2_152.jpg,pcb_neg_dataset2_152.jpg,pcb_neg_dataset2,10_spurious_copper_03_jpg.rf.248018c3695e5eb73e2b0c820d0b5129.jpg,caa75d27d76e1d98c2f658a3ee9acf2b
Data/pcb_neg_dataset2/pcb_neg_dataset2_153/pcb_neg_dataset2_153.jpg,pcb_neg_dataset2_153.jpg,pcb_neg_dataset2,10_spurious_copper_03_jpg.rf.da33ec238e4a75d31dd8b4066d9e4671.jpg,9ce51ee4163b31e893985b4e4b4eb1d3
Data/pcb_neg_dataset2/pcb_neg_dataset2_154/pcb_neg_dataset2_154.jpg,pcb_neg_dataset2_154.jpg,pcb_neg_dataset2,10_spurious_copper_04_jpg.rf.264d860393bd4315c7f021d3c9c4b8a7.jpg,1d81d06d58d7138cade12be7f4a98e3d
Data/pcb_neg_dataset2/pcb_neg_dataset2_155/pcb_neg_dataset2_155.jpg,pcb_neg_dataset2_155.jpg,pcb_neg_dataset2,10_spurious_copper_05_jpg.rf.acbb091b2a12522363ffebd72e0bdcc7.jpg,9c504e472fb3832063646a22ab5a5cce
Data/pcb_neg_dataset2/pcb_neg_dataset2_156/pcb_neg_dataset2_156.jpg,pcb_neg_dataset2_156.jpg,pcb_neg_dataset2,10_spurious_copper_06_jpg.rf.c8521aee1facf0fac477c8c627917c05.jpg,f5da3a65ceb3603d9ae474dd3638ac53
Data/pcb_neg_dataset2/pcb_neg_dataset2_157/pcb_neg_dataset2_157.jpg,pcb_neg_dataset2_157.jpg,pcb_neg_dataset2,10_spurious_copper_06_jpg.rf.e990e858f163beeefc7b2f2ad8156501.jpg,958bd7b68639ebcf0ec3ec6f5ae5f0a2
Data/pcb_neg_dataset2/pcb_neg_dataset2_158/pcb_neg_dataset2_158.jpg,pcb_neg_dataset2_158.jpg,pcb_neg_dataset2,11_spurious_copper_01_jpg.rf.28652be7c12f497a1b5de9618d540ab3.jpg,d9f74593e143542855b2efb8910d6125
Data/pcb_neg_dataset2/pcb_neg_dataset2_159/pcb_neg_dataset2_159.jpg,pcb_neg_dataset2_159.jpg,pcb_neg_dataset2,11_spurious_copper_01_jpg.rf.30de2343a934f209a1bf06ff656e8833.jpg,331a45d8748f5b9501409a15d62f47fc
Data/pcb_neg_dataset2/pcb_neg_dataset2_16/pcb_neg_dataset2_16.jpg,pcb_neg_dataset2_16.jpg,pcb_neg_dataset2,07_spurious_copper_05_jpg.rf.dbee2086b8f45a1ce6c5721e556ff6a8.jpg,3167ce9747668b29c6fab92e689c9332
Data/pcb_neg_dataset2/pcb_neg_dataset2_160/pcb_neg_dataset2_160.jpg,pcb_neg_dataset2_160.jpg,pcb_neg_dataset2,11_spurious_copper_02_jpg.rf.39fab25d4bf24ce1f376b135cbc8fd94.jpg,034366abf36f2d0c6a8e3e3b50b4d593
Data/pcb_neg_dataset2/pcb_neg_dataset2_161/pcb_neg_dataset2_161.jpg,pcb_neg_dataset2_161.jpg,pcb_neg_dataset2,11_spurious_copper_02_jpg.rf.fd5d264e6e970c67b20d1892170364eb.jpg,536a423dfae89ea14d245fe59f857da2
Data/pcb_neg_dataset2/pcb_neg_dataset2_162/pcb_neg_dataset2_162.jpg,pcb_neg_dataset2_162.jpg,pcb_neg_dataset2,11_spurious_copper_04_jpg.rf.9854bc91e950f25399600e7ffd1569c7.jpg,9462a6cacb0c15b49479773d8a43a225
Data/pcb_neg_dataset2/pcb_neg_dataset2_163/pcb_neg_dataset2_163.jpg,pcb_neg_dataset2_163.jpg,pcb_neg_dataset2,11_spurious_copper_04_jpg.rf.ec2d992eccaa022b20c929ddd402b2d1.jpg,d05d2d9909081cc0dcc8fac4f15d6885
Data/pcb_neg_dataset2/pcb_neg_dataset2_164/pcb_neg_dataset2_164.jpg,pcb_neg_dataset2_164.jpg,pcb_neg_dataset2,11_spurious_copper_05_jpg.rf.78cd91c1949841a3e67ca3af8651a40d.jpg,61a22c8daa6082b8f50f9b5e2505cde8
Data/pcb_neg_dataset2/pcb_neg_dataset2_165/pcb_neg_dataset2_165.jpg,pcb_neg_dataset2_165.jpg,pcb_neg_dataset2,11_spurious_copper_05_jpg.rf.bdbdacd103720b390aff60bc4c419923.jpg,f234805856f067e688f8ce2ae3588131
Data/pcb_neg_dataset2/pcb_neg_dataset2_166/pcb_neg_dataset2_166.jpg,pcb_neg_dataset2_166.jpg,pcb_neg_dataset2,11_spurious_copper_06_jpg.rf.3edec922b0adccab0f05284c2668336a.jpg,7544c472d7b2aba5a137a7ccf9519dfc
Data/pcb_neg_dataset2/pcb_neg_dataset2_167/pcb_neg_dataset2_167.jpg,pcb_neg_dataset2_167.jpg,pcb_neg_dataset2,11_spurious_copper_07_jpg.rf.7169a7c68688da264367f0c8f52d0f2a.jpg,f4163f755942f480ad4048a19b53bd54
Data/pcb_neg_dataset2/pcb_neg_dataset2_168/pcb_neg_dataset2_168.jpg,pcb_neg_dataset2_168.jpg,pcb_neg_dataset2,11_spurious_copper_07_jpg.rf.dc7c1c68c72a024800b943b02886b6aa.jpg,2a51b306b204c73f7a1f2a4d1095c7c0
Data/pcb_neg_dataset2/pcb_neg_dataset2_169/pcb_neg_dataset2_169.jpg,pcb_neg_dataset2_169.jpg,pcb_neg_dataset2,11_spurious_copper_08_jpg.rf.b6dd5552934e53a19649e934259eec8b.jpg,0e06cb09d6523a2d8243064baf70371c
Data/pcb_neg_dataset2/pcb_neg_dataset2_17/pcb_neg_dataset2_17.jpg,pcb_neg_dataset2_17.jpg,pcb_neg_dataset2,08_spurious_copper_10_jpg.rf.f3f68353da1a315db1fe22435dbb14a0.jpg,21268ef78ddf75481ae2ccfd7ccd95b6
Data/pcb_neg_dataset2/pcb_neg_dataset2_170/pcb_neg_dataset2_170.jpg,pcb_neg_dataset2_170.jpg,pcb_neg_dataset2,11_spurious_copper_08_jpg.rf.dff914a88691d45bef7edd945bf37893.jpg,a54338494aa04526ff6d64c22d2381e6
Data/pcb_neg_dataset2/pcb_neg_dataset2_171/pcb_neg_dataset2_171.jpg,pcb_neg_dataset2_171.jpg,pcb_neg_dataset2,11_spurious_copper_09_jpg.rf.e4e13f5d234ccc8e2eae69e1bc4d8449.jpg,f7570962a457ce7501186f7f976f95b6
Data/pcb_neg_dataset2/pcb_neg_dataset2_172/pcb_neg_dataset2_172.jpg,pcb_neg_dataset2_172.jpg,pcb_neg_dataset2,11_spurious_copper_10_jpg.rf.5b9bf866f208ae1cad2869c0affd8157.jpg,9b2886402479407bd3b2c31ddb94d807
Data/pcb_neg_dataset2/pcb_neg_dataset2_173/pcb_neg_dataset2_173.jpg,pcb_neg_dataset2_173.jpg,pcb_neg_dataset2,11_spurious_copper_10_jpg.rf.eab3aca8480b9854b1caed722c7edd3a.jpg,ad040ca9c92de3547a1536cc55bb7c96
Data/pcb_neg_dataset2/pcb_neg_dataset2_174/pcb_neg_dataset2_174.jpg,pcb_neg_dataset2_174.jpg,pcb_neg_dataset2,12_spurious_copper_01_jpg.rf.f724384d1603d9d779e3016919d21c50.jpg,997d9958347ac7f5b15b4d55fab21df6
Data/pcb_neg_dataset2/pcb_neg_dataset2_175/pcb_neg_dataset2_175.jpg,pcb_neg_dataset2_175.jpg,pcb_neg_dataset2,12_spurious_copper_02_jpg.rf.bab7cc427047c0708b95e160da417b38.jpg,b570f8fb6e94086472c8d819e9461ee1
Data/pcb_neg_dataset2/pcb_neg_dataset2_176/pcb_neg_dataset2_176.jpg,pcb_neg_dataset2_176.jpg,pcb_neg_dataset2,12_spurious_copper_03_jpg.rf.6e2649ddc82f5ece104736b3653549d2.jpg,5297699d28bd9a7ea9ecef9b15db491f
Data/pcb_neg_dataset2/pcb_neg_dataset2_177/pcb_neg_dataset2_177.jpg,pcb_neg_dataset2_177.jpg,pcb_neg_dataset2,12_spurious_copper_03_jpg.rf.f866261d1d81eda81e2bfb80ced721bd.jpg,3f5f5fc54e773ca5fecdb447819c7d15
Data/pcb_neg_dataset2/pcb_neg_dataset2_178/pcb_neg_dataset2_178.jpg,pcb_neg_dataset2_178.jpg,pcb_neg_dataset2,12_spurious_copper_04_jpg.rf.01a0efddb506160af07259a826b4aef4.jpg,a76e2a8579fd28d9ef43278d68d192fa
Data/pcb_neg_dataset2/pcb_neg_dataset2_179/pcb_neg_dataset2_179.jpg,pcb_neg_dataset2_179.jpg,pcb_neg_dataset2,12_spurious_copper_05_jpg.rf.6ef933ece5c055cb6d5a8b8132eb3984.jpg,c567540067dbb5affdb593c6a43e1305
Data/pcb_neg_dataset2/pcb_neg_dataset2_18/pcb_neg_dataset2_18.jpg,pcb_neg_dataset2_18.jpg,pcb_neg_dataset2,09_spurious_copper_03_jpg.rf.e69a7751a8c2cb4f4f4f40836a72abf2.jpg,5b558b9b90d34b8c162d9a1adfa6dad4
Data/pcb_neg_dataset2/pcb_neg_dataset2_180/pcb_neg_dataset2_180.jpg,pcb_neg_dataset2_180.jpg,pcb_neg_dataset2,12_spurious_copper_05_jpg.rf.87125d00ece05f27134ee7c0a96edb82.jpg,763e033571a951971d0b8db05220efda
Data/pcb_neg_dataset2/pcb_neg_dataset2_181/pcb_neg_dataset2_181.jpg,pcb_neg_dataset2_181.jpg,pcb_neg_dataset2,12_spurious_copper_06_jpg.rf.328f6755fde082c05a76d78237eba8e6.jpg,3cf50d7276a1449d5c680202882e694e
Data/pcb_neg_dataset2/pcb_neg_dataset2_182/pcb_neg_dataset2_182.jpg,pcb_neg_dataset2_182.jpg,pcb_neg_dataset2,12_spurious_copper_07_jpg.rf.2eeac82ffef6320ec9190478184827ff.jpg,9458ad061cad4db7a7d9d1610e8fae44
Data/pcb_neg_dataset2/pcb_neg_dataset2_183/pcb_neg_dataset2_183.jpg,pcb_neg_dataset2_183.jpg,pcb_neg_dataset2,12_spurious_copper_08_jpg.rf.e78b6e79cb937e6542d911d5642d4ad4.jpg,41b7684db81cfaf1106fafc9cee356f8
Data/pcb_neg_dataset2/pcb_neg_dataset2_184/pcb_neg_dataset2_184.jpg,pcb_neg_dataset2_184.jpg,pcb_neg_dataset2,12_spurious_copper_09_jpg.rf.636f452395ca24fc3f7b77502e82950d.jpg,f7e67588d91d22829d9baf05aed7d82d
Data/pcb_neg_dataset2/pcb_neg_dataset2_185/pcb_neg_dataset2_185.jpg,pcb_neg_dataset2_185.jpg,pcb_neg_dataset2,12_spurious_copper_09_jpg.rf.e29918f80b291edd0098fd449a3d626a.jpg,a32e80d8cab85d02cb2b1201d3ea572c
Data/pcb_neg_dataset2/pcb_neg_dataset2_186/pcb_neg_dataset2_186.jpg,pcb_neg_dataset2_186.jpg,pcb_neg_dataset2,12_spurious_copper_10_jpg.rf.97c59080983ab67d64fdc3e4d1d09008.jpg,f1e7800f46f5a02225f629afe3ec7e12
Data/pcb_neg_dataset2/pcb_neg_dataset2_187/pcb_neg_dataset2_187.jpg,pcb_neg_dataset2_187.jpg,pcb_neg_dataset2,12_spurious_copper_10_jpg.rf.b8c18f8dc382557342e56dd2e9f8e154.jpg,3ab35a28065da3c17d5e0e6c8bbe5f8c
Data/pcb_neg_dataset2/pcb_neg_dataset2_188/pcb_neg_dataset2_188.jpg,pcb_neg_dataset2_188.jpg,pcb_neg_dataset2,01_spurious_copper_05_jpg.rf.d433053d4f2edfa45760b76fd83c5b7f.jpg,d263ba169a0a6449fbf300f168f3cf1f
Data/pcb_neg_dataset2/pcb_neg_dataset2_189/pcb_neg_dataset2_189.jpg,pcb_neg_dataset2_189.jpg,pcb_neg_dataset2,01_spurious_copper_06_jpg.rf.4ad5e84d9342f5d26d6360ea8a79e216.jpg,b4e36f03744b75a73c2bcac1b768971b
Data/pcb_neg_dataset2/pcb_neg_dataset2_19/pcb_neg_dataset2_19.jpg,pcb_neg_dataset2_19.jpg,pcb_neg_dataset2,11_spurious_copper_06_jpg.rf.7ea88be1bb1a37bb2298d0f883bb8ae2.jpg,df374d664f8cb090ddc5f13b71375780
Data/pcb_neg_dataset2/pcb_neg_dataset2_190/pcb_neg_dataset2_190.jpg,pcb_neg_dataset2_190.jpg,pcb_neg_dataset2,01_spurious_copper_06_jpg.rf.7e63ad4d48c6d43c03fc9c501c888010.jpg,5fe2ccf1e0105732e7966c0f0a21f196
Data/pcb_neg_dataset2/pcb_neg_dataset2_191/pcb_neg_dataset2_191.jpg,pcb_neg_dataset2_191.jpg,pcb_neg_dataset2,01_spurious_copper_08_jpg.rf.d87cbc6942b3bc0b29d184ab8755eba6.jpg,7d10b056f249115126a547124ecd264d
Data/pcb_neg_dataset2/pcb_neg_dataset2_192/pcb_neg_dataset2_192.jpg,pcb_neg_dataset2_192.jpg,pcb_neg_dataset2,01_spurious_copper_09_jpg.rf.c182bfc12f7f52a66d8c92f20c653d4d.jpg,ef843c3df525b78935eda0ce0f4e04e5
Data/pcb_neg_dataset2/pcb_neg_dataset2_193/pcb_neg_dataset2_193.jpg,pcb_neg_dataset2_193.jpg,pcb_neg_dataset2,01_spurious_copper_11_jpg.rf.07b464518b9ca0ca460a443d560430ee.jpg,ac9b31135e143d58a07bfc23783f08a9
Data/pcb_neg_dataset2/pcb_neg_dataset2_194/pcb_neg_dataset2_194.jpg,pcb_neg_dataset2_194.jpg,pcb_neg_dataset2,01_spurious_copper_15_jpg.rf.83fc86550d0c250d1907daf5e719ca1f.jpg,7e41abb3d6903f928bc2b3fcfdba7d8d
Data/pcb_neg_dataset2/pcb_neg_dataset2_195/pcb_neg_dataset2_195.jpg,pcb_neg_dataset2_195.jpg,pcb_neg_dataset2,04_spurious_copper_04_jpg.rf.8a1a1138704ebd65e4ad95a3609a6271.jpg,298558cf863032e2ba32659c47ed8c66
Data/pcb_neg_dataset2/pcb_neg_dataset2_196/pcb_neg_dataset2_196.jpg,pcb_neg_dataset2_196.jpg,pcb_neg_dataset2,04_spurious_copper_09_jpg.rf.0b25d9ed2ae8f9676eff79c5f6b2d225.jpg,3a37d1f6cd3a27ea120e20ab72789c94
Data/pcb_neg_dataset2/pcb_neg_dataset2_197/pcb_neg_dataset2_197.jpg,pcb_neg_dataset2_197.jpg,pcb_neg_dataset2,04_spurious_copper_10_jpg.rf.42c03eb3d75dbee5e8b7ede2fac11390.jpg,f39111a87948986f1b75d191380f0ccb
Data/pcb_neg_dataset2/pcb_neg_dataset2_198/pcb_neg_dataset2_198.jpg,pcb_neg_dataset2_198.jpg,pcb_neg_dataset2,04_spurious_copper_12_jpg.rf.17c950ee8cc4d0ed5a27413cf6930bce.jpg,fc79d005dd12c6cb947ceeab87f58702
Data/pcb_neg_dataset2/pcb_neg_dataset2_199/pcb_neg_dataset2_199.jpg,pcb_neg_dataset2_199.jpg,pcb_neg_dataset2,04_spurious_copper_13_jpg.rf.f18de114a9a4779690a3ca472c47ad34.jpg,f79b666ec4cf2fe31c1bad09d4fcd505
Data/pcb_neg_dataset2/pcb_neg_dataset2_2/pcb_neg_dataset2_2.jpg,pcb_neg_dataset2_2.jpg,pcb_neg_dataset2,01_spurious_copper_04_jpg.rf.78d82f451293bd78bfcccd7ae86744ba.jpg,e303d9f23f22c2b31c894411ca3914e4
Data/pcb_neg_dataset2/pcb_neg_dataset2_20/pcb_neg_dataset2_20.jpg,pcb_neg_dataset2_20.jpg,pcb_neg_dataset2,12_spurious_copper_04_jpg.rf.d651f453de0c8d50af50c28af2aa4fd7.jpg,cafe445c573fe4ddf886d8c2f59c6111
Data/pcb_neg_dataset2/pcb_neg_dataset2_200/pcb_neg_dataset2_200.jpg,pcb_neg_dataset2_200.jpg,pcb_neg_dataset2,04_spurious_copper_15_jpg.rf.294b7c2db46483a05b19039d69deb9b0.jpg,5548c2dbaba781d134a4b6ecf0727021
Data/pcb_neg_dataset2/pcb_neg_dataset2_201/pcb_neg_dataset2_201.jpg,pcb_neg_dataset2_201.jpg,pcb_neg_dataset2,04_spurious_copper_15_jpg.rf.ddae16b2dc08a4e6dd9341658cf26bee.jpg,f44fc88f7b18767218f6d0d6500ea0eb
Data/pcb_neg_dataset2/pcb_neg_dataset2_202/pcb_neg_dataset2_202.jpg,pcb_neg_dataset2_202.jpg,pcb_neg_dataset2,04_spurious_copper_16_jpg.rf.bb4dd8a63511d31bf997df295303fc80.jpg,97ecce76680eaa1e4ee63acad79f0f41
Data/pcb_neg_dataset2/pcb_neg_dataset2_203/pcb_neg_dataset2_203.jpg,pcb_neg_dataset2_203.jpg,pcb_neg_dataset2,05_spurious_copper_03_jpg.rf.ad25e456281719ebeca091fa9944180c.jpg,46eddfd7e7b56149887c2387d84ebd6f
Data/pcb_neg_dataset2/pcb_neg_dataset2_204/pcb_neg_dataset2_204.jpg,pcb_neg_dataset2_204.jpg,pcb_neg_dataset2,05_spurious_copper_04_jpg.rf.33ffbe8b57bb58f7207fc06a617152e9.jpg,61e2e1ffbf64ceee210c54bf6998b483
Data/pcb_neg_dataset2/pcb_neg_dataset2_205/pcb_neg_dataset2_205.jpg,pcb_neg_dataset2_205.jpg,pcb_neg_dataset2,06_spurious_copper_01_jpg.rf.29ebe31d88490925883e34166e85a58c.jpg,52c95d2610b90a1f5ca1eb61f5417fe2
Data/pcb_neg_dataset2/pcb_neg_dataset2_206/pcb_neg_dataset2_206.jpg,pcb_neg_dataset2_206.jpg,pcb_neg_dataset2,06_spurious_copper_04_jpg.rf.02d4f46df48929f8fe66a63979a98bcb.jpg,4367a59e6d85bb1195ac16df256a7140
Data/pcb_neg_dataset2/pcb_neg_dataset2_207/pcb_neg_dataset2_207.jpg,pcb_neg_dataset2_207.jpg,pcb_neg_dataset2,06_spurious_copper_05_jpg.rf.2d1e8c2de74bebca65674189b4185a90.jpg,f06469b3a6865e3d7775c5d06c7c82ff
Data/pcb_neg_dataset2/pcb_neg_dataset2_208/pcb_neg_dataset2_208.jpg,pcb_neg_dataset2_208.jpg,pcb_neg_dataset2,06_spurious_copper_06_jpg.rf.7e037fda5643be3f4562d88d16eeb063.jpg,b9771e87f12a43fcb44f41f4bbf32cf4
Data/pcb_neg_dataset2/pcb_neg_dataset2_209/pcb_neg_dataset2_209.jpg,pcb_neg_dataset2_209.jpg,pcb_neg_dataset2,06_spurious_copper_07_jpg.rf.5bcb112326f8cb06dac4a40f5d407588.jpg,f6a75666441b168f8df3c29606c53e3d
Data/pcb_neg_dataset2/pcb_neg_dataset2_21/pcb_neg_dataset2_21.jpg,pcb_neg_dataset2_21.jpg,pcb_neg_dataset2,12_spurious_copper_07_jpg.rf.7fcf31881bfc10d3b5caf2defea458be.jpg,f6f3cba62dcf5cf58df51ece2a47619c
Data/pcb_neg_dataset2/pcb_neg_dataset2_210/pcb_neg_dataset2_210.jpg,pcb_neg_dataset2_210.jpg,pcb_neg_dataset2,06_spurious_copper_10_jpg.rf.77ce2cd83cee77a0aa05e01bd3cf674e.jpg,32a6c97a4dd0f6ff373022177891afc5
Data/pcb_neg_dataset2/pcb_neg_dataset2_211/pcb_neg_dataset2_211.jpg,pcb_neg_dataset2_211.jpg,pcb_neg_dataset2,07_spurious_copper_02_jpg.rf.01ba5e52f79ea83976350e4650fd72eb.jpg,bff119411d0d91439e98077a7e4dc72d
Data/pcb_neg_dataset2/pcb_neg_dataset2_212/pcb_neg_dataset2_212.jpg,pcb_neg_dataset2_212.jpg,pcb_neg_dataset2,07_spurious_copper_07_jpg.rf.c4ffc41e0427d938050a4f01e19de193.jpg,042de54c952ec1b2876f8281ad747b36
Data/pcb_neg_dataset2/pcb_neg_dataset2_213/pcb_neg_dataset2_213.jpg,pcb_neg_dataset2_213.jpg,pcb_neg_dataset2,07_spurious_copper_09_jpg.rf.1651ef864af20197d15424afeb0a92d9.jpg,4bfa0d5a25007223dd522906cee8c2cb
Data/pcb_neg_dataset2/pcb_neg_dataset2_214/pcb_neg_dataset2_214.jpg,pcb_neg_dataset2_214.jpg,pcb_neg_dataset2,08_spurious_copper_01_jpg.rf.febc628095ccf0929e48810df35111e9.jpg,b1da45c848e31f26666c9fb2c9712dad
Data/pcb_neg_dataset2/pcb_neg_dataset2_215/pcb_neg_dataset2_215.jpg,pcb_neg_dataset2_215.jpg,pcb_neg_dataset2,08_spurious_copper_02_jpg.rf.6703f3e4a513f9ae27a2d21e26845ca4.jpg,06828c454ac9d582eeafb5597841cad0
Data/pcb_neg_dataset2/pcb_neg_dataset2_216/pcb_neg_dataset2_216.jpg,pcb_neg_dataset2_216.jpg,pcb_neg_dataset2,08_spurious_copper_03_jpg.rf.3898334f3fb12835597f6ff79be75e91.jpg,d177f51cac9e6339fbd372b287eeaec5
Data/pcb_neg_dataset2/pcb_neg_dataset2_217/pcb_neg_dataset2_217.jpg,pcb_neg_dataset2_217.jpg,pcb_neg_dataset2,08_spurious_copper_03_jpg.rf.b330f951ce485c646912e60b83525ea1.jpg,0159968dd399aa1579e7d8fa71f71861
Data/pcb_neg_dataset2/pcb_neg_dataset2_218/pcb_neg_dataset2_218.jpg,pcb_neg_dataset2_218.jpg,pcb_neg_dataset2,08_spurious_copper_05_jpg.rf.b659c5d9c43d4623b82c2a0b48a0aa04.jpg,5cdb0d53b1f2c672c1a0410acb350630
Data/pcb_neg_dataset2/pcb_neg_dataset2_219/pcb_neg_dataset2_219.jpg,pcb_neg_dataset2_219.jpg,pcb_neg_dataset2,08_spurious_copper_08_jpg.rf.1380b6e310bd7e166bd746e20590f66a.jpg,8d9e9316536accd6eb6204e99e7a532a
Data/pcb_neg_dataset2/pcb_neg_dataset2_22/pcb_neg_dataset2_22.jpg,pcb_neg_dataset2_22.jpg,pcb_neg_dataset2,12_spurious_copper_08_jpg.rf.ba1c41d18af334a6da3096e0d12e2e7d.jpg,3e009d5b629716a150023152505adc2e
Data/pcb_neg_dataset2/pcb_neg_dataset2_220/pcb_neg_dataset2_220.jpg,pcb_neg_dataset2_220.jpg,pcb_neg_dataset2,08_spurious_copper_09_jpg.rf.9db5bd912015f617102c27fee3fc74f0.jpg,0db4bcba19e9c6d016b5a9019bfdea16
Data/pcb_neg_dataset2/pcb_neg_dataset2_221/pcb_neg_dataset2_221.jpg,pcb_neg_dataset2_221.jpg,pcb_neg_dataset2,09_spurious_copper_01_jpg.rf.d5cdb7967eeeb56346f99e0a0d811b47.jpg,4c1936b1ae8bdf6470c785ca2da17c06
Data/pcb_neg_dataset2/pcb_neg_dataset2_222/pcb_neg_dataset2_222.jpg,pcb_neg_dataset2_222.jpg,pcb_neg_dataset2,09_spurious_copper_02_jpg.rf.2d10e94ad59e82d4dae95f2869bde373.jpg,dec075260eb906326ef449c9ce74a42a
Data/pcb_neg_dataset2/pcb_neg_dataset2_223/pcb_neg_dataset2_223.jpg,pcb_neg_dataset2_223.jpg,pcb_neg_dataset2,09_spurious_copper_08_jpg.rf.f97081bfc4b84785343a80c94cac5b10.jpg,8738ef8fb3c7686b753b1351cbc1d089
Data/pcb_neg_dataset2/pcb_neg_dataset2_224/pcb_neg_dataset2_224.jpg,pcb_neg_dataset2_224.jpg,pcb_neg_dataset2,10_spurious_copper_02_jpg.rf.97ac0f1ef0bd0a0004da760e33088126.jpg,83c8111922dcd4b15a782bba3b56c1f0
Data/pcb_neg_dataset2/pcb_neg_dataset2_225/pcb_neg_dataset2_225.jpg,pcb_neg_dataset2_225.jpg,pcb_neg_dataset2,10_spurious_copper_04_jpg.rf.0884d6486edeaf7c7193522e3a73fdc3.jpg,a2c24c3782d991a195785b45c964f6c4
Data/pcb_neg_dataset2/pcb_neg_dataset2_226/pcb_neg_dataset2_226.jpg,pcb_neg_dataset2_226.jpg,pcb_neg_dataset2,10_spurious_copper_05_jpg.rf.b931deeac68c0fa4be3cab3939609b25.jpg,ce79f454e8a706a64b1bc93b602c2997
Data/pcb_neg_dataset2/pcb_neg_dataset2_227/pcb_neg_dataset2_227.jpg,pcb_neg_dataset2_227.jpg,pcb_neg_dataset2,11_spurious_copper_03_jpg.rf.199c817deb92c2ef11718e788a9d99ef.jpg,b972d8684f8accfbdf8e341cfa46c1f3
Data/pcb_neg_dataset2/pcb_neg_dataset2_228/pcb_neg_dataset2_228.jpg,pcb_neg_dataset2_228.jpg,pcb_neg_dataset2,11_spurious_copper_03_jpg.rf.53a56ceb5d6c93d065b5ccbb72c053d7.jpg,e6e35a5958c2fafbf8bfa0cd29c9c915
Data/pcb_neg_dataset2/pcb_neg_dataset2_229/pcb_neg_dataset2_229.jpg,pcb_neg_dataset2_229.jpg,pcb_neg_dataset2,11_spurious_copper_09_jpg.rf.8c27d9d6f7429a7965b11e5cdd43961c.jpg,bd7475e685056faf9b475121349fa5b7
Data/pcb_neg_dataset2/pcb_neg_dataset2_23/pcb_neg_dataset2_23.jpg,pcb_neg_dataset2_23.jpg,pcb_neg_dataset2,01_spurious_copper_01_jpg.rf.75657a3e75f8c105d497f1434b8f3c70.jpg,784d1535ee63706812c4e2f26e26e2c3
Data/pcb_neg_dataset2/pcb_neg_dataset2_230/pcb_neg_dataset2_230.jpg,pcb_neg_dataset2_230.jpg,pcb_neg_dataset2,12_spurious_copper_01_jpg.rf.b9850c20eacdddfb4d5c5b85dcfce2e1.jpg,98b32b374a8b7fc29178fb3d139b2da4
Data/pcb_neg_dataset2/pcb_neg_dataset2_231/pcb_neg_dataset2_231.jpg,pcb_neg_dataset2_231.jpg,pcb_neg_dataset2,12_spurious_copper_02_jpg.rf.e89cabbd5b4c3a9478edc7b29d46a909.jpg,03ad7669a62d0dcb74528866466fc956
Data/pcb_neg_dataset2/pcb_neg_dataset2_232/pcb_neg_dataset2_232.jpg,pcb_neg_dataset2_232.jpg,pcb_neg_dataset2,12_spurious_copper_06_jpg.rf.1f3883c7b4052f106b7a7f41582e31c5.jpg,af22bddfd6408299df4fdb776c173f90
Data/pcb_neg_dataset2/pcb_neg_dataset2_24/pcb_neg_dataset2_24.jpg,pcb_neg_dataset2_24.jpg,pcb_neg_dataset2,01_spurious_copper_01_jpg.rf.b97aac46f42e64b0d62f80ba56ebcff3.jpg,6c4e71a3f4577bb6c78caa152d80f6f3
Data/pcb_neg_dataset2/pcb_neg_dataset2_25/pcb_neg_dataset2_25.jpg,pcb_neg_dataset2_25.jpg,pcb_neg_dataset2,01_spurious_copper_02_jpg.rf.2833fd63a76d999dd12facf698f617c8.jpg,583a4c34a4b8976cd1a38ffaec479821
Data/pcb_neg_dataset2/pcb_neg_dataset2_26/pcb_neg_dataset2_26.jpg,pcb_neg_dataset2_26.jpg,pcb_neg_dataset2,01_spurious_copper_02_jpg.rf.7833142da2d30fea913f6d4cb46df4d4.jpg,ee4a623e1311c557a688cb2f232c1d01
Data/pcb_neg_dataset2/pcb_neg_dataset2_27/pcb_neg_dataset2_27.jpg,pcb_neg_dataset2_27.jpg,pcb_neg_dataset2,01_spurious_copper_03_jpg.rf.043dc2522a6be62fa7b9b2ed7236fbe6.jpg,8ba237b0d0fae523c7ee6e0e9532b910
Data/pcb_neg_dataset2/pcb_neg_dataset2_28/pcb_neg_dataset2_28.jpg,pcb_neg_dataset2_28.jpg,pcb_neg_dataset2,01_spurious_copper_04_jpg.rf.b0b3f4d3bcf0278d669e3de8095c906c.jpg,bbea4b75e7022501ce292abdee4fcb9f
Data/pcb_neg_dataset2/pcb_neg_dataset2_29/pcb_neg_dataset2_29.jpg,pcb_neg_dataset2_29.jpg,pcb_neg_dataset2,01_spurious_copper_05_jpg.rf.564e270ac38e59d5da4d2dc617fd63ea.jpg,0f52e162842257a6f14c867c75656ac8
Data/pcb_neg_dataset2/pcb_neg_dataset2_3/pcb_neg_dataset2_3.jpg,pcb_neg_dataset2_3.jpg,pcb_neg_dataset2,01_spurious_copper_07_jpg.rf.04745d5db4531342264f39dd1d0788d3.jpg,5af9d77f4b28f853b7c0aa2d9cc3032d
Data/pcb_neg_dataset2/pcb_neg_dataset2_30/pcb_neg_dataset2_30.jpg,pcb_neg_dataset2_30.jpg,pcb_neg_dataset2,01_spurious_copper_07_jpg.rf.0ac16ac38723400adb0a259c14a59676.jpg,5c7a9be94154e286dccda08c02ca4837
Data/pcb_neg_dataset2/pcb_neg_dataset2_31/pcb_neg_dataset2_31.jpg,pcb_neg_dataset2_31.jpg,pcb_neg_dataset2,01_spurious_copper_08_jpg.rf.b059f95fbce77a4d5c644a4431c24a10.jpg,e855a11e38c34ca3fc2edf471776d199
Data/pcb_neg_dataset2/pcb_neg_dataset2_32/pcb_neg_dataset2_32.jpg,pcb_neg_dataset2_32.jpg,pcb_neg_dataset2,01_spurious_copper_09_jpg.rf.75d117d3479191b3be8dcbd0f7c27af7.jpg,f0ff4e89eef31e5f005a3fdcaa627eac
Data/pcb_neg_dataset2/pcb_neg_dataset2_33/pcb_neg_dataset2_33.jpg,pcb_neg_dataset2_33.jpg,pcb_neg_dataset2,01_spurious_copper_10_jpg.rf.1f3126a17e4a152677242fbfb48281d0.jpg,1ad794212122ebf39829fc339f1cae19
Data/pcb_neg_dataset2/pcb_neg_dataset2_34/pcb_neg_dataset2_34.jpg,pcb_neg_dataset2_34.jpg,pcb_neg_dataset2,01_spurious_copper_10_jpg.rf.80c214c370560727e048b48baed3a69b.jpg,fb9598862d6bb6bdac11e7dd0d42db47
Data/pcb_neg_dataset2/pcb_neg_dataset2_35/pcb_neg_dataset2_35.jpg,pcb_neg_dataset2_35.jpg,pcb_neg_dataset2,01_spurious_copper_12_jpg.rf.0a7c854166853ef074f8ee8468a52134.jpg,e3bdfb0f2118e717c0e87aa763533208
Data/pcb_neg_dataset2/pcb_neg_dataset2_36/pcb_neg_dataset2_36.jpg,pcb_neg_dataset2_36.jpg,pcb_neg_dataset2,01_spurious_copper_12_jpg.rf.6095b704d683f8983e6b5b09dae08334.jpg,ea68e4305b7f8c25e0aee3b53f683593
Data/pcb_neg_dataset2/pcb_neg_dataset2_37/pcb_neg_dataset2_37.jpg,pcb_neg_dataset2_37.jpg,pcb_neg_dataset2,01_spurious_copper_13_jpg.rf.3ede889ff7bdfe7cc45281809fde4c01.jpg,7e08456940dbb3ec4925fe24a70fbb98
Data/pcb_neg_dataset2/pcb_neg_dataset2_38/pcb_neg_dataset2_38.jpg,pcb_neg_dataset2_38.jpg,pcb_neg_dataset2,01_spurious_copper_14_jpg.rf.03b6e5ea4c1d71e399f58f7ee4229928.jpg,7cfbdb4cec8b923b1656172e96544606
Data/pcb_neg_dataset2/pcb_neg_dataset2_39/pcb_neg_dataset2_39.jpg,pcb_neg_dataset2_39.jpg,pcb_neg_dataset2,01_spurious_copper_14_jpg.rf.a08aa64b480d93b3f30232c7838247db.jpg,0bb8c5c9e5d3d688ae241961bf3d7073
Data/pcb_neg_dataset2/pcb_neg_dataset2_4/pcb_neg_dataset2_4.jpg,pcb_neg_dataset2_4.jpg,pcb_neg_dataset2,01_spurious_copper_11_jpg.rf.454807784b47272a151189c19d058139.jpg,2fc5f019fc712e621b69c2a5c684672d
Data/pcb_neg_dataset2/pcb_neg_dataset2_40/pcb_neg_dataset2_40.jpg,pcb_neg_dataset2_40.jpg,pcb_neg_dataset2,01_spurious_copper_15_jpg.rf.df1cb5692393029b8dc60d2a977f0e05.jpg,6cf31257b2b7bdabdf46a8099132b645
Data/pcb_neg_dataset2/pcb_neg_dataset2_41/pcb_neg_dataset2_41.jpg,pcb_neg_dataset2_41.jpg,pcb_neg_dataset2,01_spurious_copper_16_jpg.rf.c8c658038b28cbedd7989354303bd943.jpg,debbae0308be09a551191dc73e353d17
Data/pcb_neg_dataset2/pcb_neg_dataset2_42/pcb_neg_dataset2_42.jpg,pcb_neg_dataset2_42.jpg,pcb_neg_dataset2,01_spurious_copper_17_jpg.rf.b97f8e29d4e648c624ac3ed1dfee4e8f.jpg,86dfbe6747ec8592ebb1938dd166e325
Data/pcb_neg_dataset2/pcb_neg_dataset2_43/pcb_neg_dataset2_43.jpg,pcb_neg_dataset2_43.jpg,pcb_neg_dataset2,01_spurious_copper_18_jpg.rf.486143651e4dfda05ee98da5598ce2f4.jpg,797868979a197c374e82d9f2f7a92ea2
Data/pcb_neg_dataset2/pcb_neg_dataset2_44/pcb_neg_dataset2_44.jpg,pcb_neg_dataset2_44.jpg,pcb_neg_dataset2,01_spurious_copper_19_jpg.rf.6bccd4b95df4b353411853b38e54315c.jpg,174e741a01ecdc886bc79f4e70e0e58e
Data/pcb_neg_dataset2/pcb_neg_dataset2_45/pcb_neg_dataset2_45.jpg,pcb_neg_dataset2_45.jpg,pcb_neg_dataset2,01_spurious_copper_19_jpg.rf.f91cc4e547d8998551c76b47196b873c.jpg,4e30e1b6503b91b0b6eb5112b395b62f
Data/pcb_neg_dataset2/pcb_neg_dataset2_46/pcb_neg_dataset2_46.jpg,pcb_neg_dataset2_46.jpg,pcb_neg_dataset2,01_spurious_copper_20_jpg.rf.2a049a844a30a1a1cba39eb1f66881c9.jpg,9386022c73180110b330868c4bd43a52
Data/pcb_neg_dataset2/pcb_neg_dataset2_47/pcb_neg_dataset2_47.jpg,pcb_neg_dataset2_47.jpg,pcb_neg_dataset2,01_spurious_copper_20_jpg.rf.61ac0adff46b15632f209d8060114dde.jpg,4572d11563a54d84fb47cc2b5346ad6b
Data/pcb_neg_dataset2/pcb_neg_dataset2_48/pcb_neg_dataset2_48.jpg,pcb_neg_dataset2_48.jpg,pcb_neg_dataset2,04_spurious_copper_01_jpg.rf.83b0f3b9845fcbb5ac520af337166638.jpg,6ead1633efbccd683f8d94c9d467452f
Data/pcb_neg_dataset2/pcb_neg_dataset2_49/pcb_neg_dataset2_49.jpg,pcb_neg_dataset2_49.jpg,pcb_neg_dataset2,04_spurious_copper_01_jpg.rf.e98b687a2a2fbc73a457b68ae8280f94.jpg,fb1d8689e40bca9cc73bc5579a1cba20
Data/pcb_neg_dataset2/pcb_neg_dataset2_5/pcb_neg_dataset2_5.jpg,pcb_neg_dataset2_5.jpg,pcb_neg_dataset2,01_spurious_copper_13_jpg.rf.266fb3c6732e2b6d79f2cc596bcecce5.jpg,13f120eb84bb1556b73c28c6922f0159
Data/pcb_neg_dataset2/pcb_neg_dataset2_50/pcb_neg_dataset2_50.jpg,pcb_neg_dataset2_50.jpg,pcb_neg_dataset2,04_spurious_copper_02_jpg.rf.026738b93e16403e5f64c82249c037c2.jpg,0ec0bb18dce26ebe7bac07e0f07a8c6a
Data/pcb_neg_dataset2/pcb_neg_dataset2_51/pcb_neg_dataset2_51.jpg,pcb_neg_dataset2_51.jpg,pcb_neg_dataset2,04_spurious_copper_02_jpg.rf.8f1de41b26154e0fab6b31209e86f83b.jpg,125976bd245141d3033eb0e4ba3a2469
Data/pcb_neg_dataset2/pcb_neg_dataset2_52/pcb_neg_dataset2_52.jpg,pcb_neg_dataset2_52.jpg,pcb_neg_dataset2,04_spurious_copper_03_jpg.rf.4503ebca0af5628d8d8cc2405f004e53.jpg,52fb38e3093635fcc876a8ccee7acebb
Data/pcb_neg_dataset2/pcb_neg_dataset2_53/pcb_neg_dataset2_53.jpg,pcb_neg_dataset2_53.jpg,pcb_neg_dataset2,04_spurious_copper_03_jpg.rf.922ada832c7f3eab86fd1799dffc1ad7.jpg,3e8be18cab58be4866fa43991e479367
Data/pcb_neg_dataset2/pcb_neg_dataset2_54/pcb_neg_dataset2_54.jpg,pcb_neg_dataset2_54.jpg,pcb_neg_dataset2,04_spurious_copper_04_jpg.rf.4dc7ab5386678fe21bd654a7d492643d.jpg,7bb57f55c82ae06cb38bc96c3236d84a
Data/pcb_neg_dataset2/pcb_neg_dataset2_55/pcb_neg_dataset2_55.jpg,pcb_neg_dataset2_55.jpg,pcb_neg_dataset2,04_spurious_copper_05_jpg.rf.426791be237ea7b75edea70f2cba03f1.jpg,1ee8578affcffd537409ea4f2c7e07cf
Data/pcb_neg_dataset2/pcb_neg_dataset2_56/pcb_neg_dataset2_56.jpg,pcb_neg_dataset2_56.jpg,pcb_neg_dataset2,04_spurious_copper_05_jpg.rf.5be5e8044d1ab640780ecb3f72849b18.jpg,7433788845bcbdc0dbcec1b884d797d4
Data/pcb_neg_dataset2/pcb_neg_dataset2_57/pcb_neg_dataset2_57.jpg,pcb_neg_dataset2_57.jpg,pcb_neg_dataset2,04_spurious_copper_06_jpg.rf.158922771f7b37c71c3776ebf1829f51.jpg,35e4cb7a289ad7d9ce659f5e7960c321
Data/pcb_neg_dataset2/pcb_neg_dataset2_58/pcb_neg_dataset2_58.jpg,pcb_neg_dataset2_58.jpg,pcb_neg_dataset2,04_spurious_copper_06_jpg.rf.fe68ed7b07862e7bd94caded20949ed7.jpg,7498ca00ef0aaae1a2016444a1b241a3
Data/pcb_neg_dataset2/pcb_neg_dataset2_59/pcb_neg_dataset2_59.jpg,pcb_neg_dataset2_59.jpg,pcb_neg_dataset2,04_spurious_copper_07_jpg.rf.166153b967dc7133511b0c6af4400423.jpg,d531a2cfca6a21d20be7ddf2f3f0a109
Data/pcb_neg_dataset2/pcb_neg_dataset2_6/pcb_neg_dataset2_6.jpg,pcb_neg_dataset2_6.jpg,pcb_neg_dataset2,01_spurious_copper_16_jpg.rf.ca18a51286dfd7a68f48843fc71e7ccc.jpg,e8263b54eebcf8812a12519aeb052bbc
Data/pcb_neg_dataset2/pcb_neg_dataset2_60/pcb_neg_dataset2_60.jpg,pcb_neg_dataset2_60.jpg,pcb_neg_dataset2,04_spurious_copper_07_jpg.rf.c8519c3441e843bfc95a7607d9cdd94c.jpg,84677c77b62de4da9da3f9d15d104043
Data/pcb_neg_dataset2/pcb_neg_dataset2_61/pcb_neg_dataset2_61.jpg,pcb_neg_dataset2_61.jpg,pcb_neg_dataset2,04_spurious_copper_08_jpg.rf.31394a36df7434ab1c32875c08f5aa92.jpg,a3fd37122e4f899052bff43b967c6873
Data/pcb_neg_dataset2/pcb_neg_dataset2_62/pcb_neg_dataset2_62.jpg,pcb_neg_dataset2_62.jpg,pcb_neg_dataset2,04_spurious_copper_08_jpg.rf.3436c467d4b644954b378a9057be3971.jpg,a22dd64c2f6326a7f5a71d923014856e
Data/pcb_neg_dataset2/pcb_neg_dataset2_63/pcb_neg_dataset2_63.jpg,pcb_neg_dataset2_63.jpg,pcb_neg_dataset2,04_spurious_copper_09_jpg.rf.8609aa544fe5bce8bf2b668cf47a413c.jpg,e6b185479261cbfdcef2aeffeaa9a878
Data/pcb_neg_dataset2/pcb_neg_dataset2_64/pcb_neg_dataset2_64.jpg,pcb_neg_dataset2_64.jpg,pcb_neg_dataset2,04_spurious_copper_10_jpg.rf.f5560c706135fc8e8257af88f6f3d0fd.jpg,cee629076ebae20f0b02f02d55ef9fa1
Data/pcb_neg_dataset2/pcb_neg_dataset2_65/pcb_neg_dataset2_65.jpg,pcb_neg_dataset2_65.jpg,pcb_neg_dataset2,04_spurious_copper_11_jpg.rf.349252d05abd00e30c378fff06c08b17.jpg,b50c46667d6fa480130a7fbea040f097
Data/pcb_neg_dataset2/pcb_neg_dataset2_66/pcb_neg_dataset2_66.jpg,pcb_neg_dataset2_66.jpg,pcb_neg_dataset2,04_spurious_copper_12_jpg.rf.14f98860b5417b1ea07bcf4bb2f92da1.jpg,fae5de4439ca92605b0b5b7a2174f0e6
Data/pcb_neg_dataset2/pcb_neg_dataset2_67/pcb_neg_dataset2_67.jpg,pcb_neg_dataset2_67.jpg,pcb_neg_dataset2,04_spurious_copper_13_jpg.rf.79292ff76f543a76fd0edb684b8296ae.jpg,c752c2b3815e7516747e4bc45502bb0d
Data/pcb_neg_dataset2/pcb_neg_dataset2_68/pcb_neg_dataset2_68.jpg,pcb_neg_dataset2_68.jpg,pcb_neg_dataset2,04_spurious_copper_14_jpg.rf.34f54e77386286e149897ede0d48b841.jpg,49191c91cbab9b6782c7a612eb84a1ce
Data/pcb_neg_dataset2/pcb_neg_dataset2_69/pcb_neg_dataset2_69.jpg,pcb_neg_dataset2_69.jpg,pcb_neg_dataset2,04_spurious_copper_14_jpg.rf.c4ee46419eab2695a0ff1c87dd63889e.jpg,7c982ae3852b87d00395d4ea02b9f484
Data/pcb_neg_dataset2/pcb_neg_dataset2_7/pcb_neg_dataset2_7.jpg,pcb_neg_dataset2_7.jpg,pcb_neg_dataset2,01_spurious_copper_17_jpg.rf.ad15540e5f2a22b1368807d290a9049e.jpg,1f91990a702278f32bb2365f3cf0d5ed
Data/pcb_neg_dataset2/pcb_neg_dataset2_70/pcb_neg_dataset2_70.jpg,pcb_neg_dataset2_70.jpg,pcb_neg_dataset2,04_spurious_copper_16_jpg.rf.70a34248354054d1e6de13c8aeef1e69.jpg,05409c9b0e95502b2d96bcf46a87e24a
Data/pcb_neg_dataset2/pcb_neg_dataset2_71/pcb_neg_dataset2_71.jpg,pcb_neg_dataset2_71.jpg,pcb_neg_dataset2,04_spurious_copper_17_jpg.rf.94a123f7366f2b18d355b21302c02afd.jpg,20294c7eda0b8ddbd318b9d25c3bf3f1
Data/pcb_neg_dataset2/pcb_neg_dataset2_72/pcb_neg_dataset2_72.jpg,pcb_neg_dataset2_72.jpg,pcb_neg_dataset2,04_spurious_copper_17_jpg.rf.ab2d0329f1a3835aef4501f962e4ea02.jpg,0f519480cbe7b229fbf901bbec5e2e0c
Data/pcb_neg_dataset2/pcb_neg_dataset2_73/pcb_neg_dataset2_73.jpg,pcb_neg_dataset2_73.jpg,pcb_neg_dataset2,04_spurious_copper_18_jpg.rf.4e9ce14a3b07120e02c0f7a2ab8b413f.jpg,dd464c61270313cd4fe18a61f2ffe5da
Data/pcb_neg_dataset2/pcb_neg_dataset2_74/pcb_neg_dataset2_74.jpg,pcb_neg_dataset2_74.jpg,pcb_neg_dataset2,04_spurious_copper_18_jpg.rf.f76fd3bc585eb7a7f945319b285b168c.jpg,b9c2618e1f9ede74d7d2f5dbaffffd31
Data/pcb_neg_dataset2/pcb_neg_dataset2_75/pcb_neg_dataset2_75.jpg,pcb_neg_dataset2_75.jpg,pcb_neg_dataset2,04_spurious_copper_19_jpg.rf.425857a69ae88c0c5f47db3bfb56a66b.jpg,fee405dc4ff253483965b72f1400b718
Data/pcb_neg_dataset2/pcb_neg_dataset2_76/pcb_neg_dataset2_76.jpg,pcb_neg_dataset2_76.jpg,pcb_neg_dataset2,04_spurious_copper_19_jpg.rf.6821911bf4218f9babdce529f2499a6f.jpg,f9ef46b7c6eafbcc3ab5d90868a58368
Data/pcb_neg_dataset2/pcb_neg_dataset2_77/pcb_neg_dataset2_77.jpg,pcb_neg_dataset2_77.jpg,pcb_neg_dataset2,04_spurious_copper_20_jpg.rf.c3748b4d0df8aaa126450c40cc046f67.jpg,894d5f0104c1d50d38ad2f0691b9b8cb
Data/pcb_neg_dataset2/pcb_neg_dataset2_78/pcb_neg_dataset2_78.jpg,pcb_neg_dataset2_78.jpg,pcb_neg_dataset2,04_spurious_copper_20_jpg.rf.fba4cc01641790567230f8271e63535e.jpg,c6cd72d489273e7a9ef4aec00ca8786f
Data/pcb_neg_dataset2/pcb_neg_dataset2_79/pcb_neg_dataset2_79.jpg,pcb_neg_dataset2_79.jpg,pcb_neg_dataset2,05_spurious_copper_01_jpg.rf.401e147d565b360a40269ddc7e3527d0.jpg,5bef730cf0cfe3d3defd47999012dc51
Data/pcb_neg_dataset2/pcb_neg_dataset2_8/pcb_neg_dataset2_8.jpg,pcb_neg_dataset2_8.jpg,pcb_neg_dataset2,01_spurious_copper_18_jpg.rf.2823f25dedd87f37e68a4ffb77047852.jpg,63971f670d64c2bd61f9f2f849c92d09
Data/pcb_neg_dataset2/pcb_neg_dataset2_80/pcb_neg_dataset2_80.jpg,pcb_neg_dataset2_80.jpg,pcb_neg_dataset2,05_spurious_copper_01_jpg.rf.a4f80aaf98375c3767313c390a9c6743.jpg,26b1274ed21231ad7e386be5158202dc
Data/pcb_neg_dataset2/pcb_neg_dataset2_81/pcb_neg_dataset2_81.jpg,pcb_neg_dataset2_81.jpg,pcb_neg_dataset2,05_spurious_copper_02_jpg.rf.0d0a93eeafd45cd1f7018a0d02d789fd.jpg,500eacd071c2e939c3881ee1f6f38255
Data/pcb_neg_dataset2/pcb_neg_dataset2_82/pcb_neg_dataset2_82.jpg,pcb_neg_dataset2_82.jpg,pcb_neg_dataset2,05_spurious_copper_02_jpg.rf.9e428afb8be4b88361c21c4e95f3a0ac.jpg,b8011a57b23164d300312e1b6405aaee
Data/pcb_neg_dataset2/pcb_neg_dataset2_83/pcb_neg_dataset2_83.jpg,pcb_neg_dataset2_83.jpg,pcb_neg_dataset2,05_spurious_copper_03_jpg.rf.d839d50ff2180f5778fa18480ba22036.jpg,c56d51b6526d69e572f95b9db2522be1
Data/pcb_neg_dataset2/pcb_neg_dataset2_84/pcb_neg_dataset2_84.jpg,pcb_neg_dataset2_84.jpg,pcb_neg_dataset2,05_spurious_copper_05_jpg.rf.c88a0679c11f60839f9bbb3a5ab6c840.jpg,f9a9623221df14f07e7a210344908b59
Data/pcb_neg_dataset2/pcb_neg_dataset2_85/pcb_neg_dataset2_85.jpg,pcb_neg_dataset2_85.jpg,pcb_neg_dataset2,05_spurious_copper_05_jpg.rf.c8aacfdcd524e16930525db994dcddd8.jpg,987ee7f9e5e8d0d0071210ed86db2d24
Data/pcb_neg_dataset2/pcb_neg_dataset2_86/pcb_neg_dataset2_86.jpg,pcb_neg_dataset2_86.jpg,pcb_neg_dataset2,05_spurious_copper_06_jpg.rf.3180f5da4ddbec80286348d9096b741a.jpg,bc7d78244e9a55cddf0c2016c7c2d656
Data/pcb_neg_dataset2/pcb_neg_dataset2_87/pcb_neg_dataset2_87.jpg,pcb_neg_dataset2_87.jpg,pcb_neg_dataset2,05_spurious_copper_06_jpg.rf.fee9f8bd9b262f57c9e7baaec40def2b.jpg,2ba5f97bba0ac652af4c7c0a5c776696
Data/pcb_neg_dataset2/pcb_neg_dataset2_88/pcb_neg_dataset2_88.jpg,pcb_neg_dataset2_88.jpg,pcb_neg_dataset2,05_spurious_copper_07_jpg.rf.069d73a998034aeeb0d9c7c098ebd42d.jpg,830d4016a7719c16c9b162023ec719e4
Data/pcb_neg_dataset2/pcb_neg_dataset2_89/pcb_neg_dataset2_89.jpg,pcb_neg_dataset2_89.jpg,pcb_neg_dataset2,05_spurious_copper_07_jpg.rf.7df4e09b5238360f8dde3b49f54d2876.jpg,00d8e0bc8f4a1e823e3990098e1846b2
Data/pcb_neg_dataset2/pcb_neg_dataset2_9/pcb_neg_dataset2_9.jpg,pcb_neg_dataset2_9.jpg,pcb_neg_dataset2,04_spurious_copper_11_jpg.rf.9d75c5d243b14dfee34d57578e6ef1f1.jpg,fb5e152cc9d0da925995f87ae8db475f
Data/pcb_neg_dataset2/pcb_neg_dataset2_90/pcb_neg_dataset2_90.jpg,pcb_neg_dataset2_90.jpg,pcb_neg_dataset2,05_spurious_copper_08_jpg.rf.223e429372953ca67c3731bb0a1d2e8f.jpg,95b7ecabed3c30e09e7b69a2df0e12ce
Data/pcb_neg_dataset2/pcb_neg_dataset2_91/pcb_neg_dataset2_91.jpg,pcb_neg_dataset2_91.jpg,pcb_neg_dataset2,05_spurious_copper_09_jpg.rf.be5f168364feee116216c617ea7a175d.jpg,7882eb7fbce49aa44c17cb646953c0ac
Data/pcb_neg_dataset2/pcb_neg_dataset2_92/pcb_neg_dataset2_92.jpg,pcb_neg_dataset2_92.jpg,pcb_neg_dataset2,05_spurious_copper_09_jpg.rf.cb0635f95931d5909986cd20da096649.jpg,4560aa254bc63cdbccf60e4a9acdb84b
Data/pcb_neg_dataset2/pcb_neg_dataset2_93/pcb_neg_dataset2_93.jpg,pcb_neg_dataset2_93.jpg,pcb_neg_dataset2,05_spurious_copper_10_jpg.rf.3e614e24f6af0d096b9c8e334d4990a5.jpg,c23704245454b41d0b54e5dd6a1912ec
Data/pcb_neg_dataset2/pcb_neg_dataset2_94/pcb_neg_dataset2_94.jpg,pcb_neg_dataset2_94.jpg,pcb_neg_dataset2,06_spurious_copper_01_jpg.rf.a8a8b726fb8a51580fea457c9400e4cb.jpg,67cb9541da0cea16911422c3cd5b23b1
Data/pcb_neg_dataset2/pcb_neg_dataset2_95/pcb_neg_dataset2_95.jpg,pcb_neg_dataset2_95.jpg,pcb_neg_dataset2,06_spurious_copper_02_jpg.rf.11c65ea81fae785c96d54299ed437800.jpg,f5a8185bdc629185f7e88a7d456dd8b5
Data/pcb_neg_dataset2/pcb_neg_dataset2_96/pcb_neg_dataset2_96.jpg,pcb_neg_dataset2_96.jpg,pcb_neg_dataset2,06_spurious_copper_03_jpg.rf.f0df741ca50cf52ea2a68bfa687e57ad.jpg,5820bec7964f771cab885af555c37516
Data/pcb_neg_dataset2/pcb_neg_dataset2_97/pcb_neg_dataset2_97.jpg,pcb_neg_dataset2_97.jpg,pcb_neg_dataset2,06_spurious_copper_05_jpg.rf.fecef2dc077c4045c222fb525cbcc027.jpg,be5590925fad905c109819a1417b1839
Data/pcb_neg_dataset2/pcb_neg_dataset2_98/pcb_neg_dataset2_98.jpg,pcb_neg_dataset2_98.jpg,pcb_neg_dataset2,06_spurious_copper_06_jpg.rf.b8c412b621480fd94a8c5d2040fae858.jpg,6ee8734656e8af1ff3085b95e91f75f6
Data/pcb_neg_dataset2/pcb_neg_dataset2_99/pcb_neg_dataset2_99.jpg,pcb_neg_dataset2_99.jpg,pcb_neg_dataset2,06_spurious_copper_07_jpg.rf.6d237b842e5b1f27b17bbc5638fa7ab8.jpg,58841bedcd2c6332e083cbf139796fa9
Data/pcb_neg_dataset3/pcb_neg_dataset3_1/pcb_neg_dataset3_1.jpg,pcb_neg_dataset3_1.jpg,pcb_neg_dataset3,07_short_09_jpg.rf.0aedfd5101013e2a574a184a4e9a8e4b.jpg,c5be434b9ed07e9977dcaa8219558326
Data/pcb_neg_dataset3/pcb_neg_dataset3_10/pcb_neg_dataset3_10.jpg,pcb_neg_dataset3_10.jpg,pcb_neg_dataset3,09_spurious_copper_05_jpg.rf.c23885bdcd581f83583559ca9aa28c7d.jpg,55170a40b08c5de36949aa301299a6ee
Data/pcb_neg_dataset3/pcb_neg_dataset3_100/pcb_neg_dataset3_100.jpg,pcb_neg_dataset3_100.jpg,pcb_neg_dataset3,11_short_04_jpg.rf.ea7dbb66d7666584c2dcdc8a4f9b2906.jpg,f2490a587dda5a9ed7be5be91228ce9e
Data/pcb_neg_dataset3/pcb_neg_dataset3_1000/pcb_neg_dataset3_1000.jpg,pcb_neg_dataset3_1000.jpg,pcb_neg_dataset3,04_mouse_bite_13_jpg.rf.d63871810b64a6e6599384f8edda6b44.jpg,b84fb45b1c8e2a9313747a8a3e1db502
Data/pcb_neg_dataset3/pcb_neg_dataset3_1001/pcb_neg_dataset3_1001.jpg,pcb_neg_dataset3_1001.jpg,pcb_neg_dataset3,04_missing_hole_04_jpg.rf.14aef51a16d6c10f494b0438dcbde2f1.jpg,8a0c49261b43f64f6426a31a2132e5aa
Data/pcb_neg_dataset3/pcb_neg_dataset3_1002/pcb_neg_dataset3_1002.jpg,pcb_neg_dataset3_1002.jpg,pcb_neg_dataset3,04_mouse_bite_14_jpg.rf.defd1c32fcd4e1b54acbcac739d7223b.jpg,7364800e8ee3c86e071d234ddd1220af
Data/pcb_neg_dataset3/pcb_neg_dataset3_1003/pcb_neg_dataset3_1003.jpg,pcb_neg_dataset3_1003.jpg,pcb_neg_dataset3,04_mouse_bite_14_jpg.rf.e11ed0f4c73884ad9316570da95b6492.jpg,596e143ddfd8c881da85b00cb1df8572
Data/pcb_neg_dataset3/pcb_neg_dataset3_1004/pcb_neg_dataset3_1004.jpg,pcb_neg_dataset3_1004.jpg,pcb_neg_dataset3,04_mouse_bite_15_jpg.rf.0a2130699ad9fb8875004a79447d3147.jpg,d635385a11883e7a2cbc450d5d586c14
Data/pcb_neg_dataset3/pcb_neg_dataset3_1005/pcb_neg_dataset3_1005.jpg,pcb_neg_dataset3_1005.jpg,pcb_neg_dataset3,04_mouse_bite_15_jpg.rf.aaa6895d53beb49b399f04be40d12a80.jpg,4461867c21ba5cefb7e15f922cb21a4b
Data/pcb_neg_dataset3/pcb_neg_dataset3_1006/pcb_neg_dataset3_1006.jpg,pcb_neg_dataset3_1006.jpg,pcb_neg_dataset3,04_mouse_bite_15_jpg.rf.be6cbda0a697591e53683061a8debd7f.jpg,8dedcf07128a748e8edf5c4cc7ac01ae
Data/pcb_neg_dataset3/pcb_neg_dataset3_1007/pcb_neg_dataset3_1007.jpg,pcb_neg_dataset3_1007.jpg,pcb_neg_dataset3,04_missing_hole_04_jpg.rf.d5a74778c2431599c58d661294728df0.jpg,d0cacff0ac0f0449ac2ad02336a54127
Data/pcb_neg_dataset3/pcb_neg_dataset3_1008/pcb_neg_dataset3_1008.jpg,pcb_neg_dataset3_1008.jpg,pcb_neg_dataset3,04_mouse_bite_17_jpg.rf.0267494a33d6b3b63199808577dbe9b4.jpg,ffcd3209f11c36424957a0c1aea6930c
Data/pcb_neg_dataset3/pcb_neg_dataset3_1009/pcb_neg_dataset3_1009.jpg,pcb_neg_dataset3_1009.jpg,pcb_neg_dataset3,04_mouse_bite_17_jpg.rf.375b635986e3074ef9f99d89ba5be34c.jpg,f5c84057a7e299abb1872c262c1724d4
Data/pcb_neg_dataset3/pcb_neg_dataset3_101/pcb_neg_dataset3_101.jpg,pcb_neg_dataset3_101.jpg,pcb_neg_dataset3,11_spurious_copper_10_jpg.rf.d3cc4aff3cd27f7bfdd885f757d9abeb.jpg,de4128bb1287881ca92b1baa59fdda96
Data/pcb_neg_dataset3/pcb_neg_dataset3_1010/pcb_neg_dataset3_1010.jpg,pcb_neg_dataset3_1010.jpg,pcb_neg_dataset3,04_mouse_bite_17_jpg.rf.6ff85a6d2f6af0a3134e8d9b32abb5b7.jpg,2417e2439f1c92ea3abe34935ba7bc3f
Data/pcb_neg_dataset3/pcb_neg_dataset3_1011/pcb_neg_dataset3_1011.jpg,pcb_neg_dataset3_1011.jpg,pcb_neg_dataset3,04_missing_hole_02_jpg.rf.81fdce230919fe68c783cd489d8f76f5.jpg,b089aa49674ff91cbdbdcffbaa094abd
Data/pcb_neg_dataset3/pcb_neg_dataset3_1012/pcb_neg_dataset3_1012.jpg,pcb_neg_dataset3_1012.jpg,pcb_neg_dataset3,04_mouse_bite_17_jpg.rf.a804ebba0ba63f3ed1b80957cdd5fc7b.jpg,1903dfc366d2c8d9f4280aded041096a
Data/pcb_neg_dataset3/pcb_neg_dataset3_1013/pcb_neg_dataset3_1013.jpg,pcb_neg_dataset3_1013.jpg,pcb_neg_dataset3,04_missing_hole_04_jpg.rf.14aef51a16d6c10f494b0438dcbde2f1.jpg,8a0c49261b43f64f6426a31a2132e5aa
Data/pcb_neg_dataset3/pcb_neg_dataset3_1014/pcb_neg_dataset3_1014.jpg,pcb_neg_dataset3_1014.jpg,pcb_neg_dataset3,04_mouse_bite_18_jpg.rf.05ebeb518a4235a1179a0fc86af66898.jpg,4a939444d044110ee4c60def5fcd45ae
Data/pcb_neg_dataset3/pcb_neg_dataset3_1015/pcb_neg_dataset3_1015.jpg,pcb_neg_dataset3_1015.jpg,pcb_neg_dataset3,04_missing_hole_04_jpg.rf.d5a74778c2431599c58d661294728df0.jpg,d0cacff0ac0f0449ac2ad02336a54127
Data/pcb_neg_dataset3/pcb_neg_dataset3_1016/pcb_neg_dataset3_1016.jpg,pcb_neg_dataset3_1016.jpg,pcb_neg_dataset3,04_mouse_bite_18_jpg.rf.78653d7e69b1489fac3220abf15165dd.jpg,05c2e21bc53aa1200ee49f86e1f9f82b
Data/pcb_neg_dataset3/pcb_neg_dataset3_1017/pcb_neg_dataset3_1017.jpg,pcb_neg_dataset3_1017.jpg,pcb_neg_dataset3,04_missing_hole_02_jpg.rf.81fdce230919fe68c783cd489d8f76f5.jpg,b089aa49674ff91cbdbdcffbaa094abd
Data/pcb_neg_dataset3/pcb_neg_dataset3_1018/pcb_neg_dataset3_1018.jpg,pcb_neg_dataset3_1018.jpg,pcb_neg_dataset3,04_mouse_bite_18_jpg.rf.f4907e91bcd61be5d622a4b6bf10dfd8.jpg,fb2bfad4d9f6d2ed444fdc8fa8e2bcaf
Data/pcb_neg_dataset3/pcb_neg_dataset3_1019/pcb_neg_dataset3_1019.jpg,pcb_neg_dataset3_1019.jpg,pcb_neg_dataset3,04_mouse_bite_18_jpg.rf.f6ca521455404ac92aa4d985f107e948.jpg,7f2b87642544a4e499fabbf8c62e4cb1
Data/pcb_neg_dataset3/pcb_neg_dataset3_102/pcb_neg_dataset3_102.jpg,pcb_neg_dataset3_102.jpg,pcb_neg_dataset3,11_mouse_bite_04_jpg.rf.1b3cfdf577cd5d330d34150df2e98857.jpg,1678926b50ae8a07b1193bd59cf0475c
Data/pcb_neg_dataset3/pcb_neg_dataset3_1020/pcb_neg_dataset3_1020.jpg,pcb_neg_dataset3_1020.jpg,pcb_neg_dataset3,04_missing_hole_09_jpg.rf.f18c8f7948d720fffe4332cd9e3485e8.jpg,2e01a6f0e3b1fe859796fbd9f4846fb4
Data/pcb_neg_dataset3/pcb_neg_dataset3_1021/pcb_neg_dataset3_1021.jpg,pcb_neg_dataset3_1021.jpg,pcb_neg_dataset3,04_mouse_bite_19_jpg.rf.6c7e3f76084e03ec2f9d49dceb7c4286.jpg,a653c3e37503e6cdbed33e2ea895f42e
Data/pcb_neg_dataset3/pcb_neg_dataset3_1022/pcb_neg_dataset3_1022.jpg,pcb_neg_dataset3_1022.jpg,pcb_neg_dataset3,04_missing_hole_04_jpg.rf.d5a74778c2431599c58d661294728df0.jpg,d0cacff0ac0f0449ac2ad02336a54127
Data/pcb_neg_dataset3/pcb_neg_dataset3_1023/pcb_neg_dataset3_1023.jpg,pcb_neg_dataset3_1023.jpg,pcb_neg_dataset3,04_mouse_bite_19_jpg.rf.9860654e1f9f368b4b747b1580061693.jpg,39487c4be8579009fd01bf3b0f9fcf24
Data/pcb_neg_dataset3/pcb_neg_dataset3_1024/pcb_neg_dataset3_1024.jpg,pcb_neg_dataset3_1024.jpg,pcb_neg_dataset3,04_mouse_bite_19_jpg.rf.a21dec2e5389fa9496838433d610f277.jpg,1456be6a927814494d28c8a8ce053cdc
Data/pcb_neg_dataset3/pcb_neg_dataset3_1025/pcb_neg_dataset3_1025.jpg,pcb_neg_dataset3_1025.jpg,pcb_neg_dataset3,04_mouse_bite_19_jpg.rf.fccd4be9e66f9144ef314806f06908d9.jpg,bb23cea956646ef2dfc19846bdca081d
Data/pcb_neg_dataset3/pcb_neg_dataset3_1026/pcb_neg_dataset3_1026.jpg,pcb_neg_dataset3_1026.jpg,pcb_neg_dataset3,04_mouse_bite_20_jpg.rf.1ffde889fa2f7227a059722c98fe90fb.jpg,8672b35bc10e46b12579fb0d3638e50f
Data/pcb_neg_dataset3/pcb_neg_dataset3_1027/pcb_neg_dataset3_1027.jpg,pcb_neg_dataset3_1027.jpg,pcb_neg_dataset3,04_mouse_bite_20_jpg.rf.485e89824a9dd7579e9d4a840bea7204.jpg,a4cf89f8f890a45af7be17d2cbb2b78f
Data/pcb_neg_dataset3/pcb_neg_dataset3_1028/pcb_neg_dataset3_1028.jpg,pcb_neg_dataset3_1028.jpg,pcb_neg_dataset3,04_missing_hole_02_jpg.rf.81fdce230919fe68c783cd489d8f76f5.jpg,b089aa49674ff91cbdbdcffbaa094abd
Data/pcb_neg_dataset3/pcb_neg_dataset3_1029/pcb_neg_dataset3_1029.jpg,pcb_neg_dataset3_1029.jpg,pcb_neg_dataset3,04_open_circuit_01_jpg.rf.2cbe406d122d02c917fc07c5167dcf26.jpg,64625a79296f5c61bc0cca1183ee5a3f
Data/pcb_neg_dataset3/pcb_neg_dataset3_103/pcb_neg_dataset3_103.jpg,pcb_neg_dataset3_103.jpg,pcb_neg_dataset3,12_missing_hole_04_jpg.rf.75d1b08b2a1929b7e1249e074dd8aed6.jpg,5eb494414072aa91d4d04ad5d41d204e
Data/pcb_neg_dataset3/pcb_neg_dataset3_1030/pcb_neg_dataset3_1030.jpg,pcb_neg_dataset3_1030.jpg,pcb_neg_dataset3,04_open_circuit_01_jpg.rf.a8c27b3350f519d1aa6b4dbe47fc14aa.jpg,2cf008027be2549eb454cdebb4f0fa00
Data/pcb_neg_dataset3/pcb_neg_dataset3_1031/pcb_neg_dataset3_1031.jpg,pcb_neg_dataset3_1031.jpg,pcb_neg_dataset3,04_missing_hole_02_jpg.rf.81fdce230919fe68c783cd489d8f76f5.jpg,b089aa49674ff91cbdbdcffbaa094abd
Data/pcb_neg_dataset3/pcb_neg_dataset3_1032/pcb_neg_dataset3_1032.jpg,pcb_neg_dataset3_1032.jpg,pcb_neg_dataset3,04_missing_hole_09_jpg.rf.f18c8f7948d720fffe4332cd9e3485e8.jpg,2e01a6f0e3b1fe859796fbd9f4846fb4
Data/pcb_neg_dataset3/pcb_neg_dataset3_1033/pcb_neg_dataset3_1033.jpg,pcb_neg_dataset3_1033.jpg,pcb_neg_dataset3,04_open_circuit_01_jpg.rf.bde1405af5c236fc4a6a68740885f38b.jpg,f5b873bba59c988d982135255ba4ff25
Data/pcb_neg_dataset3/pcb_neg_dataset3_1034/pcb_neg_dataset3_1034.jpg,pcb_neg_dataset3_1034.jpg,pcb_neg_dataset3,04_open_circuit_01_jpg.rf.d4afb3edddb315c5819027c8c9d938c2.jpg,cfde76838a20cb256f788be795e60966
Data/pcb_neg_dataset3/pcb_neg_dataset3_1035/pcb_neg_dataset3_1035.jpg,pcb_neg_dataset3_1035.jpg,pcb_neg_dataset3,04_open_circuit_02_jpg.rf.0737ec24388036a919e0ccc8a9dfc28c.jpg,d9beb636985c45dfebef61eb3d6703aa
Data/pcb_neg_dataset3/pcb_neg_dataset3_1036/pcb_neg_dataset3_1036.jpg,pcb_neg_dataset3_1036.jpg,pcb_neg_dataset3,04_open_circuit_02_jpg.rf.6b17e938e880f92c922fdafd0f596045.jpg,480ff32fd88651bc26f58c6d4f5473ba
Data/pcb_neg_dataset3/pcb_neg_dataset3_1037/pcb_neg_dataset3_1037.jpg,pcb_neg_dataset3_1037.jpg,pcb_neg_dataset3,04_open_circuit_02_jpg.rf.8bd41a4b754435522d93ac42bfcab63d.jpg,12456c4bdc5ef85184805e5bdf7f7265
Data/pcb_neg_dataset3/pcb_neg_dataset3_1038/pcb_neg_dataset3_1038.jpg,pcb_neg_dataset3_1038.jpg,pcb_neg_dataset3,04_missing_hole_09_jpg.rf.f18c8f7948d720fffe4332cd9e3485e8.jpg,2e01a6f0e3b1fe859796fbd9f4846fb4
Data/pcb_neg_dataset3/pcb_neg_dataset3_1039/pcb_neg_dataset3_1039.jpg,pcb_neg_dataset3_1039.jpg,pcb_neg_dataset3,04_open_circuit_02_jpg.rf.af0433adaa7c0c5dbaf7a6f3f62585d8.jpg,d7e6217a7ec97e0e98e368c56fe5dd63
Data/pcb_neg_dataset3/pcb_neg_dataset3_104/pcb_neg_dataset3_104.jpg,pcb_neg_dataset3_104.jpg,pcb_neg_dataset3,12_missing_hole_04_jpg.rf.c207e5605064e3f15783c2af2e906f1b.jpg,2363e4bc9ace7364f71fdd8904af2597
Data/pcb_neg_dataset3/pcb_neg_dataset3_1040/pcb_neg_dataset3_1040.jpg,pcb_neg_dataset3_1040.jpg,pcb_neg_dataset3,04_open_circuit_02_jpg.rf.b288c6ad8cad46c2108d7e9c2b06246a.jpg,7731243f1e38e778076d74e89301f680
Data/pcb_neg_dataset3/pcb_neg_dataset3_1041/pcb_neg_dataset3_1041.jpg,pcb_neg_dataset3_1041.jpg,pcb_neg_dataset3,04_missing_hole_02_jpg.rf.81fdce230919fe68c783cd489d8f76f5.jpg,b089aa49674ff91cbdbdcffbaa094abd
Data/pcb_neg_dataset3/pcb_neg_dataset3_1042/pcb_neg_dataset3_1042.jpg,pcb_neg_dataset3_1042.jpg,pcb_neg_dataset3,04_open_circuit_03_jpg.rf.0a4bf9838c8c1fe0713159b99fddf1f8.jpg,1d3a655054944a3b74b679b74ee69c29
Data/pcb_neg_dataset3/pcb_neg_dataset3_1043/pcb_neg_dataset3_1043.jpg,pcb_neg_dataset3_1043.jpg,pcb_neg_dataset3,04_missing_hole_02_jpg.rf.81fdce230919fe68c783cd489d8f76f5.jpg,b089aa49674ff91cbdbdcffbaa094abd
Data/pcb_neg_dataset3/pcb_neg_dataset3_1044/pcb_neg_dataset3_1044.jpg,pcb_neg_dataset3_1044.jpg,pcb_neg_dataset3,04_open_circuit_03_jpg.rf.849d582a22c747fe18933e4f4f7dc528.jpg,aa179b77eb3af221d1227d70cd1235cd
Data/pcb_neg_dataset3/pcb_neg_dataset3_1045/pcb_neg_dataset3_1045.jpg,pcb_neg_dataset3_1045.jpg,pcb_neg_dataset3,04_open_circuit_03_jpg.rf.8a5e5787776ee0dbcd4cb0004f41bc04.jpg,9005de79349fe178203527fb504dfb9a
Data/pcb_neg_dataset3/pcb_neg_dataset3_1046/pcb_neg_dataset3_1046.jpg,pcb_neg_dataset3_1046.jpg,pcb_neg_dataset3,04_open_circuit_05_jpg.rf.8f9e8ea634dd1fd30361f9a9a30389d4.jpg,dfc2b5004cf53427a3fbcfa477c23e19
Data/pcb_neg_dataset3/pcb_neg_dataset3_1047/pcb_neg_dataset3_1047.jpg,pcb_neg_dataset3_1047.jpg,pcb_neg_dataset3,04_open_circuit_05_jpg.rf.c3496184ba8490869c40f8e7811e057f.jpg,871602ce97ad896a7031d7f5fe546ff5
Data/pcb_neg_dataset3/pcb_neg_dataset3_1048/pcb_neg_dataset3_1048.jpg,pcb_neg_dataset3_1048.jpg,pcb_neg_dataset3,04_missing_hole_04_jpg.rf.14aef51a16d6c10f494b0438dcbde2f1.jpg,8a0c49261b43f64f6426a31a2132e5aa
Data/pcb_neg_dataset3/pcb_neg_dataset3_1049/pcb_neg_dataset3_1049.jpg,pcb_neg_dataset3_1049.jpg,pcb_neg_dataset3,04_missing_hole_09_jpg.rf.f18c8f7948d720fffe4332cd9e3485e8.jpg,2e01a6f0e3b1fe859796fbd9f4846fb4
Data/pcb_neg_dataset3/pcb_neg_dataset3_105/pcb_neg_dataset3_105.jpg,pcb_neg_dataset3_105.jpg,pcb_neg_dataset3,12_missing_hole_04_jpg.rf.75d1b08b2a1929b7e1249e074dd8aed6.jpg,5eb494414072aa91d4d04ad5d41d204e
Data/pcb_neg_dataset3/pcb_neg_dataset3_1050/pcb_neg_dataset3_1050.jpg,pcb_neg_dataset3_1050.jpg,pcb_neg_dataset3,04_missing_hole_04_jpg.rf.d5a74778c2431599c58d661294728df0.jpg,d0cacff0ac0f0449ac2ad02336a54127
Data/pcb_neg_dataset3/pcb_neg_dataset3_1051/pcb_neg_dataset3_1051.jpg,pcb_neg_dataset3_1051.jpg,pcb_neg_dataset3,04_open_circuit_06_jpg.rf.773a386be9d06e7a45313627cd765421.jpg,e7dd50cac4e414008870cda4231618ad
Data/pcb_neg_dataset3/pcb_neg_dataset3_1052/pcb_neg_dataset3_1052.jpg,pcb_neg_dataset3_1052.jpg,pcb_neg_dataset3,04_open_circuit_06_jpg.rf.c07a96499576a9ea704ed9e14f22e4c1.jpg,2a110085367b2ffcac910b5a9b8c3aac
Data/pcb_neg_dataset3/pcb_neg_dataset3_1053/pcb_neg_dataset3_1053.jpg,pcb_neg_dataset3_1053.jpg,pcb_neg_dataset3,04_open_circuit_06_jpg.rf.cd1b7385780514b7c250320fced672f8.jpg,cc451acb093e890c011edfb853d9d9a1
Data/pcb_neg_dataset3/pcb_neg_dataset3_1054/pcb_neg_dataset3_1054.jpg,pcb_neg_dataset3_1054.jpg,pcb_neg_dataset3,04_open_circuit_06_jpg.rf.db55eb370a80d98bc5cd734b032610cd.jpg,4d114eaf75732d64adc4b04a28db75dc
Data/pcb_neg_dataset3/pcb_neg_dataset3_1055/pcb_neg_dataset3_1055.jpg,pcb_neg_dataset3_1055.jpg,pcb_neg_dataset3,04_open_circuit_07_jpg.rf.158065831c6f0191341f184d38334c61.jpg,89145d9223934644a580802c0d814b22
Data/pcb_neg_dataset3/pcb_neg_dataset3_1056/pcb_neg_dataset3_1056.jpg,pcb_neg_dataset3_1056.jpg,pcb_neg_dataset3,04_open_circuit_07_jpg.rf.2f435d87ce4ac097f188427767e462be.jpg,7865ba2379214f26713d05b9906c9d68
Data/pcb_neg_dataset3/pcb_neg_dataset3_1057/pcb_neg_dataset3_1057.jpg,pcb_neg_dataset3_1057.jpg,pcb_neg_dataset3,04_missing_hole_09_jpg.rf.f18c8f7948d720fffe4332cd9e3485e8.jpg,2e01a6f0e3b1fe859796fbd9f4846fb4
Data/pcb_neg_dataset3/pcb_neg_dataset3_1058/pcb_neg_dataset3_1058.jpg,pcb_neg_dataset3_1058.jpg,pcb_neg_dataset3,04_open_circuit_07_jpg.rf.e0eefa0d97e904308bb1798fafb2429b.jpg,26ab1df9b59e5f862f86a6b715299b92
Data/pcb_neg_dataset3/pcb_neg_dataset3_1059/pcb_neg_dataset3_1059.jpg,pcb_neg_dataset3_1059.jpg,pcb_neg_dataset3,04_open_circuit_07_jpg.rf.f643566c6095ae3c4f1f17323294f4bf.jpg,8324a781c1cd24c6ab29cdb448adb93b
Data/pcb_neg_dataset3/pcb_neg_dataset3_106/pcb_neg_dataset3_106.jpg,pcb_neg_dataset3_106.jpg,pcb_neg_dataset3,12_missing_hole_08_jpg.rf.84eadeaf8ca9f29d9746cc163dfb1126.jpg,52bd73f16ec14ea6df3657026e551967
Data/pcb_neg_dataset3/pcb_neg_dataset3_1060/pcb_neg_dataset3_1060.jpg,pcb_neg_dataset3_1060.jpg,pcb_neg_dataset3,04_missing_hole_04_jpg.rf.14aef51a16d6c10f494b0438dcbde2f1.jpg,8a0c49261b43f64f6426a31a2132e5aa
Data/pcb_neg_dataset3/pcb_neg_dataset3_1061/pcb_neg_dataset3_1061.jpg,pcb_neg_dataset3_1061.jpg,pcb_neg_dataset3,04_open_circuit_08_jpg.rf.04766d5568fc384736ad34a99d3adb60.jpg,0c7cb5a9470130a83d6536bd00bbc60b
Data/pcb_neg_dataset3/pcb_neg_dataset3_1062/pcb_neg_dataset3_1062.jpg,pcb_neg_dataset3_1062.jpg,pcb_neg_dataset3,04_missing_hole_02_jpg.rf.81fdce230919fe68c783cd489d8f76f5.jpg,b089aa49674ff91cbdbdcffbaa094abd
Data/pcb_neg_dataset3/pcb_neg_dataset3_1063/pcb_neg_dataset3_1063.jpg,pcb_neg_dataset3_1063.jpg,pcb_neg_dataset3,04_open_circuit_08_jpg.rf.bd92f7365e632515d5042e656c744356.jpg,a7d68d19ff4ecf0a28e95b30973c4443
Data/pcb_neg_dataset3/pcb_neg_dataset3_1064/pcb_neg_dataset3_1064.jpg,pcb_neg_dataset3_1064.jpg,pcb_neg_dataset3,04_open_circuit_10_jpg.rf.080bfc90d587c8f20d0363df35d5754f.jpg,97667e1c22853091b4fe46001255f874
Data/pcb_neg_dataset3/pcb_neg_dataset3_1065/pcb_neg_dataset3_1065.jpg,pcb_neg_dataset3_1065.jpg,pcb_neg_dataset3,04_open_circuit_10_jpg.rf.202a32f1348c82eff937e44ffb3df406.jpg,d8715a2315350d02ea3bb134ae58ccf5
Data/pcb_neg_dataset3/pcb_neg_dataset3_1066/pcb_neg_dataset3_1066.jpg,pcb_neg_dataset3_1066.jpg,pcb_neg_dataset3,04_missing_hole_09_jpg.rf.f18c8f7948d720fffe4332cd9e3485e8.jpg,2e01a6f0e3b1fe859796fbd9f4846fb4
Data/pcb_neg_dataset3/pcb_neg_dataset3_1067/pcb_neg_dataset3_1067.jpg,pcb_neg_dataset3_1067.jpg,pcb_neg_dataset3,04_open_circuit_10_jpg.rf.861429d0eae74f1ca92baa64501bc2aa.jpg,62a5de8474226ed00f6d5a685815ff01
Data/pcb_neg_dataset3/pcb_neg_dataset3_1068/pcb_neg_dataset3_1068.jpg,pcb_neg_dataset3_1068.jpg,pcb_neg_dataset3,04_open_circuit_10_jpg.rf.8ea8fed1e23cd3082e33520e5c98ec2e.jpg,cc74783b7a7c890bb5eb7580f23451e7
Data/pcb_neg_dataset3/pcb_neg_dataset3_1069/pcb_neg_dataset3_1069.jpg,pcb_neg_dataset3_1069.jpg,pcb_neg_dataset3,04_missing_hole_04_jpg.rf.d5a74778c2431599c58d661294728df0.jpg,d0cacff0ac0f0449ac2ad02336a54127
Data/pcb_neg_dataset3/pcb_neg_dataset3_107/pcb_neg_dataset3_107.jpg,pcb_neg_dataset3_107.jpg,pcb_neg_dataset3,12_missing_hole_08_jpg.rf.84eadeaf8ca9f29d9746cc163dfb1126.jpg,52bd73f16ec14ea6df3657026e551967
Data/pcb_neg_dataset3/pcb_neg_dataset3_1070/pcb_neg_dataset3_1070.jpg,pcb_neg_dataset3_1070.jpg,pcb_neg_dataset3,04_open_circuit_11_jpg.rf.18605018de8a8d1749466bcff508c1db.jpg,40e15a76a6a3bb8dc97f2ac1d0443df4
Data/pcb_neg_dataset3/pcb_neg_dataset3_1071/pcb_neg_dataset3_1071.jpg,pcb_neg_dataset3_1071.jpg,pcb_neg_dataset3,04_missing_hole_04_jpg.rf.d5a74778c2431599c58d661294728df0.jpg,d0cacff0ac0f0449ac2ad02336a54127
Data/pcb_neg_dataset3/pcb_neg_dataset3_1072/pcb_neg_dataset3_1072.jpg,pcb_neg_dataset3_1072.jpg,pcb_neg_dataset3,04_missing_hole_04_jpg.rf.14aef51a16d6c10f494b0438dcbde2f1.jpg,8a0c49261b43f64f6426a31a2132e5aa
Data/pcb_neg_dataset3/pcb_neg_dataset3_1073/pcb_neg_dataset3_1073.jpg,pcb_neg_dataset3_1073.jpg,pcb_neg_dataset3,04_open_circuit_11_jpg.rf.53b47a083e0cd3fd630a1317079403cd.jpg,a3003a804d9754dd64c716ce0c6ce2b7
Data/pcb_neg_dataset3/pcb_neg_dataset3_1074/pcb_neg_dataset3_1074.jpg,pcb_neg_dataset3_1074.jpg,pcb_neg_dataset3,04_open_circuit_11_jpg.rf.cd30df8033bc698901622ff7422affd5.jpg,7069f041fe8a34d06c046dacda0090ac
Data/pcb_neg_dataset3/pcb_neg_dataset3_1075/pcb_neg_dataset3_1075.jpg,pcb_neg_dataset3_1075.jpg,pcb_neg_dataset3,04_open_circuit_11_jpg.rf.f87ac40a8ef3fc73f40e499dae594fd9.jpg,83fdb2d172fd11e05c89f27f08a53fc9
Data/pcb_neg_dataset3/pcb_neg_dataset3_1076/pcb_neg_dataset3_1076.jpg,pcb_neg_dataset3_1076.jpg,pcb_neg_dataset3,04_open_circuit_13_jpg.rf.25cbcf3eb7595f81d0470df577173e01.jpg,30a964f4cbde56cca8fcbf0b03304aa6
Data/pcb_neg_dataset3/pcb_neg_dataset3_1077/pcb_neg_dataset3_1077.jpg,pcb_neg_dataset3_1077.jpg,pcb_neg_dataset3,04_missing_hole_02_jpg.rf.81fdce230919fe68c783cd489d8f76f5.jpg,b089aa49674ff91cbdbdcffbaa094abd
Data/pcb_neg_dataset3/pcb_neg_dataset3_1078/pcb_neg_dataset3_1078.jpg,pcb_neg_dataset3_1078.jpg,pcb_neg_dataset3,04_open_circuit_13_jpg.rf.bf32f899c6ee35f92430324efa321ec4.jpg,0febc22322924cb9d55ba8de9a4ccf9f
Data/pcb_neg_dataset3/pcb_neg_dataset3_1079/pcb_neg_dataset3_1079.jpg,pcb_neg_dataset3_1079.jpg,pcb_neg_dataset3,04_open_circuit_15_jpg.rf.0abef41dd85e3a427863f348bee3fdee.jpg,9558df84075dcfd978cd770d952955b1
Data/pcb_neg_dataset3/pcb_neg_dataset3_108/pcb_neg_dataset3_108.jpg,pcb_neg_dataset3_108.jpg,pcb_neg_dataset3,12_missing_hole_04_jpg.rf.75d1b08b2a1929b7e1249e074dd8aed6.jpg,5eb494414072aa91d4d04ad5d41d204e
Data/pcb_neg_dataset3/pcb_neg_dataset3_1080/pcb_neg_dataset3_1080.jpg,pcb_neg_dataset3_1080.jpg,pcb_neg_dataset3,04_open_circuit_15_jpg.rf.33e65b426fc8ca465340a9a257b7af1c.jpg,281cfda29a7fdca9e5c7f15c45c348a4
Data/pcb_neg_dataset3/pcb_neg_dataset3_1081/pcb_neg_dataset3_1081.jpg,pcb_neg_dataset3_1081.jpg,pcb_neg_dataset3,04_missing_hole_04_jpg.rf.d5a74778c2431599c58d661294728df0.jpg,d0cacff0ac0f0449ac2ad02336a54127
Data/pcb_neg_dataset3/pcb_neg_dataset3_1082/pcb_neg_dataset3_1082.jpg,pcb_neg_dataset3_1082.jpg,pcb_neg_dataset3,04_missing_hole_04_jpg.rf.14aef51a16d6c10f494b0438dcbde2f1.jpg,8a0c49261b43f64f6426a31a2132e5aa
Data/pcb_neg_dataset3/pcb_neg_dataset3_1083/pcb_neg_dataset3_1083.jpg,pcb_neg_dataset3_1083.jpg,pcb_neg_dataset3,04_open_circuit_15_jpg.rf.bbb5775034a6c51102d5e55df6df6c4d.jpg,9443795fc40a297ae2e576b77352a282
Data/pcb_neg_dataset3/pcb_neg_dataset3_1084/pcb_neg_dataset3_1084.jpg,pcb_neg_dataset3_1084.jpg,pcb_neg_dataset3,04_open_circuit_15_jpg.rf.f28178e7705fe84688d977ce1d4ded7c.jpg,ff627475306b8bef50c4f615d18647e3
Data/pcb_neg_dataset3/pcb_neg_dataset3_1085/pcb_neg_dataset3_1085.jpg,pcb_neg_dataset3_1085.jpg,pcb_neg_dataset3,04_missing_hole_04_jpg.rf.d5a74778c2431599c58d661294728df0.jpg,d0cacff0ac0f0449ac2ad02336a54127
Data/pcb_neg_dataset3/pcb_neg_dataset3_1086/pcb_neg_dataset3_1086.jpg,pcb_neg_dataset3_1086.jpg,pcb_neg_dataset3,04_open_circuit_16_jpg.rf.487a255a2b86748362be80864ae41cb9.jpg,af96f40d60e47174e8205f27ed7952e2
Data/pcb_neg_dataset3/pcb_neg_dataset3_1087/pcb_neg_dataset3_1087.jpg,pcb_neg_dataset3_1087.jpg,pcb_neg_dataset3,04_open_circuit_16_jpg.rf.55e6fcd163bcf0055f0301d57cb273f7.jpg,0859a432fd22a8c86e535158711f0ba4
Data/pcb_neg_dataset3/pcb_neg_dataset3_1088/pcb_neg_dataset3_1088.jpg,pcb_neg_dataset3_1088.jpg,pcb_neg_dataset3,04_open_circuit_16_jpg.rf.a45e4eb08fb18718c5b8ed8d35f5a844.jpg,02c2cbdd628391725583e3cf47911f7f
Data/pcb_neg_dataset3/pcb_neg_dataset3_1089/pcb_neg_dataset3_1089.jpg,pcb_neg_dataset3_1089.jpg,pcb_neg_dataset3,04_missing_hole_04_jpg.rf.14aef51a16d6c10f494b0438dcbde2f1.jpg,8a0c49261b43f64f6426a31a2132e5aa
Data/pcb_neg_dataset3/pcb_neg_dataset3_109/pcb_neg_dataset3_109.jpg,pcb_neg_dataset3_109.jpg,pcb_neg_dataset3,12_mouse_bite_09_jpg.rf.581d9c928a969018bfca818154828303.jpg,bbb9247ddec5798a6c1a15414510d7b4
Data/pcb_neg_dataset3/pcb_neg_dataset3_1090/pcb_neg_dataset3_1090.jpg,pcb_neg_dataset3_1090.jpg,pcb_neg_dataset3,04_open_circuit_16_jpg.rf.edff3eb2fb6822bac79aa03e408b9daa.jpg,7105521b631534ccedef620c9441c854
Data/pcb_neg_dataset3/pcb_neg_dataset3_1091/pcb_neg_dataset3_1091.jpg,pcb_neg_dataset3_1091.jpg,pcb_neg_dataset3,04_missing_hole_02_jpg.rf.81fdce230919fe68c783cd489d8f76f5.jpg,b089aa49674ff91cbdbdcffbaa094abd
Data/pcb_neg_dataset3/pcb_neg_dataset3_1092/pcb_neg_dataset3_1092.jpg,pcb_neg_dataset3_1092.jpg,pcb_neg_dataset3,04_open_circuit_18_jpg.rf.5e4eaf17383415bb584ec582580faabf.jpg,f56d4c83cb4b2accf670d827e82e4af4
Data/pcb_neg_dataset3/pcb_neg_dataset3_1093/pcb_neg_dataset3_1093.jpg,pcb_neg_dataset3_1093.jpg,pcb_neg_dataset3,04_open_circuit_18_jpg.rf.60fabc897f59d136692594b02f77dd08.jpg,f06c70f6181b76941621f2cf72c5936f
Data/pcb_neg_dataset3/pcb_neg_dataset3_1094/pcb_neg_dataset3_1094.jpg,pcb_neg_dataset3_1094.jpg,pcb_neg_dataset3,04_open_circuit_18_jpg.rf.9139fda896d6d60734938e0ebd31befc.jpg,288de4d43166f22c36899a55a74d51e6
Data/pcb_neg_dataset3/pcb_neg_dataset3_1095/pcb_neg_dataset3_1095.jpg,pcb_neg_dataset3_1095.jpg,pcb_neg_dataset3,04_open_circuit_18_jpg.rf.96cc66a92f6ce322229420b789e323ce.jpg,0adf4337db4ada4bfd32721486a8e4b8
Data/pcb_neg_dataset3/pcb_neg_dataset3_1096/pcb_neg_dataset3_1096.jpg,pcb_neg_dataset3_1096.jpg,pcb_neg_dataset3,04_missing_hole_04_jpg.rf.14aef51a16d6c10f494b0438dcbde2f1.jpg,8a0c49261b43f64f6426a31a2132e5aa
Data/pcb_neg_dataset3/pcb_neg_dataset3_1097/pcb_neg_dataset3_1097.jpg,pcb_neg_dataset3_1097.jpg,pcb_neg_dataset3,04_missing_hole_09_jpg.rf.f18c8f7948d720fffe4332cd9e3485e8.jpg,2e01a6f0e3b1fe859796fbd9f4846fb4
Data/pcb_neg_dataset3/pcb_neg_dataset3_1098/pcb_neg_dataset3_1098.jpg,pcb_neg_dataset3_1098.jpg,pcb_neg_dataset3,04_open_circuit_18_jpg.rf.ef785dc05230588ddad7ad317542eca5.jpg,cb902012c3ac34537af2e99a84f1ed27
Data/pcb_neg_dataset3/pcb_neg_dataset3_1099/pcb_neg_dataset3_1099.jpg,pcb_neg_dataset3_1099.jpg,pcb_neg_dataset3,04_open_circuit_18_jpg.rf.fdf23fc6d3664e8edec485ae41346c6c.jpg,dbc60e3a52c3fb2e76fa8da2fa45dcfc
Data/pcb_neg_dataset3/pcb_neg_dataset3_11/pcb_neg_dataset3_11.jpg,pcb_neg_dataset3_11.jpg,pcb_neg_dataset3,10_missing_hole_01_jpg.rf.1b1559f737adae1ca8372b30bb51dd57.jpg,62494791ad86c5a0ed5f1fdb54a0a660
Data/pcb_neg_dataset3/pcb_neg_dataset3_110/pcb_neg_dataset3_110.jpg,pcb_neg_dataset3_110.jpg,pcb_neg_dataset3,12_missing_hole_04_jpg.rf.c207e5605064e3f15783c2af2e906f1b.jpg,2363e4bc9ace7364f71fdd8904af2597
Data/pcb_neg_dataset3/pcb_neg_dataset3_1100/pcb_neg_dataset3_1100.jpg,pcb_neg_dataset3_1100.jpg,pcb_neg_dataset3,04_open_circuit_19_jpg.rf.853ab79cb289748465c98ac8106f5ed4.jpg,a3fdd7b94b443148f7750703f57458d4
Data/pcb_neg_dataset3/pcb_neg_dataset3_1101/pcb_neg_dataset3_1101.jpg,pcb_neg_dataset3_1101.jpg,pcb_neg_dataset3,04_open_circuit_19_jpg.rf.85fcbe07b5986c7ddf74ab8a61a50bc5.jpg,1e6a0fea4ef8454d07fdd8f86b558b1c
Data/pcb_neg_dataset3/pcb_neg_dataset3_1102/pcb_neg_dataset3_1102.jpg,pcb_neg_dataset3_1102.jpg,pcb_neg_dataset3,04_open_circuit_19_jpg.rf.91e9e00d126a257fa568f26c9a449f56.jpg,261d3f0ccfcac5b0a20bd3b888eb7d2a
Data/pcb_neg_dataset3/pcb_neg_dataset3_1103/pcb_neg_dataset3_1103.jpg,pcb_neg_dataset3_1103.jpg,pcb_neg_dataset3,04_missing_hole_04_jpg.rf.d5a74778c2431599c58d661294728df0.jpg,d0cacff0ac0f0449ac2ad02336a54127
Data/pcb_neg_dataset3/pcb_neg_dataset3_1104/pcb_neg_dataset3_1104.jpg,pcb_neg_dataset3_1104.jpg,pcb_neg_dataset3,04_open_circuit_19_jpg.rf.e104796fb10d022eb69b5041cfb5ed8b.jpg,8962f46cbb742aa12d45bd2ff9392a73
Data/pcb_neg_dataset3/pcb_neg_dataset3_1105/pcb_neg_dataset3_1105.jpg,pcb_neg_dataset3_1105.jpg,pcb_neg_dataset3,04_missing_hole_04_jpg.rf.14aef51a16d6c10f494b0438dcbde2f1.jpg,8a0c49261b43f64f6426a31a2132e5aa
Data/pcb_neg_dataset3/pcb_neg_dataset3_1106/pcb_neg_dataset3_1106.jpg,pcb_neg_dataset3_1106.jpg,pcb_neg_dataset3,04_open_circuit_20_jpg.rf.74ea52b4077572ffc2b11cc547fa71a6.jpg,fc08901500d69caace137397952426e8
Data/pcb_neg_dataset3/pcb_neg_dataset3_1107/pcb_neg_dataset3_1107.jpg,pcb_neg_dataset3_1107.jpg,pcb_neg_dataset3,04_open_circuit_20_jpg.rf.ed7c7437c864082b51f122fde76e01b7.jpg,611c3fd7848987cc0218a94e0f5b368a
Data/pcb_neg_dataset3/pcb_neg_dataset3_1108/pcb_neg_dataset3_1108.jpg,pcb_neg_dataset3_1108.jpg,pcb_neg_dataset3,04_short_01_jpg.rf.12637e1ae27f9ca2d0cbb71a647e7ac6.jpg,591ed5660ce2eaca3e244a96579a49cc
Data/pcb_neg_dataset3/pcb_neg_dataset3_1109/pcb_neg_dataset3_1109.jpg,pcb_neg_dataset3_1109.jpg,pcb_neg_dataset3,04_missing_hole_02_jpg.rf.81fdce230919fe68c783cd489d8f76f5.jpg,b089aa49674ff91cbdbdcffbaa094abd
Data/pcb_neg_dataset3/pcb_neg_dataset3_111/pcb_neg_dataset3_111.jpg,pcb_neg_dataset3_111.jpg,pcb_neg_dataset3,12_missing_hole_04_jpg.rf.c207e5605064e3f15783c2af2e906f1b.jpg,2363e4bc9ace7364f71fdd8904af2597
Data/pcb_neg_dataset3/pcb_neg_dataset3_1110/pcb_neg_dataset3_1110.jpg,pcb_neg_dataset3_1110.jpg,pcb_neg_dataset3,04_short_01_jpg.rf.74574725a4ef830b4adcd207fe9aad6b.jpg,2b5f118e7c9583b4e85dc3638a2a27a7
Data/pcb_neg_dataset3/pcb_neg_dataset3_1111/pcb_neg_dataset3_1111.jpg,pcb_neg_dataset3_1111.jpg,pcb_neg_dataset3,04_short_01_jpg.rf.aaac005e52d596ad621cf3b4d717c4d6.jpg,026d00d7f16c01d5dcdd1bfd71adf5ac
Data/pcb_neg_dataset3/pcb_neg_dataset3_1112/pcb_neg_dataset3_1112.jpg,pcb_neg_dataset3_1112.jpg,pcb_neg_dataset3,04_short_01_jpg.rf.e4454b14c2df00ba07796ea3b73705bb.jpg,2375fc067ba72d73f2565bf3f482c38f
Data/pcb_neg_dataset3/pcb_neg_dataset3_1113/pcb_neg_dataset3_1113.jpg,pcb_neg_dataset3_1113.jpg,pcb_neg_dataset3,04_missing_hole_09_jpg.rf.f18c8f7948d720fffe4332cd9e3485e8.jpg,2e01a6f0e3b1fe859796fbd9f4846fb4
Data/pcb_neg_dataset3/pcb_neg_dataset3_1114/pcb_neg_dataset3_1114.jpg,pcb_neg_dataset3_1114.jpg,pcb_neg_dataset3,04_short_03_jpg.rf.2b8789896fdc6c3df86c1551e8482086.jpg,21153d62ec91279fc94ff7056ac66927
Data/pcb_neg_dataset3/pcb_neg_dataset3_1115/pcb_neg_dataset3_1115.jpg,pcb_neg_dataset3_1115.jpg,pcb_neg_dataset3,04_short_03_jpg.rf.ad56c2b257a8ad0b6aa8b63308732bf5.jpg,baf9ff46aa94ef0920fe139a4b61e24d
Data/pcb_neg_dataset3/pcb_neg_dataset3_1116/pcb_neg_dataset3_1116.jpg,pcb_neg_dataset3_1116.jpg,pcb_neg_dataset3,04_short_03_jpg.rf.e25ce848dd20d23009f42ed901d7d47b.jpg,c8d7b25accae72e4c0bb14052afe4482
Data/pcb_neg_dataset3/pcb_neg_dataset3_1117/pcb_neg_dataset3_1117.jpg,pcb_neg_dataset3_1117.jpg,pcb_neg_dataset3,04_short_03_jpg.rf.e55f6c17a779a59f75b6a34ae02ca07b.jpg,80322846fc9d5027e42f877aec90260c
Data/pcb_neg_dataset3/pcb_neg_dataset3_1118/pcb_neg_dataset3_1118.jpg,pcb_neg_dataset3_1118.jpg,pcb_neg_dataset3,04_missing_hole_09_jpg.rf.f18c8f7948d720fffe4332cd9e3485e8.jpg,2e01a6f0e3b1fe859796fbd9f4846fb4
Data/pcb_neg_dataset3/pcb_neg_dataset3_1119/pcb_neg_dataset3_1119.jpg,pcb_neg_dataset3_1119.jpg,pcb_neg_dataset3,04_short_05_jpg.rf.009e072d4f13acdf537950ab6edebb67.jpg,d0d4fe4944ff47558bcd957acd9382b1
Data/pcb_neg_dataset3/pcb_neg_dataset3_112/pcb_neg_dataset3_112.jpg,pcb_neg_dataset3_112.jpg,pcb_neg_dataset3,12_mouse_bite_09_jpg.rf.581d9c928a969018bfca818154828303.jpg,bbb9247ddec5798a6c1a15414510d7b4
Data/pcb_neg_dataset3/pcb_neg_dataset3_1120/pcb_neg_dataset3_1120.jpg,pcb_neg_dataset3_1120.jpg,pcb_neg_dataset3,04_mouse_bite_18_jpg.rf.78653d7e69b1489fac3220abf15165dd.jpg,05c2e21bc53aa1200ee49f86e1f9f82b
Data/pcb_neg_dataset3/pcb_neg_dataset3_1121/pcb_neg_dataset3_1121.jpg,pcb_neg_dataset3_1121.jpg,pcb_neg_dataset3,04_missing_hole_04_jpg.rf.14aef51a16d6c10f494b0438dcbde2f1.jpg,8a0c49261b43f64f6426a31a2132e5aa
Data/pcb_neg_dataset3/pcb_neg_dataset3_1122/pcb_neg_dataset3_1122.jpg,pcb_neg_dataset3_1122.jpg,pcb_neg_dataset3,04_missing_hole_02_jpg.rf.81fdce230919fe68c783cd489d8f76f5.jpg,b089aa49674ff91cbdbdcffbaa094abd
Data/pcb_neg_dataset3/pcb_neg_dataset3_1123/pcb_neg_dataset3_1123.jpg,pcb_neg_dataset3_1123.jpg,pcb_neg_dataset3,04_short_05_jpg.rf.3bd91ef7e4052d390d61cdcde66b0313.jpg,cb139cf991f15542f39b8f9cf74aa4ac
Data/pcb_neg_dataset3/pcb_neg_dataset3_1124/pcb_neg_dataset3_1124.jpg,pcb_neg_dataset3_1124.jpg,pcb_neg_dataset3,04_mouse_bite_18_jpg.rf.f6ca521455404ac92aa4d985f107e948.jpg,7f2b87642544a4e499fabbf8c62e4cb1
Data/pcb_neg_dataset3/pcb_neg_dataset3_1125/pcb_neg_dataset3_1125.jpg,pcb_neg_dataset3_1125.jpg,pcb_neg_dataset3,04_missing_hole_04_jpg.rf.d5a74778c2431599c58d661294728df0.jpg,d0cacff0ac0f0449ac2ad02336a54127
Data/pcb_neg_dataset3/pcb_neg_dataset3_1126/pcb_neg_dataset3_1126.jpg,pcb_neg_dataset3_1126.jpg,pcb_neg_dataset3,04_short_05_jpg.rf.a04ffa0cd265ad8a23736b2c4dfc8055.jpg,9eb6a7dcdef02683eabd05570d675838
Data/pcb_neg_dataset3/pcb_neg_dataset3_1127/pcb_neg_dataset3_1127.jpg,pcb_neg_dataset3_1127.jpg,pcb_neg_dataset3,04_short_05_jpg.rf.ac8c7a2718a613fc01ed1a155c43ddf5.jpg,c3456bf665e775d8f1ab8abdc7bdd3b8
Data/pcb_neg_dataset3/pcb_neg_dataset3_1128/pcb_neg_dataset3_1128.jpg,pcb_neg_dataset3_1128.jpg,pcb_neg_dataset3,04_short_06_jpg.rf.1727ab6e9f79f1db0f64cff1382d3ead.jpg,6c0fc62f95e841ae2c463ffc502008a6
Data/pcb_neg_dataset3/pcb_neg_dataset3_1129/pcb_neg_dataset3_1129.jpg,pcb_neg_dataset3_1129.jpg,pcb_neg_dataset3,04_missing_hole_02_jpg.rf.81fdce230919fe68c783cd489d8f76f5.jpg,b089aa49674ff91cbdbdcffbaa094abd
Data/pcb_neg_dataset3/pcb_neg_dataset3_113/pcb_neg_dataset3_113.jpg,pcb_neg_dataset3_113.jpg,pcb_neg_dataset3,12_missing_hole_04_jpg.rf.75d1b08b2a1929b7e1249e074dd8aed6.jpg,5eb494414072aa91d4d04ad5d41d204e
Data/pcb_neg_dataset3/pcb_neg_dataset3_1130/pcb_neg_dataset3_1130.jpg,pcb_neg_dataset3_1130.jpg,pcb_neg_dataset3,04_short_06_jpg.rf.3597942b2f0cba53b7d49b32e42e786d.jpg,cb008520638177fef940c94f72872246
Data/pcb_neg_dataset3/pcb_neg_dataset3_1131/pcb_neg_dataset3_1131.jpg,pcb_neg_dataset3_1131.jpg,pcb_neg_dataset3,04_short_06_jpg.rf.5b77268115426e2b4c1a917c0d18ed26.jpg,db3caff02b8d538f57dd21430fad6263
Data/pcb_neg_dataset3/pcb_neg_dataset3_1132/pcb_neg_dataset3_1132.jpg,pcb_neg_dataset3_1132.jpg,pcb_neg_dataset3,04_short_06_jpg.rf.742ac239bf04ad3d8492f12067dae2f5.jpg,48bdbc827813a019e97cc71941b66341
Data/pcb_neg_dataset3/pcb_neg_dataset3_1133/pcb_neg_dataset3_1133.jpg,pcb_neg_dataset3_1133.jpg,pcb_neg_dataset3,04_short_06_jpg.rf.7c79b1edd122ed5104a104e4e544351f.jpg,e429d2fbbd347a275c02135c51f282da
Data/pcb_neg_dataset3/pcb_neg_dataset3_1134/pcb_neg_dataset3_1134.jpg,pcb_neg_dataset3_1134.jpg,pcb_neg_dataset3,04_missing_hole_09_jpg.rf.f18c8f7948d720fffe4332cd9e3485e8.jpg,2e01a6f0e3b1fe859796fbd9f4846fb4
Data/pcb_neg_dataset3/pcb_neg_dataset3_1135/pcb_neg_dataset3_1135.jpg,pcb_neg_dataset3_1135.jpg,pcb_neg_dataset3,04_short_06_jpg.rf.bb1e7d5faecb76a4a4df2e0f1db48c4f.jpg,d95d6770b6cea2c607930b3d11086b61
Data/pcb_neg_dataset3/pcb_neg_dataset3_1136/pcb_neg_dataset3_1136.jpg,pcb_neg_dataset3_1136.jpg,pcb_neg_dataset3,04_missing_hole_04_jpg.rf.14aef51a16d6c10f494b0438dcbde2f1.jpg,8a0c49261b43f64f6426a31a2132e5aa
Data/pcb_neg_dataset3/pcb_neg_dataset3_1137/pcb_neg_dataset3_1137.jpg,pcb_neg_dataset3_1137.jpg,pcb_neg_dataset3,04_short_08_jpg.rf.126f5d4e6f4b57e5ff9d062fedb77218.jpg,2f150a714d5dff3a8b7fe3d4ec6d6c76
Data/pcb_neg_dataset3/pcb_neg_dataset3_1138/pcb_neg_dataset3_1138.jpg,pcb_neg_dataset3_1138.jpg,pcb_neg_dataset3,04_missing_hole_02_jpg.rf.81fdce230919fe68c783cd489d8f76f5.jpg,b089aa49674ff91cbdbdcffbaa094abd
Data/pcb_neg_dataset3/pcb_neg_dataset3_1139/pcb_neg_dataset3_1139.jpg,pcb_neg_dataset3_1139.jpg,pcb_neg_dataset3,04_short_08_jpg.rf.656f0781cbb1525e4fa09225fa25d842.jpg,98d0b63f231a4efdcfa7a8e6d148e84e
Data/pcb_neg_dataset3/pcb_neg_dataset3_114/pcb_neg_dataset3_114.jpg,pcb_neg_dataset3_114.jpg,pcb_neg_dataset3,12_missing_hole_04_jpg.rf.c207e5605064e3f15783c2af2e906f1b.jpg,2363e4bc9ace7364f71fdd8904af2597
Data/pcb_neg_dataset3/pcb_neg_dataset3_1140/pcb_neg_dataset3_1140.jpg,pcb_neg_dataset3_1140.jpg,pcb_neg_dataset3,04_missing_hole_09_jpg.rf.f18c8f7948d720fffe4332cd9e3485e8.jpg,2e01a6f0e3b1fe859796fbd9f4846fb4
Data/pcb_neg_dataset3/pcb_neg_dataset3_1141/pcb_neg_dataset3_1141.jpg,pcb_neg_dataset3_1141.jpg,pcb_neg_dataset3,04_short_08_jpg.rf.7e1f5faba7290bd1e0345c824d8a4e0e.jpg,bc42945daee21693231d63867c6c658e
Data/pcb_neg_dataset3/pcb_neg_dataset3_1142/pcb_neg_dataset3_1142.jpg,pcb_neg_dataset3_1142.jpg,pcb_neg_dataset3,04_short_08_jpg.rf.bbd60f50d9fd3f4775821ab057d59552.jpg,997ce8c52c6f987105737bcc709853f7
Data/pcb_neg_dataset3/pcb_neg_dataset3_1143/pcb_neg_dataset3_1143.jpg,pcb_neg_dataset3_1143.jpg,pcb_neg_dataset3,04_short_09_jpg.rf.0390630fc334491dcfa681de58ec4f92.jpg,1c58fb95a260cf756093798246bca77f
Data/pcb_neg_dataset3/pcb_neg_dataset3_1144/pcb_neg_dataset3_1144.jpg,pcb_neg_dataset3_1144.jpg,pcb_neg_dataset3,04_missing_hole_04_jpg.rf.d5a74778c2431599c58d661294728df0.jpg,d0cacff0ac0f0449ac2ad02336a54127
Data/pcb_neg_dataset3/pcb_neg_dataset3_1145/pcb_neg_dataset3_1145.jpg,pcb_neg_dataset3_1145.jpg,pcb_neg_dataset3,04_short_09_jpg.rf.41ab466caea0a86fd44594332ec14d66.jpg,6491a49ed4e7588008c18ac0db3de964
Data/pcb_neg_dataset3/pcb_neg_dataset3_1146/pcb_neg_dataset3_1146.jpg,pcb_neg_dataset3_1146.jpg,pcb_neg_dataset3,04_missing_hole_04_jpg.rf.14aef51a16d6c10f494b0438dcbde2f1.jpg,8a0c49261b43f64f6426a31a2132e5aa
Data/pcb_neg_dataset3/pcb_neg_dataset3_1147/pcb_neg_dataset3_1147.jpg,pcb_neg_dataset3_1147.jpg,pcb_neg_dataset3,04_short_09_jpg.rf.8b0fe5b78305eefc70651e9afd24c7e9.jpg,a53ec1fa5bebfbcf279bdcb3b2cbbc20
Data/pcb_neg_dataset3/pcb_neg_dataset3_1148/pcb_neg_dataset3_1148.jpg,pcb_neg_dataset3_1148.jpg,pcb_neg_dataset3,04_short_09_jpg.rf.a8316bf74bb49f96cd1c0060479f7fe7.jpg,0beccb806dd008c707186604f6105b6b
Data/pcb_neg_dataset3/pcb_neg_dataset3_1149/pcb_neg_dataset3_1149.jpg,pcb_neg_dataset3_1149.jpg,pcb_neg_dataset3,04_missing_hole_09_jpg.rf.f18c8f7948d720fffe4332cd9e3485e8.jpg,2e01a6f0e3b1fe859796fbd9f4846fb4
Data/pcb_neg_dataset3/pcb_neg_dataset3_115/pcb_neg_dataset3_115.jpg,pcb_neg_dataset3_115.jpg,pcb_neg_dataset3,12_missing_hole_04_jpg.rf.c207e5605064e3f15783c2af2e906f1b.jpg,2363e4bc9ace7364f71fdd8904af2597
Data/pcb_neg_dataset3/pcb_neg_dataset3_1150/pcb_neg_dataset3_1150.jpg,pcb_neg_dataset3_1150.jpg,pcb_neg_dataset3,04_short_09_jpg.rf.af77e6661b22b0308ce3e90117406b31.jpg,a7e055bc49a838ac27b34e6450513fff
Data/pcb_neg_dataset3/pcb_neg_dataset3_1151/pcb_neg_dataset3_1151.jpg,pcb_neg_dataset3_1151.jpg,pcb_neg_dataset3,04_short_09_jpg.rf.f57a62a490f67644107b0001355fc77f.jpg,9d5cb12219d26ac5172de672b2d87ffa
Data/pcb_neg_dataset3/pcb_neg_dataset3_1152/pcb_neg_dataset3_1152.jpg,pcb_neg_dataset3_1152.jpg,pcb_neg_dataset3,04_short_11_jpg.rf.28f5fe7e3bbf94753bff2b7aedc02cf0.jpg,dc9759c5dc02eeffac857fa913457bee
Data/pcb_neg_dataset3/pcb_neg_dataset3_1153/pcb_neg_dataset3_1153.jpg,pcb_neg_dataset3_1153.jpg,pcb_neg_dataset3,04_short_11_jpg.rf.9e5bdd54beca593730b235dc467bd09e.jpg,c81c54b2efd3d98f75421d7524f472e8
Data/pcb_neg_dataset3/pcb_neg_dataset3_1154/pcb_neg_dataset3_1154.jpg,pcb_neg_dataset3_1154.jpg,pcb_neg_dataset3,04_missing_hole_02_jpg.rf.81fdce230919fe68c783cd489d8f76f5.jpg,b089aa49674ff91cbdbdcffbaa094abd
Data/pcb_neg_dataset3/pcb_neg_dataset3_1155/pcb_neg_dataset3_1155.jpg,pcb_neg_dataset3_1155.jpg,pcb_neg_dataset3,04_short_12_jpg.rf.03530ea60d68f3387827e5ddf526ef24.jpg,a1ccd96826c96d259ec4f7418dcf22d7
Data/pcb_neg_dataset3/pcb_neg_dataset3_1156/pcb_neg_dataset3_1156.jpg,pcb_neg_dataset3_1156.jpg,pcb_neg_dataset3,04_open_circuit_13_jpg.rf.bf32f899c6ee35f92430324efa321ec4.jpg,0febc22322924cb9d55ba8de9a4ccf9f
Data/pcb_neg_dataset3/pcb_neg_dataset3_1157/pcb_neg_dataset3_1157.jpg,pcb_neg_dataset3_1157.jpg,pcb_neg_dataset3,04_missing_hole_02_jpg.rf.81fdce230919fe68c783cd489d8f76f5.jpg,b089aa49674ff91cbdbdcffbaa094abd
Data/pcb_neg_dataset3/pcb_neg_dataset3_1158/pcb_neg_dataset3_1158.jpg,pcb_neg_dataset3_1158.jpg,pcb_neg_dataset3,04_missing_hole_11_jpg.rf.3b246280c141155c5135417cb337b15b.jpg,536327f2d2d5891296f6f5dad1a0e530
Data/pcb_neg_dataset3/pcb_neg_dataset3_1159/pcb_neg_dataset3_1159.jpg,pcb_neg_dataset3_1159.jpg,pcb_neg_dataset3,04_missing_hole_11_jpg.rf.f2a34a0726e288537eece8b8b8ca873d.jpg,90b2eb0f5ff44494c88aad25c11aff99
Data/pcb_neg_dataset3/pcb_neg_dataset3_116/pcb_neg_dataset3_116.jpg,pcb_neg_dataset3_116.jpg,pcb_neg_dataset3,12_missing_hole_04_jpg.rf.c207e5605064e3f15783c2af2e906f1b.jpg,2363e4bc9ace7364f71fdd8904af2597
Data/pcb_neg_dataset3/pcb_neg_dataset3_1160/pcb_neg_dataset3_1160.jpg,pcb_neg_dataset3_1160.jpg,pcb_neg_dataset3,04_missing_hole_09_jpg.rf.f18c8f7948d720fffe4332cd9e3485e8.jpg,2e01a6f0e3b1fe859796fbd9f4846fb4
Data/pcb_neg_dataset3/pcb_neg_dataset3_1161/pcb_neg_dataset3_1161.jpg,pcb_neg_dataset3_1161.jpg,pcb_neg_dataset3,04_short_13_jpg.rf.0dbc444563b84699d3f44acc9064b665.jpg,f07018bc7ac54ea77a97d3ebd996f091
Data/pcb_neg_dataset3/pcb_neg_dataset3_1162/pcb_neg_dataset3_1162.jpg,pcb_neg_dataset3_1162.jpg,pcb_neg_dataset3,04_missing_hole_04_jpg.rf.d5a74778c2431599c58d661294728df0.jpg,d0cacff0ac0f0449ac2ad02336a54127
Data/pcb_neg_dataset3/pcb_neg_dataset3_1163/pcb_neg_dataset3_1163.jpg,pcb_neg_dataset3_1163.jpg,pcb_neg_dataset3,04_short_13_jpg.rf.213203f525ecc00c8ef0950c57d0e62f.jpg,6219ee33d23dca0991a36cd971615fa9
Data/pcb_neg_dataset3/pcb_neg_dataset3_1164/pcb_neg_dataset3_1164.jpg,pcb_neg_dataset3_1164.jpg,pcb_neg_dataset3,04_short_13_jpg.rf.4ce725a7e4e35cd154aed9d1754a046f.jpg,366775b6ae225bdfaff3704ed67d9e5d
Data/pcb_neg_dataset3/pcb_neg_dataset3_1165/pcb_neg_dataset3_1165.jpg,pcb_neg_dataset3_1165.jpg,pcb_neg_dataset3,04_short_13_jpg.rf.9cb234aee2d978b86715efb753edfcc6.jpg,19d96b5c4fe6c41b17dde2eea4dbaada
Data/pcb_neg_dataset3/pcb_neg_dataset3_1166/pcb_neg_dataset3_1166.jpg,pcb_neg_dataset3_1166.jpg,pcb_neg_dataset3,04_missing_hole_09_jpg.rf.f18c8f7948d720fffe4332cd9e3485e8.jpg,2e01a6f0e3b1fe859796fbd9f4846fb4
Data/pcb_neg_dataset3/pcb_neg_dataset3_1167/pcb_neg_dataset3_1167.jpg,pcb_neg_dataset3_1167.jpg,pcb_neg_dataset3,04_short_14_jpg.rf.40cfadfcdb87376315fb6252a0b5ed78.jpg,2aa197db04f2e23325e2c64d2061e063
Data/pcb_neg_dataset3/pcb_neg_dataset3_1168/pcb_neg_dataset3_1168.jpg,pcb_neg_dataset3_1168.jpg,pcb_neg_dataset3,04_missing_hole_02_jpg.rf.81fdce230919fe68c783cd489d8f76f5.jpg,b089aa49674ff91cbdbdcffbaa094abd
Data/pcb_neg_dataset3/pcb_neg_dataset3_1169/pcb_neg_dataset3_1169.jpg,pcb_neg_dataset3_1169.jpg,pcb_neg_dataset3,04_short_14_jpg.rf.8d41eea0b906a29bc430761312c2ab9a.jpg,4e33de0fa0e2946e56246e212139b8e8
Data/pcb_neg_dataset3/pcb_neg_dataset3_117/pcb_neg_dataset3_117.jpg,pcb_neg_dataset3_117.jpg,pcb_neg_dataset3,12_missing_hole_04_jpg.rf.c207e5605064e3f15783c2af2e906f1b.jpg,2363e4bc9ace7364f71fdd8904af2597
Data/pcb_neg_dataset3/pcb_neg_dataset3_1170/pcb_neg_dataset3_1170.jpg,pcb_neg_dataset3_1170.jpg,pcb_neg_dataset3,04_mouse_bite_12_jpg.rf.b769233996a9e6db083a68b03e1f78a4.jpg,5647e71a44d5f3454743c7cce0ae3d50
Data/pcb_neg_dataset3/pcb_neg_dataset3_1171/pcb_neg_dataset3_1171.jpg,pcb_neg_dataset3_1171.jpg,pcb_neg_dataset3,04_short_15_jpg.rf.8c012bdb3b2403139b10cf503f53fb66.jpg,c24cbeea47a78ca0b30f6d7ff9c444e2
Data/pcb_neg_dataset3/pcb_neg_dataset3_1172/pcb_neg_dataset3_1172.jpg,pcb_neg_dataset3_1172.jpg,pcb_neg_dataset3,04_missing_hole_04_jpg.rf.d5a74778c2431599c58d661294728df0.jpg,d0cacff0ac0f0449ac2ad02336a54127
Data/pcb_neg_dataset3/pcb_neg_dataset3_1173/pcb_neg_dataset3_1173.jpg,pcb_neg_dataset3_1173.jpg,pcb_neg_dataset3,04_missing_hole_04_jpg.rf.14aef51a16d6c10f494b0438dcbde2f1.jpg,8a0c49261b43f64f6426a31a2132e5aa
Data/pcb_neg_dataset3/pcb_neg_dataset3_1174/pcb_neg_dataset3_1174.jpg,pcb_neg_dataset3_1174.jpg,pcb_neg_dataset3,04_short_15_jpg.rf.ee3deddd1d0ddb7ada7a5c5174872d71.jpg,22ef23af5461b862dc2904ca0f434920
Data/pcb_neg_dataset3/pcb_neg_dataset3_1175/pcb_neg_dataset3_1175.jpg,pcb_neg_dataset3_1175.jpg,pcb_neg_dataset3,04_short_15_jpg.rf.fb5787de2993b7779d8ee3ec9d3b73c2.jpg,985278b9cb829332a9a034a916aaaaa5
Data/pcb_neg_dataset3/pcb_neg_dataset3_1176/pcb_neg_dataset3_1176.jpg,pcb_neg_dataset3_1176.jpg,pcb_neg_dataset3,04_short_16_jpg.rf.0bf930a809e2bdc667922ad6fbf195be.jpg,d74d44c6cd9979bb364d27dcb7e3a033
Data/pcb_neg_dataset3/pcb_neg_dataset3_1177/pcb_neg_dataset3_1177.jpg,pcb_neg_dataset3_1177.jpg,pcb_neg_dataset3,04_short_16_jpg.rf.c371f9026c053ba2d8010fbb0f7831f3.jpg,145b39ce8771c5e8e315ab77cc7213a6
Data/pcb_neg_dataset3/pcb_neg_dataset3_1178/pcb_neg_dataset3_1178.jpg,pcb_neg_dataset3_1178.jpg,pcb_neg_dataset3,04_missing_hole_02_jpg.rf.81fdce230919fe68c783cd489d8f76f5.jpg,b089aa49674ff91cbdbdcffbaa094abd
Data/pcb_neg_dataset3/pcb_neg_dataset3_1179/pcb_neg_dataset3_1179.jpg,pcb_neg_dataset3_1179.jpg,pcb_neg_dataset3,04_short_16_jpg.rf.e50ba37abc2db8d36ce6f28f265cd6e2.jpg,66e2f6e09c89a686c5c4ede2a544c170
Data/pcb_neg_dataset3/pcb_neg_dataset3_118/pcb_neg_dataset3_118.jpg,pcb_neg_dataset3_118.jpg,pcb_neg_dataset3,12_missing_hole_04_jpg.rf.c207e5605064e3f15783c2af2e906f1b.jpg,2363e4bc9ace7364f71fdd8904af2597
Data/pcb_neg_dataset3/pcb_neg_dataset3_1180/pcb_neg_dataset3_1180.jpg,pcb_neg_dataset3_1180.jpg,pcb_neg_dataset3,04_missing_hole_09_jpg.rf.f18c8f7948d720fffe4332cd9e3485e8.jpg,2e01a6f0e3b1fe859796fbd9f4846fb4
Data/pcb_neg_dataset3/pcb_neg_dataset3_1181/pcb_neg_dataset3_1181.jpg,pcb_neg_dataset3_1181.jpg,pcb_neg_dataset3,04_short_17_jpg.rf.2415c37dcaa4dba2850565ebfa55284a.jpg,67e0b10968c6a78f8856d2e48b9b1547
Data/pcb_neg_dataset3/pcb_neg_dataset3_1182/pcb_neg_dataset3_1182.jpg,pcb_neg_dataset3_1182.jpg,pcb_neg_dataset3,04_short_17_jpg.rf.578c100336db25eca752e58fd28fcbdc.jpg,7a85046beda05cb961dae9bcaffae92c
Data/pcb_neg_dataset3/pcb_neg_dataset3_1183/pcb_neg_dataset3_1183.jpg,pcb_neg_dataset3_1183.jpg,pcb_neg_dataset3,04_missing_hole_02_jpg.rf.81fdce230919fe68c783cd489d8f76f5.jpg,b089aa49674ff91cbdbdcffbaa094abd
Data/pcb_neg_dataset3/pcb_neg_dataset3_1184/pcb_neg_dataset3_1184.jpg,pcb_neg_dataset3_1184.jpg,pcb_neg_dataset3,04_short_17_jpg.rf.e4f3d08c33d39315102850c0b4a9df19.jpg,9c1d50d57d116f773c9bba17d14cda12
Data/pcb_neg_dataset3/pcb_neg_dataset3_1185/pcb_neg_dataset3_1185.jpg,pcb_neg_dataset3_1185.jpg,pcb_neg_dataset3,04_mouse_bite_15_jpg.rf.aaa6895d53beb49b399f04be40d12a80.jpg,4461867c21ba5cefb7e15f922cb21a4b
Data/pcb_neg_dataset3/pcb_neg_dataset3_1186/pcb_neg_dataset3_1186.jpg,pcb_neg_dataset3_1186.jpg,pcb_neg_dataset3,04_short_18_jpg.rf.1dc43b2c2b553a9ef1bcb154864abd3e.jpg,f2fbb90a612ab88029ed37dadbaee302
Data/pcb_neg_dataset3/pcb_neg_dataset3_1187/pcb_neg_dataset3_1187.jpg,pcb_neg_dataset3_1187.jpg,pcb_neg_dataset3,04_missing_hole_09_jpg.rf.f18c8f7948d720fffe4332cd9e3485e8.jpg,2e01a6f0e3b1fe859796fbd9f4846fb4
Data/pcb_neg_dataset3/pcb_neg_dataset3_1188/pcb_neg_dataset3_1188.jpg,pcb_neg_dataset3_1188.jpg,pcb_neg_dataset3,04_short_18_jpg.rf.59e9d7caa7d2c4b91db8d3e4346fd3c0.jpg,a187527f78688d9990a5ea2737904255
Data/pcb_neg_dataset3/pcb_neg_dataset3_1189/pcb_neg_dataset3_1189.jpg,pcb_neg_dataset3_1189.jpg,pcb_neg_dataset3,04_short_18_jpg.rf.5b062c2cf811e91cafafa2c250610637.jpg,eb1f7dc7a450aab5f6f92f2c398f70ec
Data/pcb_neg_dataset3/pcb_neg_dataset3_119/pcb_neg_dataset3_119.jpg,pcb_neg_dataset3_119.jpg,pcb_neg_dataset3,12_missing_hole_04_jpg.rf.c207e5605064e3f15783c2af2e906f1b.jpg,2363e4bc9ace7364f71fdd8904af2597
Data/pcb_neg_dataset3/pcb_neg_dataset3_1190/pcb_neg_dataset3_1190.jpg,pcb_neg_dataset3_1190.jpg,pcb_neg_dataset3,04_short_18_jpg.rf.8e4c7cea91770e5357afff13f9b88778.jpg,5defb91a11c4b1a18a4dc5731d9bf66c
Data/pcb_neg_dataset3/pcb_neg_dataset3_1191/pcb_neg_dataset3_1191.jpg,pcb_neg_dataset3_1191.jpg,pcb_neg_dataset3,04_missing_hole_04_jpg.rf.d5a74778c2431599c58d661294728df0.jpg,d0cacff0ac0f0449ac2ad02336a54127
Data/pcb_neg_dataset3/pcb_neg_dataset3_1192/pcb_neg_dataset3_1192.jpg,pcb_neg_dataset3_1192.jpg,pcb_neg_dataset3,04_missing_hole_09_jpg.rf.f18c8f7948d720fffe4332cd9e3485e8.jpg,2e01a6f0e3b1fe859796fbd9f4846fb4
Data/pcb_neg_dataset3/pcb_neg_dataset3_1193/pcb_neg_dataset3_1193.jpg,pcb_neg_dataset3_1193.jpg,pcb_neg_dataset3,04_short_19_jpg.rf.787ff79e753512b1a40029d1850721f7.jpg,4e3cee0ed477fdae5cbf51a6eab58b10
Data/pcb_neg_dataset3/pcb_neg_dataset3_1194/pcb_neg_dataset3_1194.jpg,pcb_neg_dataset3_1194.jpg,pcb_neg_dataset3,04_short_19_jpg.rf.78c6bcfa7917efc899853375384e70ba.jpg,7e41f37737e4100b9fd3dc11a0613fef
Data/pcb_neg_dataset3/pcb_neg_dataset3_1195/pcb_neg_dataset3_1195.jpg,pcb_neg_dataset3_1195.jpg,pcb_neg_dataset3,04_short_19_jpg.rf.8804ab2d13c52f88facffe16d6f67126.jpg,f7644d9039a4aabafe98a954c5ecd0ac
Data/pcb_neg_dataset3/pcb_neg_dataset3_1196/pcb_neg_dataset3_1196.jpg,pcb_neg_dataset3_1196.jpg,pcb_neg_dataset3,04_short_19_jpg.rf.8e2bf83699ddc87fef7f010f60f9c661.jpg,32db28d4cf7946d95d01624895c96ef7
Data/pcb_neg_dataset3/pcb_neg_dataset3_1197/pcb_neg_dataset3_1197.jpg,pcb_neg_dataset3_1197.jpg,pcb_neg_dataset3,04_missing_hole_02_jpg.rf.81fdce230919fe68c783cd489d8f76f5.jpg,b089aa49674ff91cbdbdcffbaa094abd
Data/pcb_neg_dataset3/pcb_neg_dataset3_1198/pcb_neg_dataset3_1198.jpg,pcb_neg_dataset3_1198.jpg,pcb_neg_dataset3,04_missing_hole_04_jpg.rf.d5a74778c2431599c58d661294728df0.jpg,d0cacff0ac0f0449ac2ad02336a54127
Data/pcb_neg_dataset3/pcb_neg_dataset3_1199/pcb_neg_dataset3_1199.jpg,pcb_neg_dataset3_1199.jpg,pcb_neg_dataset3,04_short_19_jpg.rf.ce25b22671b41e9a84975c042a4d7d25.jpg,6069bfde3b9ce1c19ff751f227984012
Data/pcb_neg_dataset3/pcb_neg_dataset3_12/pcb_neg_dataset3_12.jpg,pcb_neg_dataset3_12.jpg,pcb_neg_dataset3,10_missing_hole_01_jpg.rf.1b1559f737adae1ca8372b30bb51dd57.jpg,62494791ad86c5a0ed5f1fdb54a0a660
Data/pcb_neg_dataset3/pcb_neg_dataset3_120/pcb_neg_dataset3_120.jpg,pcb_neg_dataset3_120.jpg,pcb_neg_dataset3,12_missing_hole_08_jpg.rf.84eadeaf8ca9f29d9746cc163dfb1126.jpg,52bd73f16ec14ea6df3657026e551967
Data/pcb_neg_dataset3/pcb_neg_dataset3_1200/pcb_neg_dataset3_1200.jpg,pcb_neg_dataset3_1200.jpg,pcb_neg_dataset3,04_short_19_jpg.rf.e8f175a6e39567a207275a3f8e07e826.jpg,023e2fe715575b4c085919871b81428b
Data/pcb_neg_dataset3/pcb_neg_dataset3_121/pcb_neg_dataset3_121.jpg,pcb_neg_dataset3_121.jpg,pcb_neg_dataset3,12_missing_hole_04_jpg.rf.75d1b08b2a1929b7e1249e074dd8aed6.jpg,5eb494414072aa91d4d04ad5d41d204e
Data/pcb_neg_dataset3/pcb_neg_dataset3_122/pcb_neg_dataset3_122.jpg,pcb_neg_dataset3_122.jpg,pcb_neg_dataset3,12_missing_hole_04_jpg.rf.c207e5605064e3f15783c2af2e906f1b.jpg,2363e4bc9ace7364f71fdd8904af2597
Data/pcb_neg_dataset3/pcb_neg_dataset3_123/pcb_neg_dataset3_123.jpg,pcb_neg_dataset3_123.jpg,pcb_neg_dataset3,12_missing_hole_04_jpg.rf.c207e5605064e3f15783c2af2e906f1b.jpg,2363e4bc9ace7364f71fdd8904af2597
Data/pcb_neg_dataset3/pcb_neg_dataset3_124/pcb_neg_dataset3_124.jpg,pcb_neg_dataset3_124.jpg,pcb_neg_dataset3,12_spurious_copper_01_jpg.rf.2853defe41df8f5bbd50cd87cfa824c3.jpg,06442b27e0788831bcb74f7f1c70fcdb
Data/pcb_neg_dataset3/pcb_neg_dataset3_125/pcb_neg_dataset3_125.jpg,pcb_neg_dataset3_125.jpg,pcb_neg_dataset3,12_spurious_copper_01_jpg.rf.5d05de8f1f31dce072a692fcb98444cb.jpg,14b1eba3c71ea9a6794c9120bf099bf8
Data/pcb_neg_dataset3/pcb_neg_dataset3_126/pcb_neg_dataset3_126.jpg,pcb_neg_dataset3_126.jpg,pcb_neg_dataset3,12_missing_hole_04_jpg.rf.c207e5605064e3f15783c2af2e906f1b.jpg,2363e4bc9ace7364f71fdd8904af2597
Data/pcb_neg_dataset3/pcb_neg_dataset3_127/pcb_neg_dataset3_127.jpg,pcb_neg_dataset3_127.jpg,pcb_neg_dataset3,12_spurious_copper_01_jpg.rf.fb76e2d764c6e1d890d5359e73d26bc1.jpg,1644324cd2b74915e9966c0ad0259b07
Data/pcb_neg_dataset3/pcb_neg_dataset3_128/pcb_neg_dataset3_128.jpg,pcb_neg_dataset3_128.jpg,pcb_neg_dataset3,12_spurious_copper_02_jpg.rf.164b52e977bee60d88a7f49b0d64bee5.jpg,a6e037f53f2615d503749a4c782b8a7d
Data/pcb_neg_dataset3/pcb_neg_dataset3_129/pcb_neg_dataset3_129.jpg,pcb_neg_dataset3_129.jpg,pcb_neg_dataset3,12_missing_hole_04_jpg.rf.75d1b08b2a1929b7e1249e074dd8aed6.jpg,5eb494414072aa91d4d04ad5d41d204e
Data/pcb_neg_dataset3/pcb_neg_dataset3_13/pcb_neg_dataset3_13.jpg,pcb_neg_dataset3_13.jpg,pcb_neg_dataset3,10_open_circuit_02_jpg.rf.d72295e95ad7fd7361e4bea8945e8a65.jpg,e8663774bdc06a0d79cfb5c3bb698b64
Data/pcb_neg_dataset3/pcb_neg_dataset3_130/pcb_neg_dataset3_130.jpg,pcb_neg_dataset3_130.jpg,pcb_neg_dataset3,12_spurious_copper_02_jpg.rf.c191c12c0d46b7550e5d63600278ac29.jpg,26fa7474831e006dea9c44b1344c8bf7
Data/pcb_neg_dataset3/pcb_neg_dataset3_131/pcb_neg_dataset3_131.jpg,pcb_neg_dataset3_131.jpg,pcb_neg_dataset3,12_spurious_copper_02_jpg.rf.c632a132c7b5fa7bf0d25a361498643e.jpg,fd3a010d06acf629fbe8326bd8cd24a1
Data/pcb_neg_dataset3/pcb_neg_dataset3_132/pcb_neg_dataset3_132.jpg,pcb_neg_dataset3_132.jpg,pcb_neg_dataset3,12_missing_hole_04_jpg.rf.75d1b08b2a1929b7e1249e074dd8aed6.jpg,5eb494414072aa91d4d04ad5d41d204e
Data/pcb_neg_dataset3/pcb_neg_dataset3_133/pcb_neg_dataset3_133.jpg,pcb_neg_dataset3_133.jpg,pcb_neg_dataset3,12_spurious_copper_03_jpg.rf.c1020e4af9bc1c59efd87b26cbd1426e.jpg,9494c950b89f828e7f4854ca24561e2d
Data/pcb_neg_dataset3/pcb_neg_dataset3_134/pcb_neg_dataset3_134.jpg,pcb_neg_dataset3_134.jpg,pcb_neg_dataset3,12_spurious_copper_03_jpg.rf.e751d5879ba076e12a3d25c89ef6ff48.jpg,e4b6b547260ff596dda4b1cf9a180185
Data/pcb_neg_dataset3/pcb_neg_dataset3_135/pcb_neg_dataset3_135.jpg,pcb_neg_dataset3_135.jpg,pcb_neg_dataset3,12_spurious_copper_03_jpg.rf.e9f7c68f989743b7decff5aea80e8a91.jpg,34a057eeffb3329c796584e9c872cdb5
Data/pcb_neg_dataset3/pcb_neg_dataset3_136/pcb_neg_dataset3_136.jpg,pcb_neg_dataset3_136.jpg,pcb_neg_dataset3,12_spurious_copper_05_jpg.rf.575e1390bbd68c1a4b2b61ce2b4c224f.jpg,2e54abc4186a50c75ce44f48bb12e662
Data/pcb_neg_dataset3/pcb_neg_dataset3_137/pcb_neg_dataset3_137.jpg,pcb_neg_dataset3_137.jpg,pcb_neg_dataset3,12_missing_hole_04_jpg.rf.c207e5605064e3f15783c2af2e906f1b.jpg,2363e4bc9ace7364f71fdd8904af2597
Data/pcb_neg_dataset3/pcb_neg_dataset3_138/pcb_neg_dataset3_138.jpg,pcb_neg_dataset3_138.jpg,pcb_neg_dataset3,12_missing_hole_08_jpg.rf.84eadeaf8ca9f29d9746cc163dfb1126.jpg,52bd73f16ec14ea6df3657026e551967
Data/pcb_neg_dataset3/pcb_neg_dataset3_139/pcb_neg_dataset3_139.jpg,pcb_neg_dataset3_139.jpg,pcb_neg_dataset3,12_spurious_copper_05_jpg.rf.f02c6350b0beb72f4fee4286b7ca3dcd.jpg,a1ed6f86dcd8b2b9d4d65ef8f2ba0ef1
Data/pcb_neg_dataset3/pcb_neg_dataset3_14/pcb_neg_dataset3_14.jpg,pcb_neg_dataset3_14.jpg,pcb_neg_dataset3,10_missing_hole_01_jpg.rf.1b1559f737adae1ca8372b30bb51dd57.jpg,62494791ad86c5a0ed5f1fdb54a0a660
Data/pcb_neg_dataset3/pcb_neg_dataset3_140/pcb_neg_dataset3_140.jpg,pcb_neg_dataset3_140.jpg,pcb_neg_dataset3,12_spurious_copper_07_jpg.rf.31cc2b1f5e924be932a671a72a4cdb6f.jpg,51c167b6094f61fc747b91c4e6a48fe4
Data/pcb_neg_dataset3/pcb_neg_dataset3_141/pcb_neg_dataset3_141.jpg,pcb_neg_dataset3_141.jpg,pcb_neg_dataset3,12_spurious_copper_07_jpg.rf.9dcbf8dd73aae9dbe04f94424285b9a1.jpg,12369ee5efd52b696a0632c4ce02dc88
Data/pcb_neg_dataset3/pcb_neg_dataset3_142/pcb_neg_dataset3_142.jpg,pcb_neg_dataset3_142.jpg,pcb_neg_dataset3,12_spurious_copper_07_jpg.rf.d0abd7a41d136c4ccb7064e2aae8bf10.jpg,b749fc76b4876ead5aca758835be379e
Data/pcb_neg_dataset3/pcb_neg_dataset3_143/pcb_neg_dataset3_143.jpg,pcb_neg_dataset3_143.jpg,pcb_neg_dataset3,12_missing_hole_04_jpg.rf.c207e5605064e3f15783c2af2e906f1b.jpg,2363e4bc9ace7364f71fdd8904af2597
Data/pcb_neg_dataset3/pcb_neg_dataset3_144/pcb_neg_dataset3_144.jpg,pcb_neg_dataset3_144.jpg,pcb_neg_dataset3,12_spurious_copper_09_jpg.rf.a2c1cac795c6ff2d9caa63f599640bb9.jpg,b4228eaed7b6a954c0f2c167c900c7ce
Data/pcb_neg_dataset3/pcb_neg_dataset3_145/pcb_neg_dataset3_145.jpg,pcb_neg_dataset3_145.jpg,pcb_neg_dataset3,12_spurious_copper_09_jpg.rf.a54c3a77a104251153396d7dc3376e30.jpg,f23e1589d59798882ee64e8bff918677
Data/pcb_neg_dataset3/pcb_neg_dataset3_146/pcb_neg_dataset3_146.jpg,pcb_neg_dataset3_146.jpg,pcb_neg_dataset3,12_spurious_copper_09_jpg.rf.e486e2b3db86a8ec40ddd03af0e45d0b.jpg,62e97e15958c9c547ca62881b4926243
Data/pcb_neg_dataset3/pcb_neg_dataset3_147/pcb_neg_dataset3_147.jpg,pcb_neg_dataset3_147.jpg,pcb_neg_dataset3,12_spurious_copper_09_jpg.rf.f5da3a472d5541caa57739fa9e33f9bf.jpg,54dd2d568b32365995ce0bf737d16ec9
Data/pcb_neg_dataset3/pcb_neg_dataset3_148/pcb_neg_dataset3_148.jpg,pcb_neg_dataset3_148.jpg,pcb_neg_dataset3,12_missing_hole_04_jpg.rf.c207e5605064e3f15783c2af2e906f1b.jpg,2363e4bc9ace7364f71fdd8904af2597
Data/pcb_neg_dataset3/pcb_neg_dataset3_149/pcb_neg_dataset3_149.jpg,pcb_neg_dataset3_149.jpg,pcb_neg_dataset3,12_spurious_copper_10_jpg.rf.0d375cf1cbaa659f5f5103ae9ef8909f.jpg,2426a691c6eda381a0a938b9b3243fe3
Data/pcb_neg_dataset3/pcb_neg_dataset3_15/pcb_neg_dataset3_15.jpg,pcb_neg_dataset3_15.jpg,pcb_neg_dataset3,10_missing_hole_01_jpg.rf.1b1559f737adae1ca8372b30bb51dd57.jpg,62494791ad86c5a0ed5f1fdb54a0a660
Data/pcb_neg_dataset3/pcb_neg_dataset3_150/pcb_neg_dataset3_150.jpg,pcb_neg_dataset3_150.jpg,pcb_neg_dataset3,12_spurious_copper_10_jpg.rf.be033fa974a75f0f850255bf3a853b56.jpg,a0b6ad7d76fa9e8a6059a6a373800a1e
Data/pcb_neg_dataset3/pcb_neg_dataset3_151/pcb_neg_dataset3_151.jpg,pcb_neg_dataset3_151.jpg,pcb_neg_dataset3,12_spurious_copper_10_jpg.rf.d86fc73210497a5090e489eb383c5d99.jpg,e99c364d8a2d1bd36b889151e5967b68
Data/pcb_neg_dataset3/pcb_neg_dataset3_152/pcb_neg_dataset3_152.jpg,pcb_neg_dataset3_152.jpg,pcb_neg_dataset3,01_missing_hole_01_jpg.rf.0ae39bf909ae6c7e9a6b431a41a70e32.jpg,49b405864ebd9f52467336f5d41221aa
Data/pcb_neg_dataset3/pcb_neg_dataset3_153/pcb_neg_dataset3_153.jpg,pcb_neg_dataset3_153.jpg,pcb_neg_dataset3,01_missing_hole_01_jpg.rf.21c562e37b5360e3e0c867bf3276fdcc.jpg,dc2b168d09acdd683ec8ab98d0ac6786
Data/pcb_neg_dataset3/pcb_neg_dataset3_154/pcb_neg_dataset3_154.jpg,pcb_neg_dataset3_154.jpg,pcb_neg_dataset3,01_missing_hole_01_jpg.rf.6689f3cc40ec4f29b084971e80e24ff7.jpg,69b1001d4f1e1ceb2d0156fb7db91ebe
Data/pcb_neg_dataset3/pcb_neg_dataset3_155/pcb_neg_dataset3_155.jpg,pcb_neg_dataset3_155.jpg,pcb_neg_dataset3,01_missing_hole_01_jpg.rf.69c1206c2b5fc7408c21bf3098205781.jpg,a12ad69494293e96983c55aeefd9b66b
Data/pcb_neg_dataset3/pcb_neg_dataset3_156/pcb_neg_dataset3_156.jpg,pcb_neg_dataset3_156.jpg,pcb_neg_dataset3,01_missing_hole_01_jpg.rf.c55a440992a407efd6716ff0e1b59c6c.jpg,014ddcf4a232c03e3741187e07847a63
Data/pcb_neg_dataset3/pcb_neg_dataset3_157/pcb_neg_dataset3_157.jpg,pcb_neg_dataset3_157.jpg,pcb_neg_dataset3,01_missing_hole_01_jpg.rf.d689e1917406eecea741a3dcf018a693.jpg,674075cc34534d4b048770b8c660bec8
Data/pcb_neg_dataset3/pcb_neg_dataset3_158/pcb_neg_dataset3_158.jpg,pcb_neg_dataset3_158.jpg,pcb_neg_dataset3,01_missing_hole_02_jpg.rf.1b53e84d945379cdfa7daaa1807ccfe8.jpg,0bc53f0b14568e3f4f05fe18d3432961
Data/pcb_neg_dataset3/pcb_neg_dataset3_159/pcb_neg_dataset3_159.jpg,pcb_neg_dataset3_159.jpg,pcb_neg_dataset3,01_missing_hole_02_jpg.rf.694d1d47444cdf65752f9f1b775bf9d6.jpg,134299d004d00e799842880728d76b11
Data/pcb_neg_dataset3/pcb_neg_dataset3_16/pcb_neg_dataset3_16.jpg,pcb_neg_dataset3_16.jpg,pcb_neg_dataset3,10_open_circuit_02_jpg.rf.d72295e95ad7fd7361e4bea8945e8a65.jpg,e8663774bdc06a0d79cfb5c3bb698b64
Data/pcb_neg_dataset3/pcb_neg_dataset3_160/pcb_neg_dataset3_160.jpg,pcb_neg_dataset3_160.jpg,pcb_neg_dataset3,01_missing_hole_01_jpg.rf.c55a440992a407efd6716ff0e1b59c6c.jpg,014ddcf4a232c03e3741187e07847a63
Data/pcb_neg_dataset3/pcb_neg_dataset3_161/pcb_neg_dataset3_161.jpg,pcb_neg_dataset3_161.jpg,pcb_neg_dataset3,01_missing_hole_02_jpg.rf.9765ca3150010214e0104823c83a9d42.jpg,b942db40c5b76e7663146782b22f0c1d
Data/pcb_neg_dataset3/pcb_neg_dataset3_162/pcb_neg_dataset3_162.jpg,pcb_neg_dataset3_162.jpg,pcb_neg_dataset3,01_missing_hole_02_jpg.rf.bf9a5c2e602bb2410a8dc60e9771ace8.jpg,e4291a957b9069d42f2a07e07acd874c
Data/pcb_neg_dataset3/pcb_neg_dataset3_163/pcb_neg_dataset3_163.jpg,pcb_neg_dataset3_163.jpg,pcb_neg_dataset3,01_missing_hole_03_jpg.rf.16580198c3042408e4cde061fbca8e9f.jpg,865c59e6b73eb50bd43997f6f6c38d28
Data/pcb_neg_dataset3/pcb_neg_dataset3_164/pcb_neg_dataset3_164.jpg,pcb_neg_dataset3_164.jpg,pcb_neg_dataset3,01_missing_hole_03_jpg.rf.82799d58368c0b858cc44440b8655a75.jpg,cf733260904c780e956171bfaa73c189
Data/pcb_neg_dataset3/pcb_neg_dataset3_165/pcb_neg_dataset3_165.jpg,pcb_neg_dataset3_165.jpg,pcb_neg_dataset3,01_missing_hole_03_jpg.rf.f57b7c8daf391ba98839aabec38db7fc.jpg,830be533f550edf0379cf00ab129d80f
Data/pcb_neg_dataset3/pcb_neg_dataset3_166/pcb_neg_dataset3_166.jpg,pcb_neg_dataset3_166.jpg,pcb_neg_dataset3,01_missing_hole_03_jpg.rf.fcb737444b00972684c2e5908c8c413b.jpg,07a133a725b4eb74405af32f6b4cbe8f
Data/pcb_neg_dataset3/pcb_neg_dataset3_167/pcb_neg_dataset3_167.jpg,pcb_neg_dataset3_167.jpg,pcb_neg_dataset3,01_missing_hole_05_jpg.rf.0f394c85b3cf93824620e16c40bb7b8a.jpg,05c76f6daf58f46a37f29184d165ba6f
Data/pcb_neg_dataset3/pcb_neg_dataset3_168/pcb_neg_dataset3_168.jpg,pcb_neg_dataset3_168.jpg,pcb_neg_dataset3,01_missing_hole_05_jpg.rf.4281928705e16393286cffec1f39930c.jpg,05f1451a630e96b39773a3686a391e09
Data/pcb_neg_dataset3/pcb_neg_dataset3_169/pcb_neg_dataset3_169.jpg,pcb_neg_dataset3_169.jpg,pcb_neg_dataset3,01_missing_hole_03_jpg.rf.82799d58368c0b858cc44440b8655a75.jpg,cf733260904c780e956171bfaa73c189
Data/pcb_neg_dataset3/pcb_neg_dataset3_17/pcb_neg_dataset3_17.jpg,pcb_neg_dataset3_17.jpg,pcb_neg_dataset3,10_missing_hole_01_jpg.rf.1b1559f737adae1ca8372b30bb51dd57.jpg,62494791ad86c5a0ed5f1fdb54a0a660
Data/pcb_neg_dataset3/pcb_neg_dataset3_170/pcb_neg_dataset3_170.jpg,pcb_neg_dataset3_170.jpg,pcb_neg_dataset3,01_missing_hole_07_jpg.rf.1b4c67efd0baefb7535bb0653b4715e8.jpg,9f7df9a187cd4b790c2a984668eb8730
Data/pcb_neg_dataset3/pcb_neg_dataset3_171/pcb_neg_dataset3_171.jpg,pcb_neg_dataset3_171.jpg,pcb_neg_dataset3,01_missing_hole_07_jpg.rf.2c753152e488fa43dc1b5d2837504dd1.jpg,18e6603cee89dae470f221bd87e94aa7
Data/pcb_neg_dataset3/pcb_neg_dataset3_172/pcb_neg_dataset3_172.jpg,pcb_neg_dataset3_172.jpg,pcb_neg_dataset3,01_missing_hole_01_jpg.rf.c55a440992a407efd6716ff0e1b59c6c.jpg,014ddcf4a232c03e3741187e07847a63
Data/pcb_neg_dataset3/pcb_neg_dataset3_173/pcb_neg_dataset3_173.jpg,pcb_neg_dataset3_173.jpg,pcb_neg_dataset3,01_missing_hole_07_jpg.rf.5667cecbc6da999ffa5f1e3625084818.jpg,729bc06f0f015ec992199b0b712fab4e
Data/pcb_neg_dataset3/pcb_neg_dataset3_174/pcb_neg_dataset3_174.jpg,pcb_neg_dataset3_174.jpg,pcb_neg_dataset3,01_missing_hole_03_jpg.rf.82799d58368c0b858cc44440b8655a75.jpg,cf733260904c780e956171bfaa73c189
Data/pcb_neg_dataset3/pcb_neg_dataset3_175/pcb_neg_dataset3_175.jpg,pcb_neg_dataset3_175.jpg,pcb_neg_dataset3,01_missing_hole_07_jpg.rf.cb1e359e4aa6a88c40c606d8b71b9f01.jpg,0301118afee471f09b73b686ec7b6d5a
Data/pcb_neg_dataset3/pcb_neg_dataset3_176/pcb_neg_dataset3_176.jpg,pcb_neg_dataset3_176.jpg,pcb_neg_dataset3,01_missing_hole_08_jpg.rf.43d36796dcb9d2f7fd8ae0cc217ed080.jpg,21f2a314e0f9069311d5ee5fdbd24454
Data/pcb_neg_dataset3/pcb_neg_dataset3_177/pcb_neg_dataset3_177.jpg,pcb_neg_dataset3_177.jpg,pcb_neg_dataset3,01_missing_hole_01_jpg.rf.c55a440992a407efd6716ff0e1b59c6c.jpg,014ddcf4a232c03e3741187e07847a63
Data/pcb_neg_dataset3/pcb_neg_dataset3_178/pcb_neg_dataset3_178.jpg,pcb_neg_dataset3_178.jpg,pcb_neg_dataset3,01_missing_hole_08_jpg.rf.93e50be412613c6da58f2f3bd2878eb3.jpg,8b79b05e8f7c79cce54c2533ab9cdf40
Data/pcb_neg_dataset3/pcb_neg_dataset3_179/pcb_neg_dataset3_179.jpg,pcb_neg_dataset3_179.jpg,pcb_neg_dataset3,01_missing_hole_09_jpg.rf.69ac23278166d28089d0c80c08edcad2.jpg,3a40ecb55abc9e7a6f4818d5823c8745
Data/pcb_neg_dataset3/pcb_neg_dataset3_18/pcb_neg_dataset3_18.jpg,pcb_neg_dataset3_18.jpg,pcb_neg_dataset3,10_open_circuit_02_jpg.rf.d72295e95ad7fd7361e4bea8945e8a65.jpg,e8663774bdc06a0d79cfb5c3bb698b64
Data/pcb_neg_dataset3/pcb_neg_dataset3_180/pcb_neg_dataset3_180.jpg,pcb_neg_dataset3_180.jpg,pcb_neg_dataset3,01_missing_hole_09_jpg.rf.88a19c7de8f8278fcbedf0d679a83dba.jpg,30ba34ae43a1a2b40acff4a68286be79
Data/pcb_neg_dataset3/pcb_neg_dataset3_181/pcb_neg_dataset3_181.jpg,pcb_neg_dataset3_181.jpg,pcb_neg_dataset3,01_missing_hole_09_jpg.rf.9fed408dd22337b46e1255b1565337f6.jpg,543213c43637d94c95b571045aa7bf48
Data/pcb_neg_dataset3/pcb_neg_dataset3_182/pcb_neg_dataset3_182.jpg,pcb_neg_dataset3_182.jpg,pcb_neg_dataset3,01_missing_hole_09_jpg.rf.c678880a971396f2020b97c781a5bf2f.jpg,286d2a4a00a37a6bb6073212be6cef65
Data/pcb_neg_dataset3/pcb_neg_dataset3_183/pcb_neg_dataset3_183.jpg,pcb_neg_dataset3_183.jpg,pcb_neg_dataset3,01_missing_hole_03_jpg.rf.82799d58368c0b858cc44440b8655a75.jpg,cf733260904c780e956171bfaa73c189
Data/pcb_neg_dataset3/pcb_neg_dataset3_184/pcb_neg_dataset3_184.jpg,pcb_neg_dataset3_184.jpg,pcb_neg_dataset3,01_missing_hole_09_jpg.rf.d815fcabd3d6c7a396f382f41353c776.jpg,673da313aff07d25f15a7654bdf89f3c
Data/pcb_neg_dataset3/pcb_neg_dataset3_185/pcb_neg_dataset3_185.jpg,pcb_neg_dataset3_185.jpg,pcb_neg_dataset3,01_missing_hole_03_jpg.rf.82799d58368c0b858cc44440b8655a75.jpg,cf733260904c780e956171bfaa73c189
Data/pcb_neg_dataset3/pcb_neg_dataset3_186/pcb_neg_dataset3_186.jpg,pcb_neg_dataset3_186.jpg,pcb_neg_dataset3,01_missing_hole_10_jpg.rf.638765eedfaa39ee12533376a51d527c.jpg,050803fbba0d0ab21f182e6f18ef74ef
Data/pcb_neg_dataset3/pcb_neg_dataset3_187/pcb_neg_dataset3_187.jpg,pcb_neg_dataset3_187.jpg,pcb_neg_dataset3,01_missing_hole_10_jpg.rf.9b847722a85c0df63ce0665da4cf8ba1.jpg,f36eb1f4401c00873748dcaa631cbc4d
Data/pcb_neg_dataset3/pcb_neg_dataset3_188/pcb_neg_dataset3_188.jpg,pcb_neg_dataset3_188.jpg,pcb_neg_dataset3,01_missing_hole_11_jpg.rf.77c726168dd0cf088c4eaf2c99ef5090.jpg,994fcfd5881173749150843ae3b0e23c
Data/pcb_neg_dataset3/pcb_neg_dataset3_189/pcb_neg_dataset3_189.jpg,pcb_neg_dataset3_189.jpg,pcb_neg_dataset3,01_missing_hole_11_jpg.rf.9b78e31ebd22994df50e8e49c8da67b9.jpg,7a28e11dacbed4592d6bbeb83651ed0d
Data/pcb_neg_dataset3/pcb_neg_dataset3_19/pcb_neg_dataset3_19.jpg,pcb_neg_dataset3_19.jpg,pcb_neg_dataset3,10_missing_hole_01_jpg.rf.1b1559f737adae1ca8372b30bb51dd57.jpg,62494791ad86c5a0ed5f1fdb54a0a660
Data/pcb_neg_dataset3/pcb_neg_dataset3_190/pcb_neg_dataset3_190.jpg,pcb_neg_dataset3_190.jpg,pcb_neg_dataset3,01_missing_hole_11_jpg.rf.a008de9170d344b535c1939ee8ec6812.jpg,60aaecd680ba2d9d4425858397ff72a6
Data/pcb_neg_dataset3/pcb_neg_dataset3_191/pcb_neg_dataset3_191.jpg,pcb_neg_dataset3_191.jpg,pcb_neg_dataset3,01_missing_hole_12_jpg.rf.1e39e80bc97155b2c0337ea4313db911.jpg,a98317740585a40bf0eb70a553ac66ba
Data/pcb_neg_dataset3/pcb_neg_dataset3_192/pcb_neg_dataset3_192.jpg,pcb_neg_dataset3_192.jpg,pcb_neg_dataset3,01_missing_hole_12_jpg.rf.3ec9fb71f40943313d788599766f895e.jpg,0b5b179ff6dcd468d04ee8fcb9aac573
Data/pcb_neg_dataset3/pcb_neg_dataset3_193/pcb_neg_dataset3_193.jpg,pcb_neg_dataset3_193.jpg,pcb_neg_dataset3,01_missing_hole_12_jpg.rf.403012a292f102d654c1f6638158596e.jpg,859af6bb2d91d1d3a1df79ff241a68d1
Data/pcb_neg_dataset3/pcb_neg_dataset3_194/pcb_neg_dataset3_194.jpg,pcb_neg_dataset3_194.jpg,pcb_neg_dataset3,01_missing_hole_09_jpg.rf.88a19c7de8f8278fcbedf0d679a83dba.jpg,30ba34ae43a1a2b40acff4a68286be79
Data/pcb_neg_dataset3/pcb_neg_dataset3_195/pcb_neg_dataset3_195.jpg,pcb_neg_dataset3_195.jpg,pcb_neg_dataset3,01_missing_hole_12_jpg.rf.8a1689b63704416a0ea835e47d873ddf.jpg,735abbe34266c10035d2f15e44def4bf
Data/pcb_neg_dataset3/pcb_neg_dataset3_196/pcb_neg_dataset3_196.jpg,pcb_neg_dataset3_196.jpg,pcb_neg_dataset3,01_missing_hole_01_jpg.rf.c55a440992a407efd6716ff0e1b59c6c.jpg,014ddcf4a232c03e3741187e07847a63
Data/pcb_neg_dataset3/pcb_neg_dataset3_197/pcb_neg_dataset3_197.jpg,pcb_neg_dataset3_197.jpg,pcb_neg_dataset3,01_missing_hole_09_jpg.rf.88a19c7de8f8278fcbedf0d679a83dba.jpg,30ba34ae43a1a2b40acff4a68286be79
Data/pcb_neg_dataset3/pcb_neg_dataset3_198/pcb_neg_dataset3_198.jpg,pcb_neg_dataset3_198.jpg,pcb_neg_dataset3,01_missing_hole_13_jpg.rf.7d69032a3289d4490a6f398e2f0f3543.jpg,5ddd036aab97be9a1a79f562c3787ff7
Data/pcb_neg_dataset3/pcb_neg_dataset3_199/pcb_neg_dataset3_199.jpg,pcb_neg_dataset3_199.jpg,pcb_neg_dataset3,01_missing_hole_13_jpg.rf.918bd7c2892f474053fa4c2693c50ee8.jpg,ea03a98eca40e55861897f528e3d3fed
Data/pcb_neg_dataset3/pcb_neg_dataset3_2/pcb_neg_dataset3_2.jpg,pcb_neg_dataset3_2.jpg,pcb_neg_dataset3,07_short_09_jpg.rf.5bdf6f1a78f10dd1a71432ab21d87418.jpg,0eed35512eaa2d8d2301ea69ae25a1cf
Data/pcb_neg_dataset3/pcb_neg_dataset3_20/pcb_neg_dataset3_20.jpg,pcb_neg_dataset3_20.jpg,pcb_neg_dataset3,10_spurious_copper_01_jpg.rf.1da3c87acd858860b15c2a2452f92e7c.jpg,eaf48db527b419eb6b3bbf623bf40c08
Data/pcb_neg_dataset3/pcb_neg_dataset3_200/pcb_neg_dataset3_200.jpg,pcb_neg_dataset3_200.jpg,pcb_neg_dataset3,01_missing_hole_13_jpg.rf.98535fe8e743578508af9c377c9fc765.jpg,292849bd8abe38b6ba2b6c4aa736c380
Data/pcb_neg_dataset3/pcb_neg_dataset3_201/pcb_neg_dataset3_201.jpg,pcb_neg_dataset3_201.jpg,pcb_neg_dataset3,01_missing_hole_13_jpg.rf.ab21db4152556d0668caa58d5afa7d59.jpg,c06cd74cfb9b517638032473ff6dd48f
Data/pcb_neg_dataset3/pcb_neg_dataset3_202/pcb_neg_dataset3_202.jpg,pcb_neg_dataset3_202.jpg,pcb_neg_dataset3,01_missing_hole_03_jpg.rf.82799d58368c0b858cc44440b8655a75.jpg,cf733260904c780e956171bfaa73c189
Data/pcb_neg_dataset3/pcb_neg_dataset3_203/pcb_neg_dataset3_203.jpg,pcb_neg_dataset3_203.jpg,pcb_neg_dataset3,01_missing_hole_13_jpg.rf.ee5a110c0405c7a457e907f0ec9d7d82.jpg,7be3ee5f9690efefade44dc477b23ca3
Data/pcb_neg_dataset3/pcb_neg_dataset3_204/pcb_neg_dataset3_204.jpg,pcb_neg_dataset3_204.jpg,pcb_neg_dataset3,01_missing_hole_14_jpg.rf.481eb9fd60e33fc29e6599a5986602ac.jpg,fa363d49753e3831bbf6c81e6b1d58cd
Data/pcb_neg_dataset3/pcb_neg_dataset3_205/pcb_neg_dataset3_205.jpg,pcb_neg_dataset3_205.jpg,pcb_neg_dataset3,01_missing_hole_14_jpg.rf.4d33fe0df3ee9ed7a4653a0aaf262b05.jpg,0ef502166bdc482bf72660f7a9007dc0
Data/pcb_neg_dataset3/pcb_neg_dataset3_206/pcb_neg_dataset3_206.jpg,pcb_neg_dataset3_206.jpg,pcb_neg_dataset3,01_missing_hole_03_jpg.rf.82799d58368c0b858cc44440b8655a75.jpg,cf733260904c780e956171bfaa73c189
Data/pcb_neg_dataset3/pcb_neg_dataset3_207/pcb_neg_dataset3_207.jpg,pcb_neg_dataset3_207.jpg,pcb_neg_dataset3,01_missing_hole_14_jpg.rf.7783bbd1eed1bc0e5fc4740ad529dd2b.jpg,d231a9edfeb48673859a82379f12ffde
Data/pcb_neg_dataset3/pcb_neg_dataset3_208/pcb_neg_dataset3_208.jpg,pcb_neg_dataset3_208.jpg,pcb_neg_dataset3,01_missing_hole_15_jpg.rf.340f74fc18696624f99169160d28cb2c.jpg,1ec8831c7ba315dba70906864814360f
Data/pcb_neg_dataset3/pcb_neg_dataset3_209/pcb_neg_dataset3_209.jpg,pcb_neg_dataset3_209.jpg,pcb_neg_dataset3,01_missing_hole_15_jpg.rf.3f35e47ed218284249764f98d4eaf73f.jpg,31ea832f2e9034659539810d614055ee
Data/pcb_neg_dataset3/pcb_neg_dataset3_21/pcb_neg_dataset3_21.jpg,pcb_neg_dataset3_21.jpg,pcb_neg_dataset3,10_spurious_copper_01_jpg.rf.c7620ea14b6f6f2236b93e92b75c01f2.jpg,fbbc33577465f8815e812fadaa26f867
Data/pcb_neg_dataset3/pcb_neg_dataset3_210/pcb_neg_dataset3_210.jpg,pcb_neg_dataset3_210.jpg,pcb_neg_dataset3,01_missing_hole_15_jpg.rf.49c26add51f6acc8f956e01a0f1c5646.jpg,3baf6a5545bd2ce6d96046324299348b
Data/pcb_neg_dataset3/pcb_neg_dataset3_211/pcb_neg_dataset3_211.jpg,pcb_neg_dataset3_211.jpg,pcb_neg_dataset3,01_missing_hole_01_jpg.rf.c55a440992a407efd6716ff0e1b59c6c.jpg,014ddcf4a232c03e3741187e07847a63
Data/pcb_neg_dataset3/pcb_neg_dataset3_212/pcb_neg_dataset3_212.jpg,pcb_neg_dataset3_212.jpg,pcb_neg_dataset3,01_missing_hole_15_jpg.rf.8730f4a0f48b30057c88a79843e0c12b.jpg,e0a7543d35e398c311b8f9bf2d269cbe
Data/pcb_neg_dataset3/pcb_neg_dataset3_213/pcb_neg_dataset3_213.jpg,pcb_neg_dataset3_213.jpg,pcb_neg_dataset3,01_missing_hole_01_jpg.rf.21c562e37b5360e3e0c867bf3276fdcc.jpg,dc2b168d09acdd683ec8ab98d0ac6786
Data/pcb_neg_dataset3/pcb_neg_dataset3_214/pcb_neg_dataset3_214.jpg,pcb_neg_dataset3_214.jpg,pcb_neg_dataset3,01_missing_hole_16_jpg.rf.3e260e6b82da1036835051cba7c370ed.jpg,be65363e29d78cdebf27f3a0b979841b
Data/pcb_neg_dataset3/pcb_neg_dataset3_215/pcb_neg_dataset3_215.jpg,pcb_neg_dataset3_215.jpg,pcb_neg_dataset3,01_missing_hole_16_jpg.rf.65b6f34e25cf0c041272317b67142662.jpg,ef367bb85924210f7cf2e9272739bc70
Data/pcb_neg_dataset3/pcb_neg_dataset3_216/pcb_neg_dataset3_216.jpg,pcb_neg_dataset3_216.jpg,pcb_neg_dataset3,01_missing_hole_16_jpg.rf.672e309524f27d30867fc72daf2d8461.jpg,12a9d3ac3a2ea920c363bd6ec50b4049
Data/pcb_neg_dataset3/pcb_neg_dataset3_217/pcb_neg_dataset3_217.jpg,pcb_neg_dataset3_217.jpg,pcb_neg_dataset3,01_missing_hole_16_jpg.rf.721289d73af3e12ab81d00485f12830d.jpg,bf4059c5841a531b2e70f7ff1f4579df
Data/pcb_neg_dataset3/pcb_neg_dataset3_218/pcb_neg_dataset3_218.jpg,pcb_neg_dataset3_218.jpg,pcb_neg_dataset3,01_missing_hole_17_jpg.rf.851dc52d9cecd1480beb90e49c43d55c.jpg,bba224c6cdd91c0dba722373eb891005
Data/pcb_neg_dataset3/pcb_neg_dataset3_219/pcb_neg_dataset3_219.jpg,pcb_neg_dataset3_219.jpg,pcb_neg_dataset3,01_missing_hole_09_jpg.rf.88a19c7de8f8278fcbedf0d679a83dba.jpg,30ba34ae43a1a2b40acff4a68286be79
Data/pcb_neg_dataset3/pcb_neg_dataset3_22/pcb_neg_dataset3_22.jpg,pcb_neg_dataset3_22.jpg,pcb_neg_dataset3,10_spurious_copper_01_jpg.rf.d50a61eee7b50b36cae64f5d47418cd6.jpg,9dc14caed3806a666695310c6f232373
Data/pcb_neg_dataset3/pcb_neg_dataset3_220/pcb_neg_dataset3_220.jpg,pcb_neg_dataset3_220.jpg,pcb_neg_dataset3,01_missing_hole_17_jpg.rf.d7453e5514378510aec7428feda08e33.jpg,e45f8d074cea850bf5d42d263c6413d1
Data/pcb_neg_dataset3/pcb_neg_dataset3_221/pcb_neg_dataset3_221.jpg,pcb_neg_dataset3_221.jpg,pcb_neg_dataset3,01_missing_hole_18_jpg.rf.28da05d30aee40a75dbbbd37fadf0491.jpg,73e970e0182989c39a7470301f0e93f8
Data/pcb_neg_dataset3/pcb_neg_dataset3_222/pcb_neg_dataset3_222.jpg,pcb_neg_dataset3_222.jpg,pcb_neg_dataset3,01_missing_hole_01_jpg.rf.c55a440992a407efd6716ff0e1b59c6c.jpg,014ddcf4a232c03e3741187e07847a63
Data/pcb_neg_dataset3/pcb_neg_dataset3_223/pcb_neg_dataset3_223.jpg,pcb_neg_dataset3_223.jpg,pcb_neg_dataset3,01_missing_hole_18_jpg.rf.93c6db501217b5907355d56bc08bd99c.jpg,6d1d2f2534d0cd1be4ca18c82d56029e
Data/pcb_neg_dataset3/pcb_neg_dataset3_224/pcb_neg_dataset3_224.jpg,pcb_neg_dataset3_224.jpg,pcb_neg_dataset3,01_missing_hole_09_jpg.rf.88a19c7de8f8278fcbedf0d679a83dba.jpg,30ba34ae43a1a2b40acff4a68286be79
Data/pcb_neg_dataset3/pcb_neg_dataset3_225/pcb_neg_dataset3_225.jpg,pcb_neg_dataset3_225.jpg,pcb_neg_dataset3,01_missing_hole_18_jpg.rf.bab73292353da465b8389925aadc2bc6.jpg,585709bf209925791a8bd265a0fd63cd
Data/pcb_neg_dataset3/pcb_neg_dataset3_226/pcb_neg_dataset3_226.jpg,pcb_neg_dataset3_226.jpg,pcb_neg_dataset3,01_missing_hole_18_jpg.rf.f22640ba998600988a74aedcd125ddd9.jpg,a0971a05630264e7f1196ca2873bdb19
Data/pcb_neg_dataset3/pcb_neg_dataset3_227/pcb_neg_dataset3_227.jpg,pcb_neg_dataset3_227.jpg,pcb_neg_dataset3,01_missing_hole_19_jpg.rf.0dc289b2cec67d1ed110bafb52003224.jpg,5941b287ddc383bd316073d393a6ba0e
Data/pcb_neg_dataset3/pcb_neg_dataset3_228/pcb_neg_dataset3_228.jpg,pcb_neg_dataset3_228.jpg,pcb_neg_dataset3,01_missing_hole_03_jpg.rf.82799d58368c0b858cc44440b8655a75.jpg,cf733260904c780e956171bfaa73c189
Data/pcb_neg_dataset3/pcb_neg_dataset3_229/pcb_neg_dataset3_229.jpg,pcb_neg_dataset3_229.jpg,pcb_neg_dataset3,01_missing_hole_19_jpg.rf.20b97710ff68c53e042cbfd0b31316cb.jpg,2a3b6c56fc73b8693751c884a8cd6159
Data/pcb_neg_dataset3/pcb_neg_dataset3_23/pcb_neg_dataset3_23.jpg,pcb_neg_dataset3_23.jpg,pcb_neg_dataset3,10_spurious_copper_02_jpg.rf.9333d3e5b00d92b5729f654d46f265c6.jpg,1b972ca18ef779ecae1ba97edfc6bb59
Data/pcb_neg_dataset3/pcb_neg_dataset3_230/pcb_neg_dataset3_230.jpg,pcb_neg_dataset3_230.jpg,pcb_neg_dataset3,01_missing_hole_19_jpg.rf.3dbb9ede49dc126e870eee2a6bc07da4.jpg,9624b7dfcda86fc4f0412e01bc35d7a2
Data/pcb_neg_dataset3/pcb_neg_dataset3_231/pcb_neg_dataset3_231.jpg,pcb_neg_dataset3_231.jpg,pcb_neg_dataset3,01_missing_hole_09_jpg.rf.88a19c7de8f8278fcbedf0d679a83dba.jpg,30ba34ae43a1a2b40acff4a68286be79
Data/pcb_neg_dataset3/pcb_neg_dataset3_232/pcb_neg_dataset3_232.jpg,pcb_neg_dataset3_232.jpg,pcb_neg_dataset3,01_missing_hole_19_jpg.rf.78f663604cb7ac7ca7ba1444eee7a443.jpg,b55660b12b67d4207183fba1a52e9b48
Data/pcb_neg_dataset3/pcb_neg_dataset3_233/pcb_neg_dataset3_233.jpg,pcb_neg_dataset3_233.jpg,pcb_neg_dataset3,01_mouse_bite_01_jpg.rf.0bfc266d462e763aa787b2139fa46199.jpg,9b30af8aa08181c563703656dbfda6ad
Data/pcb_neg_dataset3/pcb_neg_dataset3_234/pcb_neg_dataset3_234.jpg,pcb_neg_dataset3_234.jpg,pcb_neg_dataset3,01_mouse_bite_01_jpg.rf.1f6533954efaa16486d5440c6d3c9bba.jpg,28c903aa788267a079655e6d4b483984
Data/pcb_neg_dataset3/pcb_neg_dataset3_235/pcb_neg_dataset3_235.jpg,pcb_neg_dataset3_235.jpg,pcb_neg_dataset3,01_missing_hole_01_jpg.rf.21c562e37b5360e3e0c867bf3276fdcc.jpg,dc2b168d09acdd683ec8ab98d0ac6786
Data/pcb_neg_dataset3/pcb_neg_dataset3_236/pcb_neg_dataset3_236.jpg,pcb_neg_dataset3_236.jpg,pcb_neg_dataset3,01_mouse_bite_01_jpg.rf.89fd9fa02b88e9342b5b5dbb081018af.jpg,ab0aa05e412967e384d3494fe46bb65e
Data/pcb_neg_dataset3/pcb_neg_dataset3_237/pcb_neg_dataset3_237.jpg,pcb_neg_dataset3_237.jpg,pcb_neg_dataset3,01_missing_hole_01_jpg.rf.c55a440992a407efd6716ff0e1b59c6c.jpg,014ddcf4a232c03e3741187e07847a63
Data/pcb_neg_dataset3/pcb_neg_dataset3_238/pcb_neg_dataset3_238.jpg,pcb_neg_dataset3_238.jpg,pcb_neg_dataset3,01_missing_hole_09_jpg.rf.88a19c7de8f8278fcbedf0d679a83dba.jpg,30ba34ae43a1a2b40acff4a68286be79
Data/pcb_neg_dataset3/pcb_neg_dataset3_239/pcb_neg_dataset3_239.jpg,pcb_neg_dataset3_239.jpg,pcb_neg_dataset3,01_mouse_bite_01_jpg.rf.aed0674669b3b777377a14469ebbb732.jpg,177ade587a92526584f70c80082c2f06
Data/pcb_neg_dataset3/pcb_neg_dataset3_24/pcb_neg_dataset3_24.jpg,pcb_neg_dataset3_24.jpg,pcb_neg_dataset3,10_spurious_copper_02_jpg.rf.9648359ec207f0b91bca5f0014a8b854.jpg,f8da4cf0638a07072a36181105117c5e
Data/pcb_neg_dataset3/pcb_neg_dataset3_240/pcb_neg_dataset3_240.jpg,pcb_neg_dataset3_240.jpg,pcb_neg_dataset3,01_mouse_bite_01_jpg.rf.b1c064d9d349a3e12ea27238ca45bf4c.jpg,052679cc8e9bb00b85c39ae9a3615339
Data/pcb_neg_dataset3/pcb_neg_dataset3_241/pcb_neg_dataset3_241.jpg,pcb_neg_dataset3_241.jpg,pcb_neg_dataset3,01_mouse_bite_01_jpg.rf.b40294ac7808f146199427c21bbbe457.jpg,6fadd6d2a9d9e03cd9db33abe1a4c31b
Data/pcb_neg_dataset3/pcb_neg_dataset3_242/pcb_neg_dataset3_242.jpg,pcb_neg_dataset3_242.jpg,pcb_neg_dataset3,01_mouse_bite_02_jpg.rf.4d2c2ca54358339dd17b15828a697422.jpg,98cef3526908e347847f71485f814f35
Data/pcb_neg_dataset3/pcb_neg_dataset3_243/pcb_neg_dataset3_243.jpg,pcb_neg_dataset3_243.jpg,pcb_neg_dataset3,01_mouse_bite_02_jpg.rf.70ec904960210611ba95b44fbeff7fcb.jpg,4e074af6d1053785b12f5e7c8e915167
Data/pcb_neg_dataset3/pcb_neg_dataset3_244/pcb_neg_dataset3_244.jpg,pcb_neg_dataset3_244.jpg,pcb_neg_dataset3,01_missing_hole_09_jpg.rf.88a19c7de8f8278fcbedf0d679a83dba.jpg,30ba34ae43a1a2b40acff4a68286be79
Data/pcb_neg_dataset3/pcb_neg_dataset3_245/pcb_neg_dataset3_245.jpg,pcb_neg_dataset3_245.jpg,pcb_neg_dataset3,01_mouse_bite_02_jpg.rf.b29a30d6f39f711c69ab6b3b5797d722.jpg,d0873ec7dc93bdfa0ec8ccbba33b53bc
Data/pcb_neg_dataset3/pcb_neg_dataset3_246/pcb_neg_dataset3_246.jpg,pcb_neg_dataset3_246.jpg,pcb_neg_dataset3,01_missing_hole_01_jpg.rf.c55a440992a407efd6716ff0e1b59c6c.jpg,014ddcf4a232c03e3741187e07847a63
Data/pcb_neg_dataset3/pcb_neg_dataset3_247/pcb_neg_dataset3_247.jpg,pcb_neg_dataset3_247.jpg,pcb_neg_dataset3,01_mouse_bite_02_jpg.rf.c56d1c4fa34793aa1938cb5b4d788eed.jpg,c343ec72bc341fb63816f96478f51fce
Data/pcb_neg_dataset3/pcb_neg_dataset3_248/pcb_neg_dataset3_248.jpg,pcb_neg_dataset3_248.jpg,pcb_neg_dataset3,01_mouse_bite_04_jpg.rf.3ba00ce859fbba28b8c1fc8071f7fd02.jpg,b95bc4749816799cfc5934a5b8aa0a23
Data/pcb_neg_dataset3/pcb_neg_dataset3_249/pcb_neg_dataset3_249.jpg,pcb_neg_dataset3_249.jpg,pcb_neg_dataset3,01_missing_hole_01_jpg.rf.c55a440992a407efd6716ff0e1b59c6c.jpg,014ddcf4a232c03e3741187e07847a63
Data/pcb_neg_dataset3/pcb_neg_dataset3_25/pcb_neg_dataset3_25.jpg,pcb_neg_dataset3_25.jpg,pcb_neg_dataset3,10_spurious_copper_02_jpg.rf.d7449253425b4b1307e54e1089c57782.jpg,a98d4f734d4227dd568531a621729266
Data/pcb_neg_dataset3/pcb_neg_dataset3_250/pcb_neg_dataset3_250.jpg,pcb_neg_dataset3_250.jpg,pcb_neg_dataset3,01_mouse_bite_04_jpg.rf.7e4542cdfca0096af91cc6ab9fe8efac.jpg,a3d7b01823e81910d3dab4f4e2568d06
Data/pcb_neg_dataset3/pcb_neg_dataset3_251/pcb_neg_dataset3_251.jpg,pcb_neg_dataset3_251.jpg,pcb_neg_dataset3,01_mouse_bite_04_jpg.rf.7e822fee1d6daee3fe0681efd4bd8f76.jpg,23883565f3ea07fe9a5c70692cef1376
Data/pcb_neg_dataset3/pcb_neg_dataset3_252/pcb_neg_dataset3_252.jpg,pcb_neg_dataset3_252.jpg,pcb_neg_dataset3,01_mouse_bite_04_jpg.rf.d245b4d021ef6d7894c9540fbf7bda52.jpg,7bd3f876b366c30d0d3932eb027242a1
Data/pcb_neg_dataset3/pcb_neg_dataset3_253/pcb_neg_dataset3_253.jpg,pcb_neg_dataset3_253.jpg,pcb_neg_dataset3,01_missing_hole_01_jpg.rf.21c562e37b5360e3e0c867bf3276fdcc.jpg,dc2b168d09acdd683ec8ab98d0ac6786
Data/pcb_neg_dataset3/pcb_neg_dataset3_254/pcb_neg_dataset3_254.jpg,pcb_neg_dataset3_254.jpg,pcb_neg_dataset3,01_mouse_bite_05_jpg.rf.12986c5738c155bade3b2a02c4c5dea7.jpg,7a22dc6d9e0a0bc3121fee48c03d5fa2
Data/pcb_neg_dataset3/pcb_neg_dataset3_255/pcb_neg_dataset3_255.jpg,pcb_neg_dataset3_255.jpg,pcb_neg_dataset3,01_missing_hole_01_jpg.rf.c55a440992a407efd6716ff0e1b59c6c.jpg,014ddcf4a232c03e3741187e07847a63
Data/pcb_neg_dataset3/pcb_neg_dataset3_256/pcb_neg_dataset3_256.jpg,pcb_neg_dataset3_256.jpg,pcb_neg_dataset3,01_missing_hole_01_jpg.rf.21c562e37b5360e3e0c867bf3276fdcc.jpg,dc2b168d09acdd683ec8ab98d0ac6786
Data/pcb_neg_dataset3/pcb_neg_dataset3_257/pcb_neg_dataset3_257.jpg,pcb_neg_dataset3_257.jpg,pcb_neg_dataset3,01_mouse_bite_05_jpg.rf.98900e70f6c40052ddcbfe4a4ea9b51a.jpg,67debe8e6ef5f83da33fd30e40fa31a9
Data/pcb_neg_dataset3/pcb_neg_dataset3_258/pcb_neg_dataset3_258.jpg,pcb_neg_dataset3_258.jpg,pcb_neg_dataset3,01_mouse_bite_05_jpg.rf.dc012f2aca12e02cb63e4a171c371b49.jpg,268e32aa5839742619f57337509e01fa
Data/pcb_neg_dataset3/pcb_neg_dataset3_259/pcb_neg_dataset3_259.jpg,pcb_neg_dataset3_259.jpg,pcb_neg_dataset3,01_mouse_bite_05_jpg.rf.f17cc6308867ac1161bcadb3c021c335.jpg,dfdb25d027ac3d35b8a253baf8c64fc4
Data/pcb_neg_dataset3/pcb_neg_dataset3_26/pcb_neg_dataset3_26.jpg,pcb_neg_dataset3_26.jpg,pcb_neg_dataset3,10_spurious_copper_02_jpg.rf.efcbbf0745e6637a784d0e0fa457562b.jpg,acd1256a8e2a2d670e3151d8525c2703
Data/pcb_neg_dataset3/pcb_neg_dataset3_260/pcb_neg_dataset3_260.jpg,pcb_neg_dataset3_260.jpg,pcb_neg_dataset3,01_missing_hole_03_jpg.rf.82799d58368c0b858cc44440b8655a75.jpg,cf733260904c780e956171bfaa73c189
Data/pcb_neg_dataset3/pcb_neg_dataset3_261/pcb_neg_dataset3_261.jpg,pcb_neg_dataset3_261.jpg,pcb_neg_dataset3,01_mouse_bite_07_jpg.rf.46d4a2b233143a78397cf3a5e0ec0da7.jpg,e49d1be87884c8b1fa60453e056a9e8a
Data/pcb_neg_dataset3/pcb_neg_dataset3_262/pcb_neg_dataset3_262.jpg,pcb_neg_dataset3_262.jpg,pcb_neg_dataset3,01_mouse_bite_07_jpg.rf.6976f042c5680fb02f1b533b19a46e63.jpg,a9dd42bb12c6a31738a43d96df3914e6
Data/pcb_neg_dataset3/pcb_neg_dataset3_263/pcb_neg_dataset3_263.jpg,pcb_neg_dataset3_263.jpg,pcb_neg_dataset3,01_mouse_bite_07_jpg.rf.87d77ecee0b115d89fee979fe77ac056.jpg,39f911b14328cc02e605fda0021c4c71
Data/pcb_neg_dataset3/pcb_neg_dataset3_264/pcb_neg_dataset3_264.jpg,pcb_neg_dataset3_264.jpg,pcb_neg_dataset3,01_missing_hole_09_jpg.rf.88a19c7de8f8278fcbedf0d679a83dba.jpg,30ba34ae43a1a2b40acff4a68286be79
Data/pcb_neg_dataset3/pcb_neg_dataset3_265/pcb_neg_dataset3_265.jpg,pcb_neg_dataset3_265.jpg,pcb_neg_dataset3,01_mouse_bite_07_jpg.rf.bc0f3522432098e029f919f253b010f1.jpg,b3399719ab85594dc7d9e6246399fd2b
Data/pcb_neg_dataset3/pcb_neg_dataset3_266/pcb_neg_dataset3_266.jpg,pcb_neg_dataset3_266.jpg,pcb_neg_dataset3,01_mouse_bite_09_jpg.rf.09a5908c676253c8d9c85bae9a05799f.jpg,1818a78ba3d212bcf5211333e186c184
Data/pcb_neg_dataset3/pcb_neg_dataset3_267/pcb_neg_dataset3_267.jpg,pcb_neg_dataset3_267.jpg,pcb_neg_dataset3,01_missing_hole_03_jpg.rf.82799d58368c0b858cc44440b8655a75.jpg,cf733260904c780e956171bfaa73c189
Data/pcb_neg_dataset3/pcb_neg_dataset3_268/pcb_neg_dataset3_268.jpg,pcb_neg_dataset3_268.jpg,pcb_neg_dataset3,01_mouse_bite_09_jpg.rf.3f8edde23b6e39a546c4ed9ebf616714.jpg,7793af1bf8d53b74fbc3043c59f35a3d
Data/pcb_neg_dataset3/pcb_neg_dataset3_269/pcb_neg_dataset3_269.jpg,pcb_neg_dataset3_269.jpg,pcb_neg_dataset3,01_mouse_bite_09_jpg.rf.43cb4383cb4b1e2c3c84c2a6634a3921.jpg,8b0b498b46b2cb9c1aa084017655c7d4
Data/pcb_neg_dataset3/pcb_neg_dataset3_27/pcb_neg_dataset3_27.jpg,pcb_neg_dataset3_27.jpg,pcb_neg_dataset3,10_spurious_copper_03_jpg.rf.00b08c92ac94694df0b489f5d46572b1.jpg,204c5de3b0e66dfec4fdb17b6a73a06a
Data/pcb_neg_dataset3/pcb_neg_dataset3_270/pcb_neg_dataset3_270.jpg,pcb_neg_dataset3_270.jpg,pcb_neg_dataset3,01_missing_hole_09_jpg.rf.88a19c7de8f8278fcbedf0d679a83dba.jpg,30ba34ae43a1a2b40acff4a68286be79
Data/pcb_neg_dataset3/pcb_neg_dataset3_271/pcb_neg_dataset3_271.jpg,pcb_neg_dataset3_271.jpg,pcb_neg_dataset3,01_mouse_bite_09_jpg.rf.a5b9234de83f695f9b17371e8df4d611.jpg,b0a744e666b1749c6fc2fd07c54e4912
Data/pcb_neg_dataset3/pcb_neg_dataset3_272/pcb_neg_dataset3_272.jpg,pcb_neg_dataset3_272.jpg,pcb_neg_dataset3,01_mouse_bite_09_jpg.rf.aedda83b5c70e84361a02920f61ad8d6.jpg,0e7cd8a238d5a5eaefe11533ea8bf372
Data/pcb_neg_dataset3/pcb_neg_dataset3_273/pcb_neg_dataset3_273.jpg,pcb_neg_dataset3_273.jpg,pcb_neg_dataset3,01_missing_hole_01_jpg.rf.c55a440992a407efd6716ff0e1b59c6c.jpg,014ddcf4a232c03e3741187e07847a63
Data/pcb_neg_dataset3/pcb_neg_dataset3_274/pcb_neg_dataset3_274.jpg,pcb_neg_dataset3_274.jpg,pcb_neg_dataset3,01_mouse_bite_09_jpg.rf.d3162e65aabdc7ab5e5cb61cce29cafb.jpg,3b6ecf14845c4c3da93d49a1f70f0796
Data/pcb_neg_dataset3/pcb_neg_dataset3_275/pcb_neg_dataset3_275.jpg,pcb_neg_dataset3_275.jpg,pcb_neg_dataset3,01_mouse_bite_10_jpg.rf.0b261207e6f12a33c6219c6ee8ceb9ad.jpg,9e107878ae3e581c8434abc4b28be1c3
Data/pcb_neg_dataset3/pcb_neg_dataset3_276/pcb_neg_dataset3_276.jpg,pcb_neg_dataset3_276.jpg,pcb_neg_dataset3,01_mouse_bite_10_jpg.rf.2d666519aac9699e1d95e0221fc0c3e6.jpg,b3be764be4a0d00801fc5f03b8ed220a
Data/pcb_neg_dataset3/pcb_neg_dataset3_277/pcb_neg_dataset3_277.jpg,pcb_neg_dataset3_277.jpg,pcb_neg_dataset3,01_mouse_bite_10_jpg.rf.79c198bda67e03be911f2d17cda2a021.jpg,74069c1a31f0914068fe570e51a4f69a
Data/pcb_neg_dataset3/pcb_neg_dataset3_278/pcb_neg_dataset3_278.jpg,pcb_neg_dataset3_278.jpg,pcb_neg_dataset3,01_mouse_bite_10_jpg.rf.8055726706bdf31411c8d8810ea2cd2f.jpg,792ee820f21627900cbf1de71b3477b2
Data/pcb_neg_dataset3/pcb_neg_dataset3_279/pcb_neg_dataset3_279.jpg,pcb_neg_dataset3_279.jpg,pcb_neg_dataset3,01_mouse_bite_10_jpg.rf.b2c8db5571226b570c406d2598bc9802.jpg,981c471982fef631ff67c32af1604302
Data/pcb_neg_dataset3/pcb_neg_dataset3_28/pcb_neg_dataset3_28.jpg,pcb_neg_dataset3_28.jpg,pcb_neg_dataset3,10_spurious_copper_03_jpg.rf.24a06dde18b3f4b0afe5743a149923f8.jpg,bbf21cca3cae23f8a73a5a141ffef7df
Data/pcb_neg_dataset3/pcb_neg_dataset3_280/pcb_neg_dataset3_280.jpg,pcb_neg_dataset3_280.jpg,pcb_neg_dataset3,01_missing_hole_03_jpg.rf.82799d58368c0b858cc44440b8655a75.jpg,cf733260904c780e956171bfaa73c189
Data/pcb_neg_dataset3/pcb_neg_dataset3_281/pcb_neg_dataset3_281.jpg,pcb_neg_dataset3_281.jpg,pcb_neg_dataset3,01_missing_hole_01_jpg.rf.21c562e37b5360e3e0c867bf3276fdcc.jpg,dc2b168d09acdd683ec8ab98d0ac6786
Data/pcb_neg_dataset3/pcb_neg_dataset3_282/pcb_neg_dataset3_282.jpg,pcb_neg_dataset3_282.jpg,pcb_neg_dataset3,01_mouse_bite_12_jpg.rf.5da309e9748813c2f14b986fb06509e6.jpg,e7c0d17501837395d3dcab3832deb5f9
Data/pcb_neg_dataset3/pcb_neg_dataset3_283/pcb_neg_dataset3_283.jpg,pcb_neg_dataset3_283.jpg,pcb_neg_dataset3,01_mouse_bite_12_jpg.rf.5e2d58d0dadce790061bc8540ffa37e7.jpg,ecff6dc3a5383f74b4a990bc01bbb27a
Data/pcb_neg_dataset3/pcb_neg_dataset3_284/pcb_neg_dataset3_284.jpg,pcb_neg_dataset3_284.jpg,pcb_neg_dataset3,01_missing_hole_01_jpg.rf.c55a440992a407efd6716ff0e1b59c6c.jpg,014ddcf4a232c03e3741187e07847a63
Data/pcb_neg_dataset3/pcb_neg_dataset3_285/pcb_neg_dataset3_285.jpg,pcb_neg_dataset3_285.jpg,pcb_neg_dataset3,01_mouse_bite_12_jpg.rf.9ea06fc2dde2f8ff56cb1c8674765abe.jpg,148d43c2f0cb5e3529f0953a9fada5ae
Data/pcb_neg_dataset3/pcb_neg_dataset3_286/pcb_neg_dataset3_286.jpg,pcb_neg_dataset3_286.jpg,pcb_neg_dataset3,01_mouse_bite_12_jpg.rf.cdef9903b2931097abf4bd2a29847513.jpg,84535fea67ae0098eb63764e2552be48
Data/pcb_neg_dataset3/pcb_neg_dataset3_287/pcb_neg_dataset3_287.jpg,pcb_neg_dataset3_287.jpg,pcb_neg_dataset3,01_missing_hole_09_jpg.rf.88a19c7de8f8278fcbedf0d679a83dba.jpg,30ba34ae43a1a2b40acff4a68286be79
Data/pcb_neg_dataset3/pcb_neg_dataset3_288/pcb_neg_dataset3_288.jpg,pcb_neg_dataset3_288.jpg,pcb_neg_dataset3,01_missing_hole_01_jpg.rf.c55a440992a407efd6716ff0e1b59c6c.jpg,014ddcf4a232c03e3741187e07847a63
Data/pcb_neg_dataset3/pcb_neg_dataset3_289/pcb_neg_dataset3_289.jpg,pcb_neg_dataset3_289.jpg,pcb_neg_dataset3,01_mouse_bite_13_jpg.rf.7f834515ea3b6ab766a395ba2105d977.jpg,60f55a455460bad59ff8f2f34d136d58
Data/pcb_neg_dataset3/pcb_neg_dataset3_29/pcb_neg_dataset3_29.jpg,pcb_neg_dataset3_29.jpg,pcb_neg_dataset3,10_open_circuit_02_jpg.rf.d72295e95ad7fd7361e4bea8945e8a65.jpg,e8663774bdc06a0d79cfb5c3bb698b64
Data/pcb_neg_dataset3/pcb_neg_dataset3_290/pcb_neg_dataset3_290.jpg,pcb_neg_dataset3_290.jpg,pcb_neg_dataset3,01_mouse_bite_13_jpg.rf.909b59363adc2ba03b6544f04fbeafff.jpg,74064ba2bba6acd67d17435c4bff797b
Data/pcb_neg_dataset3/pcb_neg_dataset3_291/pcb_neg_dataset3_291.jpg,pcb_neg_dataset3_291.jpg,pcb_neg_dataset3,01_mouse_bite_13_jpg.rf.a43b33c187be6cd8efbe6797549ea057.jpg,a9458da1ead5ad16d71891a7dcef1c9f
Data/pcb_neg_dataset3/pcb_neg_dataset3_292/pcb_neg_dataset3_292.jpg,pcb_neg_dataset3_292.jpg,pcb_neg_dataset3,01_mouse_bite_13_jpg.rf.ffcc4ad80a4c9f77c8d7de1e9a7c6c02.jpg,a34d366520a5799513762c22d2c5bc7b
Data/pcb_neg_dataset3/pcb_neg_dataset3_293/pcb_neg_dataset3_293.jpg,pcb_neg_dataset3_293.jpg,pcb_neg_dataset3,01_mouse_bite_14_jpg.rf.1faa07b20b9ea4a9ed62923f6174051d.jpg,d314e3dd96a0af8798b051e5f23e1a4f
Data/pcb_neg_dataset3/pcb_neg_dataset3_294/pcb_neg_dataset3_294.jpg,pcb_neg_dataset3_294.jpg,pcb_neg_dataset3,01_mouse_bite_14_jpg.rf.261c678b9cfe4c3c1e6c282f9216505b.jpg,2a51778b61fa8d012d7fdf4cd78092e8
Data/pcb_neg_dataset3/pcb_neg_dataset3_295/pcb_neg_dataset3_295.jpg,pcb_neg_dataset3_295.jpg,pcb_neg_dataset3,01_mouse_bite_14_jpg.rf.3f9594c0bfbce5a323ae185ae9a353ce.jpg,5f768e28e3338fc24ce23db75a9d62e4
Data/pcb_neg_dataset3/pcb_neg_dataset3_296/pcb_neg_dataset3_296.jpg,pcb_neg_dataset3_296.jpg,pcb_neg_dataset3,01_missing_hole_09_jpg.rf.88a19c7de8f8278fcbedf0d679a83dba.jpg,30ba34ae43a1a2b40acff4a68286be79
Data/pcb_neg_dataset3/pcb_neg_dataset3_297/pcb_neg_dataset3_297.jpg,pcb_neg_dataset3_297.jpg,pcb_neg_dataset3,01_missing_hole_03_jpg.rf.82799d58368c0b858cc44440b8655a75.jpg,cf733260904c780e956171bfaa73c189
Data/pcb_neg_dataset3/pcb_neg_dataset3_298/pcb_neg_dataset3_298.jpg,pcb_neg_dataset3_298.jpg,pcb_neg_dataset3,01_mouse_bite_14_jpg.rf.bb6151434e2ba5c38b6b794549296714.jpg,a928ceb127bcbc86afbcaddf7a55ac88
Data/pcb_neg_dataset3/pcb_neg_dataset3_299/pcb_neg_dataset3_299.jpg,pcb_neg_dataset3_299.jpg,pcb_neg_dataset3,01_mouse_bite_14_jpg.rf.bc3ad6ede90ef604fdba4919d8c3df83.jpg,eb6e6635536be4bf8d8abe7c70f900c9
Data/pcb_neg_dataset3/pcb_neg_dataset3_3/pcb_neg_dataset3_3.jpg,pcb_neg_dataset3_3.jpg,pcb_neg_dataset3,09_missing_hole_03_jpg.rf.3192a11e7ecd94927d1f58eaf180f001.jpg,65bce205d72fd2c51cd3f957b30100af
Data/pcb_neg_dataset3/pcb_neg_dataset3_30/pcb_neg_dataset3_30.jpg,pcb_neg_dataset3_30.jpg,pcb_neg_dataset3,10_spurious_copper_03_jpg.rf.f58a984b3fc1075b7f7800fb59de84b7.jpg,f2819d84079d5c2f39bacbaa70f31500
Data/pcb_neg_dataset3/pcb_neg_dataset3_300/pcb_neg_dataset3_300.jpg,pcb_neg_dataset3_300.jpg,pcb_neg_dataset3,01_mouse_bite_14_jpg.rf.e04f7101a28e4753b2086289fc4a4316.jpg,75be3764c2507ee8398cfc0b194498ab
Data/pcb_neg_dataset3/pcb_neg_dataset3_301/pcb_neg_dataset3_301.jpg,pcb_neg_dataset3_301.jpg,pcb_neg_dataset3,01_missing_hole_01_jpg.rf.c55a440992a407efd6716ff0e1b59c6c.jpg,014ddcf4a232c03e3741187e07847a63
Data/pcb_neg_dataset3/pcb_neg_dataset3_302/pcb_neg_dataset3_302.jpg,pcb_neg_dataset3_302.jpg,pcb_neg_dataset3,01_missing_hole_01_jpg.rf.c55a440992a407efd6716ff0e1b59c6c.jpg,014ddcf4a232c03e3741187e07847a63
Data/pcb_neg_dataset3/pcb_neg_dataset3_303/pcb_neg_dataset3_303.jpg,pcb_neg_dataset3_303.jpg,pcb_neg_dataset3,01_mouse_bite_15_jpg.rf.2a7822e8b8e069a6bffff37eb808d361.jpg,c4cfad7b5e012580592c9cba091f14a1
Data/pcb_neg_dataset3/pcb_neg_dataset3_304/pcb_neg_dataset3_304.jpg,pcb_neg_dataset3_304.jpg,pcb_neg_dataset3,01_mouse_bite_15_jpg.rf.2dfa5dc56796dd1a8af6396c908c4d09.jpg,2f8ca2b5ff75c7c0fff919da9af3eeba
Data/pcb_neg_dataset3/pcb_neg_dataset3_305/pcb_neg_dataset3_305.jpg,pcb_neg_dataset3_305.jpg,pcb_neg_dataset3,01_mouse_bite_15_jpg.rf.8e73260d5d11c707c15a7d6a57f0998c.jpg,b1574bcf9991102bb518fec4e8aaf0ed
Data/pcb_neg_dataset3/pcb_neg_dataset3_306/pcb_neg_dataset3_306.jpg,pcb_neg_dataset3_306.jpg,pcb_neg_dataset3,01_mouse_bite_15_jpg.rf.a3bf05b1828f6ed75c4da3a45e93ef2a.jpg,cab60c5ac93b10f04280b22715e307cd
Data/pcb_neg_dataset3/pcb_neg_dataset3_307/pcb_neg_dataset3_307.jpg,pcb_neg_dataset3_307.jpg,pcb_neg_dataset3,01_mouse_bite_15_jpg.rf.e031109ea68a0f0bce677b0e3b4b9bf9.jpg,e6b41d50755be21089467a923f8ec914
Data/pcb_neg_dataset3/pcb_neg_dataset3_308/pcb_neg_dataset3_308.jpg,pcb_neg_dataset3_308.jpg,pcb_neg_dataset3,01_mouse_bite_16_jpg.rf.003ab17387cc9d6f07348695e96b7cb2.jpg,5da442aabfdd37c225802ef92ff2a0ca
Data/pcb_neg_dataset3/pcb_neg_dataset3_309/pcb_neg_dataset3_309.jpg,pcb_neg_dataset3_309.jpg,pcb_neg_dataset3,01_mouse_bite_16_jpg.rf.0e742c256442590b090f2e4a55577712.jpg,d71a5b25aaae53a32adaac3bbab3ebf3
Data/pcb_neg_dataset3/pcb_neg_dataset3_31/pcb_neg_dataset3_31.jpg,pcb_neg_dataset3_31.jpg,pcb_neg_dataset3,10_open_circuit_02_jpg.rf.d72295e95ad7fd7361e4bea8945e8a65.jpg,e8663774bdc06a0d79cfb5c3bb698b64
Data/pcb_neg_dataset3/pcb_neg_dataset3_310/pcb_neg_dataset3_310.jpg,pcb_neg_dataset3_310.jpg,pcb_neg_dataset3,01_mouse_bite_16_jpg.rf.709e88938c299f9a166232fe4d24db3d.jpg,ef489216914f20258a9276a53bf66900
Data/pcb_neg_dataset3/pcb_neg_dataset3_311/pcb_neg_dataset3_311.jpg,pcb_neg_dataset3_311.jpg,pcb_neg_dataset3,01_missing_hole_01_jpg.rf.c55a440992a407efd6716ff0e1b59c6c.jpg,014ddcf4a232c03e3741187e07847a63
Data/pcb_neg_dataset3/pcb_neg_dataset3_312/pcb_neg_dataset3_312.jpg,pcb_neg_dataset3_312.jpg,pcb_neg_dataset3,01_mouse_bite_16_jpg.rf.9eac07d3482864b98a3b4c86ad0f4852.jpg,a2a3120c806c03585cb888a19f4a72c7
Data/pcb_neg_dataset3/pcb_neg_dataset3_313/pcb_neg_dataset3_313.jpg,pcb_neg_dataset3_313.jpg,pcb_neg_dataset3,01_missing_hole_01_jpg.rf.21c562e37b5360e3e0c867bf3276fdcc.jpg,dc2b168d09acdd683ec8ab98d0ac6786
Data/pcb_neg_dataset3/pcb_neg_dataset3_314/pcb_neg_dataset3_314.jpg,pcb_neg_dataset3_314.jpg,pcb_neg_dataset3,01_mouse_bite_17_jpg.rf.0865d42f07f0d1e676cd0e666040061a.jpg,631cab9792e9eae9773400ff2cc12d31
Data/pcb_neg_dataset3/pcb_neg_dataset3_315/pcb_neg_dataset3_315.jpg,pcb_neg_dataset3_315.jpg,pcb_neg_dataset3,01_missing_hole_01_jpg.rf.c55a440992a407efd6716ff0e1b59c6c.jpg,014ddcf4a232c03e3741187e07847a63
Data/pcb_neg_dataset3/pcb_neg_dataset3_316/pcb_neg_dataset3_316.jpg,pcb_neg_dataset3_316.jpg,pcb_neg_dataset3,01_missing_hole_09_jpg.rf.88a19c7de8f8278fcbedf0d679a83dba.jpg,30ba34ae43a1a2b40acff4a68286be79
Data/pcb_neg_dataset3/pcb_neg_dataset3_317/pcb_neg_dataset3_317.jpg,pcb_neg_dataset3_317.jpg,pcb_neg_dataset3,01_mouse_bite_17_jpg.rf.23c33159d57c7773ac65ba33fb6d1b3d.jpg,e67a703cea5616a60264f37b362a1fbf
Data/pcb_neg_dataset3/pcb_neg_dataset3_318/pcb_neg_dataset3_318.jpg,pcb_neg_dataset3_318.jpg,pcb_neg_dataset3,01_mouse_bite_17_jpg.rf.255ebdcf7a3961871a5ec738d8c46e87.jpg,028307afd43d78d768199984e5ccf899
Data/pcb_neg_dataset3/pcb_neg_dataset3_319/pcb_neg_dataset3_319.jpg,pcb_neg_dataset3_319.jpg,pcb_neg_dataset3,01_mouse_bite_17_jpg.rf.aa413d2a756b835a8de2cd0d5281cf55.jpg,9bbd9b297cd275ab286ebd21f03958a3
Data/pcb_neg_dataset3/pcb_neg_dataset3_32/pcb_neg_dataset3_32.jpg,pcb_neg_dataset3_32.jpg,pcb_neg_dataset3,10_spurious_copper_04_jpg.rf.735b5e55d297627fc0271344e954d371.jpg,97567c68352489524455d600ab915917
Data/pcb_neg_dataset3/pcb_neg_dataset3_320/pcb_neg_dataset3_320.jpg,pcb_neg_dataset3_320.jpg,pcb_neg_dataset3,01_mouse_bite_18_jpg.rf.0c7588d2eca9cfeaf6634eee7ac98129.jpg,a09a8f43207a9324dd884ed7636749fd
Data/pcb_neg_dataset3/pcb_neg_dataset3_321/pcb_neg_dataset3_321.jpg,pcb_neg_dataset3_321.jpg,pcb_neg_dataset3,01_mouse_bite_18_jpg.rf.21e005a06da15e02da30f232709ebcb2.jpg,778cda574bdb9e983f5708d859e16114
Data/pcb_neg_dataset3/pcb_neg_dataset3_322/pcb_neg_dataset3_322.jpg,pcb_neg_dataset3_322.jpg,pcb_neg_dataset3,01_mouse_bite_18_jpg.rf.4847c2e7a19a7f8d5af6cd0298590aa2.jpg,d43fe3dabd57286f708a3814cebceb43
Data/pcb_neg_dataset3/pcb_neg_dataset3_323/pcb_neg_dataset3_323.jpg,pcb_neg_dataset3_323.jpg,pcb_neg_dataset3,01_missing_hole_09_jpg.rf.88a19c7de8f8278fcbedf0d679a83dba.jpg,30ba34ae43a1a2b40acff4a68286be79
Data/pcb_neg_dataset3/pcb_neg_dataset3_324/pcb_neg_dataset3_324.jpg,pcb_neg_dataset3_324.jpg,pcb_neg_dataset3,01_missing_hole_01_jpg.rf.c55a440992a407efd6716ff0e1b59c6c.jpg,014ddcf4a232c03e3741187e07847a63
Data/pcb_neg_dataset3/pcb_neg_dataset3_325/pcb_neg_dataset3_325.jpg,pcb_neg_dataset3_325.jpg,pcb_neg_dataset3,01_mouse_bite_18_jpg.rf.6ee7de740ce723755780e1b8f39ffdf4.jpg,808af359b863743722e8c2e4b241dafd
Data/pcb_neg_dataset3/pcb_neg_dataset3_326/pcb_neg_dataset3_326.jpg,pcb_neg_dataset3_326.jpg,pcb_neg_dataset3,01_mouse_bite_18_jpg.rf.8f40de99e120fe996b347f9218befc78.jpg,0494e50d57cbb8d708c4e402cc70908e
Data/pcb_neg_dataset3/pcb_neg_dataset3_327/pcb_neg_dataset3_327.jpg,pcb_neg_dataset3_327.jpg,pcb_neg_dataset3,01_missing_hole_03_jpg.rf.82799d58368c0b858cc44440b8655a75.jpg,cf733260904c780e956171bfaa73c189
Data/pcb_neg_dataset3/pcb_neg_dataset3_328/pcb_neg_dataset3_328.jpg,pcb_neg_dataset3_328.jpg,pcb_neg_dataset3,01_mouse_bite_18_jpg.rf.e928c008abc85b4c61f66cfbf95c5efa.jpg,06a77bb93cb6e33a62194d690bf45b1d
Data/pcb_neg_dataset3/pcb_neg_dataset3_329/pcb_neg_dataset3_329.jpg,pcb_neg_dataset3_329.jpg,pcb_neg_dataset3,01_mouse_bite_19_jpg.rf.100aecbcc8abc958edb4dca6725a5fea.jpg,66669fbe8ef83a99ce9ad437bc5a8d60
Data/pcb_neg_dataset3/pcb_neg_dataset3_33/pcb_neg_dataset3_33.jpg,pcb_neg_dataset3_33.jpg,pcb_neg_dataset3,10_missing_hole_01_jpg.rf.1b1559f737adae1ca8372b30bb51dd57.jpg,62494791ad86c5a0ed5f1fdb54a0a660
Data/pcb_neg_dataset3/pcb_neg_dataset3_330/pcb_neg_dataset3_330.jpg,pcb_neg_dataset3_330.jpg,pcb_neg_dataset3,01_mouse_bite_19_jpg.rf.554158f32b3acc0fa84445156584dfba.jpg,fa4ae47ca77b642864ed896e09c93b7c
Data/pcb_neg_dataset3/pcb_neg_dataset3_331/pcb_neg_dataset3_331.jpg,pcb_neg_dataset3_331.jpg,pcb_neg_dataset3,01_mouse_bite_19_jpg.rf.56fcb1419b79ac115f78d1d438b112f7.jpg,7dabe1faef71e19f796442cecaf7e45a
Data/pcb_neg_dataset3/pcb_neg_dataset3_332/pcb_neg_dataset3_332.jpg,pcb_neg_dataset3_332.jpg,pcb_neg_dataset3,01_mouse_bite_19_jpg.rf.7536969ebee8b436ec07445e957b902d.jpg,2c6b0daac7bdcff73db879399b623892
Data/pcb_neg_dataset3/pcb_neg_dataset3_333/pcb_neg_dataset3_333.jpg,pcb_neg_dataset3_333.jpg,pcb_neg_dataset3,01_missing_hole_09_jpg.rf.88a19c7de8f8278fcbedf0d679a83dba.jpg,30ba34ae43a1a2b40acff4a68286be79
Data/pcb_neg_dataset3/pcb_neg_dataset3_334/pcb_neg_dataset3_334.jpg,pcb_neg_dataset3_334.jpg,pcb_neg_dataset3,01_missing_hole_01_jpg.rf.c55a440992a407efd6716ff0e1b59c6c.jpg,014ddcf4a232c03e3741187e07847a63
Data/pcb_neg_dataset3/pcb_neg_dataset3_335/pcb_neg_dataset3_335.jpg,pcb_neg_dataset3_335.jpg,pcb_neg_dataset3,01_mouse_bite_19_jpg.rf.e11dda1284bd9db687226c806f46a8bb.jpg,8ec97d74a9a8da77f7221d22308123de
Data/pcb_neg_dataset3/pcb_neg_dataset3_336/pcb_neg_dataset3_336.jpg,pcb_neg_dataset3_336.jpg,pcb_neg_dataset3,01_mouse_bite_19_jpg.rf.e7e3f6304fb07d934a9041f475c932f8.jpg,278046c3175fd03b6319ca6c959a957f
Data/pcb_neg_dataset3/pcb_neg_dataset3_337/pcb_neg_dataset3_337.jpg,pcb_neg_dataset3_337.jpg,pcb_neg_dataset3,01_missing_hole_03_jpg.rf.82799d58368c0b858cc44440b8655a75.jpg,cf733260904c780e956171bfaa73c189
Data/pcb_neg_dataset3/pcb_neg_dataset3_338/pcb_neg_dataset3_338.jpg,pcb_neg_dataset3_338.jpg,pcb_neg_dataset3,01_missing_hole_03_jpg.rf.82799d58368c0b858cc44440b8655a75.jpg,cf733260904c780e956171bfaa73c189
Data/pcb_neg_dataset3/pcb_neg_dataset3_339/pcb_neg_dataset3_339.jpg,pcb_neg_dataset3_339.jpg,pcb_neg_dataset3,01_missing_hole_09_jpg.rf.88a19c7de8f8278fcbedf0d679a83dba.jpg,30ba34ae43a1a2b40acff4a68286be79
Data/pcb_neg_dataset3/pcb_neg_dataset3_34/pcb_neg_dataset3_34.jpg,pcb_neg_dataset3_34.jpg,pcb_neg_dataset3,10_spurious_copper_04_jpg.rf.e9e3af146dead75393b3f5ab0fb3d2ee.jpg,d152feade79ebe40dbfda954ab1287db
Data/pcb_neg_dataset3/pcb_neg_dataset3_340/pcb_neg_dataset3_340.jpg,pcb_neg_dataset3_340.jpg,pcb_neg_dataset3,01_missing_hole_01_jpg.rf.c55a440992a407efd6716ff0e1b59c6c.jpg,014ddcf4a232c03e3741187e07847a63
Data/pcb_neg_dataset3/pcb_neg_dataset3_341/pcb_neg_dataset3_341.jpg,pcb_neg_dataset3_341.jpg,pcb_neg_dataset3,01_mouse_bite_20_jpg.rf.45aa181006d8c880853f766b4b6163fb.jpg,334ab803e4c4289df4cc7efa43bf45c0
Data/pcb_neg_dataset3/pcb_neg_dataset3_342/pcb_neg_dataset3_342.jpg,pcb_neg_dataset3_342.jpg,pcb_neg_dataset3,01_mouse_bite_20_jpg.rf.45df15a14c8c9ea9a5bb799520ca5a42.jpg,5873b57b520323270512a2c070f49878
Data/pcb_neg_dataset3/pcb_neg_dataset3_343/pcb_neg_dataset3_343.jpg,pcb_neg_dataset3_343.jpg,pcb_neg_dataset3,01_mouse_bite_20_jpg.rf.4e950f5176b66d2a59fd9609c888e9fd.jpg,869af5f202f1df25d0c29ea4de4ae074
Data/pcb_neg_dataset3/pcb_neg_dataset3_344/pcb_neg_dataset3_344.jpg,pcb_neg_dataset3_344.jpg,pcb_neg_dataset3,01_mouse_bite_20_jpg.rf.71b505a49ec4b0675434ca2cccaaecb2.jpg,3e2ea3b614ea58e225ed6ecdf2532c6d
Data/pcb_neg_dataset3/pcb_neg_dataset3_345/pcb_neg_dataset3_345.jpg,pcb_neg_dataset3_345.jpg,pcb_neg_dataset3,01_mouse_bite_20_jpg.rf.9104a4066c7c1472d5f3fc4487edbc50.jpg,c4c4f5fd5c030eb2fd7daa33800089c3
Data/pcb_neg_dataset3/pcb_neg_dataset3_346/pcb_neg_dataset3_346.jpg,pcb_neg_dataset3_346.jpg,pcb_neg_dataset3,01_mouse_bite_20_jpg.rf.cc1b845b361fd5c7ffbb63e4487796f7.jpg,1949e89e45fcdef1e499f5fcbacaa8c2
Data/pcb_neg_dataset3/pcb_neg_dataset3_347/pcb_neg_dataset3_347.jpg,pcb_neg_dataset3_347.jpg,pcb_neg_dataset3,01_open_circuit_01_jpg.rf.1be9eec0c842cd7b69de6d7617355f82.jpg,f8e3da4dfd029bd924aa3f571e308827
Data/pcb_neg_dataset3/pcb_neg_dataset3_348/pcb_neg_dataset3_348.jpg,pcb_neg_dataset3_348.jpg,pcb_neg_dataset3,01_missing_hole_03_jpg.rf.fcb737444b00972684c2e5908c8c413b.jpg,07a133a725b4eb74405af32f6b4cbe8f
Data/pcb_neg_dataset3/pcb_neg_dataset3_349/pcb_neg_dataset3_349.jpg,pcb_neg_dataset3_349.jpg,pcb_neg_dataset3,01_missing_hole_01_jpg.rf.c55a440992a407efd6716ff0e1b59c6c.jpg,014ddcf4a232c03e3741187e07847a63
Data/pcb_neg_dataset3/pcb_neg_dataset3_35/pcb_neg_dataset3_35.jpg,pcb_neg_dataset3_35.jpg,pcb_neg_dataset3,10_open_circuit_02_jpg.rf.d72295e95ad7fd7361e4bea8945e8a65.jpg,e8663774bdc06a0d79cfb5c3bb698b64
Data/pcb_neg_dataset3/pcb_neg_dataset3_350/pcb_neg_dataset3_350.jpg,pcb_neg_dataset3_350.jpg,pcb_neg_dataset3,01_open_circuit_02_jpg.rf.2b5ae81994577afd8675b121072b6dd5.jpg,7d4ea68d7f6424a0170f2d1a88516bd8
Data/pcb_neg_dataset3/pcb_neg_dataset3_351/pcb_neg_dataset3_351.jpg,pcb_neg_dataset3_351.jpg,pcb_neg_dataset3,01_missing_hole_01_jpg.rf.c55a440992a407efd6716ff0e1b59c6c.jpg,014ddcf4a232c03e3741187e07847a63
Data/pcb_neg_dataset3/pcb_neg_dataset3_352/pcb_neg_dataset3_352.jpg,pcb_neg_dataset3_352.jpg,pcb_neg_dataset3,01_open_circuit_02_jpg.rf.47fee4aa4f691d999fb743ba746648cb.jpg,779c3029e426ae5a106270af2df74fed
Data/pcb_neg_dataset3/pcb_neg_dataset3_353/pcb_neg_dataset3_353.jpg,pcb_neg_dataset3_353.jpg,pcb_neg_dataset3,01_open_circuit_02_jpg.rf.50a247aa9e2eccac84d5ffa635dbd8a3.jpg,1114f9c6b6727c10dcf4a347ac54d5da
Data/pcb_neg_dataset3/pcb_neg_dataset3_354/pcb_neg_dataset3_354.jpg,pcb_neg_dataset3_354.jpg,pcb_neg_dataset3,01_open_circuit_02_jpg.rf.59b507ee15efe59123e9475b68dae39d.jpg,29d8eac4c94c7520a51e758760bdbfdb
Data/pcb_neg_dataset3/pcb_neg_dataset3_355/pcb_neg_dataset3_355.jpg,pcb_neg_dataset3_355.jpg,pcb_neg_dataset3,01_open_circuit_02_jpg.rf.61c986ccf135b172c95566625e5222ce.jpg,b9145be3248b5cdba78e49222a8b87fc
Data/pcb_neg_dataset3/pcb_neg_dataset3_356/pcb_neg_dataset3_356.jpg,pcb_neg_dataset3_356.jpg,pcb_neg_dataset3,01_open_circuit_04_jpg.rf.1d7efb88437030e40bcc41db2f5249a2.jpg,56a686d4f0e14a602a5325b37458b74f
Data/pcb_neg_dataset3/pcb_neg_dataset3_357/pcb_neg_dataset3_357.jpg,pcb_neg_dataset3_357.jpg,pcb_neg_dataset3,01_missing_hole_01_jpg.rf.c55a440992a407efd6716ff0e1b59c6c.jpg,014ddcf4a232c03e3741187e07847a63
Data/pcb_neg_dataset3/pcb_neg_dataset3_358/pcb_neg_dataset3_358.jpg,pcb_neg_dataset3_358.jpg,pcb_neg_dataset3,01_open_circuit_04_jpg.rf.80ad9b8f634659cd0a06de5ce2e83556.jpg,90137a99ce48903ea0a5c59736bbdc8a
Data/pcb_neg_dataset3/pcb_neg_dataset3_359/pcb_neg_dataset3_359.jpg,pcb_neg_dataset3_359.jpg,pcb_neg_dataset3,01_missing_hole_01_jpg.rf.c55a440992a407efd6716ff0e1b59c6c.jpg,014ddcf4a232c03e3741187e07847a63
Data/pcb_neg_dataset3/pcb_neg_dataset3_36/pcb_neg_dataset3_36.jpg,pcb_neg_dataset3_36.jpg,pcb_neg_dataset3,10_spurious_copper_05_jpg.rf.b4707229c59531b0701d3b19e47654e1.jpg,8b7f68ef993adf54eefad038d3783c56
Data/pcb_neg_dataset3/pcb_neg_dataset3_360/pcb_neg_dataset3_360.jpg,pcb_neg_dataset3_360.jpg,pcb_neg_dataset3,01_open_circuit_06_jpg.rf.8efb762a8ada11345e0974fa3ee43491.jpg,053f8c152b718370c3b764d5d8a02410
Data/pcb_neg_dataset3/pcb_neg_dataset3_361/pcb_neg_dataset3_361.jpg,pcb_neg_dataset3_361.jpg,pcb_neg_dataset3,01_open_circuit_06_jpg.rf.bcbce6347f3ff8928a0d1d8df25f9ad2.jpg,8c9edf2acd66fe7c651993439ec96019
Data/pcb_neg_dataset3/pcb_neg_dataset3_362/pcb_neg_dataset3_362.jpg,pcb_neg_dataset3_362.jpg,pcb_neg_dataset3,01_open_circuit_02_jpg.rf.59b507ee15efe59123e9475b68dae39d.jpg,29d8eac4c94c7520a51e758760bdbfdb
Data/pcb_neg_dataset3/pcb_neg_dataset3_363/pcb_neg_dataset3_363.jpg,pcb_neg_dataset3_363.jpg,pcb_neg_dataset3,01_open_circuit_06_jpg.rf.cc8c7bc55696b39612d8f7e3d7d029bc.jpg,24142d3bedd0859fc746b2fb88a26b00
Data/pcb_neg_dataset3/pcb_neg_dataset3_364/pcb_neg_dataset3_364.jpg,pcb_neg_dataset3_364.jpg,pcb_neg_dataset3,01_open_circuit_06_jpg.rf.ec670cba23de206d4511906a42c0b659.jpg,cdaf71aea83f5e096b7cd701fcdbf1da
Data/pcb_neg_dataset3/pcb_neg_dataset3_365/pcb_neg_dataset3_365.jpg,pcb_neg_dataset3_365.jpg,pcb_neg_dataset3,01_open_circuit_06_jpg.rf.f56b252a13dca04c84a6f807dc6d6ce3.jpg,7ea809437fac8104272b3b9d3d997241
Data/pcb_neg_dataset3/pcb_neg_dataset3_366/pcb_neg_dataset3_366.jpg,pcb_neg_dataset3_366.jpg,pcb_neg_dataset3,01_open_circuit_07_jpg.rf.26aeb3f7c2ddc0f1f17bad7866f2bfae.jpg,798a97e7fc5ce883c604fdccca37980e
Data/pcb_neg_dataset3/pcb_neg_dataset3_367/pcb_neg_dataset3_367.jpg,pcb_neg_dataset3_367.jpg,pcb_neg_dataset3,01_missing_hole_01_jpg.rf.c55a440992a407efd6716ff0e1b59c6c.jpg,014ddcf4a232c03e3741187e07847a63
Data/pcb_neg_dataset3/pcb_neg_dataset3_368/pcb_neg_dataset3_368.jpg,pcb_neg_dataset3_368.jpg,pcb_neg_dataset3,01_open_circuit_07_jpg.rf.7ba9f38fb5d614ab81e9e5526745cc6a.jpg,e635cee9f84713498b5c89b72d647b7f
Data/pcb_neg_dataset3/pcb_neg_dataset3_369/pcb_neg_dataset3_369.jpg,pcb_neg_dataset3_369.jpg,pcb_neg_dataset3,01_missing_hole_01_jpg.rf.21c562e37b5360e3e0c867bf3276fdcc.jpg,dc2b168d09acdd683ec8ab98d0ac6786
Data/pcb_neg_dataset3/pcb_neg_dataset3_37/pcb_neg_dataset3_37.jpg,pcb_neg_dataset3_37.jpg,pcb_neg_dataset3,10_spurious_copper_05_jpg.rf.bc000b6126ab383a208fb5b40680d7ef.jpg,7f379e06752e83b17d09cc8dd3cea090
Data/pcb_neg_dataset3/pcb_neg_dataset3_370/pcb_neg_dataset3_370.jpg,pcb_neg_dataset3_370.jpg,pcb_neg_dataset3,01_open_circuit_07_jpg.rf.c715414c9256ce18ab8db5b8327ad268.jpg,0d579233b474c1d3da2fa1a2c08d87e8
Data/pcb_neg_dataset3/pcb_neg_dataset3_371/pcb_neg_dataset3_371.jpg,pcb_neg_dataset3_371.jpg,pcb_neg_dataset3,01_open_circuit_07_jpg.rf.ea79b9f4d223940c1678143e98c74146.jpg,1402cc9743d2be1aef40b04d1cf9e5b6
Data/pcb_neg_dataset3/pcb_neg_dataset3_372/pcb_neg_dataset3_372.jpg,pcb_neg_dataset3_372.jpg,pcb_neg_dataset3,01_open_circuit_08_jpg.rf.5d1cafafff7faf2eaed7da7b1dd7c038.jpg,a11d30a417b29ec42da2836ad82be1d0
Data/pcb_neg_dataset3/pcb_neg_dataset3_373/pcb_neg_dataset3_373.jpg,pcb_neg_dataset3_373.jpg,pcb_neg_dataset3,01_open_circuit_08_jpg.rf.7c878aa914ec7d0b246aa86406cd68b2.jpg,29705685658567767c85311dbd500b1e
Data/pcb_neg_dataset3/pcb_neg_dataset3_374/pcb_neg_dataset3_374.jpg,pcb_neg_dataset3_374.jpg,pcb_neg_dataset3,01_missing_hole_01_jpg.rf.21c562e37b5360e3e0c867bf3276fdcc.jpg,dc2b168d09acdd683ec8ab98d0ac6786
Data/pcb_neg_dataset3/pcb_neg_dataset3_375/pcb_neg_dataset3_375.jpg,pcb_neg_dataset3_375.jpg,pcb_neg_dataset3,01_missing_hole_01_jpg.rf.c55a440992a407efd6716ff0e1b59c6c.jpg,014ddcf4a232c03e3741187e07847a63
Data/pcb_neg_dataset3/pcb_neg_dataset3_376/pcb_neg_dataset3_376.jpg,pcb_neg_dataset3_376.jpg,pcb_neg_dataset3,01_open_circuit_09_jpg.rf.b378191cf65f67f88c317cd83525bf06.jpg,744f1aae84c471375f91a189361f3e61
Data/pcb_neg_dataset3/pcb_neg_dataset3_377/pcb_neg_dataset3_377.jpg,pcb_neg_dataset3_377.jpg,pcb_neg_dataset3,01_open_circuit_09_jpg.rf.de24060999bf70a528b52e7e8224fdb3.jpg,dc32e6e002f525d05e1535787c2ee2d9
Data/pcb_neg_dataset3/pcb_neg_dataset3_378/pcb_neg_dataset3_378.jpg,pcb_neg_dataset3_378.jpg,pcb_neg_dataset3,01_missing_hole_03_jpg.rf.82799d58368c0b858cc44440b8655a75.jpg,cf733260904c780e956171bfaa73c189
Data/pcb_neg_dataset3/pcb_neg_dataset3_379/pcb_neg_dataset3_379.jpg,pcb_neg_dataset3_379.jpg,pcb_neg_dataset3,01_missing_hole_01_jpg.rf.c55a440992a407efd6716ff0e1b59c6c.jpg,014ddcf4a232c03e3741187e07847a63
Data/pcb_neg_dataset3/pcb_neg_dataset3_38/pcb_neg_dataset3_38.jpg,pcb_neg_dataset3_38.jpg,pcb_neg_dataset3,10_spurious_copper_05_jpg.rf.da7e2abf6fb45a0a0f33036e84ae02ef.jpg,5534d0abc079d6478da903c895e0fb3c
Data/pcb_neg_dataset3/pcb_neg_dataset3_380/pcb_neg_dataset3_380.jpg,pcb_neg_dataset3_380.jpg,pcb_neg_dataset3,01_open_circuit_10_jpg.rf.b097adc39158ddfe28da9cd0ca8e7e82.jpg,90cd16b475db1a203ef3d0a383d91c03
Data/pcb_neg_dataset3/pcb_neg_dataset3_381/pcb_neg_dataset3_381.jpg,pcb_neg_dataset3_381.jpg,pcb_neg_dataset3,01_open_circuit_10_jpg.rf.b3ae324eecf71c9712e0040129a13264.jpg,73876d5f8c03bafe1ffb991c823f904e
Data/pcb_neg_dataset3/pcb_neg_dataset3_382/pcb_neg_dataset3_382.jpg,pcb_neg_dataset3_382.jpg,pcb_neg_dataset3,01_open_circuit_10_jpg.rf.b817aa0e91478ccd221a1610fe38d2ce.jpg,a4756dc3c57efd7b3b1e5f683b42aad7
Data/pcb_neg_dataset3/pcb_neg_dataset3_383/pcb_neg_dataset3_383.jpg,pcb_neg_dataset3_383.jpg,pcb_neg_dataset3,01_open_circuit_10_jpg.rf.d395695b6ebbf7dec25f15fe906b05ea.jpg,e74c288573d0611f0c53a4c66ed786e8
Data/pcb_neg_dataset3/pcb_neg_dataset3_384/pcb_neg_dataset3_384.jpg,pcb_neg_dataset3_384.jpg,pcb_neg_dataset3,01_missing_hole_01_jpg.rf.21c562e37b5360e3e0c867bf3276fdcc.jpg,dc2b168d09acdd683ec8ab98d0ac6786
Data/pcb_neg_dataset3/pcb_neg_dataset3_385/pcb_neg_dataset3_385.jpg,pcb_neg_dataset3_385.jpg,pcb_neg_dataset3,01_missing_hole_01_jpg.rf.c55a440992a407efd6716ff0e1b59c6c.jpg,014ddcf4a232c03e3741187e07847a63
Data/pcb_neg_dataset3/pcb_neg_dataset3_386/pcb_neg_dataset3_386.jpg,pcb_neg_dataset3_386.jpg,pcb_neg_dataset3,01_open_circuit_11_jpg.rf.53501b3d6d8a4cfc395f78d4a545353f.jpg,dfc40f3f0f1c11f0a1b10a1f2c8c6673
Data/pcb_neg_dataset3/pcb_neg_dataset3_387/pcb_neg_dataset3_387.jpg,pcb_neg_dataset3_387.jpg,pcb_neg_dataset3,01_open_circuit_11_jpg.rf.af863ce910780fc39833c3c59c30c2c7.jpg,30c774b368fc1412cc6f0134aae13314
Data/pcb_neg_dataset3/pcb_neg_dataset3_388/pcb_neg_dataset3_388.jpg,pcb_neg_dataset3_388.jpg,pcb_neg_dataset3,01_open_circuit_11_jpg.rf.b1cd154673b813aee7709ca53dc3719c.jpg,8607e7324b3bd7f543a0ca8882efb5ee
Data/pcb_neg_dataset3/pcb_neg_dataset3_389/pcb_neg_dataset3_389.jpg,pcb_neg_dataset3_389.jpg,pcb_neg_dataset3,01_open_circuit_11_jpg.rf.bc4d74304c82c0fdd7e0bf4a3edf6ab2.jpg,54f2fa396b2d0a66493d6ea604f51e79
Data/pcb_neg_dataset3/pcb_neg_dataset3_39/pcb_neg_dataset3_39.jpg,pcb_neg_dataset3_39.jpg,pcb_neg_dataset3,10_spurious_copper_06_jpg.rf.3e188cde8a0384824d98f72c5ff687a1.jpg,0e91c60dc64a8b032d524c20935e5947
Data/pcb_neg_dataset3/pcb_neg_dataset3_390/pcb_neg_dataset3_390.jpg,pcb_neg_dataset3_390.jpg,pcb_neg_dataset3,01_open_circuit_02_jpg.rf.59b507ee15efe59123e9475b68dae39d.jpg,29d8eac4c94c7520a51e758760bdbfdb
Data/pcb_neg_dataset3/pcb_neg_dataset3_391/pcb_neg_dataset3_391.jpg,pcb_neg_dataset3_391.jpg,pcb_neg_dataset3,01_open_circuit_13_jpg.rf.78a4d1ec69863ded753b87af659b1bdb.jpg,28300042e480c1e3dcfe6e521777e4ca
Data/pcb_neg_dataset3/pcb_neg_dataset3_392/pcb_neg_dataset3_392.jpg,pcb_neg_dataset3_392.jpg,pcb_neg_dataset3,01_open_circuit_13_jpg.rf.8258c0085080a3c761b4000b603bcb4b.jpg,fffc1e499b5ef692f11a4bebfc48105b
Data/pcb_neg_dataset3/pcb_neg_dataset3_393/pcb_neg_dataset3_393.jpg,pcb_neg_dataset3_393.jpg,pcb_neg_dataset3,01_open_circuit_13_jpg.rf.835a594d7ba91e7897eb75744c10ddc6.jpg,d2ff7c5c5ab8010441c45fd0c89fd0bd
Data/pcb_neg_dataset3/pcb_neg_dataset3_394/pcb_neg_dataset3_394.jpg,pcb_neg_dataset3_394.jpg,pcb_neg_dataset3,01_open_circuit_13_jpg.rf.dc34a071b08a79bb67782b7a30ecbc3c.jpg,2de604cb70a6865f30568574e5c35c89
Data/pcb_neg_dataset3/pcb_neg_dataset3_395/pcb_neg_dataset3_395.jpg,pcb_neg_dataset3_395.jpg,pcb_neg_dataset3,01_missing_hole_03_jpg.rf.82799d58368c0b858cc44440b8655a75.jpg,cf733260904c780e956171bfaa73c189
Data/pcb_neg_dataset3/pcb_neg_dataset3_396/pcb_neg_dataset3_396.jpg,pcb_neg_dataset3_396.jpg,pcb_neg_dataset3,01_open_circuit_14_jpg.rf.017f9d1c072a0101c46a200e28434496.jpg,5073fd523931100d7c57711e83da2eb6
Data/pcb_neg_dataset3/pcb_neg_dataset3_397/pcb_neg_dataset3_397.jpg,pcb_neg_dataset3_397.jpg,pcb_neg_dataset3,01_missing_hole_01_jpg.rf.c55a440992a407efd6716ff0e1b59c6c.jpg,014ddcf4a232c03e3741187e07847a63
Data/pcb_neg_dataset3/pcb_neg_dataset3_398/pcb_neg_dataset3_398.jpg,pcb_neg_dataset3_398.jpg,pcb_neg_dataset3,01_mouse_bite_16_jpg.rf.0e742c256442590b090f2e4a55577712.jpg,d71a5b25aaae53a32adaac3bbab3ebf3
Data/pcb_neg_dataset3/pcb_neg_dataset3_399/pcb_neg_dataset3_399.jpg,pcb_neg_dataset3_399.jpg,pcb_neg_dataset3,01_open_circuit_15_jpg.rf.2ae13282b8da86020418bbc4f4e71dd3.jpg,0b65a7fafa0c444910175876c748cc7d
Data/pcb_neg_dataset3/pcb_neg_dataset3_4/pcb_neg_dataset3_4.jpg,pcb_neg_dataset3_4.jpg,pcb_neg_dataset3,09_spurious_copper_05_jpg.rf.52e4503f473d552dd8d71f0bca3de12b.jpg,76ca57110d58a1f41f5df3ca0927972b
Data/pcb_neg_dataset3/pcb_neg_dataset3_40/pcb_neg_dataset3_40.jpg,pcb_neg_dataset3_40.jpg,pcb_neg_dataset3,10_spurious_copper_06_jpg.rf.960f6204e6b0f217e6647385f2d90a2c.jpg,d4c8d42a8963abcc21959a597eb13273
Data/pcb_neg_dataset3/pcb_neg_dataset3_400/pcb_neg_dataset3_400.jpg,pcb_neg_dataset3_400.jpg,pcb_neg_dataset3,01_open_circuit_15_jpg.rf.2d735c32558679c7fd0e7142cdf43bbe.jpg,fcdd4f65a2d77dfd9bef2c579b495b7a
Data/pcb_neg_dataset3/pcb_neg_dataset3_401/pcb_neg_dataset3_401.jpg,pcb_neg_dataset3_401.jpg,pcb_neg_dataset3,01_open_circuit_15_jpg.rf.3aa16a39bd13d308f53ab6df0045345e.jpg,67af8f91b333d098bbf007a1d2c710c1
Data/pcb_neg_dataset3/pcb_neg_dataset3_402/pcb_neg_dataset3_402.jpg,pcb_neg_dataset3_402.jpg,pcb_neg_dataset3,01_open_circuit_15_jpg.rf.91e7c3104be9fde4832dba91d063eb58.jpg,d63a56942e24584a9b2a654e238bb868
Data/pcb_neg_dataset3/pcb_neg_dataset3_403/pcb_neg_dataset3_403.jpg,pcb_neg_dataset3_403.jpg,pcb_neg_dataset3,01_open_circuit_15_jpg.rf.a56564a67654390225e721188f329346.jpg,e44f4f137bf7cb73fd5981a6e18d6e22
Data/pcb_neg_dataset3/pcb_neg_dataset3_404/pcb_neg_dataset3_404.jpg,pcb_neg_dataset3_404.jpg,pcb_neg_dataset3,01_open_circuit_02_jpg.rf.59b507ee15efe59123e9475b68dae39d.jpg,29d8eac4c94c7520a51e758760bdbfdb
Data/pcb_neg_dataset3/pcb_neg_dataset3_405/pcb_neg_dataset3_405.jpg,pcb_neg_dataset3_405.jpg,pcb_neg_dataset3,01_missing_hole_01_jpg.rf.c55a440992a407efd6716ff0e1b59c6c.jpg,014ddcf4a232c03e3741187e07847a63
Data/pcb_neg_dataset3/pcb_neg_dataset3_406/pcb_neg_dataset3_406.jpg,pcb_neg_dataset3_406.jpg,pcb_neg_dataset3,01_missing_hole_03_jpg.rf.82799d58368c0b858cc44440b8655a75.jpg,cf733260904c780e956171bfaa73c189
Data/pcb_neg_dataset3/pcb_neg_dataset3_407/pcb_neg_dataset3_407.jpg,pcb_neg_dataset3_407.jpg,pcb_neg_dataset3,01_open_circuit_15_jpg.rf.ee4758eb9704f0331c1f578e74b3eb06.jpg,a4d8a042f31c6dd4529ddd8a72a98fcf
Data/pcb_neg_dataset3/pcb_neg_dataset3_408/pcb_neg_dataset3_408.jpg,pcb_neg_dataset3_408.jpg,pcb_neg_dataset3,01_open_circuit_17_jpg.rf.1b773dc6f39e934fd356421a8bd477c1.jpg,e1765aed0e595333f05d23edc69eab6b
Data/pcb_neg_dataset3/pcb_neg_dataset3_409/pcb_neg_dataset3_409.jpg,pcb_neg_dataset3_409.jpg,pcb_neg_dataset3,01_open_circuit_17_jpg.rf.31cfa9fda1debe2ffc94436d939aaaf6.jpg,78f91495cb3307666a0268ca141983a4
Data/pcb_neg_dataset3/pcb_neg_dataset3_41/pcb_neg_dataset3_41.jpg,pcb_neg_dataset3_41.jpg,pcb_neg_dataset3,10_spurious_copper_06_jpg.rf.a45ad575cadeb342e464c97c99d0b43c.jpg,93a3565fdfbdcdd50b30751704feccbb
Data/pcb_neg_dataset3/pcb_neg_dataset3_410/pcb_neg_dataset3_410.jpg,pcb_neg_dataset3_410.jpg,pcb_neg_dataset3,01_missing_hole_01_jpg.rf.c55a440992a407efd6716ff0e1b59c6c.jpg,014ddcf4a232c03e3741187e07847a63
Data/pcb_neg_dataset3/pcb_neg_dataset3_411/pcb_neg_dataset3_411.jpg,pcb_neg_dataset3_411.jpg,pcb_neg_dataset3,01_open_circuit_17_jpg.rf.691cfc3c1f26b1c837625f85a58b8dc6.jpg,bc9e4f98b66d3696893152a1c48ae286
Data/pcb_neg_dataset3/pcb_neg_dataset3_412/pcb_neg_dataset3_412.jpg,pcb_neg_dataset3_412.jpg,pcb_neg_dataset3,01_open_circuit_17_jpg.rf.6e2e311ebf13715db3ba0607cd77aa62.jpg,8d48936085210630a2a1ec249cf5dda6
Data/pcb_neg_dataset3/pcb_neg_dataset3_413/pcb_neg_dataset3_413.jpg,pcb_neg_dataset3_413.jpg,pcb_neg_dataset3,01_missing_hole_01_jpg.rf.21c562e37b5360e3e0c867bf3276fdcc.jpg,dc2b168d09acdd683ec8ab98d0ac6786
Data/pcb_neg_dataset3/pcb_neg_dataset3_414/pcb_neg_dataset3_414.jpg,pcb_neg_dataset3_414.jpg,pcb_neg_dataset3,01_open_circuit_18_jpg.rf.08d0adb92ad60843320cf8c10cd23645.jpg,24aae400c479e80cef89c12f1e2e23f7
Data/pcb_neg_dataset3/pcb_neg_dataset3_415/pcb_neg_dataset3_415.jpg,pcb_neg_dataset3_415.jpg,pcb_neg_dataset3,01_missing_hole_03_jpg.rf.82799d58368c0b858cc44440b8655a75.jpg,cf733260904c780e956171bfaa73c189
Data/pcb_neg_dataset3/pcb_neg_dataset3_416/pcb_neg_dataset3_416.jpg,pcb_neg_dataset3_416.jpg,pcb_neg_dataset3,01_open_circuit_18_jpg.rf.5ef7841b0e03a2d945c51a82f21e5767.jpg,f167e99b4a83efc37ba4164c8c9755e4
Data/pcb_neg_dataset3/pcb_neg_dataset3_417/pcb_neg_dataset3_417.jpg,pcb_neg_dataset3_417.jpg,pcb_neg_dataset3,01_open_circuit_18_jpg.rf.93c17bd18fe2ae9dc645b28a6602d645.jpg,d55aa094fcd5de306d90b1fe65c1fb50
Data/pcb_neg_dataset3/pcb_neg_dataset3_418/pcb_neg_dataset3_418.jpg,pcb_neg_dataset3_418.jpg,pcb_neg_dataset3,01_open_circuit_02_jpg.rf.59b507ee15efe59123e9475b68dae39d.jpg,29d8eac4c94c7520a51e758760bdbfdb
Data/pcb_neg_dataset3/pcb_neg_dataset3_419/pcb_neg_dataset3_419.jpg,pcb_neg_dataset3_419.jpg,pcb_neg_dataset3,01_open_circuit_18_jpg.rf.a7b8500a637143e4d975f8c5efcfa587.jpg,5bd051bca20cdc20dd21b9f98ba130af
Data/pcb_neg_dataset3/pcb_neg_dataset3_42/pcb_neg_dataset3_42.jpg,pcb_neg_dataset3_42.jpg,pcb_neg_dataset3,10_missing_hole_01_jpg.rf.1b1559f737adae1ca8372b30bb51dd57.jpg,62494791ad86c5a0ed5f1fdb54a0a660
Data/pcb_neg_dataset3/pcb_neg_dataset3_420/pcb_neg_dataset3_420.jpg,pcb_neg_dataset3_420.jpg,pcb_neg_dataset3,01_open_circuit_18_jpg.rf.b93dcd22d1bbf43214c5ef5df22f99f8.jpg,6855a12ba7557702aa9388b21fc996f0
Data/pcb_neg_dataset3/pcb_neg_dataset3_421/pcb_neg_dataset3_421.jpg,pcb_neg_dataset3_421.jpg,pcb_neg_dataset3,01_open_circuit_18_jpg.rf.c7bbe09d7120840348687ded1a1fc89e.jpg,aceb92177cbfb1999f552d863c5a6892
Data/pcb_neg_dataset3/pcb_neg_dataset3_422/pcb_neg_dataset3_422.jpg,pcb_neg_dataset3_422.jpg,pcb_neg_dataset3,01_missing_hole_01_jpg.rf.c55a440992a407efd6716ff0e1b59c6c.jpg,014ddcf4a232c03e3741187e07847a63
Data/pcb_neg_dataset3/pcb_neg_dataset3_423/pcb_neg_dataset3_423.jpg,pcb_neg_dataset3_423.jpg,pcb_neg_dataset3,01_open_circuit_19_jpg.rf.b74dfcc9ffcbfcd5c819e080e787f4d9.jpg,22b0bb0336673954e1d50f39de323320
Data/pcb_neg_dataset3/pcb_neg_dataset3_424/pcb_neg_dataset3_424.jpg,pcb_neg_dataset3_424.jpg,pcb_neg_dataset3,01_missing_hole_01_jpg.rf.c55a440992a407efd6716ff0e1b59c6c.jpg,014ddcf4a232c03e3741187e07847a63
Data/pcb_neg_dataset3/pcb_neg_dataset3_425/pcb_neg_dataset3_425.jpg,pcb_neg_dataset3_425.jpg,pcb_neg_dataset3,01_open_circuit_19_jpg.rf.ea66ac88b04f82230dedfc85ee630cc1.jpg,f040a22cc9eaf01112928fc935780750
Data/pcb_neg_dataset3/pcb_neg_dataset3_426/pcb_neg_dataset3_426.jpg,pcb_neg_dataset3_426.jpg,pcb_neg_dataset3,01_missing_hole_01_jpg.rf.c55a440992a407efd6716ff0e1b59c6c.jpg,014ddcf4a232c03e3741187e07847a63
Data/pcb_neg_dataset3/pcb_neg_dataset3_427/pcb_neg_dataset3_427.jpg,pcb_neg_dataset3_427.jpg,pcb_neg_dataset3,01_open_circuit_20_jpg.rf.0f683927b9f6c633dc8a5644dedebba1.jpg,23da94c106103970d572e6a694bb0f9d
Data/pcb_neg_dataset3/pcb_neg_dataset3_428/pcb_neg_dataset3_428.jpg,pcb_neg_dataset3_428.jpg,pcb_neg_dataset3,01_open_circuit_20_jpg.rf.58c53ab3e9bdc25ce0a30188156a73e2.jpg,c24fe015867d3da30ef2f052bcc7d72f
Data/pcb_neg_dataset3/pcb_neg_dataset3_429/pcb_neg_dataset3_429.jpg,pcb_neg_dataset3_429.jpg,pcb_neg_dataset3,01_open_circuit_20_jpg.rf.96de81d77cdc95b50426b1222b59dab6.jpg,43ea3fe5bf42f37182b9928a3e82acf3
Data/pcb_neg_dataset3/pcb_neg_dataset3_43/pcb_neg_dataset3_43.jpg,pcb_neg_dataset3_43.jpg,pcb_neg_dataset3,11_missing_hole_01_jpg.rf.6485d03c91961e9506a61c35fb18328c.jpg,9983e9c89f72c27d8946a17d2519fa3a
Data/pcb_neg_dataset3/pcb_neg_dataset3_430/pcb_neg_dataset3_430.jpg,pcb_neg_dataset3_430.jpg,pcb_neg_dataset3,01_open_circuit_20_jpg.rf.b00b87862c64d5ab8ec5f4757aad0dd2.jpg,7e3fa40395d4b62bf6c77c1503717479
Data/pcb_neg_dataset3/pcb_neg_dataset3_431/pcb_neg_dataset3_431.jpg,pcb_neg_dataset3_431.jpg,pcb_neg_dataset3,01_open_circuit_20_jpg.rf.deb5e449cfb7f93004572bcd4665edac.jpg,14ce6d7c1a1604da1ad0451fb5f745ee
Data/pcb_neg_dataset3/pcb_neg_dataset3_432/pcb_neg_dataset3_432.jpg,pcb_neg_dataset3_432.jpg,pcb_neg_dataset3,01_missing_hole_01_jpg.rf.21c562e37b5360e3e0c867bf3276fdcc.jpg,dc2b168d09acdd683ec8ab98d0ac6786
Data/pcb_neg_dataset3/pcb_neg_dataset3_433/pcb_neg_dataset3_433.jpg,pcb_neg_dataset3_433.jpg,pcb_neg_dataset3,01_open_circuit_20_jpg.rf.fa267f7faa3f87a50498cc0260a2b4e3.jpg,41c2a5d5107921ee8f4fff5079555d98
Data/pcb_neg_dataset3/pcb_neg_dataset3_434/pcb_neg_dataset3_434.jpg,pcb_neg_dataset3_434.jpg,pcb_neg_dataset3,01_open_circuit_02_jpg.rf.59b507ee15efe59123e9475b68dae39d.jpg,29d8eac4c94c7520a51e758760bdbfdb
Data/pcb_neg_dataset3/pcb_neg_dataset3_435/pcb_neg_dataset3_435.jpg,pcb_neg_dataset3_435.jpg,pcb_neg_dataset3,01_missing_hole_01_jpg.rf.c55a440992a407efd6716ff0e1b59c6c.jpg,014ddcf4a232c03e3741187e07847a63
Data/pcb_neg_dataset3/pcb_neg_dataset3_436/pcb_neg_dataset3_436.jpg,pcb_neg_dataset3_436.jpg,pcb_neg_dataset3,01_open_circuit_02_jpg.rf.59b507ee15efe59123e9475b68dae39d.jpg,29d8eac4c94c7520a51e758760bdbfdb
Data/pcb_neg_dataset3/pcb_neg_dataset3_437/pcb_neg_dataset3_437.jpg,pcb_neg_dataset3_437.jpg,pcb_neg_dataset3,01_short_01_jpg.rf.4d5f5b75c5f2858749232b66e66caeb8.jpg,34c9491b365ec859791deaca98b813e9
Data/pcb_neg_dataset3/pcb_neg_dataset3_438/pcb_neg_dataset3_438.jpg,pcb_neg_dataset3_438.jpg,pcb_neg_dataset3,01_short_01_jpg.rf.4d8eaf8969a03684244c58934eb2b6f1.jpg,09e2c514e72a9854f777694b7f20a6a4
Data/pcb_neg_dataset3/pcb_neg_dataset3_439/pcb_neg_dataset3_439.jpg,pcb_neg_dataset3_439.jpg,pcb_neg_dataset3,01_short_01_jpg.rf.66dfc26e0e23be6b4af52419b81cb074.jpg,6b180f226879035e4395e96637c40426
Data/pcb_neg_dataset3/pcb_neg_dataset3_44/pcb_neg_dataset3_44.jpg,pcb_neg_dataset3_44.jpg,pcb_neg_dataset3,11_missing_hole_03_jpg.rf.eb69b11e49ffefcb423056ca33f56ba1.jpg,67748778d4e2a891b36167106902963a
Data/pcb_neg_dataset3/pcb_neg_dataset3_440/pcb_neg_dataset3_440.jpg,pcb_neg_dataset3_440.jpg,pcb_neg_dataset3,01_short_01_jpg.rf.b129228ea3f95c2b2b95582d41e4971b.jpg,40b430652948099a53160aa480a7b771
Data/pcb_neg_dataset3/pcb_neg_dataset3_441/pcb_neg_dataset3_441.jpg,pcb_neg_dataset3_441.jpg,pcb_neg_dataset3,01_missing_hole_01_jpg.rf.c55a440992a407efd6716ff0e1b59c6c.jpg,014ddcf4a232c03e3741187e07847a63
Data/pcb_neg_dataset3/pcb_neg_dataset3_442/pcb_neg_dataset3_442.jpg,pcb_neg_dataset3_442.jpg,pcb_neg_dataset3,01_short_03_jpg.rf.28d89235df66c02438bd0c70469d47be.jpg,deecc5e471b83f9a91a5c6d94d66ad99
Data/pcb_neg_dataset3/pcb_neg_dataset3_443/pcb_neg_dataset3_443.jpg,pcb_neg_dataset3_443.jpg,pcb_neg_dataset3,01_open_circuit_02_jpg.rf.59b507ee15efe59123e9475b68dae39d.jpg,29d8eac4c94c7520a51e758760bdbfdb
Data/pcb_neg_dataset3/pcb_neg_dataset3_444/pcb_neg_dataset3_444.jpg,pcb_neg_dataset3_444.jpg,pcb_neg_dataset3,01_open_circuit_04_jpg.rf.80ad9b8f634659cd0a06de5ce2e83556.jpg,90137a99ce48903ea0a5c59736bbdc8a
Data/pcb_neg_dataset3/pcb_neg_dataset3_445/pcb_neg_dataset3_445.jpg,pcb_neg_dataset3_445.jpg,pcb_neg_dataset3,01_short_03_jpg.rf.719bb70c9a9a84636ec1d909eea7d03e.jpg,d2746b11bf963d068e50628b158e9881
Data/pcb_neg_dataset3/pcb_neg_dataset3_446/pcb_neg_dataset3_446.jpg,pcb_neg_dataset3_446.jpg,pcb_neg_dataset3,01_short_03_jpg.rf.b303ff0feda9bf567cb077e498eb5b12.jpg,dc8121bae016bfb1f3d1242c58868696
Data/pcb_neg_dataset3/pcb_neg_dataset3_447/pcb_neg_dataset3_447.jpg,pcb_neg_dataset3_447.jpg,pcb_neg_dataset3,01_short_03_jpg.rf.bce07c7a79fbd9f52a0298d7d7f6c46a.jpg,3a823a977fc3071f22243ccf4fd6568d
Data/pcb_neg_dataset3/pcb_neg_dataset3_448/pcb_neg_dataset3_448.jpg,pcb_neg_dataset3_448.jpg,pcb_neg_dataset3,01_short_03_jpg.rf.d764c8827ca382f9e032fd079f821c63.jpg,1ff467468982d4feecd727ede493f857
Data/pcb_neg_dataset3/pcb_neg_dataset3_449/pcb_neg_dataset3_449.jpg,pcb_neg_dataset3_449.jpg,pcb_neg_dataset3,01_missing_hole_03_jpg.rf.82799d58368c0b858cc44440b8655a75.jpg,cf733260904c780e956171bfaa73c189
Data/pcb_neg_dataset3/pcb_neg_dataset3_45/pcb_neg_dataset3_45.jpg,pcb_neg_dataset3_45.jpg,pcb_neg_dataset3,11_missing_hole_03_jpg.rf.eb69b11e49ffefcb423056ca33f56ba1.jpg,67748778d4e2a891b36167106902963a
Data/pcb_neg_dataset3/pcb_neg_dataset3_450/pcb_neg_dataset3_450.jpg,pcb_neg_dataset3_450.jpg,pcb_neg_dataset3,01_missing_hole_01_jpg.rf.c55a440992a407efd6716ff0e1b59c6c.jpg,014ddcf4a232c03e3741187e07847a63
Data/pcb_neg_dataset3/pcb_neg_dataset3_451/pcb_neg_dataset3_451.jpg,pcb_neg_dataset3_451.jpg,pcb_neg_dataset3,01_open_circuit_02_jpg.rf.59b507ee15efe59123e9475b68dae39d.jpg,29d8eac4c94c7520a51e758760bdbfdb
Data/pcb_neg_dataset3/pcb_neg_dataset3_452/pcb_neg_dataset3_452.jpg,pcb_neg_dataset3_452.jpg,pcb_neg_dataset3,01_short_04_jpg.rf.478704ccedd535a3b42d785980e6a1d4.jpg,4df5a254b6ebb5dbe6b0e494092b8923
Data/pcb_neg_dataset3/pcb_neg_dataset3_453/pcb_neg_dataset3_453.jpg,pcb_neg_dataset3_453.jpg,pcb_neg_dataset3,01_short_04_jpg.rf.835de66c274bb9fefe760d1b4bd6772a.jpg,47402218dfb5bb22366131143b146433
Data/pcb_neg_dataset3/pcb_neg_dataset3_454/pcb_neg_dataset3_454.jpg,pcb_neg_dataset3_454.jpg,pcb_neg_dataset3,01_short_04_jpg.rf.8dd6313d212bba852672efb07f55f7f4.jpg,0933cbead10ee0135d69d3fee1350092
Data/pcb_neg_dataset3/pcb_neg_dataset3_455/pcb_neg_dataset3_455.jpg,pcb_neg_dataset3_455.jpg,pcb_neg_dataset3,01_short_04_jpg.rf.a47bac13f2104e7b0e7e997843e28317.jpg,72314e9ba0b1e2cf94500d46f3ade53e
Data/pcb_neg_dataset3/pcb_neg_dataset3_456/pcb_neg_dataset3_456.jpg,pcb_neg_dataset3_456.jpg,pcb_neg_dataset3,01_short_04_jpg.rf.b40386defa37e1203620631d06740743.jpg,6a88d81f1a3eb8b04f358b89e155f724
Data/pcb_neg_dataset3/pcb_neg_dataset3_457/pcb_neg_dataset3_457.jpg,pcb_neg_dataset3_457.jpg,pcb_neg_dataset3,01_missing_hole_01_jpg.rf.21c562e37b5360e3e0c867bf3276fdcc.jpg,dc2b168d09acdd683ec8ab98d0ac6786
Data/pcb_neg_dataset3/pcb_neg_dataset3_458/pcb_neg_dataset3_458.jpg,pcb_neg_dataset3_458.jpg,pcb_neg_dataset3,01_short_04_jpg.rf.ca1bb1baa08158626b678d53b5f17ae9.jpg,45750065e816cb1d8ad0ef1660b9ad3a
Data/pcb_neg_dataset3/pcb_neg_dataset3_459/pcb_neg_dataset3_459.jpg,pcb_neg_dataset3_459.jpg,pcb_neg_dataset3,01_short_06_jpg.rf.1a0c98208c9ced866851a5e7a923dab0.jpg,cb865f70d0bbdbb144591cdcaced5a5d
Data/pcb_neg_dataset3/pcb_neg_dataset3_46/pcb_neg_dataset3_46.jpg,pcb_neg_dataset3_46.jpg,pcb_neg_dataset3,11_mouse_bite_04_jpg.rf.1b3cfdf577cd5d330d34150df2e98857.jpg,1678926b50ae8a07b1193bd59cf0475c
Data/pcb_neg_dataset3/pcb_neg_dataset3_460/pcb_neg_dataset3_460.jpg,pcb_neg_dataset3_460.jpg,pcb_neg_dataset3,01_open_circuit_02_jpg.rf.59b507ee15efe59123e9475b68dae39d.jpg,29d8eac4c94c7520a51e758760bdbfdb
Data/pcb_neg_dataset3/pcb_neg_dataset3_461/pcb_neg_dataset3_461.jpg,pcb_neg_dataset3_461.jpg,pcb_neg_dataset3,01_missing_hole_01_jpg.rf.c55a440992a407efd6716ff0e1b59c6c.jpg,014ddcf4a232c03e3741187e07847a63
Data/pcb_neg_dataset3/pcb_neg_dataset3_462/pcb_neg_dataset3_462.jpg,pcb_neg_dataset3_462.jpg,pcb_neg_dataset3,01_short_06_jpg.rf.970d666280a78a97509842bd5a01dd42.jpg,391378e82e2feec73b3e0e006918afac
Data/pcb_neg_dataset3/pcb_neg_dataset3_463/pcb_neg_dataset3_463.jpg,pcb_neg_dataset3_463.jpg,pcb_neg_dataset3,01_short_06_jpg.rf.aa523b06618d13f4bc7e4b4b19ec923a.jpg,8ca7d2a663ee59004071732a4b0e4c50
Data/pcb_neg_dataset3/pcb_neg_dataset3_464/pcb_neg_dataset3_464.jpg,pcb_neg_dataset3_464.jpg,pcb_neg_dataset3,01_short_06_jpg.rf.c2e7d401e71c265b4b503fe0aa0c128e.jpg,bebaa0f9c623835ad7ae832d37bdbffd
Data/pcb_neg_dataset3/pcb_neg_dataset3_465/pcb_neg_dataset3_465.jpg,pcb_neg_dataset3_465.jpg,pcb_neg_dataset3,01_missing_hole_01_jpg.rf.c55a440992a407efd6716ff0e1b59c6c.jpg,014ddcf4a232c03e3741187e07847a63
Data/pcb_neg_dataset3/pcb_neg_dataset3_466/pcb_neg_dataset3_466.jpg,pcb_neg_dataset3_466.jpg,pcb_neg_dataset3,01_short_07_jpg.rf.2858dc0191f0858f62d97efc67bf764d.jpg,fb54addeb3244d7cec0d0249013d7225
Data/pcb_neg_dataset3/pcb_neg_dataset3_467/pcb_neg_dataset3_467.jpg,pcb_neg_dataset3_467.jpg,pcb_neg_dataset3,01_short_07_jpg.rf.6aedb0e86b6bc6cf79b1b6750a5b2b6c.jpg,b07ae31ef9684c69119b6c61874fdabf
Data/pcb_neg_dataset3/pcb_neg_dataset3_468/pcb_neg_dataset3_468.jpg,pcb_neg_dataset3_468.jpg,pcb_neg_dataset3,01_short_08_jpg.rf.1f2278054ee263d0b203f4ac8cb98d2f.jpg,674cab31862d93e7187ccb94ea34aba0
Data/pcb_neg_dataset3/pcb_neg_dataset3_469/pcb_neg_dataset3_469.jpg,pcb_neg_dataset3_469.jpg,pcb_neg_dataset3,01_open_circuit_02_jpg.rf.59b507ee15efe59123e9475b68dae39d.jpg,29d8eac4c94c7520a51e758760bdbfdb
Data/pcb_neg_dataset3/pcb_neg_dataset3_47/pcb_neg_dataset3_47.jpg,pcb_neg_dataset3_47.jpg,pcb_neg_dataset3,11_missing_hole_03_jpg.rf.eb69b11e49ffefcb423056ca33f56ba1.jpg,67748778d4e2a891b36167106902963a
Data/pcb_neg_dataset3/pcb_neg_dataset3_470/pcb_neg_dataset3_470.jpg,pcb_neg_dataset3_470.jpg,pcb_neg_dataset3,01_short_08_jpg.rf.93779a7895fe4d90bb9d8084d861d2a8.jpg,1de0dded79fe0631e3bacca4281513a7
Data/pcb_neg_dataset3/pcb_neg_dataset3_471/pcb_neg_dataset3_471.jpg,pcb_neg_dataset3_471.jpg,pcb_neg_dataset3,01_missing_hole_01_jpg.rf.c55a440992a407efd6716ff0e1b59c6c.jpg,014ddcf4a232c03e3741187e07847a63
Data/pcb_neg_dataset3/pcb_neg_dataset3_472/pcb_neg_dataset3_472.jpg,pcb_neg_dataset3_472.jpg,pcb_neg_dataset3,01_short_08_jpg.rf.c880c2c56423270454d1cd41aa3de24c.jpg,9aeac5e6eba45eec884c973e83ab85f7
Data/pcb_neg_dataset3/pcb_neg_dataset3_473/pcb_neg_dataset3_473.jpg,pcb_neg_dataset3_473.jpg,pcb_neg_dataset3,01_short_08_jpg.rf.d5bb952ccc59f4c707a9a2cd08ca7043.jpg,e6ce8575d8e5f89c57bdd4e4cee36246
Data/pcb_neg_dataset3/pcb_neg_dataset3_474/pcb_neg_dataset3_474.jpg,pcb_neg_dataset3_474.jpg,pcb_neg_dataset3,01_short_07_jpg.rf.6aedb0e86b6bc6cf79b1b6750a5b2b6c.jpg,b07ae31ef9684c69119b6c61874fdabf
Data/pcb_neg_dataset3/pcb_neg_dataset3_475/pcb_neg_dataset3_475.jpg,pcb_neg_dataset3_475.jpg,pcb_neg_dataset3,01_short_09_jpg.rf.1ffae34fac59c96c8dcc3bf2d9dcad15.jpg,46b76a696526b044f2d31cd0eac5bfc5
Data/pcb_neg_dataset3/pcb_neg_dataset3_476/pcb_neg_dataset3_476.jpg,pcb_neg_dataset3_476.jpg,pcb_neg_dataset3,01_missing_hole_01_jpg.rf.c55a440992a407efd6716ff0e1b59c6c.jpg,014ddcf4a232c03e3741187e07847a63
Data/pcb_neg_dataset3/pcb_neg_dataset3_477/pcb_neg_dataset3_477.jpg,pcb_neg_dataset3_477.jpg,pcb_neg_dataset3,01_short_09_jpg.rf.56e6643df000a36ca0310b9c2c9bdd0d.jpg,42adbee4f2b5689b4da895f62c6ec959
Data/pcb_neg_dataset3/pcb_neg_dataset3_478/pcb_neg_dataset3_478.jpg,pcb_neg_dataset3_478.jpg,pcb_neg_dataset3,01_open_circuit_02_jpg.rf.59b507ee15efe59123e9475b68dae39d.jpg,29d8eac4c94c7520a51e758760bdbfdb
Data/pcb_neg_dataset3/pcb_neg_dataset3_479/pcb_neg_dataset3_479.jpg,pcb_neg_dataset3_479.jpg,pcb_neg_dataset3,01_short_09_jpg.rf.9795f59af66b38b47814af40e93c6b62.jpg,1dc7f4a573024e52be2854b4f127e4db
Data/pcb_neg_dataset3/pcb_neg_dataset3_48/pcb_neg_dataset3_48.jpg,pcb_neg_dataset3_48.jpg,pcb_neg_dataset3,11_mouse_bite_04_jpg.rf.1b3cfdf577cd5d330d34150df2e98857.jpg,1678926b50ae8a07b1193bd59cf0475c
Data/pcb_neg_dataset3/pcb_neg_dataset3_480/pcb_neg_dataset3_480.jpg,pcb_neg_dataset3_480.jpg,pcb_neg_dataset3,01_short_10_jpg.rf.01cbbae14173d2fa33bcf049741f0405.jpg,ac4a8b51118c768ab2538cac9fbe0b63
Data/pcb_neg_dataset3/pcb_neg_dataset3_481/pcb_neg_dataset3_481.jpg,pcb_neg_dataset3_481.jpg,pcb_neg_dataset3,01_short_10_jpg.rf.04255de8343db65535376a2b77d44603.jpg,1bb0d0c9d6b36fd3401a04e93d822cf6
Data/pcb_neg_dataset3/pcb_neg_dataset3_482/pcb_neg_dataset3_482.jpg,pcb_neg_dataset3_482.jpg,pcb_neg_dataset3,01_missing_hole_03_jpg.rf.82799d58368c0b858cc44440b8655a75.jpg,cf733260904c780e956171bfaa73c189
Data/pcb_neg_dataset3/pcb_neg_dataset3_483/pcb_neg_dataset3_483.jpg,pcb_neg_dataset3_483.jpg,pcb_neg_dataset3,01_open_circuit_02_jpg.rf.59b507ee15efe59123e9475b68dae39d.jpg,29d8eac4c94c7520a51e758760bdbfdb
Data/pcb_neg_dataset3/pcb_neg_dataset3_484/pcb_neg_dataset3_484.jpg,pcb_neg_dataset3_484.jpg,pcb_neg_dataset3,01_short_10_jpg.rf.62778b4b96cc767e3796d76b3c3c607b.jpg,832b4153f0caa9e48965deab3d64b427
Data/pcb_neg_dataset3/pcb_neg_dataset3_485/pcb_neg_dataset3_485.jpg,pcb_neg_dataset3_485.jpg,pcb_neg_dataset3,01_short_10_jpg.rf.8ce39638a1230fa59a0f7d5bfb4aaf4f.jpg,31ef424eabfc8bb6254b43854236d5d5
Data/pcb_neg_dataset3/pcb_neg_dataset3_486/pcb_neg_dataset3_486.jpg,pcb_neg_dataset3_486.jpg,pcb_neg_dataset3,01_short_10_jpg.rf.ab4ca415b6a335e8b1fbc6bd7d3abecd.jpg,e0bb7d428137496bd9efdb6ad86efd50
Data/pcb_neg_dataset3/pcb_neg_dataset3_487/pcb_neg_dataset3_487.jpg,pcb_neg_dataset3_487.jpg,pcb_neg_dataset3,01_missing_hole_01_jpg.rf.c55a440992a407efd6716ff0e1b59c6c.jpg,014ddcf4a232c03e3741187e07847a63
Data/pcb_neg_dataset3/pcb_neg_dataset3_488/pcb_neg_dataset3_488.jpg,pcb_neg_dataset3_488.jpg,pcb_neg_dataset3,01_short_10_jpg.rf.d39fc1bdc5d8c7370afdeaf2f2451462.jpg,011e32ba36f663932ea82c3c60854d90
Data/pcb_neg_dataset3/pcb_neg_dataset3_489/pcb_neg_dataset3_489.jpg,pcb_neg_dataset3_489.jpg,pcb_neg_dataset3,01_open_circuit_07_jpg.rf.26aeb3f7c2ddc0f1f17bad7866f2bfae.jpg,798a97e7fc5ce883c604fdccca37980e
Data/pcb_neg_dataset3/pcb_neg_dataset3_49/pcb_neg_dataset3_49.jpg,pcb_neg_dataset3_49.jpg,pcb_neg_dataset3,11_missing_hole_03_jpg.rf.eb69b11e49ffefcb423056ca33f56ba1.jpg,67748778d4e2a891b36167106902963a
Data/pcb_neg_dataset3/pcb_neg_dataset3_490/pcb_neg_dataset3_490.jpg,pcb_neg_dataset3_490.jpg,pcb_neg_dataset3,01_short_11_jpg.rf.6f2d3ac7453aad217cfb8373a8d3d0f0.jpg,68dc9ad0c5eb6a3bbeee599e53d30492
Data/pcb_neg_dataset3/pcb_neg_dataset3_491/pcb_neg_dataset3_491.jpg,pcb_neg_dataset3_491.jpg,pcb_neg_dataset3,01_open_circuit_02_jpg.rf.59b507ee15efe59123e9475b68dae39d.jpg,29d8eac4c94c7520a51e758760bdbfdb
Data/pcb_neg_dataset3/pcb_neg_dataset3_492/pcb_neg_dataset3_492.jpg,pcb_neg_dataset3_492.jpg,pcb_neg_dataset3,01_missing_hole_01_jpg.rf.c55a440992a407efd6716ff0e1b59c6c.jpg,014ddcf4a232c03e3741187e07847a63
Data/pcb_neg_dataset3/pcb_neg_dataset3_493/pcb_neg_dataset3_493.jpg,pcb_neg_dataset3_493.jpg,pcb_neg_dataset3,01_short_11_jpg.rf.cab02527bca00e26d553670e6584653a.jpg,dbae3fda8ad9c8c18e985de26de1da7b
Data/pcb_neg_dataset3/pcb_neg_dataset3_494/pcb_neg_dataset3_494.jpg,pcb_neg_dataset3_494.jpg,pcb_neg_dataset3,01_short_11_jpg.rf.e8287dfebcfeb190b4372b0dcf0b5139.jpg,6cf9a29b572e0129ac33cc42e0d49737
Data/pcb_neg_dataset3/pcb_neg_dataset3_495/pcb_neg_dataset3_495.jpg,pcb_neg_dataset3_495.jpg,pcb_neg_dataset3,01_short_12_jpg.rf.15cfc8d3aaa1b531f2ce2f26dd58c5ee.jpg,79be72fb9dd84189e579330225ef0249
Data/pcb_neg_dataset3/pcb_neg_dataset3_496/pcb_neg_dataset3_496.jpg,pcb_neg_dataset3_496.jpg,pcb_neg_dataset3,01_short_12_jpg.rf.6c9d106fca5f5522bdccf5cd7898ecff.jpg,9ff27cdffd1256312d29496950f6fb97
Data/pcb_neg_dataset3/pcb_neg_dataset3_497/pcb_neg_dataset3_497.jpg,pcb_neg_dataset3_497.jpg,pcb_neg_dataset3,01_missing_hole_01_jpg.rf.c55a440992a407efd6716ff0e1b59c6c.jpg,014ddcf4a232c03e3741187e07847a63
Data/pcb_neg_dataset3/pcb_neg_dataset3_498/pcb_neg_dataset3_498.jpg,pcb_neg_dataset3_498.jpg,pcb_neg_dataset3,01_short_12_jpg.rf.9028e5560cfda624d5ab83376ef717be.jpg,059074284ceee12fc55f3ac1dd006cd1
Data/pcb_neg_dataset3/pcb_neg_dataset3_499/pcb_neg_dataset3_499.jpg,pcb_neg_dataset3_499.jpg,pcb_neg_dataset3,01_short_12_jpg.rf.9de0dd81b49984d400bf57d95ce5d2cb.jpg,04c653418201c606a12d94324b94b24f
Data/pcb_neg_dataset3/pcb_neg_dataset3_5/pcb_neg_dataset3_5.jpg,pcb_neg_dataset3_5.jpg,pcb_neg_dataset3,09_missing_hole_03_jpg.rf.3192a11e7ecd94927d1f58eaf180f001.jpg,65bce205d72fd2c51cd3f957b30100af
Data/pcb_neg_dataset3/pcb_neg_dataset3_50/pcb_neg_dataset3_50.jpg,pcb_neg_dataset3_50.jpg,pcb_neg_dataset3,11_mouse_bite_04_jpg.rf.1b3cfdf577cd5d330d34150df2e98857.jpg,1678926b50ae8a07b1193bd59cf0475c
Data/pcb_neg_dataset3/pcb_neg_dataset3_500/pcb_neg_dataset3_500.jpg,pcb_neg_dataset3_500.jpg,pcb_neg_dataset3,01_open_circuit_02_jpg.rf.59b507ee15efe59123e9475b68dae39d.jpg,29d8eac4c94c7520a51e758760bdbfdb
Data/pcb_neg_dataset3/pcb_neg_dataset3_501/pcb_neg_dataset3_501.jpg,pcb_neg_dataset3_501.jpg,pcb_neg_dataset3,01_short_13_jpg.rf.1f3efa93da9f43094c5ec5a264a52a3d.jpg,cc6fb93bda8dc9049ded6d220115208e
Data/pcb_neg_dataset3/pcb_neg_dataset3_502/pcb_neg_dataset3_502.jpg,pcb_neg_dataset3_502.jpg,pcb_neg_dataset3,01_short_13_jpg.rf.48109910b55c99a8f675818b2d7b74d6.jpg,c180397338dd24ebabb7fe0b037a93ef
Data/pcb_neg_dataset3/pcb_neg_dataset3_503/pcb_neg_dataset3_503.jpg,pcb_neg_dataset3_503.jpg,pcb_neg_dataset3,01_short_13_jpg.rf.7d089c38fddcedc0047ce57d5ec720f3.jpg,69d16558469d1a29d65d5ddfb0e35150
Data/pcb_neg_dataset3/pcb_neg_dataset3_504/pcb_neg_dataset3_504.jpg,pcb_neg_dataset3_504.jpg,pcb_neg_dataset3,01_missing_hole_01_jpg.rf.c55a440992a407efd6716ff0e1b59c6c.jpg,014ddcf4a232c03e3741187e07847a63
Data/pcb_neg_dataset3/pcb_neg_dataset3_505/pcb_neg_dataset3_505.jpg,pcb_neg_dataset3_505.jpg,pcb_neg_dataset3,01_short_13_jpg.rf.d316cef510c4fb0b12c55c5cb5adff17.jpg,3f7daf6b217fcef36f2fafca13da6e6e
Data/pcb_neg_dataset3/pcb_neg_dataset3_506/pcb_neg_dataset3_506.jpg,pcb_neg_dataset3_506.jpg,pcb_neg_dataset3,01_short_13_jpg.rf.e02d9ab41bfa6a3894bf277b48e1c034.jpg,192793d3608459b559c75e8c0c5d8529
Data/pcb_neg_dataset3/pcb_neg_dataset3_507/pcb_neg_dataset3_507.jpg,pcb_neg_dataset3_507.jpg,pcb_neg_dataset3,01_missing_hole_01_jpg.rf.c55a440992a407efd6716ff0e1b59c6c.jpg,014ddcf4a232c03e3741187e07847a63
Data/pcb_neg_dataset3/pcb_neg_dataset3_508/pcb_neg_dataset3_508.jpg,pcb_neg_dataset3_508.jpg,pcb_neg_dataset3,01_short_14_jpg.rf.1133ad6025ea95984a3874917cc5e91a.jpg,9e450c75d39c45a480539b0ce50245d0
Data/pcb_neg_dataset3/pcb_neg_dataset3_509/pcb_neg_dataset3_509.jpg,pcb_neg_dataset3_509.jpg,pcb_neg_dataset3,01_short_14_jpg.rf.64be1aa06d472b685a1370031ffa9db4.jpg,4be0502d249f5bba8a7c58469e25ca70
Data/pcb_neg_dataset3/pcb_neg_dataset3_51/pcb_neg_dataset3_51.jpg,pcb_neg_dataset3_51.jpg,pcb_neg_dataset3,11_missing_hole_01_jpg.rf.6485d03c91961e9506a61c35fb18328c.jpg,9983e9c89f72c27d8946a17d2519fa3a
Data/pcb_neg_dataset3/pcb_neg_dataset3_510/pcb_neg_dataset3_510.jpg,pcb_neg_dataset3_510.jpg,pcb_neg_dataset3,01_short_14_jpg.rf.b75eaca097513a4f94df3bad879afcab.jpg,8fea5aeab64d36335ac07b1d3b708642
Data/pcb_neg_dataset3/pcb_neg_dataset3_511/pcb_neg_dataset3_511.jpg,pcb_neg_dataset3_511.jpg,pcb_neg_dataset3,01_open_circuit_02_jpg.rf.59b507ee15efe59123e9475b68dae39d.jpg,29d8eac4c94c7520a51e758760bdbfdb
Data/pcb_neg_dataset3/pcb_neg_dataset3_512/pcb_neg_dataset3_512.jpg,pcb_neg_dataset3_512.jpg,pcb_neg_dataset3,01_short_14_jpg.rf.f69f861eeca8762e377d2b209b1861c0.jpg,037c5fd6a1aaacd5b047847a93947622
Data/pcb_neg_dataset3/pcb_neg_dataset3_513/pcb_neg_dataset3_513.jpg,pcb_neg_dataset3_513.jpg,pcb_neg_dataset3,01_short_15_jpg.rf.28d3c26f4f8c7db2353dd6328a52c816.jpg,4ae5963056dabfadabe1992df1adac2a
Data/pcb_neg_dataset3/pcb_neg_dataset3_514/pcb_neg_dataset3_514.jpg,pcb_neg_dataset3_514.jpg,pcb_neg_dataset3,01_missing_hole_01_jpg.rf.c55a440992a407efd6716ff0e1b59c6c.jpg,014ddcf4a232c03e3741187e07847a63
Data/pcb_neg_dataset3/pcb_neg_dataset3_515/pcb_neg_dataset3_515.jpg,pcb_neg_dataset3_515.jpg,pcb_neg_dataset3,01_short_15_jpg.rf.7463bba97894804733471ac5e2490961.jpg,d3bf2c0152a447e724591ae7ea767e78
Data/pcb_neg_dataset3/pcb_neg_dataset3_516/pcb_neg_dataset3_516.jpg,pcb_neg_dataset3_516.jpg,pcb_neg_dataset3,01_short_15_jpg.rf.95df751cfab421a1c7abdff365a40c12.jpg,618004c669f66a27e5d285ea71885312
Data/pcb_neg_dataset3/pcb_neg_dataset3_517/pcb_neg_dataset3_517.jpg,pcb_neg_dataset3_517.jpg,pcb_neg_dataset3,01_short_15_jpg.rf.ddc7f8455d354407dcf9474daaee72a7.jpg,a07fb2bb525468cfc01722b3ddf2660a
Data/pcb_neg_dataset3/pcb_neg_dataset3_518/pcb_neg_dataset3_518.jpg,pcb_neg_dataset3_518.jpg,pcb_neg_dataset3,01_open_circuit_02_jpg.rf.59b507ee15efe59123e9475b68dae39d.jpg,29d8eac4c94c7520a51e758760bdbfdb
Data/pcb_neg_dataset3/pcb_neg_dataset3_519/pcb_neg_dataset3_519.jpg,pcb_neg_dataset3_519.jpg,pcb_neg_dataset3,01_short_16_jpg.rf.0ab465e772643d59a712a24c924501d5.jpg,00091c922d8fb60fe1ad215fa3b20d25
Data/pcb_neg_dataset3/pcb_neg_dataset3_52/pcb_neg_dataset3_52.jpg,pcb_neg_dataset3_52.jpg,pcb_neg_dataset3,11_missing_hole_03_jpg.rf.eb69b11e49ffefcb423056ca33f56ba1.jpg,67748778d4e2a891b36167106902963a
Data/pcb_neg_dataset3/pcb_neg_dataset3_520/pcb_neg_dataset3_520.jpg,pcb_neg_dataset3_520.jpg,pcb_neg_dataset3,01_missing_hole_01_jpg.rf.c55a440992a407efd6716ff0e1b59c6c.jpg,014ddcf4a232c03e3741187e07847a63
Data/pcb_neg_dataset3/pcb_neg_dataset3_521/pcb_neg_dataset3_521.jpg,pcb_neg_dataset3_521.jpg,pcb_neg_dataset3,01_short_16_jpg.rf.97a3cabb8aaf98f6ad6afc58c1715d60.jpg,23b427d73e67b28478e005914df93849
Data/pcb_neg_dataset3/pcb_neg_dataset3_522/pcb_neg_dataset3_522.jpg,pcb_neg_dataset3_522.jpg,pcb_neg_dataset3,01_short_17_jpg.rf.0b68827da827187d402e6b91803f6b0a.jpg,8106feddfe293773bd2284dd0ea59625
Data/pcb_neg_dataset3/pcb_neg_dataset3_523/pcb_neg_dataset3_523.jpg,pcb_neg_dataset3_523.jpg,pcb_neg_dataset3,01_missing_hole_01_jpg.rf.c55a440992a407efd6716ff0e1b59c6c.jpg,014ddcf4a232c03e3741187e07847a63
Data/pcb_neg_dataset3/pcb_neg_dataset3_524/pcb_neg_dataset3_524.jpg,pcb_neg_dataset3_524.jpg,pcb_neg_dataset3,01_short_17_jpg.rf.50f94da387a67c39fe200fdb2231b0e9.jpg,db0fc985e17c1259e6cdaa248de754dc
Data/pcb_neg_dataset3/pcb_neg_dataset3_525/pcb_neg_dataset3_525.jpg,pcb_neg_dataset3_525.jpg,pcb_neg_dataset3,01_short_17_jpg.rf.6f4bd948e08e23b9e07da9780e197aad.jpg,b6eb7f79136589ede1033b57ddf2b845
Data/pcb_neg_dataset3/pcb_neg_dataset3_526/pcb_neg_dataset3_526.jpg,pcb_neg_dataset3_526.jpg,pcb_neg_dataset3,01_open_circuit_02_jpg.rf.59b507ee15efe59123e9475b68dae39d.jpg,29d8eac4c94c7520a51e758760bdbfdb
Data/pcb_neg_dataset3/pcb_neg_dataset3_527/pcb_neg_dataset3_527.jpg,pcb_neg_dataset3_527.jpg,pcb_neg_dataset3,01_short_17_jpg.rf.aca81c584c7d268db9cb227d686bcf3f.jpg,8020a9c1e2d31808343aaa92f2f0b417
Data/pcb_neg_dataset3/pcb_neg_dataset3_528/pcb_neg_dataset3_528.jpg,pcb_neg_dataset3_528.jpg,pcb_neg_dataset3,01_missing_hole_03_jpg.rf.82799d58368c0b858cc44440b8655a75.jpg,cf733260904c780e956171bfaa73c189
Data/pcb_neg_dataset3/pcb_neg_dataset3_529/pcb_neg_dataset3_529.jpg,pcb_neg_dataset3_529.jpg,pcb_neg_dataset3,01_short_17_jpg.rf.e1da3596c19934f85307f86ca69f9a2f.jpg,38b8e6186523685ca4104777605368d9
Data/pcb_neg_dataset3/pcb_neg_dataset3_53/pcb_neg_dataset3_53.jpg,pcb_neg_dataset3_53.jpg,pcb_neg_dataset3,11_mouse_bite_04_jpg.rf.1b3cfdf577cd5d330d34150df2e98857.jpg,1678926b50ae8a07b1193bd59cf0475c
Data/pcb_neg_dataset3/pcb_neg_dataset3_530/pcb_neg_dataset3_530.jpg,pcb_neg_dataset3_530.jpg,pcb_neg_dataset3,01_short_17_jpg.rf.e6ac622357c40518b008f99db56a4c42.jpg,61c5dfbe460d497a23916bf7800e110a
Data/pcb_neg_dataset3/pcb_neg_dataset3_531/pcb_neg_dataset3_531.jpg,pcb_neg_dataset3_531.jpg,pcb_neg_dataset3,01_short_19_jpg.rf.1cd6b428e7af0c351a5310708a202139.jpg,695dc00c1219be5bf68cc1984ecabccc
Data/pcb_neg_dataset3/pcb_neg_dataset3_532/pcb_neg_dataset3_532.jpg,pcb_neg_dataset3_532.jpg,pcb_neg_dataset3,01_open_circuit_02_jpg.rf.59b507ee15efe59123e9475b68dae39d.jpg,29d8eac4c94c7520a51e758760bdbfdb
Data/pcb_neg_dataset3/pcb_neg_dataset3_533/pcb_neg_dataset3_533.jpg,pcb_neg_dataset3_533.jpg,pcb_neg_dataset3,01_short_19_jpg.rf.3aeada8c5d631e6201b7a893b6b26a92.jpg,34fd5b7228d534071d1133333d98b939
Data/pcb_neg_dataset3/pcb_neg_dataset3_534/pcb_neg_dataset3_534.jpg,pcb_neg_dataset3_534.jpg,pcb_neg_dataset3,01_short_19_jpg.rf.5dce5b927dcef0fcab71ff10201e2cab.jpg,ff5cfc40f6895237ce804d70ac773f2c
Data/pcb_neg_dataset3/pcb_neg_dataset3_535/pcb_neg_dataset3_535.jpg,pcb_neg_dataset3_535.jpg,pcb_neg_dataset3,01_missing_hole_01_jpg.rf.c55a440992a407efd6716ff0e1b59c6c.jpg,014ddcf4a232c03e3741187e07847a63
Data/pcb_neg_dataset3/pcb_neg_dataset3_536/pcb_neg_dataset3_536.jpg,pcb_neg_dataset3_536.jpg,pcb_neg_dataset3,01_short_19_jpg.rf.dc18730a169c041244cd831ba22f589d.jpg,54c65bd7f546e0e7f752a7fea4dfa611
Data/pcb_neg_dataset3/pcb_neg_dataset3_537/pcb_neg_dataset3_537.jpg,pcb_neg_dataset3_537.jpg,pcb_neg_dataset3,01_missing_hole_01_jpg.rf.c55a440992a407efd6716ff0e1b59c6c.jpg,014ddcf4a232c03e3741187e07847a63
Data/pcb_neg_dataset3/pcb_neg_dataset3_538/pcb_neg_dataset3_538.jpg,pcb_neg_dataset3_538.jpg,pcb_neg_dataset3,01_short_20_jpg.rf.53021fdf7ad61d275217686c5c7b8e60.jpg,db990ebcdaf9ac9220265ee88acf8738
Data/pcb_neg_dataset3/pcb_neg_dataset3_539/pcb_neg_dataset3_539.jpg,pcb_neg_dataset3_539.jpg,pcb_neg_dataset3,01_short_20_jpg.rf.561ec9743143c38c71ddabcac8e4f2a0.jpg,1dffd87e3228fbfd0981012a3ddd89e1
Data/pcb_neg_dataset3/pcb_neg_dataset3_54/pcb_neg_dataset3_54.jpg,pcb_neg_dataset3_54.jpg,pcb_neg_dataset3,11_mouse_bite_04_jpg.rf.1b3cfdf577cd5d330d34150df2e98857.jpg,1678926b50ae8a07b1193bd59cf0475c
Data/pcb_neg_dataset3/pcb_neg_dataset3_540/pcb_neg_dataset3_540.jpg,pcb_neg_dataset3_540.jpg,pcb_neg_dataset3,01_short_20_jpg.rf.6a638b91322b5ff44a18fcdf1c42f67f.jpg,1421ecebadaed99b00188152133cf18d
Data/pcb_neg_dataset3/pcb_neg_dataset3_541/pcb_neg_dataset3_541.jpg,pcb_neg_dataset3_541.jpg,pcb_neg_dataset3,01_missing_hole_03_jpg.rf.82799d58368c0b858cc44440b8655a75.jpg,cf733260904c780e956171bfaa73c189
Data/pcb_neg_dataset3/pcb_neg_dataset3_542/pcb_neg_dataset3_542.jpg,pcb_neg_dataset3_542.jpg,pcb_neg_dataset3,01_short_20_jpg.rf.fdf9f8d6c68538e71cdd4e1e8ee52383.jpg,b63422623610b69747510206aa97ec74
Data/pcb_neg_dataset3/pcb_neg_dataset3_543/pcb_neg_dataset3_543.jpg,pcb_neg_dataset3_543.jpg,pcb_neg_dataset3,01_spur_01_jpg.rf.05d75cf241b1221f141010efee136453.jpg,33d46c8fc3369ba3a98e43d45715cd7c
Data/pcb_neg_dataset3/pcb_neg_dataset3_544/pcb_neg_dataset3_544.jpg,pcb_neg_dataset3_544.jpg,pcb_neg_dataset3,01_missing_hole_03_jpg.rf.82799d58368c0b858cc44440b8655a75.jpg,cf733260904c780e956171bfaa73c189
Data/pcb_neg_dataset3/pcb_neg_dataset3_545/pcb_neg_dataset3_545.jpg,pcb_neg_dataset3_545.jpg,pcb_neg_dataset3,01_spur_01_jpg.rf.4c76ca69b4228aad3a468b3c3e6afd69.jpg,f3e94a3387136d41b85a89e35e27b5ba
Data/pcb_neg_dataset3/pcb_neg_dataset3_546/pcb_neg_dataset3_546.jpg,pcb_neg_dataset3_546.jpg,pcb_neg_dataset3,01_missing_hole_01_jpg.rf.c55a440992a407efd6716ff0e1b59c6c.jpg,014ddcf4a232c03e3741187e07847a63
Data/pcb_neg_dataset3/pcb_neg_dataset3_547/pcb_neg_dataset3_547.jpg,pcb_neg_dataset3_547.jpg,pcb_neg_dataset3,01_spur_01_jpg.rf.6338f6bb6888bac2326ad440e8aba843.jpg,2501e0423121341d823b02dde06d8972
Data/pcb_neg_dataset3/pcb_neg_dataset3_548/pcb_neg_dataset3_548.jpg,pcb_neg_dataset3_548.jpg,pcb_neg_dataset3,01_missing_hole_09_jpg.rf.88a19c7de8f8278fcbedf0d679a83dba.jpg,30ba34ae43a1a2b40acff4a68286be79
Data/pcb_neg_dataset3/pcb_neg_dataset3_549/pcb_neg_dataset3_549.jpg,pcb_neg_dataset3_549.jpg,pcb_neg_dataset3,01_spur_01_jpg.rf.7260776e14d7d2bc8d0e756446a4bbde.jpg,b279b17c34215fd8f1990848c199e56c
Data/pcb_neg_dataset3/pcb_neg_dataset3_55/pcb_neg_dataset3_55.jpg,pcb_neg_dataset3_55.jpg,pcb_neg_dataset3,11_missing_hole_01_jpg.rf.6485d03c91961e9506a61c35fb18328c.jpg,9983e9c89f72c27d8946a17d2519fa3a
Data/pcb_neg_dataset3/pcb_neg_dataset3_550/pcb_neg_dataset3_550.jpg,pcb_neg_dataset3_550.jpg,pcb_neg_dataset3,01_spur_01_jpg.rf.bf51e6f360cb23e2a2f66cdfb6a7b3f4.jpg,c7be0b4b31884430c0a4173690698766
Data/pcb_neg_dataset3/pcb_neg_dataset3_551/pcb_neg_dataset3_551.jpg,pcb_neg_dataset3_551.jpg,pcb_neg_dataset3,01_spur_01_jpg.rf.f89be3eb4d95041f44e5b14deda57d2b.jpg,786f62b4ad65ea78ee7cc0bcf4a30b36
Data/pcb_neg_dataset3/pcb_neg_dataset3_552/pcb_neg_dataset3_552.jpg,pcb_neg_dataset3_552.jpg,pcb_neg_dataset3,01_spur_02_jpg.rf.0a4f9dea335162d0cc5d580d0f180eda.jpg,73c7553349bf50951dfa9a3354afa46f
Data/pcb_neg_dataset3/pcb_neg_dataset3_553/pcb_neg_dataset3_553.jpg,pcb_neg_dataset3_553.jpg,pcb_neg_dataset3,01_spur_02_jpg.rf.5b9b46f7d1469f3664a117ad4d9dd7eb.jpg,acb8017f166904f1b11429dca410b126
Data/pcb_neg_dataset3/pcb_neg_dataset3_554/pcb_neg_dataset3_554.jpg,pcb_neg_dataset3_554.jpg,pcb_neg_dataset3,01_spur_02_jpg.rf.90e53dd05687c0f15e287a418eca159b.jpg,6131b7f19efa12032d087167fa7fdd7e
Data/pcb_neg_dataset3/pcb_neg_dataset3_555/pcb_neg_dataset3_555.jpg,pcb_neg_dataset3_555.jpg,pcb_neg_dataset3,01_spur_02_jpg.rf.a07a818b9ed075c6bba4e58b017db2a0.jpg,4c80a230b79a26ca632456cd73f954ee
Data/pcb_neg_dataset3/pcb_neg_dataset3_556/pcb_neg_dataset3_556.jpg,pcb_neg_dataset3_556.jpg,pcb_neg_dataset3,01_spur_02_jpg.rf.b5a4476e84aabb81bd30f1cfa65403fb.jpg,f6ae238116179212b48966038670f123
Data/pcb_neg_dataset3/pcb_neg_dataset3_557/pcb_neg_dataset3_557.jpg,pcb_neg_dataset3_557.jpg,pcb_neg_dataset3,01_spur_02_jpg.rf.c48e6e0a5e48339d244db510ab966a41.jpg,bae981e300c909e8dd6d6ba0c518ab97
Data/pcb_neg_dataset3/pcb_neg_dataset3_558/pcb_neg_dataset3_558.jpg,pcb_neg_dataset3_558.jpg,pcb_neg_dataset3,01_missing_hole_09_jpg.rf.88a19c7de8f8278fcbedf0d679a83dba.jpg,30ba34ae43a1a2b40acff4a68286be79
Data/pcb_neg_dataset3/pcb_neg_dataset3_559/pcb_neg_dataset3_559.jpg,pcb_neg_dataset3_559.jpg,pcb_neg_dataset3,01_missing_hole_03_jpg.rf.82799d58368c0b858cc44440b8655a75.jpg,cf733260904c780e956171bfaa73c189
Data/pcb_neg_dataset3/pcb_neg_dataset3_56/pcb_neg_dataset3_56.jpg,pcb_neg_dataset3_56.jpg,pcb_neg_dataset3,11_mouse_bite_04_jpg.rf.1b3cfdf577cd5d330d34150df2e98857.jpg,1678926b50ae8a07b1193bd59cf0475c
Data/pcb_neg_dataset3/pcb_neg_dataset3_560/pcb_neg_dataset3_560.jpg,pcb_neg_dataset3_560.jpg,pcb_neg_dataset3,01_missing_hole_01_jpg.rf.c55a440992a407efd6716ff0e1b59c6c.jpg,014ddcf4a232c03e3741187e07847a63
Data/pcb_neg_dataset3/pcb_neg_dataset3_561/pcb_neg_dataset3_561.jpg,pcb_neg_dataset3_561.jpg,pcb_neg_dataset3,01_spur_03_jpg.rf.0ad8d70ab907d923e8ad402ef299c049.jpg,bb23079eaff7411e78adde088b44e502
Data/pcb_neg_dataset3/pcb_neg_dataset3_562/pcb_neg_dataset3_562.jpg,pcb_neg_dataset3_562.jpg,pcb_neg_dataset3,01_missing_hole_01_jpg.rf.c55a440992a407efd6716ff0e1b59c6c.jpg,014ddcf4a232c03e3741187e07847a63
Data/pcb_neg_dataset3/pcb_neg_dataset3_563/pcb_neg_dataset3_563.jpg,pcb_neg_dataset3_563.jpg,pcb_neg_dataset3,01_spur_03_jpg.rf.8722b8381b16cefe609536c85e545955.jpg,50ffe288a57aa9d2a435a0bcae94aed0
Data/pcb_neg_dataset3/pcb_neg_dataset3_564/pcb_neg_dataset3_564.jpg,pcb_neg_dataset3_564.jpg,pcb_neg_dataset3,01_spur_03_jpg.rf.a70ddf0d44438531c0814f51b48488ec.jpg,2ecc3b2a01647f9ff21e27f4f53e9566
Data/pcb_neg_dataset3/pcb_neg_dataset3_565/pcb_neg_dataset3_565.jpg,pcb_neg_dataset3_565.jpg,pcb_neg_dataset3,01_missing_hole_09_jpg.rf.88a19c7de8f8278fcbedf0d679a83dba.jpg,30ba34ae43a1a2b40acff4a68286be79
Data/pcb_neg_dataset3/pcb_neg_dataset3_566/pcb_neg_dataset3_566.jpg,pcb_neg_dataset3_566.jpg,pcb_neg_dataset3,01_spur_03_jpg.rf.f3f0e468e84f2e511ad873c0e5165231.jpg,f331b64c006ea5ac6d563bf396b9024c
Data/pcb_neg_dataset3/pcb_neg_dataset3_567/pcb_neg_dataset3_567.jpg,pcb_neg_dataset3_567.jpg,pcb_neg_dataset3,01_spur_04_jpg.rf.157f7339cd0ff64c9102fc3830533519.jpg,bf473122e7106586d58006c253ab3f6b
Data/pcb_neg_dataset3/pcb_neg_dataset3_568/pcb_neg_dataset3_568.jpg,pcb_neg_dataset3_568.jpg,pcb_neg_dataset3,01_missing_hole_01_jpg.rf.c55a440992a407efd6716ff0e1b59c6c.jpg,014ddcf4a232c03e3741187e07847a63
Data/pcb_neg_dataset3/pcb_neg_dataset3_569/pcb_neg_dataset3_569.jpg,pcb_neg_dataset3_569.jpg,pcb_neg_dataset3,01_spurious_copper_11_jpg.rf.c3afbf721305e3fcc53927f27c071d15.jpg,062b7dcfbc39a88f15a61f4cecd69cbe
Data/pcb_neg_dataset3/pcb_neg_dataset3_57/pcb_neg_dataset3_57.jpg,pcb_neg_dataset3_57.jpg,pcb_neg_dataset3,11_mouse_bite_04_jpg.rf.1b3cfdf577cd5d330d34150df2e98857.jpg,1678926b50ae8a07b1193bd59cf0475c
Data/pcb_neg_dataset3/pcb_neg_dataset3_570/pcb_neg_dataset3_570.jpg,pcb_neg_dataset3_570.jpg,pcb_neg_dataset3,01_spur_04_jpg.rf.3b2ccc3f0ed6a4d251034b525665ff52.jpg,9df013e15da09486bac954baa5930914
Data/pcb_neg_dataset3/pcb_neg_dataset3_571/pcb_neg_dataset3_571.jpg,pcb_neg_dataset3_571.jpg,pcb_neg_dataset3,01_missing_hole_01_jpg.rf.21c562e37b5360e3e0c867bf3276fdcc.jpg,dc2b168d09acdd683ec8ab98d0ac6786
Data/pcb_neg_dataset3/pcb_neg_dataset3_572/pcb_neg_dataset3_572.jpg,pcb_neg_dataset3_572.jpg,pcb_neg_dataset3,01_missing_hole_14_jpg.rf.7783bbd1eed1bc0e5fc4740ad529dd2b.jpg,d231a9edfeb48673859a82379f12ffde
Data/pcb_neg_dataset3/pcb_neg_dataset3_573/pcb_neg_dataset3_573.jpg,pcb_neg_dataset3_573.jpg,pcb_neg_dataset3,01_spurious_copper_11_jpg.rf.1e789361200ac16f5e8e76f9197a6380.jpg,674bdf240b5e0274b68d971fb1de8615
Data/pcb_neg_dataset3/pcb_neg_dataset3_574/pcb_neg_dataset3_574.jpg,pcb_neg_dataset3_574.jpg,pcb_neg_dataset3,01_missing_hole_09_jpg.rf.88a19c7de8f8278fcbedf0d679a83dba.jpg,30ba34ae43a1a2b40acff4a68286be79
Data/pcb_neg_dataset3/pcb_neg_dataset3_575/pcb_neg_dataset3_575.jpg,pcb_neg_dataset3_575.jpg,pcb_neg_dataset3,01_spur_04_jpg.rf.f58a8585847a9bd28232f4eaac29a342.jpg,a5feb8517eb0426e6e91b59319fced35
Data/pcb_neg_dataset3/pcb_neg_dataset3_576/pcb_neg_dataset3_576.jpg,pcb_neg_dataset3_576.jpg,pcb_neg_dataset3,01_spur_05_jpg.rf.001730477263d702187c4fd963840f20.jpg,588322e9b123b9b3f6a4dafdad88ccac
Data/pcb_neg_dataset3/pcb_neg_dataset3_577/pcb_neg_dataset3_577.jpg,pcb_neg_dataset3_577.jpg,pcb_neg_dataset3,01_missing_hole_09_jpg.rf.88a19c7de8f8278fcbedf0d679a83dba.jpg,30ba34ae43a1a2b40acff4a68286be79
Data/pcb_neg_dataset3/pcb_neg_dataset3_578/pcb_neg_dataset3_578.jpg,pcb_neg_dataset3_578.jpg,pcb_neg_dataset3,01_missing_hole_01_jpg.rf.c55a440992a407efd6716ff0e1b59c6c.jpg,014ddcf4a232c03e3741187e07847a63
Data/pcb_neg_dataset3/pcb_neg_dataset3_579/pcb_neg_dataset3_579.jpg,pcb_neg_dataset3_579.jpg,pcb_neg_dataset3,01_spur_05_jpg.rf.87fa5ca6fa655b990212463c0ceea81d.jpg,3c39d62d7dcf262f95d92e5511a91525
Data/pcb_neg_dataset3/pcb_neg_dataset3_58/pcb_neg_dataset3_58.jpg,pcb_neg_dataset3_58.jpg,pcb_neg_dataset3,11_short_04_jpg.rf.ea7dbb66d7666584c2dcdc8a4f9b2906.jpg,f2490a587dda5a9ed7be5be91228ce9e
Data/pcb_neg_dataset3/pcb_neg_dataset3_580/pcb_neg_dataset3_580.jpg,pcb_neg_dataset3_580.jpg,pcb_neg_dataset3,01_missing_hole_01_jpg.rf.21c562e37b5360e3e0c867bf3276fdcc.jpg,dc2b168d09acdd683ec8ab98d0ac6786
Data/pcb_neg_dataset3/pcb_neg_dataset3_581/pcb_neg_dataset3_581.jpg,pcb_neg_dataset3_581.jpg,pcb_neg_dataset3,01_spur_05_jpg.rf.a4f39a9564dcd9bf2ad79050899fedc2.jpg,b41e16604940383f2535b5e31eb74ffe
Data/pcb_neg_dataset3/pcb_neg_dataset3_582/pcb_neg_dataset3_582.jpg,pcb_neg_dataset3_582.jpg,pcb_neg_dataset3,01_spur_05_jpg.rf.d5a1b277492119b6dee9673741e13237.jpg,fde710009c02840a0618f105f22e0d47
Data/pcb_neg_dataset3/pcb_neg_dataset3_583/pcb_neg_dataset3_583.jpg,pcb_neg_dataset3_583.jpg,pcb_neg_dataset3,01_spur_05_jpg.rf.e3b3ef798bcb4ed0b7f2e15a10402659.jpg,41635540635a7a0c9dcaa454e8ba5820
Data/pcb_neg_dataset3/pcb_neg_dataset3_584/pcb_neg_dataset3_584.jpg,pcb_neg_dataset3_584.jpg,pcb_neg_dataset3,01_spur_05_jpg.rf.e807e5a3215af92537d80a4652d8fce9.jpg,3825a4cc87aad2b37f99b20df9080dd4
Data/pcb_neg_dataset3/pcb_neg_dataset3_585/pcb_neg_dataset3_585.jpg,pcb_neg_dataset3_585.jpg,pcb_neg_dataset3,01_spur_08_jpg.rf.3628896908eb24faa3bf6c3daa858262.jpg,4564d03a4683142b1622d909dc904ceb
Data/pcb_neg_dataset3/pcb_neg_dataset3_586/pcb_neg_dataset3_586.jpg,pcb_neg_dataset3_586.jpg,pcb_neg_dataset3,01_missing_hole_09_jpg.rf.88a19c7de8f8278fcbedf0d679a83dba.jpg,30ba34ae43a1a2b40acff4a68286be79
Data/pcb_neg_dataset3/pcb_neg_dataset3_587/pcb_neg_dataset3_587.jpg,pcb_neg_dataset3_587.jpg,pcb_neg_dataset3,01_missing_hole_01_jpg.rf.c55a440992a407efd6716ff0e1b59c6c.jpg,014ddcf4a232c03e3741187e07847a63
Data/pcb_neg_dataset3/pcb_neg_dataset3_588/pcb_neg_dataset3_588.jpg,pcb_neg_dataset3_588.jpg,pcb_neg_dataset3,01_spur_08_jpg.rf.9becb88c110a788a5d1755561bcfa9ce.jpg,ab8a158b1f235130be156f2f6fd33f74
Data/pcb_neg_dataset3/pcb_neg_dataset3_589/pcb_neg_dataset3_589.jpg,pcb_neg_dataset3_589.jpg,pcb_neg_dataset3,01_spur_08_jpg.rf.a4717df2919c2f7db390de20836ebc72.jpg,2992fc735031d305b96385bb16567c61
Data/pcb_neg_dataset3/pcb_neg_dataset3_59/pcb_neg_dataset3_59.jpg,pcb_neg_dataset3_59.jpg,pcb_neg_dataset3,11_mouse_bite_04_jpg.rf.1b3cfdf577cd5d330d34150df2e98857.jpg,1678926b50ae8a07b1193bd59cf0475c
Data/pcb_neg_dataset3/pcb_neg_dataset3_590/pcb_neg_dataset3_590.jpg,pcb_neg_dataset3_590.jpg,pcb_neg_dataset3,01_spur_08_jpg.rf.d3f7e054b1e819fb270f53db91c196ed.jpg,74b208c1080445ad4feed09d74b01b80
Data/pcb_neg_dataset3/pcb_neg_dataset3_591/pcb_neg_dataset3_591.jpg,pcb_neg_dataset3_591.jpg,pcb_neg_dataset3,01_missing_hole_01_jpg.rf.c55a440992a407efd6716ff0e1b59c6c.jpg,014ddcf4a232c03e3741187e07847a63
Data/pcb_neg_dataset3/pcb_neg_dataset3_592/pcb_neg_dataset3_592.jpg,pcb_neg_dataset3_592.jpg,pcb_neg_dataset3,01_missing_hole_09_jpg.rf.88a19c7de8f8278fcbedf0d679a83dba.jpg,30ba34ae43a1a2b40acff4a68286be79
Data/pcb_neg_dataset3/pcb_neg_dataset3_593/pcb_neg_dataset3_593.jpg,pcb_neg_dataset3_593.jpg,pcb_neg_dataset3,01_spur_09_jpg.rf.5bee828c5a59739015e5c0958400be5e.jpg,4ecef723e699fd3a4bd7aada3d401b92
Data/pcb_neg_dataset3/pcb_neg_dataset3_594/pcb_neg_dataset3_594.jpg,pcb_neg_dataset3_594.jpg,pcb_neg_dataset3,01_spur_09_jpg.rf.7b3449610b88907b9ffcb2209342d165.jpg,73fedd08c6e99c4f44adc7b8afa0cef5
Data/pcb_neg_dataset3/pcb_neg_dataset3_595/pcb_neg_dataset3_595.jpg,pcb_neg_dataset3_595.jpg,pcb_neg_dataset3,01_spur_09_jpg.rf.c5738897726ae05e73cf170121e79c78.jpg,0af4661f3958d53ad5639ef626d2bcb0
Data/pcb_neg_dataset3/pcb_neg_dataset3_596/pcb_neg_dataset3_596.jpg,pcb_neg_dataset3_596.jpg,pcb_neg_dataset3,01_missing_hole_03_jpg.rf.82799d58368c0b858cc44440b8655a75.jpg,cf733260904c780e956171bfaa73c189
Data/pcb_neg_dataset3/pcb_neg_dataset3_597/pcb_neg_dataset3_597.jpg,pcb_neg_dataset3_597.jpg,pcb_neg_dataset3,01_spur_09_jpg.rf.dc1cffd89051a417f269186f75b027d8.jpg,498f19a936978ac2c1f1e8ec253d0cff
Data/pcb_neg_dataset3/pcb_neg_dataset3_598/pcb_neg_dataset3_598.jpg,pcb_neg_dataset3_598.jpg,pcb_neg_dataset3,01_spur_09_jpg.rf.dd2d7c2c6ab94232de63b77056f2ca93.jpg,f12007ff910f08a8cb0687d41abb3015
Data/pcb_neg_dataset3/pcb_neg_dataset3_599/pcb_neg_dataset3_599.jpg,pcb_neg_dataset3_599.jpg,pcb_neg_dataset3,01_spur_09_jpg.rf.de740a84eb430a5b58b9b97a3c75ae5b.jpg,d0c9ef389947bd62559a5c7a072d0e1b
Data/pcb_neg_dataset3/pcb_neg_dataset3_6/pcb_neg_dataset3_6.jpg,pcb_neg_dataset3_6.jpg,pcb_neg_dataset3,09_spurious_copper_05_jpg.rf.52e4503f473d552dd8d71f0bca3de12b.jpg,76ca57110d58a1f41f5df3ca0927972b
Data/pcb_neg_dataset3/pcb_neg_dataset3_60/pcb_neg_dataset3_60.jpg,pcb_neg_dataset3_60.jpg,pcb_neg_dataset3,11_mouse_bite_04_jpg.rf.1b3cfdf577cd5d330d34150df2e98857.jpg,1678926b50ae8a07b1193bd59cf0475c
Data/pcb_neg_dataset3/pcb_neg_dataset3_600/pcb_neg_dataset3_600.jpg,pcb_neg_dataset3_600.jpg,pcb_neg_dataset3,01_spur_10_jpg.rf.05108caa188ac6aaed2c08385776af1e.jpg,35b78504f6ae965aa4ba6cd49600a7d7
Data/pcb_neg_dataset3/pcb_neg_dataset3_601/pcb_neg_dataset3_601.jpg,pcb_neg_dataset3_601.jpg,pcb_neg_dataset3,01_missing_hole_03_jpg.rf.82799d58368c0b858cc44440b8655a75.jpg,cf733260904c780e956171bfaa73c189
Data/pcb_neg_dataset3/pcb_neg_dataset3_602/pcb_neg_dataset3_602.jpg,pcb_neg_dataset3_602.jpg,pcb_neg_dataset3,01_spur_10_jpg.rf.5bfee781aec2dbfee1c14cf66e3b900a.jpg,52490321c1be1318145e25e043c24de2
Data/pcb_neg_dataset3/pcb_neg_dataset3_603/pcb_neg_dataset3_603.jpg,pcb_neg_dataset3_603.jpg,pcb_neg_dataset3,01_spur_10_jpg.rf.8f34269cdacae53267d0e4a146f7b05d.jpg,8582d48ce4dcb45379cfdbb2edb8734f
Data/pcb_neg_dataset3/pcb_neg_dataset3_604/pcb_neg_dataset3_604.jpg,pcb_neg_dataset3_604.jpg,pcb_neg_dataset3,01_spur_10_jpg.rf.a17804bcd61086ce304ea41adb33c99f.jpg,6216a6eee771b9e43102ef61e1b3f739
Data/pcb_neg_dataset3/pcb_neg_dataset3_605/pcb_neg_dataset3_605.jpg,pcb_neg_dataset3_605.jpg,pcb_neg_dataset3,01_missing_hole_09_jpg.rf.88a19c7de8f8278fcbedf0d679a83dba.jpg,30ba34ae43a1a2b40acff4a68286be79
Data/pcb_neg_dataset3/pcb_neg_dataset3_606/pcb_neg_dataset3_606.jpg,pcb_neg_dataset3_606.jpg,pcb_neg_dataset3,01_spur_11_jpg.rf.1b7572b52a88f6eea98f53347b245f82.jpg,38a3fb04edd8d788b38c844405ea9869
Data/pcb_neg_dataset3/pcb_neg_dataset3_607/pcb_neg_dataset3_607.jpg,pcb_neg_dataset3_607.jpg,pcb_neg_dataset3,01_spur_11_jpg.rf.556ca0873049a14fa49d08720455a3c5.jpg,a062a3b9eea18edc4581094431c85373
Data/pcb_neg_dataset3/pcb_neg_dataset3_608/pcb_neg_dataset3_608.jpg,pcb_neg_dataset3_608.jpg,pcb_neg_dataset3,01_spur_11_jpg.rf.8d480377e486ee83622a1adf701321d6.jpg,b5fd8fa42c4bc8c9d915a7f4e58b3f05
Data/pcb_neg_dataset3/pcb_neg_dataset3_609/pcb_neg_dataset3_609.jpg,pcb_neg_dataset3_609.jpg,pcb_neg_dataset3,01_missing_hole_03_jpg.rf.82799d58368c0b858cc44440b8655a75.jpg,cf733260904c780e956171bfaa73c189
Data/pcb_neg_dataset3/pcb_neg_dataset3_61/pcb_neg_dataset3_61.jpg,pcb_neg_dataset3_61.jpg,pcb_neg_dataset3,11_short_04_jpg.rf.ea7dbb66d7666584c2dcdc8a4f9b2906.jpg,f2490a587dda5a9ed7be5be91228ce9e
Data/pcb_neg_dataset3/pcb_neg_dataset3_610/pcb_neg_dataset3_610.jpg,pcb_neg_dataset3_610.jpg,pcb_neg_dataset3,01_missing_hole_09_jpg.rf.88a19c7de8f8278fcbedf0d679a83dba.jpg,30ba34ae43a1a2b40acff4a68286be79
Data/pcb_neg_dataset3/pcb_neg_dataset3_611/pcb_neg_dataset3_611.jpg,pcb_neg_dataset3_611.jpg,pcb_neg_dataset3,01_spur_11_jpg.rf.ec9490fe09c42631f9c09d76f5fa32bd.jpg,2d680745124b731adf9254401905423e
Data/pcb_neg_dataset3/pcb_neg_dataset3_612/pcb_neg_dataset3_612.jpg,pcb_neg_dataset3_612.jpg,pcb_neg_dataset3,01_missing_hole_01_jpg.rf.c55a440992a407efd6716ff0e1b59c6c.jpg,014ddcf4a232c03e3741187e07847a63
Data/pcb_neg_dataset3/pcb_neg_dataset3_613/pcb_neg_dataset3_613.jpg,pcb_neg_dataset3_613.jpg,pcb_neg_dataset3,01_spur_13_jpg.rf.38936eb20edba951e5ae45232a261216.jpg,1c4b14545a9f472c99e6d4a0e81ccd85
Data/pcb_neg_dataset3/pcb_neg_dataset3_614/pcb_neg_dataset3_614.jpg,pcb_neg_dataset3_614.jpg,pcb_neg_dataset3,01_missing_hole_07_jpg.rf.1b4c67efd0baefb7535bb0653b4715e8.jpg,9f7df9a187cd4b790c2a984668eb8730
Data/pcb_neg_dataset3/pcb_neg_dataset3_615/pcb_neg_dataset3_615.jpg,pcb_neg_dataset3_615.jpg,pcb_neg_dataset3,01_spur_13_jpg.rf.58c2b4f91acb6efa8dec9b52bd38a31e.jpg,f14b561821ecacf634b235dd550230e7
Data/pcb_neg_dataset3/pcb_neg_dataset3_616/pcb_neg_dataset3_616.jpg,pcb_neg_dataset3_616.jpg,pcb_neg_dataset3,01_missing_hole_09_jpg.rf.88a19c7de8f8278fcbedf0d679a83dba.jpg,30ba34ae43a1a2b40acff4a68286be79
Data/pcb_neg_dataset3/pcb_neg_dataset3_617/pcb_neg_dataset3_617.jpg,pcb_neg_dataset3_617.jpg,pcb_neg_dataset3,01_spur_13_jpg.rf.73d3fee56c9d2160cbb51b2093e378a1.jpg,8e0d4e6a9c13d417232bb6da0e0b3115
Data/pcb_neg_dataset3/pcb_neg_dataset3_618/pcb_neg_dataset3_618.jpg,pcb_neg_dataset3_618.jpg,pcb_neg_dataset3,01_spur_13_jpg.rf.aa5f2f42cdb050da1b6d1489b0f1ac63.jpg,5260ce15f3e4409fbe64e494e4493a86
Data/pcb_neg_dataset3/pcb_neg_dataset3_619/pcb_neg_dataset3_619.jpg,pcb_neg_dataset3_619.jpg,pcb_neg_dataset3,01_spur_14_jpg.rf.071a97183acf2b39f52da8dc0b4b6711.jpg,ecd957b8251749a9831f66aa6a131145
Data/pcb_neg_dataset3/pcb_neg_dataset3_62/pcb_neg_dataset3_62.jpg,pcb_neg_dataset3_62.jpg,pcb_neg_dataset3,11_mouse_bite_04_jpg.rf.1b3cfdf577cd5d330d34150df2e98857.jpg,1678926b50ae8a07b1193bd59cf0475c
Data/pcb_neg_dataset3/pcb_neg_dataset3_620/pcb_neg_dataset3_620.jpg,pcb_neg_dataset3_620.jpg,pcb_neg_dataset3,01_missing_hole_01_jpg.rf.21c562e37b5360e3e0c867bf3276fdcc.jpg,dc2b168d09acdd683ec8ab98d0ac6786
Data/pcb_neg_dataset3/pcb_neg_dataset3_621/pcb_neg_dataset3_621.jpg,pcb_neg_dataset3_621.jpg,pcb_neg_dataset3,01_spur_14_jpg.rf.7012b062d5b89262aac0ea3f4996ac7f.jpg,4e04ccffbf64299e1d8b58aa53d9b8c9
Data/pcb_neg_dataset3/pcb_neg_dataset3_622/pcb_neg_dataset3_622.jpg,pcb_neg_dataset3_622.jpg,pcb_neg_dataset3,01_spurious_copper_01_jpg.rf.35d5f5440920f3ed0e34ce86642e342c.jpg,59f769f19d4250974eea6bceaaf4afc8
Data/pcb_neg_dataset3/pcb_neg_dataset3_623/pcb_neg_dataset3_623.jpg,pcb_neg_dataset3_623.jpg,pcb_neg_dataset3,01_missing_hole_03_jpg.rf.82799d58368c0b858cc44440b8655a75.jpg,cf733260904c780e956171bfaa73c189
Data/pcb_neg_dataset3/pcb_neg_dataset3_624/pcb_neg_dataset3_624.jpg,pcb_neg_dataset3_624.jpg,pcb_neg_dataset3,01_spur_15_jpg.rf.18c393767446204915b48f8250660e16.jpg,6861b40af4f23ece1abd50f24ef9141c
Data/pcb_neg_dataset3/pcb_neg_dataset3_625/pcb_neg_dataset3_625.jpg,pcb_neg_dataset3_625.jpg,pcb_neg_dataset3,01_spur_15_jpg.rf.32ac22715f47efad62e7e55c1308854b.jpg,c649503e472b33386395e5d6068c6c01
Data/pcb_neg_dataset3/pcb_neg_dataset3_626/pcb_neg_dataset3_626.jpg,pcb_neg_dataset3_626.jpg,pcb_neg_dataset3,01_spur_15_jpg.rf.3c6791158bb586914e29b4e757a34d03.jpg,7d320733c5b89c7091c5632a60380976
Data/pcb_neg_dataset3/pcb_neg_dataset3_627/pcb_neg_dataset3_627.jpg,pcb_neg_dataset3_627.jpg,pcb_neg_dataset3,01_missing_hole_09_jpg.rf.88a19c7de8f8278fcbedf0d679a83dba.jpg,30ba34ae43a1a2b40acff4a68286be79
Data/pcb_neg_dataset3/pcb_neg_dataset3_628/pcb_neg_dataset3_628.jpg,pcb_neg_dataset3_628.jpg,pcb_neg_dataset3,01_spur_15_jpg.rf.7a8c923501943f57ca5f9d89c8db0880.jpg,8f2fc8d9f494eb9ac3de213f0a6b77ad
Data/pcb_neg_dataset3/pcb_neg_dataset3_629/pcb_neg_dataset3_629.jpg,pcb_neg_dataset3_629.jpg,pcb_neg_dataset3,01_spur_15_jpg.rf.8c8778f5e798885d4e7dcde7f1cac999.jpg,5404cd85000c56cbd67c7ed8a03bd6d4
Data/pcb_neg_dataset3/pcb_neg_dataset3_63/pcb_neg_dataset3_63.jpg,pcb_neg_dataset3_63.jpg,pcb_neg_dataset3,11_mouse_bite_04_jpg.rf.1b3cfdf577cd5d330d34150df2e98857.jpg,1678926b50ae8a07b1193bd59cf0475c
Data/pcb_neg_dataset3/pcb_neg_dataset3_630/pcb_neg_dataset3_630.jpg,pcb_neg_dataset3_630.jpg,pcb_neg_dataset3,01_spur_15_jpg.rf.a86ca6580011d3c9a7918d369191ba55.jpg,7947d9e2a0b0b75347b22ef7c481dcb9
Data/pcb_neg_dataset3/pcb_neg_dataset3_631/pcb_neg_dataset3_631.jpg,pcb_neg_dataset3_631.jpg,pcb_neg_dataset3,01_spur_15_jpg.rf.f8dc5e23ab016ede82db6773b14ba366.jpg,fd174a5a2dc14e5511f9f72b1709ac86
Data/pcb_neg_dataset3/pcb_neg_dataset3_632/pcb_neg_dataset3_632.jpg,pcb_neg_dataset3_632.jpg,pcb_neg_dataset3,01_spur_16_jpg.rf.0810e6bb17934f8cabcfa95012495bbf.jpg,44514159b9bb9c46054b1bb99cbd1bc4
Data/pcb_neg_dataset3/pcb_neg_dataset3_633/pcb_neg_dataset3_633.jpg,pcb_neg_dataset3_633.jpg,pcb_neg_dataset3,01_spur_16_jpg.rf.1ce9bbfed5db64dbf74b76990e8a0cb3.jpg,08fa060b6d7bcbd7fafca755e0be2131
Data/pcb_neg_dataset3/pcb_neg_dataset3_634/pcb_neg_dataset3_634.jpg,pcb_neg_dataset3_634.jpg,pcb_neg_dataset3,01_spur_16_jpg.rf.6b9ff6f43f90d347b4f89b311d9aec8e.jpg,9b66426681f6084d67dd55f948554a81
Data/pcb_neg_dataset3/pcb_neg_dataset3_635/pcb_neg_dataset3_635.jpg,pcb_neg_dataset3_635.jpg,pcb_neg_dataset3,01_missing_hole_09_jpg.rf.88a19c7de8f8278fcbedf0d679a83dba.jpg,30ba34ae43a1a2b40acff4a68286be79
Data/pcb_neg_dataset3/pcb_neg_dataset3_636/pcb_neg_dataset3_636.jpg,pcb_neg_dataset3_636.jpg,pcb_neg_dataset3,01_missing_hole_01_jpg.rf.c55a440992a407efd6716ff0e1b59c6c.jpg,014ddcf4a232c03e3741187e07847a63
Data/pcb_neg_dataset3/pcb_neg_dataset3_637/pcb_neg_dataset3_637.jpg,pcb_neg_dataset3_637.jpg,pcb_neg_dataset3,01_missing_hole_01_jpg.rf.21c562e37b5360e3e0c867bf3276fdcc.jpg,dc2b168d09acdd683ec8ab98d0ac6786
Data/pcb_neg_dataset3/pcb_neg_dataset3_638/pcb_neg_dataset3_638.jpg,pcb_neg_dataset3_638.jpg,pcb_neg_dataset3,01_spur_16_jpg.rf.cf03ba81170d22af2fad1b73abf1dfeb.jpg,3c35e54f4d2b3a8f9a9f16758b8c54b0
Data/pcb_neg_dataset3/pcb_neg_dataset3_639/pcb_neg_dataset3_639.jpg,pcb_neg_dataset3_639.jpg,pcb_neg_dataset3,01_spur_16_jpg.rf.e407e392a991898ae9dde650493371d2.jpg,526c41b5878ec5678fffae3e72848d9a
Data/pcb_neg_dataset3/pcb_neg_dataset3_64/pcb_neg_dataset3_64.jpg,pcb_neg_dataset3_64.jpg,pcb_neg_dataset3,11_missing_hole_01_jpg.rf.6485d03c91961e9506a61c35fb18328c.jpg,9983e9c89f72c27d8946a17d2519fa3a
Data/pcb_neg_dataset3/pcb_neg_dataset3_640/pcb_neg_dataset3_640.jpg,pcb_neg_dataset3_640.jpg,pcb_neg_dataset3,01_spur_16_jpg.rf.fbe633e5f8cde5e7c97335143ac7630e.jpg,0c717d55a7b01857062600914563b748
Data/pcb_neg_dataset3/pcb_neg_dataset3_641/pcb_neg_dataset3_641.jpg,pcb_neg_dataset3_641.jpg,pcb_neg_dataset3,01_spur_17_jpg.rf.17079c89a7b07924f7ed9c0042e78d1c.jpg,7204c4d9a4d4075594f2054903960f41
Data/pcb_neg_dataset3/pcb_neg_dataset3_642/pcb_neg_dataset3_642.jpg,pcb_neg_dataset3_642.jpg,pcb_neg_dataset3,01_spur_17_jpg.rf.5e23305969a3bbad265bb2c69623d58f.jpg,55e8ce5834fac288520243920de7b2b7
Data/pcb_neg_dataset3/pcb_neg_dataset3_643/pcb_neg_dataset3_643.jpg,pcb_neg_dataset3_643.jpg,pcb_neg_dataset3,01_missing_hole_01_jpg.rf.c55a440992a407efd6716ff0e1b59c6c.jpg,014ddcf4a232c03e3741187e07847a63
Data/pcb_neg_dataset3/pcb_neg_dataset3_644/pcb_neg_dataset3_644.jpg,pcb_neg_dataset3_644.jpg,pcb_neg_dataset3,01_spur_17_jpg.rf.93c61278671dfb157edebe369c4181c9.jpg,c9ad53ac768981ca00cef95b2a335598
Data/pcb_neg_dataset3/pcb_neg_dataset3_645/pcb_neg_dataset3_645.jpg,pcb_neg_dataset3_645.jpg,pcb_neg_dataset3,01_missing_hole_01_jpg.rf.21c562e37b5360e3e0c867bf3276fdcc.jpg,dc2b168d09acdd683ec8ab98d0ac6786
Data/pcb_neg_dataset3/pcb_neg_dataset3_646/pcb_neg_dataset3_646.jpg,pcb_neg_dataset3_646.jpg,pcb_neg_dataset3,01_spur_17_jpg.rf.a971d62de63884678e897788991dce98.jpg,0e15878c5eba5795c278751e541a8883
Data/pcb_neg_dataset3/pcb_neg_dataset3_647/pcb_neg_dataset3_647.jpg,pcb_neg_dataset3_647.jpg,pcb_neg_dataset3,01_missing_hole_03_jpg.rf.82799d58368c0b858cc44440b8655a75.jpg,cf733260904c780e956171bfaa73c189
Data/pcb_neg_dataset3/pcb_neg_dataset3_648/pcb_neg_dataset3_648.jpg,pcb_neg_dataset3_648.jpg,pcb_neg_dataset3,01_spur_17_jpg.rf.f190d4657676a6b1e313ba0c2c3d1ea0.jpg,5b57d193941f70cf2983e1f555e4359e
Data/pcb_neg_dataset3/pcb_neg_dataset3_649/pcb_neg_dataset3_649.jpg,pcb_neg_dataset3_649.jpg,pcb_neg_dataset3,01_spur_17_jpg.rf.fda4563e635b270be14c20ac8c3460e6.jpg,6e7cedd1fa4d297a0c97e0307bb66aac
Data/pcb_neg_dataset3/pcb_neg_dataset3_65/pcb_neg_dataset3_65.jpg,pcb_neg_dataset3_65.jpg,pcb_neg_dataset3,11_missing_hole_03_jpg.rf.eb69b11e49ffefcb423056ca33f56ba1.jpg,67748778d4e2a891b36167106902963a
Data/pcb_neg_dataset3/pcb_neg_dataset3_650/pcb_neg_dataset3_650.jpg,pcb_neg_dataset3_650.jpg,pcb_neg_dataset3,01_spur_18_jpg.rf.06aaaebf8dd695d636c85be6d83352f0.jpg,22cc421130590052948fde55be6c6e22
Data/pcb_neg_dataset3/pcb_neg_dataset3_651/pcb_neg_dataset3_651.jpg,pcb_neg_dataset3_651.jpg,pcb_neg_dataset3,01_missing_hole_01_jpg.rf.c55a440992a407efd6716ff0e1b59c6c.jpg,014ddcf4a232c03e3741187e07847a63
Data/pcb_neg_dataset3/pcb_neg_dataset3_652/pcb_neg_dataset3_652.jpg,pcb_neg_dataset3_652.jpg,pcb_neg_dataset3,01_missing_hole_01_jpg.rf.21c562e37b5360e3e0c867bf3276fdcc.jpg,dc2b168d09acdd683ec8ab98d0ac6786
Data/pcb_neg_dataset3/pcb_neg_dataset3_653/pcb_neg_dataset3_653.jpg,pcb_neg_dataset3_653.jpg,pcb_neg_dataset3,01_spur_18_jpg.rf.56a9d5ab94ce193d8d632c57be703a49.jpg,03800ea2c8973516c2c95b082d5439ec
Data/pcb_neg_dataset3/pcb_neg_dataset3_654/pcb_neg_dataset3_654.jpg,pcb_neg_dataset3_654.jpg,pcb_neg_dataset3,01_spur_18_jpg.rf.a8ed8c73296ee2d123c339acd8cca2bd.jpg,e55c41ff624396acfbc9acf95ae06e9a
Data/pcb_neg_dataset3/pcb_neg_dataset3_655/pcb_neg_dataset3_655.jpg,pcb_neg_dataset3_655.jpg,pcb_neg_dataset3,01_missing_hole_03_jpg.rf.82799d58368c0b858cc44440b8655a75.jpg,cf733260904c780e956171bfaa73c189
Data/pcb_neg_dataset3/pcb_neg_dataset3_656/pcb_neg_dataset3_656.jpg,pcb_neg_dataset3_656.jpg,pcb_neg_dataset3,01_spur_18_jpg.rf.cba8df82811770f34193edaf0ef3e28c.jpg,8bc1b7792ff8f590637719a1f1347754
Data/pcb_neg_dataset3/pcb_neg_dataset3_657/pcb_neg_dataset3_657.jpg,pcb_neg_dataset3_657.jpg,pcb_neg_dataset3,01_spur_18_jpg.rf.d85287f30b82a3433319a42488def3bb.jpg,8430d1864c1efb7a45edd900d97c0316
Data/pcb_neg_dataset3/pcb_neg_dataset3_658/pcb_neg_dataset3_658.jpg,pcb_neg_dataset3_658.jpg,pcb_neg_dataset3,01_spur_18_jpg.rf.e2a7bbd16327103764c988bdead01020.jpg,85151d4b56b4fbaafb6ab19dd0a03fee
Data/pcb_neg_dataset3/pcb_neg_dataset3_659/pcb_neg_dataset3_659.jpg,pcb_neg_dataset3_659.jpg,pcb_neg_dataset3,01_spur_19_jpg.rf.0630987110453a7432698d5e564999f8.jpg,47a3f7989ad341ef7dae4b3107f50cb1
Data/pcb_neg_dataset3/pcb_neg_dataset3_66/pcb_neg_dataset3_66.jpg,pcb_neg_dataset3_66.jpg,pcb_neg_dataset3,11_mouse_bite_04_jpg.rf.1b3cfdf577cd5d330d34150df2e98857.jpg,1678926b50ae8a07b1193bd59cf0475c
Data/pcb_neg_dataset3/pcb_neg_dataset3_660/pcb_neg_dataset3_660.jpg,pcb_neg_dataset3_660.jpg,pcb_neg_dataset3,01_spur_19_jpg.rf.1a37ea763e41f63847473033709f3af0.jpg,a447c2ab0eb918ceba67ece0acf81cee
Data/pcb_neg_dataset3/pcb_neg_dataset3_661/pcb_neg_dataset3_661.jpg,pcb_neg_dataset3_661.jpg,pcb_neg_dataset3,01_missing_hole_01_jpg.rf.c55a440992a407efd6716ff0e1b59c6c.jpg,014ddcf4a232c03e3741187e07847a63
Data/pcb_neg_dataset3/pcb_neg_dataset3_662/pcb_neg_dataset3_662.jpg,pcb_neg_dataset3_662.jpg,pcb_neg_dataset3,01_missing_hole_09_jpg.rf.88a19c7de8f8278fcbedf0d679a83dba.jpg,30ba34ae43a1a2b40acff4a68286be79
Data/pcb_neg_dataset3/pcb_neg_dataset3_663/pcb_neg_dataset3_663.jpg,pcb_neg_dataset3_663.jpg,pcb_neg_dataset3,01_spur_19_jpg.rf.3af57415acaa0cd911b1b4ffc554c62f.jpg,db4d7e78cbc63ea00fe9f5539995583c
Data/pcb_neg_dataset3/pcb_neg_dataset3_664/pcb_neg_dataset3_664.jpg,pcb_neg_dataset3_664.jpg,pcb_neg_dataset3,01_open_circuit_06_jpg.rf.bcbce6347f3ff8928a0d1d8df25f9ad2.jpg,8c9edf2acd66fe7c651993439ec96019
Data/pcb_neg_dataset3/pcb_neg_dataset3_665/pcb_neg_dataset3_665.jpg,pcb_neg_dataset3_665.jpg,pcb_neg_dataset3,01_spur_19_jpg.rf.7d1af09265e072cf7ba208f13ad84595.jpg,59301c685c58130388dbd153ddf474c4
Data/pcb_neg_dataset3/pcb_neg_dataset3_666/pcb_neg_dataset3_666.jpg,pcb_neg_dataset3_666.jpg,pcb_neg_dataset3,01_missing_hole_01_jpg.rf.21c562e37b5360e3e0c867bf3276fdcc.jpg,dc2b168d09acdd683ec8ab98d0ac6786
Data/pcb_neg_dataset3/pcb_neg_dataset3_667/pcb_neg_dataset3_667.jpg,pcb_neg_dataset3_667.jpg,pcb_neg_dataset3,01_open_circuit_06_jpg.rf.f56b252a13dca04c84a6f807dc6d6ce3.jpg,7ea809437fac8104272b3b9d3d997241
Data/pcb_neg_dataset3/pcb_neg_dataset3_668/pcb_neg_dataset3_668.jpg,pcb_neg_dataset3_668.jpg,pcb_neg_dataset3,01_spur_20_jpg.rf.0e50d2d87dd6e8cb53192c69ce5535f5.jpg,00d049dc230fb547f7aa0fc331e4727f
Data/pcb_neg_dataset3/pcb_neg_dataset3_669/pcb_neg_dataset3_669.jpg,pcb_neg_dataset3_669.jpg,pcb_neg_dataset3,01_spur_20_jpg.rf.1528aa2e327d3147bb278afe9da1d0a2.jpg,feec8d0be07896dcfee6bfbf67f1ac39
Data/pcb_neg_dataset3/pcb_neg_dataset3_67/pcb_neg_dataset3_67.jpg,pcb_neg_dataset3_67.jpg,pcb_neg_dataset3,11_spurious_copper_01_jpg.rf.98fc58b3c1e042374618815d8e13b972.jpg,f28533094583df4eab9750679030b553
Data/pcb_neg_dataset3/pcb_neg_dataset3_670/pcb_neg_dataset3_670.jpg,pcb_neg_dataset3_670.jpg,pcb_neg_dataset3,01_spur_20_jpg.rf.16ec3e6476e4ce4351a7a403776b3d46.jpg,dd7dd188b44ca214bb33899292abfe46
Data/pcb_neg_dataset3/pcb_neg_dataset3_671/pcb_neg_dataset3_671.jpg,pcb_neg_dataset3_671.jpg,pcb_neg_dataset3,01_missing_hole_01_jpg.rf.c55a440992a407efd6716ff0e1b59c6c.jpg,014ddcf4a232c03e3741187e07847a63
Data/pcb_neg_dataset3/pcb_neg_dataset3_672/pcb_neg_dataset3_672.jpg,pcb_neg_dataset3_672.jpg,pcb_neg_dataset3,01_missing_hole_01_jpg.rf.21c562e37b5360e3e0c867bf3276fdcc.jpg,dc2b168d09acdd683ec8ab98d0ac6786
Data/pcb_neg_dataset3/pcb_neg_dataset3_673/pcb_neg_dataset3_673.jpg,pcb_neg_dataset3_673.jpg,pcb_neg_dataset3,01_missing_hole_08_jpg.rf.93e50be412613c6da58f2f3bd2878eb3.jpg,8b79b05e8f7c79cce54c2533ab9cdf40
Data/pcb_neg_dataset3/pcb_neg_dataset3_674/pcb_neg_dataset3_674.jpg,pcb_neg_dataset3_674.jpg,pcb_neg_dataset3,01_missing_hole_09_jpg.rf.88a19c7de8f8278fcbedf0d679a83dba.jpg,30ba34ae43a1a2b40acff4a68286be79
Data/pcb_neg_dataset3/pcb_neg_dataset3_675/pcb_neg_dataset3_675.jpg,pcb_neg_dataset3_675.jpg,pcb_neg_dataset3,01_spur_20_jpg.rf.ab1c7b82fa8dd1f864a9986c66c55922.jpg,d0e35d909ebb1dff5e88c3fe3f116cb0
Data/pcb_neg_dataset3/pcb_neg_dataset3_676/pcb_neg_dataset3_676.jpg,pcb_neg_dataset3_676.jpg,pcb_neg_dataset3,01_spur_20_jpg.rf.c54df24377e208cab92732ff5cd0cbb7.jpg,75120c1906b523bcd791ea30210cc61c
Data/pcb_neg_dataset3/pcb_neg_dataset3_677/pcb_neg_dataset3_677.jpg,pcb_neg_dataset3_677.jpg,pcb_neg_dataset3,01_spurious_copper_01_jpg.rf.09f2e8fd9e25894f6c83f46438b847f0.jpg,ca59cdc53e6d898b06b783ade9c5e4f3
Data/pcb_neg_dataset3/pcb_neg_dataset3_678/pcb_neg_dataset3_678.jpg,pcb_neg_dataset3_678.jpg,pcb_neg_dataset3,01_spurious_copper_01_jpg.rf.35d5f5440920f3ed0e34ce86642e342c.jpg,59f769f19d4250974eea6bceaaf4afc8
Data/pcb_neg_dataset3/pcb_neg_dataset3_679/pcb_neg_dataset3_679.jpg,pcb_neg_dataset3_679.jpg,pcb_neg_dataset3,01_spurious_copper_01_jpg.rf.427908c20bc410788700049f46e5cd27.jpg,e34fc4325eba4715a3b244f68b63e556
Data/pcb_neg_dataset3/pcb_neg_dataset3_68/pcb_neg_dataset3_68.jpg,pcb_neg_dataset3_68.jpg,pcb_neg_dataset3,11_spurious_copper_01_jpg.rf.9ab19a891dc8072fe9970136b943b022.jpg,0567eb66df5de99f376ab2622f2916a9
Data/pcb_neg_dataset3/pcb_neg_dataset3_680/pcb_neg_dataset3_680.jpg,pcb_neg_dataset3_680.jpg,pcb_neg_dataset3,01_spurious_copper_01_jpg.rf.4e75e674c1be8c673beb6a4a609d8a2c.jpg,26ae647033eb62437db414a67fc95421
Data/pcb_neg_dataset3/pcb_neg_dataset3_681/pcb_neg_dataset3_681.jpg,pcb_neg_dataset3_681.jpg,pcb_neg_dataset3,01_spurious_copper_01_jpg.rf.746944e79fb41740c6e41c5de2936046.jpg,3c08eef113e76cd08dd1b02ba1958806
Data/pcb_neg_dataset3/pcb_neg_dataset3_682/pcb_neg_dataset3_682.jpg,pcb_neg_dataset3_682.jpg,pcb_neg_dataset3,01_spurious_copper_01_jpg.rf.9433eba6251ec93eafe64c025c42812a.jpg,f86e9a6965fbbcea8a969cf384b04d6d
Data/pcb_neg_dataset3/pcb_neg_dataset3_683/pcb_neg_dataset3_683.jpg,pcb_neg_dataset3_683.jpg,pcb_neg_dataset3,01_spurious_copper_01_jpg.rf.9c3224eca3881bba5b7d13b398d23abb.jpg,6a99f89149f2c25a3f391f46a0ab5475
Data/pcb_neg_dataset3/pcb_neg_dataset3_684/pcb_neg_dataset3_684.jpg,pcb_neg_dataset3_684.jpg,pcb_neg_dataset3,01_spurious_copper_01_jpg.rf.a41e1e9c837c471524533a76cfb9a1b5.jpg,fe9018071f3ea3a1a16427ef8d5ad21d
Data/pcb_neg_dataset3/pcb_neg_dataset3_685/pcb_neg_dataset3_685.jpg,pcb_neg_dataset3_685.jpg,pcb_neg_dataset3,01_spurious_copper_01_jpg.rf.a7e3d9411bb5083eb44b5282a25d4d26.jpg,84633ed4a49283188455ee8ff623a5db
Data/pcb_neg_dataset3/pcb_neg_dataset3_686/pcb_neg_dataset3_686.jpg,pcb_neg_dataset3_686.jpg,pcb_neg_dataset3,01_spurious_copper_01_jpg.rf.b2dce237e583d03ddfcbc495da76eafa.jpg,67a4378b1fcf141a760543165bcdd15c
Data/pcb_neg_dataset3/pcb_neg_dataset3_687/pcb_neg_dataset3_687.jpg,pcb_neg_dataset3_687.jpg,pcb_neg_dataset3,01_missing_hole_01_jpg.rf.c55a440992a407efd6716ff0e1b59c6c.jpg,014ddcf4a232c03e3741187e07847a63
Data/pcb_neg_dataset3/pcb_neg_dataset3_688/pcb_neg_dataset3_688.jpg,pcb_neg_dataset3_688.jpg,pcb_neg_dataset3,01_missing_hole_09_jpg.rf.88a19c7de8f8278fcbedf0d679a83dba.jpg,30ba34ae43a1a2b40acff4a68286be79
Data/pcb_neg_dataset3/pcb_neg_dataset3_689/pcb_neg_dataset3_689.jpg,pcb_neg_dataset3_689.jpg,pcb_neg_dataset3,01_missing_hole_01_jpg.rf.c55a440992a407efd6716ff0e1b59c6c.jpg,014ddcf4a232c03e3741187e07847a63
Data/pcb_neg_dataset3/pcb_neg_dataset3_69/pcb_neg_dataset3_69.jpg,pcb_neg_dataset3_69.jpg,pcb_neg_dataset3,11_spurious_copper_01_jpg.rf.d191d0d93ae4f88f82156bad80911c8f.jpg,e65c7c34b680f15707f9c57112df0fb1
Data/pcb_neg_dataset3/pcb_neg_dataset3_690/pcb_neg_dataset3_690.jpg,pcb_neg_dataset3_690.jpg,pcb_neg_dataset3,01_spurious_copper_03_jpg.rf.4b79385fefafeb9c2c1c8caaf89df935.jpg,f77984c45ba8b769aa964b4eca6dd361
Data/pcb_neg_dataset3/pcb_neg_dataset3_691/pcb_neg_dataset3_691.jpg,pcb_neg_dataset3_691.jpg,pcb_neg_dataset3,01_missing_hole_01_jpg.rf.21c562e37b5360e3e0c867bf3276fdcc.jpg,dc2b168d09acdd683ec8ab98d0ac6786
Data/pcb_neg_dataset3/pcb_neg_dataset3_692/pcb_neg_dataset3_692.jpg,pcb_neg_dataset3_692.jpg,pcb_neg_dataset3,01_spurious_copper_03_jpg.rf.72789d1ee9a760576c48391dad74077b.jpg,817c7bdec1a80b646ec8fb15a89da877
Data/pcb_neg_dataset3/pcb_neg_dataset3_693/pcb_neg_dataset3_693.jpg,pcb_neg_dataset3_693.jpg,pcb_neg_dataset3,01_spurious_copper_03_jpg.rf.8467d0fd6a7987e3a7f5c6c04d742097.jpg,27e6920c2a84267393f4d0542dfd8a32
Data/pcb_neg_dataset3/pcb_neg_dataset3_694/pcb_neg_dataset3_694.jpg,pcb_neg_dataset3_694.jpg,pcb_neg_dataset3,01_missing_hole_09_jpg.rf.88a19c7de8f8278fcbedf0d679a83dba.jpg,30ba34ae43a1a2b40acff4a68286be79
Data/pcb_neg_dataset3/pcb_neg_dataset3_695/pcb_neg_dataset3_695.jpg,pcb_neg_dataset3_695.jpg,pcb_neg_dataset3,01_spurious_copper_03_jpg.rf.9ef767ea1ebb68926b1cf7a28426a976.jpg,d3600558d7b193de588c8434c86f26b3
Data/pcb_neg_dataset3/pcb_neg_dataset3_696/pcb_neg_dataset3_696.jpg,pcb_neg_dataset3_696.jpg,pcb_neg_dataset3,01_spurious_copper_03_jpg.rf.b028a815a25a5d6c8c9bdbf0df33b770.jpg,b0e454a0db343d26dced76c573a3fdfa
Data/pcb_neg_dataset3/pcb_neg_dataset3_697/pcb_neg_dataset3_697.jpg,pcb_neg_dataset3_697.jpg,pcb_neg_dataset3,01_spurious_copper_03_jpg.rf.b19edafba790c1f0751bc322183e4baf.jpg,8a107c88e2df6e4787b472b3e51fa058
Data/pcb_neg_dataset3/pcb_neg_dataset3_698/pcb_neg_dataset3_698.jpg,pcb_neg_dataset3_698.jpg,pcb_neg_dataset3,01_spurious_copper_03_jpg.rf.b1c2ca1e3f8fec90431d1adb346fdc1e.jpg,c0613f9207f84798c035118206519c5a
Data/pcb_neg_dataset3/pcb_neg_dataset3_699/pcb_neg_dataset3_699.jpg,pcb_neg_dataset3_699.jpg,pcb_neg_dataset3,01_spurious_copper_03_jpg.rf.b62a5165e1c06ed91b56ea0069dd7a4c.jpg,2dda86e6b10fc2f20a7a5fcc682a745a
Data/pcb_neg_dataset3/pcb_neg_dataset3_7/pcb_neg_dataset3_7.jpg,pcb_neg_dataset3_7.jpg,pcb_neg_dataset3,09_spurious_copper_05_jpg.rf.2701cd852e38ae080c3ac6aa469a86c0.jpg,450e8af88b724d5a9067aed24dd9c5d3
Data/pcb_neg_dataset3/pcb_neg_dataset3_70/pcb_neg_dataset3_70.jpg,pcb_neg_dataset3_70.jpg,pcb_neg_dataset3,11_spurious_copper_01_jpg.rf.f6fb627da71e18d38d8eaf86b841fafa.jpg,5525b5c9963c97f0d725514315580265
Data/pcb_neg_dataset3/pcb_neg_dataset3_700/pcb_neg_dataset3_700.jpg,pcb_neg_dataset3_700.jpg,pcb_neg_dataset3,01_spurious_copper_03_jpg.rf.e66288c91928fb8b8863eac19298cfc5.jpg,9e82ea3d00b4d4e72db856e01e882df1
Data/pcb_neg_dataset3/pcb_neg_dataset3_701/pcb_neg_dataset3_701.jpg,pcb_neg_dataset3_701.jpg,pcb_neg_dataset3,01_spurious_copper_04_jpg.rf.1123247e4d1620e8207469e45dabde63.jpg,82def94a42e96aad632543a2407976a0
Data/pcb_neg_dataset3/pcb_neg_dataset3_702/pcb_neg_dataset3_702.jpg,pcb_neg_dataset3_702.jpg,pcb_neg_dataset3,01_spurious_copper_04_jpg.rf.19e92199245e869630663d32e378103a.jpg,c910e18eb64ccde6960a6bfbdb889ecd
Data/pcb_neg_dataset3/pcb_neg_dataset3_703/pcb_neg_dataset3_703.jpg,pcb_neg_dataset3_703.jpg,pcb_neg_dataset3,01_missing_hole_01_jpg.rf.c55a440992a407efd6716ff0e1b59c6c.jpg,014ddcf4a232c03e3741187e07847a63
Data/pcb_neg_dataset3/pcb_neg_dataset3_704/pcb_neg_dataset3_704.jpg,pcb_neg_dataset3_704.jpg,pcb_neg_dataset3,01_spurious_copper_04_jpg.rf.45d36b6deac1c38a4b095dc7c28ca7c1.jpg,ef520fba25a61e8125152362a4032642
Data/pcb_neg_dataset3/pcb_neg_dataset3_705/pcb_neg_dataset3_705.jpg,pcb_neg_dataset3_705.jpg,pcb_neg_dataset3,01_spurious_copper_04_jpg.rf.6b75c3c94501c56d4769328b2dc40fe6.jpg,fc6830cbb69e8d395a39a76f1ef51ba0
Data/pcb_neg_dataset3/pcb_neg_dataset3_706/pcb_neg_dataset3_706.jpg,pcb_neg_dataset3_706.jpg,pcb_neg_dataset3,01_spurious_copper_04_jpg.rf.80cce3426c7e733a80c8b5be1abd0c89.jpg,c84f3e16caa73cbd562ed1300f5f6588
Data/pcb_neg_dataset3/pcb_neg_dataset3_707/pcb_neg_dataset3_707.jpg,pcb_neg_dataset3_707.jpg,pcb_neg_dataset3,01_spurious_copper_04_jpg.rf.a5b07347f0aa7ec8b10f8e49e884f8b5.jpg,17b7b7e3b424ee15ad3c2b7636103ac1
Data/pcb_neg_dataset3/pcb_neg_dataset3_708/pcb_neg_dataset3_708.jpg,pcb_neg_dataset3_708.jpg,pcb_neg_dataset3,01_spurious_copper_04_jpg.rf.ace4992be9d4ef88b1d56f90904a567c.jpg,21a1288a1af24fab5a7492833306f7ab
Data/pcb_neg_dataset3/pcb_neg_dataset3_709/pcb_neg_dataset3_709.jpg,pcb_neg_dataset3_709.jpg,pcb_neg_dataset3,01_spurious_copper_04_jpg.rf.ad3a51db70e63916e6a9845c4c2b25d7.jpg,7954711392e2b7ef78e427b964b57450
Data/pcb_neg_dataset3/pcb_neg_dataset3_71/pcb_neg_dataset3_71.jpg,pcb_neg_dataset3_71.jpg,pcb_neg_dataset3,11_spurious_copper_02_jpg.rf.37070ae4bdd364f2370344dc6c509433.jpg,fe893c0a5ca207955e6de055ca76c69c
Data/pcb_neg_dataset3/pcb_neg_dataset3_710/pcb_neg_dataset3_710.jpg,pcb_neg_dataset3_710.jpg,pcb_neg_dataset3,01_missing_hole_01_jpg.rf.21c562e37b5360e3e0c867bf3276fdcc.jpg,dc2b168d09acdd683ec8ab98d0ac6786
Data/pcb_neg_dataset3/pcb_neg_dataset3_711/pcb_neg_dataset3_711.jpg,pcb_neg_dataset3_711.jpg,pcb_neg_dataset3,01_spurious_copper_04_jpg.rf.cdfbbff1d3ca74fb4dd247fe1b273b8e.jpg,45645ed73ab34a1639e032c85827ddbe
Data/pcb_neg_dataset3/pcb_neg_dataset3_712/pcb_neg_dataset3_712.jpg,pcb_neg_dataset3_712.jpg,pcb_neg_dataset3,01_spurious_copper_04_jpg.rf.f924fe887ce0931bf4a3d481d25528aa.jpg,eee8e76ab2e3b0816419e2e64ee12aa0
Data/pcb_neg_dataset3/pcb_neg_dataset3_713/pcb_neg_dataset3_713.jpg,pcb_neg_dataset3_713.jpg,pcb_neg_dataset3,01_spurious_copper_05_jpg.rf.21a8444f0f62fad8e831aa6386449d78.jpg,6d7a528284bb92495f33dd9b505b270f
Data/pcb_neg_dataset3/pcb_neg_dataset3_714/pcb_neg_dataset3_714.jpg,pcb_neg_dataset3_714.jpg,pcb_neg_dataset3,01_spurious_copper_05_jpg.rf.31444219f629859cefa98216a17bf7ba.jpg,7a314435c0a586b76706ecacbf0b7910
Data/pcb_neg_dataset3/pcb_neg_dataset3_715/pcb_neg_dataset3_715.jpg,pcb_neg_dataset3_715.jpg,pcb_neg_dataset3,01_spurious_copper_05_jpg.rf.3288d68c879fd4ee418991977cbc0710.jpg,6d6978be724843726d09673cba8c655a
Data/pcb_neg_dataset3/pcb_neg_dataset3_716/pcb_neg_dataset3_716.jpg,pcb_neg_dataset3_716.jpg,pcb_neg_dataset3,01_missing_hole_03_jpg.rf.82799d58368c0b858cc44440b8655a75.jpg,cf733260904c780e956171bfaa73c189
Data/pcb_neg_dataset3/pcb_neg_dataset3_717/pcb_neg_dataset3_717.jpg,pcb_neg_dataset3_717.jpg,pcb_neg_dataset3,01_spurious_copper_05_jpg.rf.37e3407c364a1a865ab51a59779c83a5.jpg,b6ff789f1b37b482d450497eb6ce5d1f
Data/pcb_neg_dataset3/pcb_neg_dataset3_718/pcb_neg_dataset3_718.jpg,pcb_neg_dataset3_718.jpg,pcb_neg_dataset3,01_spurious_copper_05_jpg.rf.3a1271124bc8498733f70d9856cb2d42.jpg,ba9734cae9ccfee729245c7caf4d0fa4
Data/pcb_neg_dataset3/pcb_neg_dataset3_719/pcb_neg_dataset3_719.jpg,pcb_neg_dataset3_719.jpg,pcb_neg_dataset3,01_missing_hole_01_jpg.rf.c55a440992a407efd6716ff0e1b59c6c.jpg,014ddcf4a232c03e3741187e07847a63
Data/pcb_neg_dataset3/pcb_neg_dataset3_72/pcb_neg_dataset3_72.jpg,pcb_neg_dataset3_72.jpg,pcb_neg_dataset3,11_spurious_copper_02_jpg.rf.37c1ac968c32135c5ca91f40e203f9b7.jpg,11e2687cbb0f7989421606c266dcb8e9
Data/pcb_neg_dataset3/pcb_neg_dataset3_720/pcb_neg_dataset3_720.jpg,pcb_neg_dataset3_720.jpg,pcb_neg_dataset3,01_spurious_copper_05_jpg.rf.54d906e2d4e423f6959e506c7c6b6b0f.jpg,ab00492d12c64eb128b878104107ede4
Data/pcb_neg_dataset3/pcb_neg_dataset3_721/pcb_neg_dataset3_721.jpg,pcb_neg_dataset3_721.jpg,pcb_neg_dataset3,01_missing_hole_09_jpg.rf.88a19c7de8f8278fcbedf0d679a83dba.jpg,30ba34ae43a1a2b40acff4a68286be79
Data/pcb_neg_dataset3/pcb_neg_dataset3_722/pcb_neg_dataset3_722.jpg,pcb_neg_dataset3_722.jpg,pcb_neg_dataset3,01_spurious_copper_05_jpg.rf.bcccbc79942370c208ab205acb14af2b.jpg,34102f4949bc91904fb6327c57819740
Data/pcb_neg_dataset3/pcb_neg_dataset3_723/pcb_neg_dataset3_723.jpg,pcb_neg_dataset3_723.jpg,pcb_neg_dataset3,01_spurious_copper_05_jpg.rf.fa4fc4beb72bbafbad573f5a46e1423d.jpg,66df099dbc89ec2a0f8f61573dff74e6
Data/pcb_neg_dataset3/pcb_neg_dataset3_724/pcb_neg_dataset3_724.jpg,pcb_neg_dataset3_724.jpg,pcb_neg_dataset3,01_spurious_copper_05_jpg.rf.ffefb34ebc2910b12b5a104e7e6d8d51.jpg,001379d0d7ee60f118bfeb6530c8971f
Data/pcb_neg_dataset3/pcb_neg_dataset3_725/pcb_neg_dataset3_725.jpg,pcb_neg_dataset3_725.jpg,pcb_neg_dataset3,01_spurious_copper_06_jpg.rf.1cca9dc3c1d601be26d4293f7f2ebb88.jpg,2032aeda0d6838fa3411ee45d2f7df0f
Data/pcb_neg_dataset3/pcb_neg_dataset3_726/pcb_neg_dataset3_726.jpg,pcb_neg_dataset3_726.jpg,pcb_neg_dataset3,01_spurious_copper_06_jpg.rf.3040c74d9b1083bdd03eb91fd809aae7.jpg,0d728260d0349aae25786de73e431a69
Data/pcb_neg_dataset3/pcb_neg_dataset3_727/pcb_neg_dataset3_727.jpg,pcb_neg_dataset3_727.jpg,pcb_neg_dataset3,01_spurious_copper_06_jpg.rf.575ccefaf0a99bba74ee19dfb8d12c61.jpg,da9111ef333bc0803eae81c93e0331a8
Data/pcb_neg_dataset3/pcb_neg_dataset3_728/pcb_neg_dataset3_728.jpg,pcb_neg_dataset3_728.jpg,pcb_neg_dataset3,01_spurious_copper_06_jpg.rf.6c1f5dc43635889993e89d1de61ae92f.jpg,6c8c9e715d65080406e75bc6ddaade54
Data/pcb_neg_dataset3/pcb_neg_dataset3_729/pcb_neg_dataset3_729.jpg,pcb_neg_dataset3_729.jpg,pcb_neg_dataset3,01_spurious_copper_06_jpg.rf.7848ce04422e330ad8ec1105f7983ee2.jpg,f696553f5b46ac1d127d609c95811d77
Data/pcb_neg_dataset3/pcb_neg_dataset3_73/pcb_neg_dataset3_73.jpg,pcb_neg_dataset3_73.jpg,pcb_neg_dataset3,11_spurious_copper_02_jpg.rf.7ed0e45a8443abaf7bd34395c1aa7358.jpg,77c900da33043e201b1e0c0aaa9fdd35
Data/pcb_neg_dataset3/pcb_neg_dataset3_730/pcb_neg_dataset3_730.jpg,pcb_neg_dataset3_730.jpg,pcb_neg_dataset3,01_spurious_copper_06_jpg.rf.b02fed5060888c8f6eb2e65f79fe0753.jpg,2427309c4715cca4cd889617cf2f83d9
Data/pcb_neg_dataset3/pcb_neg_dataset3_731/pcb_neg_dataset3_731.jpg,pcb_neg_dataset3_731.jpg,pcb_neg_dataset3,01_missing_hole_01_jpg.rf.c55a440992a407efd6716ff0e1b59c6c.jpg,014ddcf4a232c03e3741187e07847a63
Data/pcb_neg_dataset3/pcb_neg_dataset3_732/pcb_neg_dataset3_732.jpg,pcb_neg_dataset3_732.jpg,pcb_neg_dataset3,01_spurious_copper_06_jpg.rf.c42d3f938f37d182fc306f101626103e.jpg,be32b391130a3880b0674a9e8b0f3649
Data/pcb_neg_dataset3/pcb_neg_dataset3_733/pcb_neg_dataset3_733.jpg,pcb_neg_dataset3_733.jpg,pcb_neg_dataset3,01_spurious_copper_06_jpg.rf.d98f72df8d08bb26649ac475277ad760.jpg,9d2199011de2a9004b69e219a22bc676
Data/pcb_neg_dataset3/pcb_neg_dataset3_734/pcb_neg_dataset3_734.jpg,pcb_neg_dataset3_734.jpg,pcb_neg_dataset3,01_spurious_copper_06_jpg.rf.f7c07487aee55348feec70b1b2a6a4a8.jpg,f5c532dd6b0964f4dfcf284a53ee06f1
Data/pcb_neg_dataset3/pcb_neg_dataset3_735/pcb_neg_dataset3_735.jpg,pcb_neg_dataset3_735.jpg,pcb_neg_dataset3,01_missing_hole_03_jpg.rf.82799d58368c0b858cc44440b8655a75.jpg,cf733260904c780e956171bfaa73c189
Data/pcb_neg_dataset3/pcb_neg_dataset3_736/pcb_neg_dataset3_736.jpg,pcb_neg_dataset3_736.jpg,pcb_neg_dataset3,01_spurious_copper_06_jpg.rf.fd64bc432b91423c28bff59cc1f13997.jpg,06b2543e23c352ffe7ac8f8ced2deb8a
Data/pcb_neg_dataset3/pcb_neg_dataset3_737/pcb_neg_dataset3_737.jpg,pcb_neg_dataset3_737.jpg,pcb_neg_dataset3,01_spurious_copper_08_jpg.rf.035df851b8e41846ab1165a79af69e82.jpg,6495dd1aa1d23f44d1ca19ceda0b0d1f
Data/pcb_neg_dataset3/pcb_neg_dataset3_738/pcb_neg_dataset3_738.jpg,pcb_neg_dataset3_738.jpg,pcb_neg_dataset3,01_spurious_copper_05_jpg.rf.54d906e2d4e423f6959e506c7c6b6b0f.jpg,ab00492d12c64eb128b878104107ede4
Data/pcb_neg_dataset3/pcb_neg_dataset3_739/pcb_neg_dataset3_739.jpg,pcb_neg_dataset3_739.jpg,pcb_neg_dataset3,01_missing_hole_09_jpg.rf.88a19c7de8f8278fcbedf0d679a83dba.jpg,30ba34ae43a1a2b40acff4a68286be79
Data/pcb_neg_dataset3/pcb_neg_dataset3_74/pcb_neg_dataset3_74.jpg,pcb_neg_dataset3_74.jpg,pcb_neg_dataset3,11_mouse_bite_04_jpg.rf.1b3cfdf577cd5d330d34150df2e98857.jpg,1678926b50ae8a07b1193bd59cf0475c
Data/pcb_neg_dataset3/pcb_neg_dataset3_740/pcb_neg_dataset3_740.jpg,pcb_neg_dataset3_740.jpg,pcb_neg_dataset3,01_spurious_copper_08_jpg.rf.4e17a79a1a556178050cee3c740ecf3e.jpg,6717572d22882320e23c329d5e556343
Data/pcb_neg_dataset3/pcb_neg_dataset3_741/pcb_neg_dataset3_741.jpg,pcb_neg_dataset3_741.jpg,pcb_neg_dataset3,01_spurious_copper_08_jpg.rf.5a526ca02f44f887c26b407f9ece94bc.jpg,f35e242bfb5d616faeee06cc375b8fa4
Data/pcb_neg_dataset3/pcb_neg_dataset3_742/pcb_neg_dataset3_742.jpg,pcb_neg_dataset3_742.jpg,pcb_neg_dataset3,01_spurious_copper_08_jpg.rf.70738899a533fd12e2ebf0d4e894089f.jpg,bf4775c2309e1b3c7f6a756f24be0c86
Data/pcb_neg_dataset3/pcb_neg_dataset3_743/pcb_neg_dataset3_743.jpg,pcb_neg_dataset3_743.jpg,pcb_neg_dataset3,01_missing_hole_01_jpg.rf.21c562e37b5360e3e0c867bf3276fdcc.jpg,dc2b168d09acdd683ec8ab98d0ac6786
Data/pcb_neg_dataset3/pcb_neg_dataset3_744/pcb_neg_dataset3_744.jpg,pcb_neg_dataset3_744.jpg,pcb_neg_dataset3,01_missing_hole_01_jpg.rf.c55a440992a407efd6716ff0e1b59c6c.jpg,014ddcf4a232c03e3741187e07847a63
Data/pcb_neg_dataset3/pcb_neg_dataset3_745/pcb_neg_dataset3_745.jpg,pcb_neg_dataset3_745.jpg,pcb_neg_dataset3,01_spurious_copper_08_jpg.rf.c898c165d8b2ef78b58e2ef7e3ad4513.jpg,f0973672e0408b42e193e3375945d641
Data/pcb_neg_dataset3/pcb_neg_dataset3_746/pcb_neg_dataset3_746.jpg,pcb_neg_dataset3_746.jpg,pcb_neg_dataset3,01_spurious_copper_08_jpg.rf.cbd2c84d0a38977d2574992595fbf0e3.jpg,cfecde9aa435729ebda0244cd75e25c1
Data/pcb_neg_dataset3/pcb_neg_dataset3_747/pcb_neg_dataset3_747.jpg,pcb_neg_dataset3_747.jpg,pcb_neg_dataset3,01_spurious_copper_05_jpg.rf.bcccbc79942370c208ab205acb14af2b.jpg,34102f4949bc91904fb6327c57819740
Data/pcb_neg_dataset3/pcb_neg_dataset3_748/pcb_neg_dataset3_748.jpg,pcb_neg_dataset3_748.jpg,pcb_neg_dataset3,01_spurious_copper_08_jpg.rf.f6524cd7c659dc3815c81fda44ba8efa.jpg,7efb43d048a4ea32b2745d95c56fb2e0
Data/pcb_neg_dataset3/pcb_neg_dataset3_749/pcb_neg_dataset3_749.jpg,pcb_neg_dataset3_749.jpg,pcb_neg_dataset3,01_spurious_copper_10_jpg.rf.167cb72163f451780f9b54b6b0a2e9d1.jpg,ed5e6755d5fe0029454f4d94fb1f4a1b
Data/pcb_neg_dataset3/pcb_neg_dataset3_75/pcb_neg_dataset3_75.jpg,pcb_neg_dataset3_75.jpg,pcb_neg_dataset3,11_spurious_copper_03_jpg.rf.01c95fd1ce8fa52a2bc0e0387e484cfb.jpg,c97257aa35190ace533c5f7a22756961
Data/pcb_neg_dataset3/pcb_neg_dataset3_750/pcb_neg_dataset3_750.jpg,pcb_neg_dataset3_750.jpg,pcb_neg_dataset3,01_spurious_copper_10_jpg.rf.18e94b3df329f043f51651dd48eca9e8.jpg,9e8db732eaf23a08fb0167624a259fd5
Data/pcb_neg_dataset3/pcb_neg_dataset3_751/pcb_neg_dataset3_751.jpg,pcb_neg_dataset3_751.jpg,pcb_neg_dataset3,01_spurious_copper_10_jpg.rf.2060d8a78dacdacd885490bf29c705f5.jpg,1d5a53380e7a2209fd27da08f15e7e68
Data/pcb_neg_dataset3/pcb_neg_dataset3_752/pcb_neg_dataset3_752.jpg,pcb_neg_dataset3_752.jpg,pcb_neg_dataset3,01_spurious_copper_10_jpg.rf.26ef6688a6fd172e05729ae577c2e258.jpg,3edee5999469a70b7adce2d84de78d35
Data/pcb_neg_dataset3/pcb_neg_dataset3_753/pcb_neg_dataset3_753.jpg,pcb_neg_dataset3_753.jpg,pcb_neg_dataset3,01_spurious_copper_10_jpg.rf.4d7a64eff01184dfd3e3b70f520c2593.jpg,9bbfa17be07d1ace5522bda211374d5a
Data/pcb_neg_dataset3/pcb_neg_dataset3_754/pcb_neg_dataset3_754.jpg,pcb_neg_dataset3_754.jpg,pcb_neg_dataset3,01_spurious_copper_10_jpg.rf.65bd224cfdd4266a3d19d310e31b7a10.jpg,7948720526174accc94b50fe76527e9f
Data/pcb_neg_dataset3/pcb_neg_dataset3_755/pcb_neg_dataset3_755.jpg,pcb_neg_dataset3_755.jpg,pcb_neg_dataset3,01_spurious_copper_10_jpg.rf.75935ae9b8578fdedd7028a4c7cfe238.jpg,348ada604ff3e0209f5630095cd4e208
Data/pcb_neg_dataset3/pcb_neg_dataset3_756/pcb_neg_dataset3_756.jpg,pcb_neg_dataset3_756.jpg,pcb_neg_dataset3,01_spurious_copper_10_jpg.rf.7944bdd28df0be3366b1163e46e0bc87.jpg,704677b3ea7a8d8b872946637f1279b5
Data/pcb_neg_dataset3/pcb_neg_dataset3_757/pcb_neg_dataset3_757.jpg,pcb_neg_dataset3_757.jpg,pcb_neg_dataset3,01_spurious_copper_10_jpg.rf.900ccfce3c8e48a19b0522b80cb67b04.jpg,4d59e62649c6db0c6c60e13fc2734b0d
Data/pcb_neg_dataset3/pcb_neg_dataset3_758/pcb_neg_dataset3_758.jpg,pcb_neg_dataset3_758.jpg,pcb_neg_dataset3,01_missing_hole_01_jpg.rf.c55a440992a407efd6716ff0e1b59c6c.jpg,014ddcf4a232c03e3741187e07847a63
Data/pcb_neg_dataset3/pcb_neg_dataset3_759/pcb_neg_dataset3_759.jpg,pcb_neg_dataset3_759.jpg,pcb_neg_dataset3,01_spurious_copper_10_jpg.rf.a8617f96f6c358aeb4974f0882a2c823.jpg,7221a223a90f830389d64a0055a9e486
Data/pcb_neg_dataset3/pcb_neg_dataset3_76/pcb_neg_dataset3_76.jpg,pcb_neg_dataset3_76.jpg,pcb_neg_dataset3,11_spurious_copper_03_jpg.rf.2591a9e8fe2b70b0d74b8d4df282efed.jpg,53b2b98c74d74bfe2ccb59f95da8274f
Data/pcb_neg_dataset3/pcb_neg_dataset3_760/pcb_neg_dataset3_760.jpg,pcb_neg_dataset3_760.jpg,pcb_neg_dataset3,01_spurious_copper_10_jpg.rf.d9da253a4122efcc42c592bef022df0e.jpg,4dc12932a292c9df631e3b9f33d29042
Data/pcb_neg_dataset3/pcb_neg_dataset3_761/pcb_neg_dataset3_761.jpg,pcb_neg_dataset3_761.jpg,pcb_neg_dataset3,01_spurious_copper_11_jpg.rf.1e789361200ac16f5e8e76f9197a6380.jpg,674bdf240b5e0274b68d971fb1de8615
Data/pcb_neg_dataset3/pcb_neg_dataset3_762/pcb_neg_dataset3_762.jpg,pcb_neg_dataset3_762.jpg,pcb_neg_dataset3,01_spurious_copper_11_jpg.rf.55f5890d583e46db01071cfb2d781e42.jpg,b8f7e361416e4e4f763eb61307b7fcfc
Data/pcb_neg_dataset3/pcb_neg_dataset3_763/pcb_neg_dataset3_763.jpg,pcb_neg_dataset3_763.jpg,pcb_neg_dataset3,01_spurious_copper_11_jpg.rf.81079eb4621ce82c32e72dc3f64535bb.jpg,ae796e72ac85c5923cce979308bd8e37
Data/pcb_neg_dataset3/pcb_neg_dataset3_764/pcb_neg_dataset3_764.jpg,pcb_neg_dataset3_764.jpg,pcb_neg_dataset3,01_spurious_copper_11_jpg.rf.bea60e59c19c272215892026d7a11e03.jpg,f4363ce0c1a96a19ecdbf9d064e1d9ed
Data/pcb_neg_dataset3/pcb_neg_dataset3_765/pcb_neg_dataset3_765.jpg,pcb_neg_dataset3_765.jpg,pcb_neg_dataset3,01_spurious_copper_11_jpg.rf.c3afbf721305e3fcc53927f27c071d15.jpg,062b7dcfbc39a88f15a61f4cecd69cbe
Data/pcb_neg_dataset3/pcb_neg_dataset3_766/pcb_neg_dataset3_766.jpg,pcb_neg_dataset3_766.jpg,pcb_neg_dataset3,01_missing_hole_01_jpg.rf.c55a440992a407efd6716ff0e1b59c6c.jpg,014ddcf4a232c03e3741187e07847a63
Data/pcb_neg_dataset3/pcb_neg_dataset3_767/pcb_neg_dataset3_767.jpg,pcb_neg_dataset3_767.jpg,pcb_neg_dataset3,01_spurious_copper_11_jpg.rf.d46193c045949882af6a8e42b2c856a5.jpg,8cd0f36e772b45015ccca1b882aef7c6
Data/pcb_neg_dataset3/pcb_neg_dataset3_768/pcb_neg_dataset3_768.jpg,pcb_neg_dataset3_768.jpg,pcb_neg_dataset3,01_spurious_copper_11_jpg.rf.d94a0784a963b3dd1f793c21e63517cb.jpg,8605b3fd4c6feb9cc33fdc0e5a907d4e
Data/pcb_neg_dataset3/pcb_neg_dataset3_769/pcb_neg_dataset3_769.jpg,pcb_neg_dataset3_769.jpg,pcb_neg_dataset3,01_spurious_copper_11_jpg.rf.e3ea169214c989dafe18d6fc0db4d187.jpg,c6f5a9a029cdb3216366f6d026a813f0
Data/pcb_neg_dataset3/pcb_neg_dataset3_77/pcb_neg_dataset3_77.jpg,pcb_neg_dataset3_77.jpg,pcb_neg_dataset3,11_spurious_copper_03_jpg.rf.76dfc601e38af0aaa9b260175a1b3869.jpg,3e1d5af4ab534806125815aa3ffdab3d
Data/pcb_neg_dataset3/pcb_neg_dataset3_770/pcb_neg_dataset3_770.jpg,pcb_neg_dataset3_770.jpg,pcb_neg_dataset3,01_missing_hole_09_jpg.rf.88a19c7de8f8278fcbedf0d679a83dba.jpg,30ba34ae43a1a2b40acff4a68286be79
Data/pcb_neg_dataset3/pcb_neg_dataset3_771/pcb_neg_dataset3_771.jpg,pcb_neg_dataset3_771.jpg,pcb_neg_dataset3,01_spurious_copper_11_jpg.rf.f804720faddd706ce0b848af3c0bca7d.jpg,6344c3ee5d077107b94b7a50191e5880
Data/pcb_neg_dataset3/pcb_neg_dataset3_772/pcb_neg_dataset3_772.jpg,pcb_neg_dataset3_772.jpg,pcb_neg_dataset3,01_spurious_copper_11_jpg.rf.fc4b4ce08a45c9d2b56b8373537883d3.jpg,d8dba70bc08a13b43e45783dbf76c5ef
Data/pcb_neg_dataset3/pcb_neg_dataset3_773/pcb_neg_dataset3_773.jpg,pcb_neg_dataset3_773.jpg,pcb_neg_dataset3,01_spurious_copper_13_jpg.rf.066ef130097456e9d6f196ae44584d65.jpg,5ccc37965c2c6fcac0b74eb61d1ded73
Data/pcb_neg_dataset3/pcb_neg_dataset3_774/pcb_neg_dataset3_774.jpg,pcb_neg_dataset3_774.jpg,pcb_neg_dataset3,01_spurious_copper_13_jpg.rf.0f09e225f942b2af99266830f85965bb.jpg,5d042bde694599226617ea971f3d0ec1
Data/pcb_neg_dataset3/pcb_neg_dataset3_775/pcb_neg_dataset3_775.jpg,pcb_neg_dataset3_775.jpg,pcb_neg_dataset3,01_spurious_copper_13_jpg.rf.1d957a671e8c53d165240670e379ab15.jpg,ab646ba03cb0cd49984488602b1765fd
Data/pcb_neg_dataset3/pcb_neg_dataset3_776/pcb_neg_dataset3_776.jpg,pcb_neg_dataset3_776.jpg,pcb_neg_dataset3,01_spurious_copper_13_jpg.rf.3273ee24a38776e3bb53c29881713754.jpg,172ed1ff789c39ae55b2508ca9e2dda4
Data/pcb_neg_dataset3/pcb_neg_dataset3_777/pcb_neg_dataset3_777.jpg,pcb_neg_dataset3_777.jpg,pcb_neg_dataset3,01_spurious_copper_13_jpg.rf.37368daa457adec158ad3f1de83e1910.jpg,f0bef814ccc724e438df3ab70f69abf6
Data/pcb_neg_dataset3/pcb_neg_dataset3_778/pcb_neg_dataset3_778.jpg,pcb_neg_dataset3_778.jpg,pcb_neg_dataset3,01_spurious_copper_13_jpg.rf.3cbf1e9aa490fedd931c024d2e581ae6.jpg,f7a69a2a2a5681287f8745f45ccfefa3
Data/pcb_neg_dataset3/pcb_neg_dataset3_779/pcb_neg_dataset3_779.jpg,pcb_neg_dataset3_779.jpg,pcb_neg_dataset3,01_spurious_copper_13_jpg.rf.431fbb02e895d08fa054239bac3fa755.jpg,ef4cbbdf47b6e10216bedb28cea353c0
Data/pcb_neg_dataset3/pcb_neg_dataset3_78/pcb_neg_dataset3_78.jpg,pcb_neg_dataset3_78.jpg,pcb_neg_dataset3,11_mouse_bite_04_jpg.rf.1b3cfdf577cd5d330d34150df2e98857.jpg,1678926b50ae8a07b1193bd59cf0475c
Data/pcb_neg_dataset3/pcb_neg_dataset3_780/pcb_neg_dataset3_780.jpg,pcb_neg_dataset3_780.jpg,pcb_neg_dataset3,01_missing_hole_01_jpg.rf.21c562e37b5360e3e0c867bf3276fdcc.jpg,dc2b168d09acdd683ec8ab98d0ac6786
Data/pcb_neg_dataset3/pcb_neg_dataset3_781/pcb_neg_dataset3_781.jpg,pcb_neg_dataset3_781.jpg,pcb_neg_dataset3,01_missing_hole_01_jpg.rf.c55a440992a407efd6716ff0e1b59c6c.jpg,014ddcf4a232c03e3741187e07847a63
Data/pcb_neg_dataset3/pcb_neg_dataset3_782/pcb_neg_dataset3_782.jpg,pcb_neg_dataset3_782.jpg,pcb_neg_dataset3,01_spurious_copper_13_jpg.rf.c507974f8631eaa8efb517e51e45c84b.jpg,235a405f2e364c168b4f366474b4b944
Data/pcb_neg_dataset3/pcb_neg_dataset3_783/pcb_neg_dataset3_783.jpg,pcb_neg_dataset3_783.jpg,pcb_neg_dataset3,01_spurious_copper_13_jpg.rf.c66d4e3e04f9f54f216fbbef68b11d9b.jpg,8ea7f468aecabae041aea307e96db239
Data/pcb_neg_dataset3/pcb_neg_dataset3_784/pcb_neg_dataset3_784.jpg,pcb_neg_dataset3_784.jpg,pcb_neg_dataset3,01_spurious_copper_13_jpg.rf.eea85276cc333df53715d403f4b00f7c.jpg,85407abc3718fa0c1d9e754fc96e2204
Data/pcb_neg_dataset3/pcb_neg_dataset3_785/pcb_neg_dataset3_785.jpg,pcb_neg_dataset3_785.jpg,pcb_neg_dataset3,01_missing_hole_09_jpg.rf.88a19c7de8f8278fcbedf0d679a83dba.jpg,30ba34ae43a1a2b40acff4a68286be79
Data/pcb_neg_dataset3/pcb_neg_dataset3_786/pcb_neg_dataset3_786.jpg,pcb_neg_dataset3_786.jpg,pcb_neg_dataset3,01_spurious_copper_15_jpg.rf.20a19569f9d58cdc1a9e08d6c4b06924.jpg,841edd5b0d815c8147c37c527a63be0d
Data/pcb_neg_dataset3/pcb_neg_dataset3_787/pcb_neg_dataset3_787.jpg,pcb_neg_dataset3_787.jpg,pcb_neg_dataset3,01_missing_hole_01_jpg.rf.c55a440992a407efd6716ff0e1b59c6c.jpg,014ddcf4a232c03e3741187e07847a63
Data/pcb_neg_dataset3/pcb_neg_dataset3_788/pcb_neg_dataset3_788.jpg,pcb_neg_dataset3_788.jpg,pcb_neg_dataset3,01_spurious_copper_15_jpg.rf.388e7d00fa84707eb8f0804c732ce723.jpg,fe45c03b19d08448a05f8a3c30638962
Data/pcb_neg_dataset3/pcb_neg_dataset3_789/pcb_neg_dataset3_789.jpg,pcb_neg_dataset3_789.jpg,pcb_neg_dataset3,01_spurious_copper_15_jpg.rf.7417ff587524144b45d84ba65711addd.jpg,e3da9410a1588b2b6c4088fc540ad2ba
Data/pcb_neg_dataset3/pcb_neg_dataset3_79/pcb_neg_dataset3_79.jpg,pcb_neg_dataset3_79.jpg,pcb_neg_dataset3,11_missing_hole_01_jpg.rf.6485d03c91961e9506a61c35fb18328c.jpg,9983e9c89f72c27d8946a17d2519fa3a
Data/pcb_neg_dataset3/pcb_neg_dataset3_790/pcb_neg_dataset3_790.jpg,pcb_neg_dataset3_790.jpg,pcb_neg_dataset3,01_spurious_copper_15_jpg.rf.8d8be4f07bc6fa2666ff05abe8aa5699.jpg,7c04ea4896f51466d047963905f4885b
Data/pcb_neg_dataset3/pcb_neg_dataset3_791/pcb_neg_dataset3_791.jpg,pcb_neg_dataset3_791.jpg,pcb_neg_dataset3,01_spurious_copper_15_jpg.rf.909b60e6f877345fcdfc51e11c787e66.jpg,c88f4e44e398fea78cad745d87304e0e
Data/pcb_neg_dataset3/pcb_neg_dataset3_792/pcb_neg_dataset3_792.jpg,pcb_neg_dataset3_792.jpg,pcb_neg_dataset3,01_spurious_copper_15_jpg.rf.a282663f9691214be45425f85ab4e14c.jpg,99145a66de9dee123a2d12cf5470cd6b
Data/pcb_neg_dataset3/pcb_neg_dataset3_793/pcb_neg_dataset3_793.jpg,pcb_neg_dataset3_793.jpg,pcb_neg_dataset3,01_missing_hole_03_jpg.rf.82799d58368c0b858cc44440b8655a75.jpg,cf733260904c780e956171bfaa73c189
Data/pcb_neg_dataset3/pcb_neg_dataset3_794/pcb_neg_dataset3_794.jpg,pcb_neg_dataset3_794.jpg,pcb_neg_dataset3,01_spurious_copper_15_jpg.rf.bfd5946a11f14e858951499a31e543da.jpg,24f269f723b18ce2941f5e2251ca48d4
Data/pcb_neg_dataset3/pcb_neg_dataset3_795/pcb_neg_dataset3_795.jpg,pcb_neg_dataset3_795.jpg,pcb_neg_dataset3,01_spurious_copper_15_jpg.rf.e1e3ca67714c57e1c6f992a7a61e3d46.jpg,3fdb66e61238c4d056a59eb975bc551f
Data/pcb_neg_dataset3/pcb_neg_dataset3_796/pcb_neg_dataset3_796.jpg,pcb_neg_dataset3_796.jpg,pcb_neg_dataset3,01_spurious_copper_15_jpg.rf.fe3d882864d4bac35bcbc56fa25d0168.jpg,411479a78e3abd23bb30b8e8430505fd
Data/pcb_neg_dataset3/pcb_neg_dataset3_797/pcb_neg_dataset3_797.jpg,pcb_neg_dataset3_797.jpg,pcb_neg_dataset3,01_spurious_copper_16_jpg.rf.0075010197a6c25edf66e63d1e7c8677.jpg,c1fbf5fd8ee97b05dcf2c44c84eebbeb
Data/pcb_neg_dataset3/pcb_neg_dataset3_798/pcb_neg_dataset3_798.jpg,pcb_neg_dataset3_798.jpg,pcb_neg_dataset3,01_spurious_copper_16_jpg.rf.13a038a052e18cbe4940fc6dddd4b3d0.jpg,a051ef8ab9e173cfad5b34a7b5d177b8
Data/pcb_neg_dataset3/pcb_neg_dataset3_799/pcb_neg_dataset3_799.jpg,pcb_neg_dataset3_799.jpg,pcb_neg_dataset3,01_spurious_copper_16_jpg.rf.19119a5ab51214bc7519a3f935f887a6.jpg,a7e235ae9049604b837bb4c51b24fd12
Data/pcb_neg_dataset3/pcb_neg_dataset3_8/pcb_neg_dataset3_8.jpg,pcb_neg_dataset3_8.jpg,pcb_neg_dataset3,09_spurious_copper_05_jpg.rf.52e4503f473d552dd8d71f0bca3de12b.jpg,76ca57110d58a1f41f5df3ca0927972b
Data/pcb_neg_dataset3/pcb_neg_dataset3_80/pcb_neg_dataset3_80.jpg,pcb_neg_dataset3_80.jpg,pcb_neg_dataset3,11_spurious_copper_04_jpg.rf.964b8bd6cdf35777b00269dbdf8cc739.jpg,186dc06f12443f807b213772a382b30f
Data/pcb_neg_dataset3/pcb_neg_dataset3_800/pcb_neg_dataset3_800.jpg,pcb_neg_dataset3_800.jpg,pcb_neg_dataset3,01_spurious_copper_16_jpg.rf.29baa15f5ad402ca52521057b6374011.jpg,d9a13d2ad2c0140aa45caf95ca8dcbe1
Data/pcb_neg_dataset3/pcb_neg_dataset3_801/pcb_neg_dataset3_801.jpg,pcb_neg_dataset3_801.jpg,pcb_neg_dataset3,01_spurious_copper_16_jpg.rf.32bbc9b11a28736c9cb0fb2423847ad7.jpg,e57aa4114c5d56c7c13e929077482c32
Data/pcb_neg_dataset3/pcb_neg_dataset3_802/pcb_neg_dataset3_802.jpg,pcb_neg_dataset3_802.jpg,pcb_neg_dataset3,01_spurious_copper_16_jpg.rf.3ce529ea4f1c23686f0ca44a176485f5.jpg,d043b897f437a1526d28c3d80d6a1fb6
Data/pcb_neg_dataset3/pcb_neg_dataset3_803/pcb_neg_dataset3_803.jpg,pcb_neg_dataset3_803.jpg,pcb_neg_dataset3,01_spurious_copper_16_jpg.rf.9289526282b84cdaea4e62d73a8982aa.jpg,c11414a9363c508c368877870a133c2a
Data/pcb_neg_dataset3/pcb_neg_dataset3_804/pcb_neg_dataset3_804.jpg,pcb_neg_dataset3_804.jpg,pcb_neg_dataset3,01_missing_hole_03_jpg.rf.82799d58368c0b858cc44440b8655a75.jpg,cf733260904c780e956171bfaa73c189
Data/pcb_neg_dataset3/pcb_neg_dataset3_805/pcb_neg_dataset3_805.jpg,pcb_neg_dataset3_805.jpg,pcb_neg_dataset3,01_spurious_copper_16_jpg.rf.a0b5655cd61e44d5009a68a766604528.jpg,6df96a6015221504f4b05f1544489a04
Data/pcb_neg_dataset3/pcb_neg_dataset3_806/pcb_neg_dataset3_806.jpg,pcb_neg_dataset3_806.jpg,pcb_neg_dataset3,01_spurious_copper_16_jpg.rf.b8ec210a6f75fe1d8a75c6cfc61a0067.jpg,f09ddf477e75b17d0c9630293115bd01
Data/pcb_neg_dataset3/pcb_neg_dataset3_807/pcb_neg_dataset3_807.jpg,pcb_neg_dataset3_807.jpg,pcb_neg_dataset3,01_missing_hole_01_jpg.rf.c55a440992a407efd6716ff0e1b59c6c.jpg,014ddcf4a232c03e3741187e07847a63
Data/pcb_neg_dataset3/pcb_neg_dataset3_808/pcb_neg_dataset3_808.jpg,pcb_neg_dataset3_808.jpg,pcb_neg_dataset3,01_missing_hole_01_jpg.rf.21c562e37b5360e3e0c867bf3276fdcc.jpg,dc2b168d09acdd683ec8ab98d0ac6786
Data/pcb_neg_dataset3/pcb_neg_dataset3_809/pcb_neg_dataset3_809.jpg,pcb_neg_dataset3_809.jpg,pcb_neg_dataset3,01_missing_hole_01_jpg.rf.21c562e37b5360e3e0c867bf3276fdcc.jpg,dc2b168d09acdd683ec8ab98d0ac6786
Data/pcb_neg_dataset3/pcb_neg_dataset3_81/pcb_neg_dataset3_81.jpg,pcb_neg_dataset3_81.jpg,pcb_neg_dataset3,11_spurious_copper_04_jpg.rf.ba74caa36854cbd990da52ff64f543f9.jpg,7c036fff947eb187b0ea0090a03bf622
Data/pcb_neg_dataset3/pcb_neg_dataset3_810/pcb_neg_dataset3_810.jpg,pcb_neg_dataset3_810.jpg,pcb_neg_dataset3,01_spurious_copper_17_jpg.rf.1d965eb725766c705441a2aac5619bd8.jpg,6ad5ccf802866d559d3f8b0bb4beb139
Data/pcb_neg_dataset3/pcb_neg_dataset3_811/pcb_neg_dataset3_811.jpg,pcb_neg_dataset3_811.jpg,pcb_neg_dataset3,01_missing_hole_01_jpg.rf.c55a440992a407efd6716ff0e1b59c6c.jpg,014ddcf4a232c03e3741187e07847a63
Data/pcb_neg_dataset3/pcb_neg_dataset3_812/pcb_neg_dataset3_812.jpg,pcb_neg_dataset3_812.jpg,pcb_neg_dataset3,01_missing_hole_09_jpg.rf.88a19c7de8f8278fcbedf0d679a83dba.jpg,30ba34ae43a1a2b40acff4a68286be79
Data/pcb_neg_dataset3/pcb_neg_dataset3_813/pcb_neg_dataset3_813.jpg,pcb_neg_dataset3_813.jpg,pcb_neg_dataset3,01_spurious_copper_17_jpg.rf.52c6d1a2f86e860612f04a0cb11ccf03.jpg,322150e3bc557a03f2a73ff4d7617227
Data/pcb_neg_dataset3/pcb_neg_dataset3_814/pcb_neg_dataset3_814.jpg,pcb_neg_dataset3_814.jpg,pcb_neg_dataset3,01_spurious_copper_17_jpg.rf.7be86394df5adadfae003d35b4477772.jpg,0f466ec816a3cfb743a70a368bb19814
Data/pcb_neg_dataset3/pcb_neg_dataset3_815/pcb_neg_dataset3_815.jpg,pcb_neg_dataset3_815.jpg,pcb_neg_dataset3,01_spurious_copper_17_jpg.rf.847566a829716f02d9468e305037b968.jpg,189042c2e157c78d858ab7e582222b17
Data/pcb_neg_dataset3/pcb_neg_dataset3_816/pcb_neg_dataset3_816.jpg,pcb_neg_dataset3_816.jpg,pcb_neg_dataset3,01_spurious_copper_17_jpg.rf.8583effc392ae710013b2f98b435ea61.jpg,45c5d7550f507d09e5ef4887d6e42984
Data/pcb_neg_dataset3/pcb_neg_dataset3_817/pcb_neg_dataset3_817.jpg,pcb_neg_dataset3_817.jpg,pcb_neg_dataset3,01_spurious_copper_17_jpg.rf.8a81076830decdaa281efd8f2dd29d5b.jpg,48ad31420deac31be19ebcad6291e6cb
Data/pcb_neg_dataset3/pcb_neg_dataset3_818/pcb_neg_dataset3_818.jpg,pcb_neg_dataset3_818.jpg,pcb_neg_dataset3,01_spurious_copper_17_jpg.rf.a6e7bb846cffae4a6cb94ab5dc318275.jpg,58c51c6c97313107cddd0bd349b730b8
Data/pcb_neg_dataset3/pcb_neg_dataset3_819/pcb_neg_dataset3_819.jpg,pcb_neg_dataset3_819.jpg,pcb_neg_dataset3,01_spurious_copper_17_jpg.rf.afb89d268350cda09716ebdb2d38af00.jpg,4081a2fcf489ee23426322a8e3feb33f
Data/pcb_neg_dataset3/pcb_neg_dataset3_82/pcb_neg_dataset3_82.jpg,pcb_neg_dataset3_82.jpg,pcb_neg_dataset3,11_spurious_copper_04_jpg.rf.ff70b08e4f2796651d777332224db4f5.jpg,c89130e05f36644627921a84a041a324
Data/pcb_neg_dataset3/pcb_neg_dataset3_820/pcb_neg_dataset3_820.jpg,pcb_neg_dataset3_820.jpg,pcb_neg_dataset3,01_spurious_copper_17_jpg.rf.c203183fe1c9dbb303cb24466da6bd02.jpg,f100bea6db7d76eb917541e959f3649d
Data/pcb_neg_dataset3/pcb_neg_dataset3_821/pcb_neg_dataset3_821.jpg,pcb_neg_dataset3_821.jpg,pcb_neg_dataset3,01_spurious_copper_19_jpg.rf.01d09ad1a2241314bbe06fe8b27b6b0c.jpg,69e81b2c80da40dc4bd9cb4cf45a5e58
Data/pcb_neg_dataset3/pcb_neg_dataset3_822/pcb_neg_dataset3_822.jpg,pcb_neg_dataset3_822.jpg,pcb_neg_dataset3,01_spurious_copper_19_jpg.rf.3bcc795958e97cd69e5a3ee28a4b2b3a.jpg,a0bce088d7245afeabe3f8cd19eb1f26
Data/pcb_neg_dataset3/pcb_neg_dataset3_823/pcb_neg_dataset3_823.jpg,pcb_neg_dataset3_823.jpg,pcb_neg_dataset3,01_spurious_copper_19_jpg.rf.785bf3a98bde1ee6fb14673c0add1925.jpg,931225740439191696e7f3f96c59c2df
Data/pcb_neg_dataset3/pcb_neg_dataset3_824/pcb_neg_dataset3_824.jpg,pcb_neg_dataset3_824.jpg,pcb_neg_dataset3,01_missing_hole_01_jpg.rf.c55a440992a407efd6716ff0e1b59c6c.jpg,014ddcf4a232c03e3741187e07847a63
Data/pcb_neg_dataset3/pcb_neg_dataset3_825/pcb_neg_dataset3_825.jpg,pcb_neg_dataset3_825.jpg,pcb_neg_dataset3,01_spurious_copper_19_jpg.rf.8bdcabc0cb52f76b3f0dbb5485763e26.jpg,182cae4f438b6bb72a8f5aba4e247eb4
Data/pcb_neg_dataset3/pcb_neg_dataset3_826/pcb_neg_dataset3_826.jpg,pcb_neg_dataset3_826.jpg,pcb_neg_dataset3,01_spurious_copper_19_jpg.rf.af7c84aa1be945117f99365152b67c4b.jpg,1fb037ed7cec2ac62810c1f447033eab
Data/pcb_neg_dataset3/pcb_neg_dataset3_827/pcb_neg_dataset3_827.jpg,pcb_neg_dataset3_827.jpg,pcb_neg_dataset3,01_spurious_copper_06_jpg.rf.f7c07487aee55348feec70b1b2a6a4a8.jpg,f5c532dd6b0964f4dfcf284a53ee06f1
Data/pcb_neg_dataset3/pcb_neg_dataset3_828/pcb_neg_dataset3_828.jpg,pcb_neg_dataset3_828.jpg,pcb_neg_dataset3,01_spurious_copper_19_jpg.rf.bc211ec5c0b18cf83e015efddf8aadbf.jpg,7d1d896be18bb5814b3bcef45ea73e31
Data/pcb_neg_dataset3/pcb_neg_dataset3_829/pcb_neg_dataset3_829.jpg,pcb_neg_dataset3_829.jpg,pcb_neg_dataset3,01_spurious_copper_19_jpg.rf.cae1b93c1e51c0d9de4d5c5d407ea487.jpg,c4f534e4556eede1aae36d4038997740
Data/pcb_neg_dataset3/pcb_neg_dataset3_83/pcb_neg_dataset3_83.jpg,pcb_neg_dataset3_83.jpg,pcb_neg_dataset3,11_spurious_copper_05_jpg.rf.04a4f7c92942529ee61c3a688cef59c4.jpg,f8a0dac2eaab0fa277ce00119b39eae4
Data/pcb_neg_dataset3/pcb_neg_dataset3_830/pcb_neg_dataset3_830.jpg,pcb_neg_dataset3_830.jpg,pcb_neg_dataset3,01_spurious_copper_19_jpg.rf.cb6f48ea1c17668a288350c7c1e1e1ce.jpg,117874f101070e53039d7c03c644ead9
Data/pcb_neg_dataset3/pcb_neg_dataset3_831/pcb_neg_dataset3_831.jpg,pcb_neg_dataset3_831.jpg,pcb_neg_dataset3,01_missing_hole_09_jpg.rf.88a19c7de8f8278fcbedf0d679a83dba.jpg,30ba34ae43a1a2b40acff4a68286be79
Data/pcb_neg_dataset3/pcb_neg_dataset3_832/pcb_neg_dataset3_832.jpg,pcb_neg_dataset3_832.jpg,pcb_neg_dataset3,01_spurious_copper_19_jpg.rf.fc764fa065e7c870d8ad670e16ef5fc7.jpg,b1f1fe77da7acd0c595919baeb9e022c
Data/pcb_neg_dataset3/pcb_neg_dataset3_833/pcb_neg_dataset3_833.jpg,pcb_neg_dataset3_833.jpg,pcb_neg_dataset3,01_spurious_copper_20_jpg.rf.0572c3207f01350cbe1841ed2397cb14.jpg,8906aaa0b6494aa947fc2a5365a0bbc5
Data/pcb_neg_dataset3/pcb_neg_dataset3_834/pcb_neg_dataset3_834.jpg,pcb_neg_dataset3_834.jpg,pcb_neg_dataset3,01_spurious_copper_20_jpg.rf.1f1835cbd6879cd88867a5f2f9a22860.jpg,5520df73b0900c63c299441747e993cc
Data/pcb_neg_dataset3/pcb_neg_dataset3_835/pcb_neg_dataset3_835.jpg,pcb_neg_dataset3_835.jpg,pcb_neg_dataset3,01_spurious_copper_20_jpg.rf.3246bc7cac2709a4897b0384d58dafc9.jpg,2c680b756198403d3e97f92f16a8d32e
Data/pcb_neg_dataset3/pcb_neg_dataset3_836/pcb_neg_dataset3_836.jpg,pcb_neg_dataset3_836.jpg,pcb_neg_dataset3,01_open_circuit_11_jpg.rf.af863ce910780fc39833c3c59c30c2c7.jpg,30c774b368fc1412cc6f0134aae13314
Data/pcb_neg_dataset3/pcb_neg_dataset3_837/pcb_neg_dataset3_837.jpg,pcb_neg_dataset3_837.jpg,pcb_neg_dataset3,01_spurious_copper_20_jpg.rf.565549b4d8ca12ff5f996de0618cd87d.jpg,584ee807f4189c61c06669ecf02d5b26
Data/pcb_neg_dataset3/pcb_neg_dataset3_838/pcb_neg_dataset3_838.jpg,pcb_neg_dataset3_838.jpg,pcb_neg_dataset3,01_open_circuit_11_jpg.rf.b1cd154673b813aee7709ca53dc3719c.jpg,8607e7324b3bd7f543a0ca8882efb5ee
Data/pcb_neg_dataset3/pcb_neg_dataset3_839/pcb_neg_dataset3_839.jpg,pcb_neg_dataset3_839.jpg,pcb_neg_dataset3,01_spurious_copper_20_jpg.rf.73622dcbca88551fb8a841b7b327d31e.jpg,cbca0180d74cab8ff764e5cf3950c09a
Data/pcb_neg_dataset3/pcb_neg_dataset3_84/pcb_neg_dataset3_84.jpg,pcb_neg_dataset3_84.jpg,pcb_neg_dataset3,11_missing_hole_01_jpg.rf.6485d03c91961e9506a61c35fb18328c.jpg,9983e9c89f72c27d8946a17d2519fa3a
Data/pcb_neg_dataset3/pcb_neg_dataset3_840/pcb_neg_dataset3_840.jpg,pcb_neg_dataset3_840.jpg,pcb_neg_dataset3,01_spurious_copper_20_jpg.rf.87f66f03153b5449955dde85cfd95229.jpg,82a5b3a7dad6e022e625a480a30431af
Data/pcb_neg_dataset3/pcb_neg_dataset3_841/pcb_neg_dataset3_841.jpg,pcb_neg_dataset3_841.jpg,pcb_neg_dataset3,01_missing_hole_01_jpg.rf.21c562e37b5360e3e0c867bf3276fdcc.jpg,dc2b168d09acdd683ec8ab98d0ac6786
Data/pcb_neg_dataset3/pcb_neg_dataset3_842/pcb_neg_dataset3_842.jpg,pcb_neg_dataset3_842.jpg,pcb_neg_dataset3,01_spurious_copper_20_jpg.rf.bdf1461ea4c032600ace01783f5946ec.jpg,80904227bfe88886f8f574bba5a932a6
Data/pcb_neg_dataset3/pcb_neg_dataset3_843/pcb_neg_dataset3_843.jpg,pcb_neg_dataset3_843.jpg,pcb_neg_dataset3,01_spurious_copper_20_jpg.rf.c9fdb009efae784d9755bd288136e336.jpg,ba1f2fb9e5bd0c2bddc01ae0129e592f
Data/pcb_neg_dataset3/pcb_neg_dataset3_844/pcb_neg_dataset3_844.jpg,pcb_neg_dataset3_844.jpg,pcb_neg_dataset3,01_missing_hole_01_jpg.rf.c55a440992a407efd6716ff0e1b59c6c.jpg,014ddcf4a232c03e3741187e07847a63
Data/pcb_neg_dataset3/pcb_neg_dataset3_845/pcb_neg_dataset3_845.jpg,pcb_neg_dataset3_845.jpg,pcb_neg_dataset3,04_missing_hole_02_jpg.rf.81fdce230919fe68c783cd489d8f76f5.jpg,b089aa49674ff91cbdbdcffbaa094abd
Data/pcb_neg_dataset3/pcb_neg_dataset3_846/pcb_neg_dataset3_846.jpg,pcb_neg_dataset3_846.jpg,pcb_neg_dataset3,04_missing_hole_02_jpg.rf.b842cf09d5f110e45f9b7172a4aac65a.jpg,d8624d643a492d2a4ece780cdd7f9b5e
Data/pcb_neg_dataset3/pcb_neg_dataset3_847/pcb_neg_dataset3_847.jpg,pcb_neg_dataset3_847.jpg,pcb_neg_dataset3,04_missing_hole_02_jpg.rf.ff56bcc896dba80e8f3fbdc8123e4f25.jpg,86e9e4ba0e9ab1451cd9ca2fd28b799f
Data/pcb_neg_dataset3/pcb_neg_dataset3_848/pcb_neg_dataset3_848.jpg,pcb_neg_dataset3_848.jpg,pcb_neg_dataset3,04_missing_hole_04_jpg.rf.14aef51a16d6c10f494b0438dcbde2f1.jpg,8a0c49261b43f64f6426a31a2132e5aa
Data/pcb_neg_dataset3/pcb_neg_dataset3_849/pcb_neg_dataset3_849.jpg,pcb_neg_dataset3_849.jpg,pcb_neg_dataset3,04_missing_hole_04_jpg.rf.7d23e8201015cedbaa27689e601d7711.jpg,3ddfb0e64c7ad0605637223c7d9f22fd
Data/pcb_neg_dataset3/pcb_neg_dataset3_85/pcb_neg_dataset3_85.jpg,pcb_neg_dataset3_85.jpg,pcb_neg_dataset3,11_spurious_copper_05_jpg.rf.588bdb817d52abdb0d7c2ddeba830638.jpg,3c227aa43f1de3ea2e3331177dbb9537
Data/pcb_neg_dataset3/pcb_neg_dataset3_850/pcb_neg_dataset3_850.jpg,pcb_neg_dataset3_850.jpg,pcb_neg_dataset3,04_missing_hole_04_jpg.rf.83bd8888abd42cf0e686155fa9c6afed.jpg,a8a24232a1b4f3e133d5b68082e88428
Data/pcb_neg_dataset3/pcb_neg_dataset3_851/pcb_neg_dataset3_851.jpg,pcb_neg_dataset3_851.jpg,pcb_neg_dataset3,04_missing_hole_04_jpg.rf.8b3ccfa49a1e94037859628b8e42dc98.jpg,97559322eb48b8bd3556c10b3f3721fc
Data/pcb_neg_dataset3/pcb_neg_dataset3_852/pcb_neg_dataset3_852.jpg,pcb_neg_dataset3_852.jpg,pcb_neg_dataset3,04_missing_hole_04_jpg.rf.d5a74778c2431599c58d661294728df0.jpg,d0cacff0ac0f0449ac2ad02336a54127
Data/pcb_neg_dataset3/pcb_neg_dataset3_853/pcb_neg_dataset3_853.jpg,pcb_neg_dataset3_853.jpg,pcb_neg_dataset3,04_missing_hole_04_jpg.rf.f660dae4ad4cdc7407dcd12e887aa1bf.jpg,928409f7bb78d27d0364e8e97a6c0985
Data/pcb_neg_dataset3/pcb_neg_dataset3_854/pcb_neg_dataset3_854.jpg,pcb_neg_dataset3_854.jpg,pcb_neg_dataset3,04_missing_hole_05_jpg.rf.0524d6762b7b6afd54ab45cb9fb9c548.jpg,c28f2b8b394173231b00bdafd7d8d8bc
Data/pcb_neg_dataset3/pcb_neg_dataset3_855/pcb_neg_dataset3_855.jpg,pcb_neg_dataset3_855.jpg,pcb_neg_dataset3,04_missing_hole_05_jpg.rf.6289bc100fba51e2824b8cf2fdd5965a.jpg,7e6004200efd3329f2305c1808ece498
Data/pcb_neg_dataset3/pcb_neg_dataset3_856/pcb_neg_dataset3_856.jpg,pcb_neg_dataset3_856.jpg,pcb_neg_dataset3,04_missing_hole_05_jpg.rf.798cd9cdca686b05c8765775a07a6c78.jpg,6f7086751546e8729ebade265874a669
Data/pcb_neg_dataset3/pcb_neg_dataset3_857/pcb_neg_dataset3_857.jpg,pcb_neg_dataset3_857.jpg,pcb_neg_dataset3,04_missing_hole_04_jpg.rf.14aef51a16d6c10f494b0438dcbde2f1.jpg,8a0c49261b43f64f6426a31a2132e5aa
Data/pcb_neg_dataset3/pcb_neg_dataset3_858/pcb_neg_dataset3_858.jpg,pcb_neg_dataset3_858.jpg,pcb_neg_dataset3,04_missing_hole_05_jpg.rf.c2bca522644a7fa6c2789e0b6fd0f466.jpg,37a9b7b73c5a4cf7fa75692147e1ed6f
Data/pcb_neg_dataset3/pcb_neg_dataset3_859/pcb_neg_dataset3_859.jpg,pcb_neg_dataset3_859.jpg,pcb_neg_dataset3,04_missing_hole_02_jpg.rf.81fdce230919fe68c783cd489d8f76f5.jpg,b089aa49674ff91cbdbdcffbaa094abd
Data/pcb_neg_dataset3/pcb_neg_dataset3_86/pcb_neg_dataset3_86.jpg,pcb_neg_dataset3_86.jpg,pcb_neg_dataset3,11_spurious_copper_05_jpg.rf.b93977224c743fe0ff72ebd673bb157a.jpg,daa76a95f2b1d1fbf54f2052e69dfc85
Data/pcb_neg_dataset3/pcb_neg_dataset3_860/pcb_neg_dataset3_860.jpg,pcb_neg_dataset3_860.jpg,pcb_neg_dataset3,04_missing_hole_04_jpg.rf.14aef51a16d6c10f494b0438dcbde2f1.jpg,8a0c49261b43f64f6426a31a2132e5aa
Data/pcb_neg_dataset3/pcb_neg_dataset3_861/pcb_neg_dataset3_861.jpg,pcb_neg_dataset3_861.jpg,pcb_neg_dataset3,04_missing_hole_06_jpg.rf.6f6b8d98793b1b2b89d14b386fa556a7.jpg,c91bdea19447d3af4ebc32fd01294dc4
Data/pcb_neg_dataset3/pcb_neg_dataset3_862/pcb_neg_dataset3_862.jpg,pcb_neg_dataset3_862.jpg,pcb_neg_dataset3,04_missing_hole_06_jpg.rf.c879ece397d276985253613eea869ef3.jpg,23edad15031da9155f228e3203a0cc12
Data/pcb_neg_dataset3/pcb_neg_dataset3_863/pcb_neg_dataset3_863.jpg,pcb_neg_dataset3_863.jpg,pcb_neg_dataset3,04_missing_hole_06_jpg.rf.ce203d858fdf1b525007e3296bfd911e.jpg,99ac9c896769efb2016fb07d1fb2bdaa
Data/pcb_neg_dataset3/pcb_neg_dataset3_864/pcb_neg_dataset3_864.jpg,pcb_neg_dataset3_864.jpg,pcb_neg_dataset3,04_missing_hole_02_jpg.rf.81fdce230919fe68c783cd489d8f76f5.jpg,b089aa49674ff91cbdbdcffbaa094abd
Data/pcb_neg_dataset3/pcb_neg_dataset3_865/pcb_neg_dataset3_865.jpg,pcb_neg_dataset3_865.jpg,pcb_neg_dataset3,04_missing_hole_06_jpg.rf.fe111a428574b31a6b0518afe98eafe3.jpg,e6e4602d686e4fd811e3b5838e14a73d
Data/pcb_neg_dataset3/pcb_neg_dataset3_866/pcb_neg_dataset3_866.jpg,pcb_neg_dataset3_866.jpg,pcb_neg_dataset3,04_missing_hole_07_jpg.rf.11c8948d3b830e84785f05ca33141bcd.jpg,6aa721ec1ba02089da745d0d0606fc64
Data/pcb_neg_dataset3/pcb_neg_dataset3_867/pcb_neg_dataset3_867.jpg,pcb_neg_dataset3_867.jpg,pcb_neg_dataset3,04_missing_hole_07_jpg.rf.19e003a05cb4e840c1c460f2bf924c22.jpg,a469ce577320771bc3e6e1042df50e9a
Data/pcb_neg_dataset3/pcb_neg_dataset3_868/pcb_neg_dataset3_868.jpg,pcb_neg_dataset3_868.jpg,pcb_neg_dataset3,04_missing_hole_04_jpg.rf.d5a74778c2431599c58d661294728df0.jpg,d0cacff0ac0f0449ac2ad02336a54127
Data/pcb_neg_dataset3/pcb_neg_dataset3_869/pcb_neg_dataset3_869.jpg,pcb_neg_dataset3_869.jpg,pcb_neg_dataset3,04_missing_hole_07_jpg.rf.26186b298947420bf89a1aaa8faab78c.jpg,c320dd3130a77841b91ba1f8360624dd
Data/pcb_neg_dataset3/pcb_neg_dataset3_87/pcb_neg_dataset3_87.jpg,pcb_neg_dataset3_87.jpg,pcb_neg_dataset3,11_spurious_copper_06_jpg.rf.491c0028dd0f7f30c799c24f0e793636.jpg,680e7c69f347cfa43776086247ba9ced
Data/pcb_neg_dataset3/pcb_neg_dataset3_870/pcb_neg_dataset3_870.jpg,pcb_neg_dataset3_870.jpg,pcb_neg_dataset3,04_missing_hole_07_jpg.rf.7cd3112b2dbf8345bacd6171cfa9d2c9.jpg,2738302c19a75a07d63e99d7f58a0781
Data/pcb_neg_dataset3/pcb_neg_dataset3_871/pcb_neg_dataset3_871.jpg,pcb_neg_dataset3_871.jpg,pcb_neg_dataset3,04_missing_hole_04_jpg.rf.14aef51a16d6c10f494b0438dcbde2f1.jpg,8a0c49261b43f64f6426a31a2132e5aa
Data/pcb_neg_dataset3/pcb_neg_dataset3_872/pcb_neg_dataset3_872.jpg,pcb_neg_dataset3_872.jpg,pcb_neg_dataset3,04_missing_hole_07_jpg.rf.affb27cc55fe92f6ea92b86f38500d42.jpg,993f6ab46c4e1bf2da55cc3354757403
Data/pcb_neg_dataset3/pcb_neg_dataset3_873/pcb_neg_dataset3_873.jpg,pcb_neg_dataset3_873.jpg,pcb_neg_dataset3,04_missing_hole_07_jpg.rf.b292aa25ca72f80224129016972e0c4f.jpg,66590a4b068f4a3f7b1ca757de938e72
Data/pcb_neg_dataset3/pcb_neg_dataset3_874/pcb_neg_dataset3_874.jpg,pcb_neg_dataset3_874.jpg,pcb_neg_dataset3,04_missing_hole_02_jpg.rf.81fdce230919fe68c783cd489d8f76f5.jpg,b089aa49674ff91cbdbdcffbaa094abd
Data/pcb_neg_dataset3/pcb_neg_dataset3_875/pcb_neg_dataset3_875.jpg,pcb_neg_dataset3_875.jpg,pcb_neg_dataset3,04_missing_hole_04_jpg.rf.d5a74778c2431599c58d661294728df0.jpg,d0cacff0ac0f0449ac2ad02336a54127
Data/pcb_neg_dataset3/pcb_neg_dataset3_876/pcb_neg_dataset3_876.jpg,pcb_neg_dataset3_876.jpg,pcb_neg_dataset3,04_missing_hole_08_jpg.rf.7744a4934861398081d98c2ab2923976.jpg,1b13ea97cba452dbf0535c2fd2d4f039
Data/pcb_neg_dataset3/pcb_neg_dataset3_877/pcb_neg_dataset3_877.jpg,pcb_neg_dataset3_877.jpg,pcb_neg_dataset3,04_missing_hole_08_jpg.rf.9931ab7eda23e2c5527c9e3dd2e2afad.jpg,0a337fe8b863b7c539da8c17888ebeb7
Data/pcb_neg_dataset3/pcb_neg_dataset3_878/pcb_neg_dataset3_878.jpg,pcb_neg_dataset3_878.jpg,pcb_neg_dataset3,04_missing_hole_04_jpg.rf.d5a74778c2431599c58d661294728df0.jpg,d0cacff0ac0f0449ac2ad02336a54127
Data/pcb_neg_dataset3/pcb_neg_dataset3_879/pcb_neg_dataset3_879.jpg,pcb_neg_dataset3_879.jpg,pcb_neg_dataset3,04_missing_hole_09_jpg.rf.61c3a8fb36b49bd94a9bb5e4a2c51d72.jpg,d87dbc555f8f711d03048ec7e15952d3
Data/pcb_neg_dataset3/pcb_neg_dataset3_88/pcb_neg_dataset3_88.jpg,pcb_neg_dataset3_88.jpg,pcb_neg_dataset3,11_spurious_copper_06_jpg.rf.5f3dd0595035e2d716e85da224b566e6.jpg,ed3c6459eca13abfe0208f6b5b7172fc
Data/pcb_neg_dataset3/pcb_neg_dataset3_880/pcb_neg_dataset3_880.jpg,pcb_neg_dataset3_880.jpg,pcb_neg_dataset3,04_missing_hole_09_jpg.rf.61c4813a45041f1472dc2b6ae1962790.jpg,23a282efaf66874d5c5b2f2bf81e1ea1
Data/pcb_neg_dataset3/pcb_neg_dataset3_881/pcb_neg_dataset3_881.jpg,pcb_neg_dataset3_881.jpg,pcb_neg_dataset3,04_missing_hole_09_jpg.rf.7cb8e7690ecee18e0109fd8e60b7ee64.jpg,96fae13e8c3634d5a14da7f46afc7fff
Data/pcb_neg_dataset3/pcb_neg_dataset3_882/pcb_neg_dataset3_882.jpg,pcb_neg_dataset3_882.jpg,pcb_neg_dataset3,04_missing_hole_09_jpg.rf.ddd8194d40efb901686ea932bc20afe9.jpg,350b89bbf9e80f657ea0c7cb470e04f5
Data/pcb_neg_dataset3/pcb_neg_dataset3_883/pcb_neg_dataset3_883.jpg,pcb_neg_dataset3_883.jpg,pcb_neg_dataset3,04_missing_hole_09_jpg.rf.f18c8f7948d720fffe4332cd9e3485e8.jpg,2e01a6f0e3b1fe859796fbd9f4846fb4
Data/pcb_neg_dataset3/pcb_neg_dataset3_884/pcb_neg_dataset3_884.jpg,pcb_neg_dataset3_884.jpg,pcb_neg_dataset3,04_missing_hole_10_jpg.rf.250e3f6c592f05d253b720363d9ca5ff.jpg,c337c472bb4188c18aabca9151a8631d
Data/pcb_neg_dataset3/pcb_neg_dataset3_885/pcb_neg_dataset3_885.jpg,pcb_neg_dataset3_885.jpg,pcb_neg_dataset3,04_missing_hole_10_jpg.rf.3676999b01970089e68b1fb105558374.jpg,9042ccedfd22bf2bf2fafc4516c16da9
Data/pcb_neg_dataset3/pcb_neg_dataset3_886/pcb_neg_dataset3_886.jpg,pcb_neg_dataset3_886.jpg,pcb_neg_dataset3,04_missing_hole_09_jpg.rf.f18c8f7948d720fffe4332cd9e3485e8.jpg,2e01a6f0e3b1fe859796fbd9f4846fb4
Data/pcb_neg_dataset3/pcb_neg_dataset3_887/pcb_neg_dataset3_887.jpg,pcb_neg_dataset3_887.jpg,pcb_neg_dataset3,04_missing_hole_10_jpg.rf.5f6815c12295cde2af2af48c86f2b41c.jpg,7e8b432f619eeae540815719ef4c0593
Data/pcb_neg_dataset3/pcb_neg_dataset3_888/pcb_neg_dataset3_888.jpg,pcb_neg_dataset3_888.jpg,pcb_neg_dataset3,04_missing_hole_10_jpg.rf.6bb7e632e1a2cb7646ac3c281ba2c1cf.jpg,8ba329c346107ae47c947f81c5ea0ad9
Data/pcb_neg_dataset3/pcb_neg_dataset3_889/pcb_neg_dataset3_889.jpg,pcb_neg_dataset3_889.jpg,pcb_neg_dataset3,04_missing_hole_10_jpg.rf.91f9574055759ab2b77a1a87e6c455a1.jpg,77db71296151ab3d1875b67f2bc127e0
Data/pcb_neg_dataset3/pcb_neg_dataset3_89/pcb_neg_dataset3_89.jpg,pcb_neg_dataset3_89.jpg,pcb_neg_dataset3,11_spurious_copper_06_jpg.rf.6fc53f0170772407f1a3b2e10b2a5570.jpg,5acb6048ca687700d54899de48a2c636
Data/pcb_neg_dataset3/pcb_neg_dataset3_890/pcb_neg_dataset3_890.jpg,pcb_neg_dataset3_890.jpg,pcb_neg_dataset3,04_missing_hole_02_jpg.rf.81fdce230919fe68c783cd489d8f76f5.jpg,b089aa49674ff91cbdbdcffbaa094abd
Data/pcb_neg_dataset3/pcb_neg_dataset3_891/pcb_neg_dataset3_891.jpg,pcb_neg_dataset3_891.jpg,pcb_neg_dataset3,04_missing_hole_10_jpg.rf.e0269c97bff6acede0d47966f7b7dfce.jpg,7a73ce8816b3a0e6f81e6f824aba39ef
Data/pcb_neg_dataset3/pcb_neg_dataset3_892/pcb_neg_dataset3_892.jpg,pcb_neg_dataset3_892.jpg,pcb_neg_dataset3,04_missing_hole_04_jpg.rf.14aef51a16d6c10f494b0438dcbde2f1.jpg,8a0c49261b43f64f6426a31a2132e5aa
Data/pcb_neg_dataset3/pcb_neg_dataset3_893/pcb_neg_dataset3_893.jpg,pcb_neg_dataset3_893.jpg,pcb_neg_dataset3,04_missing_hole_11_jpg.rf.387d4bb1248e3f3d2653d10e0b24e243.jpg,d80da3acf998845d98e7d31b46b11319
Data/pcb_neg_dataset3/pcb_neg_dataset3_894/pcb_neg_dataset3_894.jpg,pcb_neg_dataset3_894.jpg,pcb_neg_dataset3,04_missing_hole_11_jpg.rf.3b246280c141155c5135417cb337b15b.jpg,536327f2d2d5891296f6f5dad1a0e530
Data/pcb_neg_dataset3/pcb_neg_dataset3_895/pcb_neg_dataset3_895.jpg,pcb_neg_dataset3_895.jpg,pcb_neg_dataset3,04_missing_hole_11_jpg.rf.59028f4aa8339a97040e5a8721f8d819.jpg,3a4cff9070ebae16825eb491bd996596
Data/pcb_neg_dataset3/pcb_neg_dataset3_896/pcb_neg_dataset3_896.jpg,pcb_neg_dataset3_896.jpg,pcb_neg_dataset3,04_missing_hole_11_jpg.rf.8671e0de75db7e3838e65f8c914e235f.jpg,870352466ea47656e9a925d2a91d18e3
Data/pcb_neg_dataset3/pcb_neg_dataset3_897/pcb_neg_dataset3_897.jpg,pcb_neg_dataset3_897.jpg,pcb_neg_dataset3,04_missing_hole_11_jpg.rf.a765f67810a75e61e51c351d82685cbb.jpg,98d562ff4188fa66763c60922e09c1ae
Data/pcb_neg_dataset3/pcb_neg_dataset3_898/pcb_neg_dataset3_898.jpg,pcb_neg_dataset3_898.jpg,pcb_neg_dataset3,04_missing_hole_02_jpg.rf.81fdce230919fe68c783cd489d8f76f5.jpg,b089aa49674ff91cbdbdcffbaa094abd
Data/pcb_neg_dataset3/pcb_neg_dataset3_899/pcb_neg_dataset3_899.jpg,pcb_neg_dataset3_899.jpg,pcb_neg_dataset3,04_missing_hole_04_jpg.rf.14aef51a16d6c10f494b0438dcbde2f1.jpg,8a0c49261b43f64f6426a31a2132e5aa
Data/pcb_neg_dataset3/pcb_neg_dataset3_9/pcb_neg_dataset3_9.jpg,pcb_neg_dataset3_9.jpg,pcb_neg_dataset3,09_spurious_copper_05_jpg.rf.84249ac978d8acac4dff32dad52692e9.jpg,3a572580344dcade864440599faa5e1c
Data/pcb_neg_dataset3/pcb_neg_dataset3_90/pcb_neg_dataset3_90.jpg,pcb_neg_dataset3_90.jpg,pcb_neg_dataset3,11_spurious_copper_06_jpg.rf.d29252d1ec0fae299acc3ab9801d3d0d.jpg,51aa0a325f1564522e00abc652b345e7
Data/pcb_neg_dataset3/pcb_neg_dataset3_900/pcb_neg_dataset3_900.jpg,pcb_neg_dataset3_900.jpg,pcb_neg_dataset3,04_missing_hole_09_jpg.rf.f18c8f7948d720fffe4332cd9e3485e8.jpg,2e01a6f0e3b1fe859796fbd9f4846fb4
Data/pcb_neg_dataset3/pcb_neg_dataset3_901/pcb_neg_dataset3_901.jpg,pcb_neg_dataset3_901.jpg,pcb_neg_dataset3,04_missing_hole_11_jpg.rf.f2a34a0726e288537eece8b8b8ca873d.jpg,90b2eb0f5ff44494c88aad25c11aff99
Data/pcb_neg_dataset3/pcb_neg_dataset3_902/pcb_neg_dataset3_902.jpg,pcb_neg_dataset3_902.jpg,pcb_neg_dataset3,04_missing_hole_12_jpg.rf.0bcb884a94c7de97b016bbdf04e7f347.jpg,e977b5a4c5782811b52d93e2b9907e1c
Data/pcb_neg_dataset3/pcb_neg_dataset3_903/pcb_neg_dataset3_903.jpg,pcb_neg_dataset3_903.jpg,pcb_neg_dataset3,04_missing_hole_02_jpg.rf.81fdce230919fe68c783cd489d8f76f5.jpg,b089aa49674ff91cbdbdcffbaa094abd
Data/pcb_neg_dataset3/pcb_neg_dataset3_904/pcb_neg_dataset3_904.jpg,pcb_neg_dataset3_904.jpg,pcb_neg_dataset3,04_missing_hole_12_jpg.rf.944a4316968917f2eaba9ea95f497109.jpg,103b2724330995d8974d3c13756a6809
Data/pcb_neg_dataset3/pcb_neg_dataset3_905/pcb_neg_dataset3_905.jpg,pcb_neg_dataset3_905.jpg,pcb_neg_dataset3,04_missing_hole_04_jpg.rf.14aef51a16d6c10f494b0438dcbde2f1.jpg,8a0c49261b43f64f6426a31a2132e5aa
Data/pcb_neg_dataset3/pcb_neg_dataset3_906/pcb_neg_dataset3_906.jpg,pcb_neg_dataset3_906.jpg,pcb_neg_dataset3,04_missing_hole_12_jpg.rf.f2cc658dcc7832ab4766e6ce5514128f.jpg,2131d2cfbc02f9c43b9e5f401690ff64
Data/pcb_neg_dataset3/pcb_neg_dataset3_907/pcb_neg_dataset3_907.jpg,pcb_neg_dataset3_907.jpg,pcb_neg_dataset3,04_missing_hole_12_jpg.rf.f6054a549c4ef1d71197028599796171.jpg,8a4ff9b588a07557e93a067d43b09348
Data/pcb_neg_dataset3/pcb_neg_dataset3_908/pcb_neg_dataset3_908.jpg,pcb_neg_dataset3_908.jpg,pcb_neg_dataset3,04_missing_hole_14_jpg.rf.7095dc06210cba8c273c2c775109b960.jpg,57f44704b5427405805368f8ac13de80
Data/pcb_neg_dataset3/pcb_neg_dataset3_909/pcb_neg_dataset3_909.jpg,pcb_neg_dataset3_909.jpg,pcb_neg_dataset3,04_missing_hole_14_jpg.rf.7c3080157d40ce62c046b054c4bd0be0.jpg,f1197e0c0d3968cd855ab3c4c324aafc
Data/pcb_neg_dataset3/pcb_neg_dataset3_91/pcb_neg_dataset3_91.jpg,pcb_neg_dataset3_91.jpg,pcb_neg_dataset3,11_spurious_copper_07_jpg.rf.33692ffecff77f5b5c71d8f8131c044d.jpg,7d77de238c494f9cc0056e87ecda4b0e
Data/pcb_neg_dataset3/pcb_neg_dataset3_910/pcb_neg_dataset3_910.jpg,pcb_neg_dataset3_910.jpg,pcb_neg_dataset3,04_missing_hole_14_jpg.rf.8ab623ddb0b626dfb989b638fbf7179e.jpg,cefd90d9f0b515fe934e4b55c9e299af
Data/pcb_neg_dataset3/pcb_neg_dataset3_911/pcb_neg_dataset3_911.jpg,pcb_neg_dataset3_911.jpg,pcb_neg_dataset3,04_missing_hole_09_jpg.rf.f18c8f7948d720fffe4332cd9e3485e8.jpg,2e01a6f0e3b1fe859796fbd9f4846fb4
Data/pcb_neg_dataset3/pcb_neg_dataset3_912/pcb_neg_dataset3_912.jpg,pcb_neg_dataset3_912.jpg,pcb_neg_dataset3,04_missing_hole_02_jpg.rf.81fdce230919fe68c783cd489d8f76f5.jpg,b089aa49674ff91cbdbdcffbaa094abd
Data/pcb_neg_dataset3/pcb_neg_dataset3_913/pcb_neg_dataset3_913.jpg,pcb_neg_dataset3_913.jpg,pcb_neg_dataset3,04_missing_hole_14_jpg.rf.f5e9b23846558fd7f2cc25a1ebedb107.jpg,69848e014fd551f77aa881b3d38e033b
Data/pcb_neg_dataset3/pcb_neg_dataset3_914/pcb_neg_dataset3_914.jpg,pcb_neg_dataset3_914.jpg,pcb_neg_dataset3,04_missing_hole_15_jpg.rf.48c7aba8954673cdf66deed2624ec755.jpg,ae4110c3ede8d76a67eb5772e44aafc3
Data/pcb_neg_dataset3/pcb_neg_dataset3_915/pcb_neg_dataset3_915.jpg,pcb_neg_dataset3_915.jpg,pcb_neg_dataset3,04_missing_hole_09_jpg.rf.f18c8f7948d720fffe4332cd9e3485e8.jpg,2e01a6f0e3b1fe859796fbd9f4846fb4
Data/pcb_neg_dataset3/pcb_neg_dataset3_916/pcb_neg_dataset3_916.jpg,pcb_neg_dataset3_916.jpg,pcb_neg_dataset3,04_missing_hole_15_jpg.rf.ef227599658faadc9573ab142f4a5710.jpg,8a9a4a96c67cacff87d74e38c5d00865
Data/pcb_neg_dataset3/pcb_neg_dataset3_917/pcb_neg_dataset3_917.jpg,pcb_neg_dataset3_917.jpg,pcb_neg_dataset3,04_missing_hole_17_jpg.rf.06f5d6bf2ea9d1859f7decc78d90afcd.jpg,0ab8568c6fa8470c4788c6013328453c
Data/pcb_neg_dataset3/pcb_neg_dataset3_918/pcb_neg_dataset3_918.jpg,pcb_neg_dataset3_918.jpg,pcb_neg_dataset3,04_missing_hole_04_jpg.rf.d5a74778c2431599c58d661294728df0.jpg,d0cacff0ac0f0449ac2ad02336a54127
Data/pcb_neg_dataset3/pcb_neg_dataset3_919/pcb_neg_dataset3_919.jpg,pcb_neg_dataset3_919.jpg,pcb_neg_dataset3,04_missing_hole_17_jpg.rf.0d44557157367007d1f7b1c8297cfb54.jpg,889460d72af9c6c8dacd419540cfc758
Data/pcb_neg_dataset3/pcb_neg_dataset3_92/pcb_neg_dataset3_92.jpg,pcb_neg_dataset3_92.jpg,pcb_neg_dataset3,11_spurious_copper_07_jpg.rf.72388cb713babad1998f1d66b76c0348.jpg,e23fb89ecba50b8ba6801933c37c5294
Data/pcb_neg_dataset3/pcb_neg_dataset3_920/pcb_neg_dataset3_920.jpg,pcb_neg_dataset3_920.jpg,pcb_neg_dataset3,04_missing_hole_17_jpg.rf.5af417900053cfc8408f3f49f4cb4ebf.jpg,2b0b4b4951d6f48f09664a47b62d9e71
Data/pcb_neg_dataset3/pcb_neg_dataset3_921/pcb_neg_dataset3_921.jpg,pcb_neg_dataset3_921.jpg,pcb_neg_dataset3,04_missing_hole_17_jpg.rf.66ddbb1f2a3f7ab11db808759df68c99.jpg,cc98aec0507afa8a7ae52fb47344f3e9
Data/pcb_neg_dataset3/pcb_neg_dataset3_922/pcb_neg_dataset3_922.jpg,pcb_neg_dataset3_922.jpg,pcb_neg_dataset3,04_missing_hole_09_jpg.rf.f18c8f7948d720fffe4332cd9e3485e8.jpg,2e01a6f0e3b1fe859796fbd9f4846fb4
Data/pcb_neg_dataset3/pcb_neg_dataset3_923/pcb_neg_dataset3_923.jpg,pcb_neg_dataset3_923.jpg,pcb_neg_dataset3,04_missing_hole_18_jpg.rf.212d9b60cdacca2a089200a1913f442c.jpg,cae5c2e36a55ac451e9e983cafcc4ec4
Data/pcb_neg_dataset3/pcb_neg_dataset3_924/pcb_neg_dataset3_924.jpg,pcb_neg_dataset3_924.jpg,pcb_neg_dataset3,04_missing_hole_18_jpg.rf.392ab573e03458a4f0af0bcf70f4b4f6.jpg,5c5fff4a6e7ef7e6c94f8a1513869286
Data/pcb_neg_dataset3/pcb_neg_dataset3_925/pcb_neg_dataset3_925.jpg,pcb_neg_dataset3_925.jpg,pcb_neg_dataset3,04_missing_hole_18_jpg.rf.4813e5c3819d4b948b73032de1034ede.jpg,a82499d27632d19c6c86774672e09e7e
Data/pcb_neg_dataset3/pcb_neg_dataset3_926/pcb_neg_dataset3_926.jpg,pcb_neg_dataset3_926.jpg,pcb_neg_dataset3,04_missing_hole_18_jpg.rf.4f917ea0408d8e2be4bc8a7bdb976e25.jpg,55e76a86acb7ddba9f58e71820c506eb
Data/pcb_neg_dataset3/pcb_neg_dataset3_927/pcb_neg_dataset3_927.jpg,pcb_neg_dataset3_927.jpg,pcb_neg_dataset3,04_missing_hole_02_jpg.rf.81fdce230919fe68c783cd489d8f76f5.jpg,b089aa49674ff91cbdbdcffbaa094abd
Data/pcb_neg_dataset3/pcb_neg_dataset3_928/pcb_neg_dataset3_928.jpg,pcb_neg_dataset3_928.jpg,pcb_neg_dataset3,04_missing_hole_09_jpg.rf.f18c8f7948d720fffe4332cd9e3485e8.jpg,2e01a6f0e3b1fe859796fbd9f4846fb4
Data/pcb_neg_dataset3/pcb_neg_dataset3_929/pcb_neg_dataset3_929.jpg,pcb_neg_dataset3_929.jpg,pcb_neg_dataset3,04_missing_hole_19_jpg.rf.43987a54db64075f943861f52553a3fd.jpg,3590c9b8b1c7ce9ceff69d29166765b1
Data/pcb_neg_dataset3/pcb_neg_dataset3_93/pcb_neg_dataset3_93.jpg,pcb_neg_dataset3_93.jpg,pcb_neg_dataset3,11_spurious_copper_07_jpg.rf.af5b58ab1f7ddac01d81a6d26e79ddff.jpg,d898d664344847ed44a8e2bff7a95e54
Data/pcb_neg_dataset3/pcb_neg_dataset3_930/pcb_neg_dataset3_930.jpg,pcb_neg_dataset3_930.jpg,pcb_neg_dataset3,04_missing_hole_19_jpg.rf.4d5ecfb71ab43d64f59c96e84177d1d9.jpg,0acb3dfd4a870c5f38c38e4dbad42dd1
Data/pcb_neg_dataset3/pcb_neg_dataset3_931/pcb_neg_dataset3_931.jpg,pcb_neg_dataset3_931.jpg,pcb_neg_dataset3,04_missing_hole_04_jpg.rf.d5a74778c2431599c58d661294728df0.jpg,d0cacff0ac0f0449ac2ad02336a54127
Data/pcb_neg_dataset3/pcb_neg_dataset3_932/pcb_neg_dataset3_932.jpg,pcb_neg_dataset3_932.jpg,pcb_neg_dataset3,04_missing_hole_19_jpg.rf.acda42ffed113498b4d8711e88b45eae.jpg,c0803ebe667636ee91ca7ae051b145f9
Data/pcb_neg_dataset3/pcb_neg_dataset3_933/pcb_neg_dataset3_933.jpg,pcb_neg_dataset3_933.jpg,pcb_neg_dataset3,04_missing_hole_19_jpg.rf.f30dd0e2c37b095e0e66f497bbe76cb5.jpg,8ffd5f41aef43feba305f2a772ceac44
Data/pcb_neg_dataset3/pcb_neg_dataset3_934/pcb_neg_dataset3_934.jpg,pcb_neg_dataset3_934.jpg,pcb_neg_dataset3,04_missing_hole_09_jpg.rf.f18c8f7948d720fffe4332cd9e3485e8.jpg,2e01a6f0e3b1fe859796fbd9f4846fb4
Data/pcb_neg_dataset3/pcb_neg_dataset3_935/pcb_neg_dataset3_935.jpg,pcb_neg_dataset3_935.jpg,pcb_neg_dataset3,04_missing_hole_09_jpg.rf.f18c8f7948d720fffe4332cd9e3485e8.jpg,2e01a6f0e3b1fe859796fbd9f4846fb4
Data/pcb_neg_dataset3/pcb_neg_dataset3_936/pcb_neg_dataset3_936.jpg,pcb_neg_dataset3_936.jpg,pcb_neg_dataset3,04_missing_hole_20_jpg.rf.10e0c39387d60d834b97d1f34ed9ba5b.jpg,e549c7b2d8696f5cef0ec09863c803b5
Data/pcb_neg_dataset3/pcb_neg_dataset3_937/pcb_neg_dataset3_937.jpg,pcb_neg_dataset3_937.jpg,pcb_neg_dataset3,04_missing_hole_20_jpg.rf.5a25d1156e8253720f6f87f21e73f3a3.jpg,f6b154f31d2320c8681d00a07279310b
Data/pcb_neg_dataset3/pcb_neg_dataset3_938/pcb_neg_dataset3_938.jpg,pcb_neg_dataset3_938.jpg,pcb_neg_dataset3,04_missing_hole_04_jpg.rf.d5a74778c2431599c58d661294728df0.jpg,d0cacff0ac0f0449ac2ad02336a54127
Data/pcb_neg_dataset3/pcb_neg_dataset3_939/pcb_neg_dataset3_939.jpg,pcb_neg_dataset3_939.jpg,pcb_neg_dataset3,04_missing_hole_20_jpg.rf.80e169adbb65321d258cc42d9fc230ef.jpg,9710c949d179b66627ed14063342160f
Data/pcb_neg_dataset3/pcb_neg_dataset3_94/pcb_neg_dataset3_94.jpg,pcb_neg_dataset3_94.jpg,pcb_neg_dataset3,11_missing_hole_03_jpg.rf.eb69b11e49ffefcb423056ca33f56ba1.jpg,67748778d4e2a891b36167106902963a
Data/pcb_neg_dataset3/pcb_neg_dataset3_940/pcb_neg_dataset3_940.jpg,pcb_neg_dataset3_940.jpg,pcb_neg_dataset3,04_missing_hole_20_jpg.rf.d801ce05b3e015752ed40a7e47b375a8.jpg,80e7e7020d3c1ddf3486d3e3a4040dbc
Data/pcb_neg_dataset3/pcb_neg_dataset3_941/pcb_neg_dataset3_941.jpg,pcb_neg_dataset3_941.jpg,pcb_neg_dataset3,04_mouse_bite_01_jpg.rf.1f2f64e4e7179428e426f11419e4a21d.jpg,e22d2a9625c1a7e055c0ce61d944f7ab
Data/pcb_neg_dataset3/pcb_neg_dataset3_942/pcb_neg_dataset3_942.jpg,pcb_neg_dataset3_942.jpg,pcb_neg_dataset3,04_missing_hole_04_jpg.rf.d5a74778c2431599c58d661294728df0.jpg,d0cacff0ac0f0449ac2ad02336a54127
Data/pcb_neg_dataset3/pcb_neg_dataset3_943/pcb_neg_dataset3_943.jpg,pcb_neg_dataset3_943.jpg,pcb_neg_dataset3,04_mouse_bite_01_jpg.rf.583cced253fbcfd45fefcf4b733f0961.jpg,01a4728335b20017de83f28a37fbe5ba
Data/pcb_neg_dataset3/pcb_neg_dataset3_944/pcb_neg_dataset3_944.jpg,pcb_neg_dataset3_944.jpg,pcb_neg_dataset3,04_mouse_bite_02_jpg.rf.4652c223e7251a956f3a255a6f8e1333.jpg,b0fbd4803514ffedf3b8d6bfd3df1d15
Data/pcb_neg_dataset3/pcb_neg_dataset3_945/pcb_neg_dataset3_945.jpg,pcb_neg_dataset3_945.jpg,pcb_neg_dataset3,04_mouse_bite_02_jpg.rf.757e7227d833cc8f84926505b477c0c8.jpg,7ace921c57f9c6143d40705cd5fd4193
Data/pcb_neg_dataset3/pcb_neg_dataset3_946/pcb_neg_dataset3_946.jpg,pcb_neg_dataset3_946.jpg,pcb_neg_dataset3,04_missing_hole_09_jpg.rf.f18c8f7948d720fffe4332cd9e3485e8.jpg,2e01a6f0e3b1fe859796fbd9f4846fb4
Data/pcb_neg_dataset3/pcb_neg_dataset3_947/pcb_neg_dataset3_947.jpg,pcb_neg_dataset3_947.jpg,pcb_neg_dataset3,04_mouse_bite_03_jpg.rf.32a4c94ec75792dae2286107106bc430.jpg,86aa5caf5223daab4f2f27eb41085857
Data/pcb_neg_dataset3/pcb_neg_dataset3_948/pcb_neg_dataset3_948.jpg,pcb_neg_dataset3_948.jpg,pcb_neg_dataset3,04_mouse_bite_03_jpg.rf.4d9c0697b5c69620e5e2d80388907c49.jpg,d0881f74a7b4d33cf31e8d2c33f314ce
Data/pcb_neg_dataset3/pcb_neg_dataset3_949/pcb_neg_dataset3_949.jpg,pcb_neg_dataset3_949.jpg,pcb_neg_dataset3,04_mouse_bite_03_jpg.rf.86897e7d5a1d8175a74792eccddccf32.jpg,b22c1f239f02132633dc9c9958c3c035
Data/pcb_neg_dataset3/pcb_neg_dataset3_95/pcb_neg_dataset3_95.jpg,pcb_neg_dataset3_95.jpg,pcb_neg_dataset3,11_spurious_copper_09_jpg.rf.1db06adc9f8d2b0ceaa3020ee9ed2d26.jpg,1a640aa8342b39ab066ab9032cf5a4a1
Data/pcb_neg_dataset3/pcb_neg_dataset3_950/pcb_neg_dataset3_950.jpg,pcb_neg_dataset3_950.jpg,pcb_neg_dataset3,04_mouse_bite_03_jpg.rf.a077abbcddc7084d543d8d9ef742cf1f.jpg,2f1bd7df3cecbf618877bbc2ac162ddb
Data/pcb_neg_dataset3/pcb_neg_dataset3_951/pcb_neg_dataset3_951.jpg,pcb_neg_dataset3_951.jpg,pcb_neg_dataset3,04_missing_hole_02_jpg.rf.81fdce230919fe68c783cd489d8f76f5.jpg,b089aa49674ff91cbdbdcffbaa094abd
Data/pcb_neg_dataset3/pcb_neg_dataset3_952/pcb_neg_dataset3_952.jpg,pcb_neg_dataset3_952.jpg,pcb_neg_dataset3,04_missing_hole_04_jpg.rf.14aef51a16d6c10f494b0438dcbde2f1.jpg,8a0c49261b43f64f6426a31a2132e5aa
Data/pcb_neg_dataset3/pcb_neg_dataset3_953/pcb_neg_dataset3_953.jpg,pcb_neg_dataset3_953.jpg,pcb_neg_dataset3,04_mouse_bite_04_jpg.rf.19375b720802bcb3b7037c4361aee66a.jpg,1f78b55245538a4b78fe76c79e170efd
Data/pcb_neg_dataset3/pcb_neg_dataset3_954/pcb_neg_dataset3_954.jpg,pcb_neg_dataset3_954.jpg,pcb_neg_dataset3,04_mouse_bite_04_jpg.rf.312e75065b5b171ba094a03e99651e98.jpg,b783b1ae4b9c24c048a45f9e50206048
Data/pcb_neg_dataset3/pcb_neg_dataset3_955/pcb_neg_dataset3_955.jpg,pcb_neg_dataset3_955.jpg,pcb_neg_dataset3,04_missing_hole_09_jpg.rf.f18c8f7948d720fffe4332cd9e3485e8.jpg,2e01a6f0e3b1fe859796fbd9f4846fb4
Data/pcb_neg_dataset3/pcb_neg_dataset3_956/pcb_neg_dataset3_956.jpg,pcb_neg_dataset3_956.jpg,pcb_neg_dataset3,04_mouse_bite_04_jpg.rf.53b9b78614e286b55f1ee00bf9da6215.jpg,4d689d65df6cdfcc4251596b6f5e3a96
Data/pcb_neg_dataset3/pcb_neg_dataset3_957/pcb_neg_dataset3_957.jpg,pcb_neg_dataset3_957.jpg,pcb_neg_dataset3,04_missing_hole_02_jpg.rf.81fdce230919fe68c783cd489d8f76f5.jpg,b089aa49674ff91cbdbdcffbaa094abd
Data/pcb_neg_dataset3/pcb_neg_dataset3_958/pcb_neg_dataset3_958.jpg,pcb_neg_dataset3_958.jpg,pcb_neg_dataset3,04_mouse_bite_04_jpg.rf.6c875e6c64316acbd655452f0dbe24b7.jpg,e4eea61d60d9d9393853c945e0b0876e
Data/pcb_neg_dataset3/pcb_neg_dataset3_959/pcb_neg_dataset3_959.jpg,pcb_neg_dataset3_959.jpg,pcb_neg_dataset3,04_missing_hole_04_jpg.rf.14aef51a16d6c10f494b0438dcbde2f1.jpg,8a0c49261b43f64f6426a31a2132e5aa
Data/pcb_neg_dataset3/pcb_neg_dataset3_96/pcb_neg_dataset3_96.jpg,pcb_neg_dataset3_96.jpg,pcb_neg_dataset3,11_spurious_copper_09_jpg.rf.54a92a7f13318b8d2a63ed6cf3297d16.jpg,2a1ea1953913a52fd07a76ade9bdb04c
Data/pcb_neg_dataset3/pcb_neg_dataset3_960/pcb_neg_dataset3_960.jpg,pcb_neg_dataset3_960.jpg,pcb_neg_dataset3,04_mouse_bite_04_jpg.rf.dc5dd5a674b6cea812ef90cddc64dbd0.jpg,1346d44dd82ce9b029a54fe4c3522c84
Data/pcb_neg_dataset3/pcb_neg_dataset3_961/pcb_neg_dataset3_961.jpg,pcb_neg_dataset3_961.jpg,pcb_neg_dataset3,04_mouse_bite_04_jpg.rf.f363000c5aa97be93732ae49142dbdb8.jpg,c44ce91325e69c735c4a23a8c1f0ac00
Data/pcb_neg_dataset3/pcb_neg_dataset3_962/pcb_neg_dataset3_962.jpg,pcb_neg_dataset3_962.jpg,pcb_neg_dataset3,04_missing_hole_05_jpg.rf.798cd9cdca686b05c8765775a07a6c78.jpg,6f7086751546e8729ebade265874a669
Data/pcb_neg_dataset3/pcb_neg_dataset3_963/pcb_neg_dataset3_963.jpg,pcb_neg_dataset3_963.jpg,pcb_neg_dataset3,04_mouse_bite_05_jpg.rf.9440c5959c1ad5cb98ff65a8159b9372.jpg,494e4b47480f034adfebcd725145534e
Data/pcb_neg_dataset3/pcb_neg_dataset3_964/pcb_neg_dataset3_964.jpg,pcb_neg_dataset3_964.jpg,pcb_neg_dataset3,04_mouse_bite_05_jpg.rf.ad752026f4f254dddc98a72aabfb06ee.jpg,8f152e444a7f5444aa06d9d74a1a3410
Data/pcb_neg_dataset3/pcb_neg_dataset3_965/pcb_neg_dataset3_965.jpg,pcb_neg_dataset3_965.jpg,pcb_neg_dataset3,04_missing_hole_02_jpg.rf.81fdce230919fe68c783cd489d8f76f5.jpg,b089aa49674ff91cbdbdcffbaa094abd
Data/pcb_neg_dataset3/pcb_neg_dataset3_966/pcb_neg_dataset3_966.jpg,pcb_neg_dataset3_966.jpg,pcb_neg_dataset3,04_missing_hole_05_jpg.rf.0524d6762b7b6afd54ab45cb9fb9c548.jpg,c28f2b8b394173231b00bdafd7d8d8bc
Data/pcb_neg_dataset3/pcb_neg_dataset3_967/pcb_neg_dataset3_967.jpg,pcb_neg_dataset3_967.jpg,pcb_neg_dataset3,04_missing_hole_04_jpg.rf.14aef51a16d6c10f494b0438dcbde2f1.jpg,8a0c49261b43f64f6426a31a2132e5aa
Data/pcb_neg_dataset3/pcb_neg_dataset3_968/pcb_neg_dataset3_968.jpg,pcb_neg_dataset3_968.jpg,pcb_neg_dataset3,04_missing_hole_04_jpg.rf.d5a74778c2431599c58d661294728df0.jpg,d0cacff0ac0f0449ac2ad02336a54127
Data/pcb_neg_dataset3/pcb_neg_dataset3_969/pcb_neg_dataset3_969.jpg,pcb_neg_dataset3_969.jpg,pcb_neg_dataset3,04_mouse_bite_06_jpg.rf.101fa8ef98f6009f5337177b1adcf64a.jpg,b7744b3355944a766ee7ea401c4e3dac
Data/pcb_neg_dataset3/pcb_neg_dataset3_97/pcb_neg_dataset3_97.jpg,pcb_neg_dataset3_97.jpg,pcb_neg_dataset3,11_spurious_copper_09_jpg.rf.a6e502da3289192b3c37d2bea45ac66a.jpg,44a595a7ac098b65f29343d439161377
Data/pcb_neg_dataset3/pcb_neg_dataset3_970/pcb_neg_dataset3_970.jpg,pcb_neg_dataset3_970.jpg,pcb_neg_dataset3,04_mouse_bite_06_jpg.rf.8023e56f99520d080e0b1b34f889929f.jpg,091032b6d7e203eddd9074e9634ec562
Data/pcb_neg_dataset3/pcb_neg_dataset3_971/pcb_neg_dataset3_971.jpg,pcb_neg_dataset3_971.jpg,pcb_neg_dataset3,04_mouse_bite_06_jpg.rf.a189477211345fb03a215aa6bf1af6e2.jpg,171322304531ad30fd224fdf0d750289
Data/pcb_neg_dataset3/pcb_neg_dataset3_972/pcb_neg_dataset3_972.jpg,pcb_neg_dataset3_972.jpg,pcb_neg_dataset3,04_mouse_bite_06_jpg.rf.a9d465c8bc18175a1e0595619ac8263d.jpg,95f6e6b0763bc1892c0f9f485a181086
Data/pcb_neg_dataset3/pcb_neg_dataset3_973/pcb_neg_dataset3_973.jpg,pcb_neg_dataset3_973.jpg,pcb_neg_dataset3,04_missing_hole_09_jpg.rf.f18c8f7948d720fffe4332cd9e3485e8.jpg,2e01a6f0e3b1fe859796fbd9f4846fb4
Data/pcb_neg_dataset3/pcb_neg_dataset3_974/pcb_neg_dataset3_974.jpg,pcb_neg_dataset3_974.jpg,pcb_neg_dataset3,04_mouse_bite_08_jpg.rf.1bd5f749fa28dd42ca46bc7f0a27a9f5.jpg,7fb592c3f0c6aa66cb6eb4cb02505da7
Data/pcb_neg_dataset3/pcb_neg_dataset3_975/pcb_neg_dataset3_975.jpg,pcb_neg_dataset3_975.jpg,pcb_neg_dataset3,04_missing_hole_02_jpg.rf.81fdce230919fe68c783cd489d8f76f5.jpg,b089aa49674ff91cbdbdcffbaa094abd
Data/pcb_neg_dataset3/pcb_neg_dataset3_976/pcb_neg_dataset3_976.jpg,pcb_neg_dataset3_976.jpg,pcb_neg_dataset3,04_missing_hole_10_jpg.rf.3676999b01970089e68b1fb105558374.jpg,9042ccedfd22bf2bf2fafc4516c16da9
Data/pcb_neg_dataset3/pcb_neg_dataset3_977/pcb_neg_dataset3_977.jpg,pcb_neg_dataset3_977.jpg,pcb_neg_dataset3,04_mouse_bite_09_jpg.rf.037a0614e907aaa7fc5c2216593eb507.jpg,016286630b0751f3b9db0cea983cf2e9
Data/pcb_neg_dataset3/pcb_neg_dataset3_978/pcb_neg_dataset3_978.jpg,pcb_neg_dataset3_978.jpg,pcb_neg_dataset3,04_missing_hole_09_jpg.rf.f18c8f7948d720fffe4332cd9e3485e8.jpg,2e01a6f0e3b1fe859796fbd9f4846fb4
Data/pcb_neg_dataset3/pcb_neg_dataset3_979/pcb_neg_dataset3_979.jpg,pcb_neg_dataset3_979.jpg,pcb_neg_dataset3,04_mouse_bite_09_jpg.rf.2e8eef623688c495c55307e0d087a9bf.jpg,36dd114886f5f15ba8f8c69290e67592
Data/pcb_neg_dataset3/pcb_neg_dataset3_98/pcb_neg_dataset3_98.jpg,pcb_neg_dataset3_98.jpg,pcb_neg_dataset3,11_spurious_copper_09_jpg.rf.cdefeeb9817a579efaf8ea481ccdded2.jpg,3a5516f15b19ee2d6773aff74910f4cc
Data/pcb_neg_dataset3/pcb_neg_dataset3_980/pcb_neg_dataset3_980.jpg,pcb_neg_dataset3_980.jpg,pcb_neg_dataset3,04_missing_hole_04_jpg.rf.d5a74778c2431599c58d661294728df0.jpg,d0cacff0ac0f0449ac2ad02336a54127
Data/pcb_neg_dataset3/pcb_neg_dataset3_981/pcb_neg_dataset3_981.jpg,pcb_neg_dataset3_981.jpg,pcb_neg_dataset3,04_mouse_bite_09_jpg.rf.9c07b1db0aa0cf14d9be8f3c7f1cd581.jpg,1f6d9b46745c6db12eb846c9a9401ad6
Data/pcb_neg_dataset3/pcb_neg_dataset3_982/pcb_neg_dataset3_982.jpg,pcb_neg_dataset3_982.jpg,pcb_neg_dataset3,04_mouse_bite_09_jpg.rf.f6d965966fddae18c7e1bcc8c6f703be.jpg,7ce5724810c035494264d15f3b9e6219
Data/pcb_neg_dataset3/pcb_neg_dataset3_983/pcb_neg_dataset3_983.jpg,pcb_neg_dataset3_983.jpg,pcb_neg_dataset3,04_mouse_bite_10_jpg.rf.0398737ae548831e822cfab8a94a0f05.jpg,1b299166bcdf4784181bb0304a72ac9a
Data/pcb_neg_dataset3/pcb_neg_dataset3_984/pcb_neg_dataset3_984.jpg,pcb_neg_dataset3_984.jpg,pcb_neg_dataset3,04_mouse_bite_10_jpg.rf.0d08ae27fd98152f79fece536e54281c.jpg,8e52108479e309b870d61e4690affb24
Data/pcb_neg_dataset3/pcb_neg_dataset3_985/pcb_neg_dataset3_985.jpg,pcb_neg_dataset3_985.jpg,pcb_neg_dataset3,04_missing_hole_04_jpg.rf.d5a74778c2431599c58d661294728df0.jpg,d0cacff0ac0f0449ac2ad02336a54127
Data/pcb_neg_dataset3/pcb_neg_dataset3_986/pcb_neg_dataset3_986.jpg,pcb_neg_dataset3_986.jpg,pcb_neg_dataset3,04_missing_hole_09_jpg.rf.f18c8f7948d720fffe4332cd9e3485e8.jpg,2e01a6f0e3b1fe859796fbd9f4846fb4
Data/pcb_neg_dataset3/pcb_neg_dataset3_987/pcb_neg_dataset3_987.jpg,pcb_neg_dataset3_987.jpg,pcb_neg_dataset3,04_mouse_bite_10_jpg.rf.ea9bb4413aab9625a88a3f7d003ec9c0.jpg,f1b46fb73a86785bca3559e13739aef4
Data/pcb_neg_dataset3/pcb_neg_dataset3_988/pcb_neg_dataset3_988.jpg,pcb_neg_dataset3_988.jpg,pcb_neg_dataset3,04_mouse_bite_10_jpg.rf.ec44218e3b57f194643690e13bff1968.jpg,27b8aae52f503cbc9ebeaf091d4152fe
Data/pcb_neg_dataset3/pcb_neg_dataset3_989/pcb_neg_dataset3_989.jpg,pcb_neg_dataset3_989.jpg,pcb_neg_dataset3,04_mouse_bite_12_jpg.rf.01d6220e3a966d4b239e3ae7ae883722.jpg,8f2ff86fcc071647aa3f3f02102c3dbe
Data/pcb_neg_dataset3/pcb_neg_dataset3_99/pcb_neg_dataset3_99.jpg,pcb_neg_dataset3_99.jpg,pcb_neg_dataset3,11_spurious_copper_10_jpg.rf.3ce01dbd3f47f9cb391003406ca5871b.jpg,c8e0b2882c9274fc290a82f79ba2dc39
Data/pcb_neg_dataset3/pcb_neg_dataset3_990/pcb_neg_dataset3_990.jpg,pcb_neg_dataset3_990.jpg,pcb_neg_dataset3,04_missing_hole_04_jpg.rf.14aef51a16d6c10f494b0438dcbde2f1.jpg,8a0c49261b43f64f6426a31a2132e5aa
Data/pcb_neg_dataset3/pcb_neg_dataset3_991/pcb_neg_dataset3_991.jpg,pcb_neg_dataset3_991.jpg,pcb_neg_dataset3,04_mouse_bite_12_jpg.rf.260588fa8db6b4e78009efa48762577b.jpg,7f439e3c36b153550affc1c0eb9624b7
Data/pcb_neg_dataset3/pcb_neg_dataset3_992/pcb_neg_dataset3_992.jpg,pcb_neg_dataset3_992.jpg,pcb_neg_dataset3,04_mouse_bite_12_jpg.rf.7175bba54f5bb8f2e7a4beb6df63a6aa.jpg,319c76dc79489406f5e73c99bd43330e
Data/pcb_neg_dataset3/pcb_neg_dataset3_993/pcb_neg_dataset3_993.jpg,pcb_neg_dataset3_993.jpg,pcb_neg_dataset3,04_mouse_bite_12_jpg.rf.b769233996a9e6db083a68b03e1f78a4.jpg,5647e71a44d5f3454743c7cce0ae3d50
Data/pcb_neg_dataset3/pcb_neg_dataset3_994/pcb_neg_dataset3_994.jpg,pcb_neg_dataset3_994.jpg,pcb_neg_dataset3,04_missing_hole_02_jpg.rf.81fdce230919fe68c783cd489d8f76f5.jpg,b089aa49674ff91cbdbdcffbaa094abd
Data/pcb_neg_dataset3/pcb_neg_dataset3_995/pcb_neg_dataset3_995.jpg,pcb_neg_dataset3_995.jpg,pcb_neg_dataset3,04_mouse_bite_13_jpg.rf.664253a4360e96b0e742c697f5a0560e.jpg,461526cc7a99b3b4e545a10e3e8fbfab
Data/pcb_neg_dataset3/pcb_neg_dataset3_996/pcb_neg_dataset3_996.jpg,pcb_neg_dataset3_996.jpg,pcb_neg_dataset3,04_missing_hole_02_jpg.rf.81fdce230919fe68c783cd489d8f76f5.jpg,b089aa49674ff91cbdbdcffbaa094abd
Data/pcb_neg_dataset3/pcb_neg_dataset3_997/pcb_neg_dataset3_997.jpg,pcb_neg_dataset3_997.jpg,pcb_neg_dataset3,04_mouse_bite_13_jpg.rf.95fed35132cf11bd08d2a42887e49109.jpg,e240ac629c5fabbf5a89b70f1aa277f3
Data/pcb_neg_dataset3/pcb_neg_dataset3_998/pcb_neg_dataset3_998.jpg,pcb_neg_dataset3_998.jpg,pcb_neg_dataset3,04_mouse_bite_13_jpg.rf.965ba96b9c7e54a1f7eb22310fa7b9c6.jpg,adb9544f3fd2840961c2ce3726010a4a
Data/pcb_neg_dataset3/pcb_neg_dataset3_999/pcb_neg_dataset3_999.jpg,pcb_neg_dataset3_999.jpg,pcb_neg_dataset3,04_missing_hole_04_jpg.rf.d5a74778c2431599c58d661294728df0.jpg,d0cacff0ac0f0449ac2ad02336a54127
