current_path,current_name,dataset_folder,original_name,md5
Data/catdog_dataset1/catdog_dataset1_1/catdog_dataset1_1.jpg,catdog_dataset1_1.jpg,catdog_dataset1,cat_111_jpg.rf.bcef287c6e6f078c52e2fb6964e8f5c1.jpg,c054ffd224229c9e2ae0286f4f2f317c
Data/catdog_dataset1/catdog_dataset1_10/catdog_dataset1_10.jpg,catdog_dataset1_10.jpg,catdog_dataset1,cat_303_jpg.rf.1508f85e4d8316a6ae54771435d3f582.jpg,1362647109180fd4462288a80482ef3d
Data/catdog_dataset1/catdog_dataset1_100/catdog_dataset1_100.jpg,catdog_dataset1_100.jpg,catdog_dataset1,cat_165_jpg.rf.1ee8b52ced9ba488e896a2c30ef79ac4.jpg,b90b6766b11f1571bfd7e71bcd7695b2
Data/catdog_dataset1/catdog_dataset1_101/catdog_dataset1_101.jpg,catdog_dataset1_101.jpg,catdog_dataset1,cat_168_jpg.rf.a8725d9cd441c13a667535a39b4d57c5.jpg,730d2ddc146e08d8c48b9350515e08b5
Data/catdog_dataset1/catdog_dataset1_102/catdog_dataset1_102.jpg,catdog_dataset1_102.jpg,catdog_dataset1,cat_169_jpg.rf.7ad28e58f2db29cadb0be4531d23d1c6.jpg,e9ea87e9ef66fb2313592c4d6e985f8a
Data/catdog_dataset1/catdog_dataset1_103/catdog_dataset1_103.jpg,catdog_dataset1_103.jpg,catdog_dataset1,cat_16_jpg.rf.73f62f11cf221e04b55f4fc428ac700d.jpg,d585ed0f5dc28932358c612a8e57d914
Data/catdog_dataset1/catdog_dataset1_104/catdog_dataset1_104.jpg,catdog_dataset1_104.jpg,catdog_dataset1,cat_172_jpg.rf.ac93dee969f998938f6e2d7e26060be6.jpg,21db5fa3571bf9f8d281af089f2b3a6d
Data/catdog_dataset1/catdog_dataset1_105/catdog_dataset1_105.jpg,catdog_dataset1_105.jpg,catdog_dataset1,cat_177_jpg.rf.7409d459f11bbcee020a1fdc5803e4bd.jpg,d54cec81f31682e3027a6b7b18e08401
Data/catdog_dataset1/catdog_dataset1_106/catdog_dataset1_106.jpg,catdog_dataset1_106.jpg,catdog_dataset1,cat_180_jpg.rf.f069eb67cf278e9d280fc62edbe77db3.jpg,94a90b1558dffd0ee7e32d92a2f54a0a
Data/catdog_dataset1/catdog_dataset1_107/catdog_dataset1_107.jpg,catdog_dataset1_107.jpg,catdog_dataset1,cat_183_jpg.rf.a05ab6e6da97d337b57a191cafd39549.jpg,fe6313a9b7810d8c71ec95c0dbcab967
Data/catdog_dataset1/catdog_dataset1_108/catdog_dataset1_108.jpg,catdog_dataset1_108.jpg,catdog_dataset1,cat_184_jpg.rf.717a8acd0c3561df483ef73a2ef4512b.jpg,312592269a62c107ccd2519461181c1f
Data/catdog_dataset1/catdog_dataset1_109/catdog_dataset1_109.jpg,catdog_dataset1_109.jpg,catdog_dataset1,cat_189_jpg.rf.f90d8ae8cc68728ec7c7507af579fd69.jpg,456e306642838d18b5a45ec4ebaf3cce
Data/catdog_dataset1/catdog_dataset1_11/catdog_dataset1_11.jpg,catdog_dataset1_11.jpg,catdog_dataset1,cat_320_jpg.rf.ff837763bf833569271ef53f6c51c388.jpg,0d70131b9ff7985ee390c6e6a946256f
Data/catdog_dataset1/catdog_dataset1_110/catdog_dataset1_110.jpg,catdog_dataset1_110.jpg,catdog_dataset1,cat_190_jpg.rf.82ef7f3e63b6671d18e2f836f331641c.jpg,c396ac6d1e35569c7baaf4c7e9568b8c
Data/catdog_dataset1/catdog_dataset1_111/catdog_dataset1_111.jpg,catdog_dataset1_111.jpg,catdog_dataset1,cat_191_jpg.rf.b8ea165dc5c116f4ef4b1165f5b66753.jpg,9c53880c67a280a3349dc8d67ceb5bc2
Data/catdog_dataset1/catdog_dataset1_112/catdog_dataset1_112.jpg,catdog_dataset1_112.jpg,catdog_dataset1,cat_1_jpg.rf.9bf33b53f98fa7fd10b54e457cfcdf00.jpg,70300e859ccf6bc5222af2bd2a3d5f44
Data/catdog_dataset1/catdog_dataset1_113/catdog_dataset1_113.jpg,catdog_dataset1_113.jpg,catdog_dataset1,cat_200_jpg.rf.0c9799d455aa3a506ad73c4c410847f5.jpg,660bde9b007662fae7374fcaf9b844e6
Data/catdog_dataset1/catdog_dataset1_114/catdog_dataset1_114.jpg,catdog_dataset1_114.jpg,catdog_dataset1,cat_201_jpg.rf.df2080e6c0e8b3f641f1b3ba7d63343c.jpg,1b7bcecb361749124f71b05cff18fca4
Data/catdog_dataset1/catdog_dataset1_115/catdog_dataset1_115.jpg,catdog_dataset1_115.jpg,catdog_dataset1,cat_202_jpg.rf.9a152db360866a759e01ebeb4a30760b.jpg,a4064fa4dc3b9dad7d73fa7f07e589b8
Data/catdog_dataset1/catdog_dataset1_116/catdog_dataset1_116.jpg,catdog_dataset1_116.jpg,catdog_dataset1,cat_203_jpg.rf.c2a8d085797ba87661f0f6a7c0b5c7c7.jpg,cc10d959be1cc21bba0b6cbdb1f6d5b5
Data/catdog_dataset1/catdog_dataset1_117/catdog_dataset1_117.jpg,catdog_dataset1_117.jpg,catdog_dataset1,cat_207_jpg.rf.6009728f278f34af1cfc0614aeb497f0.jpg,c2ff4b890517598559a02cf6c1fe35e4
Data/catdog_dataset1/catdog_dataset1_118/catdog_dataset1_118.jpg,catdog_dataset1_118.jpg,catdog_dataset1,cat_209_jpg.rf.fc7fd36794d48be718d61f6a23b5bacf.jpg,a6cb77a8f7b66453f946386eff6161e7
Data/catdog_dataset1/catdog_dataset1_119/catdog_dataset1_119.jpg,catdog_dataset1_119.jpg,catdog_dataset1,cat_211_jpg.rf.a557595b07c39f89f5a2813e7b659e94.jpg,c037c2e04cdff0a9d16847f2e79eaa04
Data/catdog_dataset1/catdog_dataset1_12/catdog_dataset1_12.jpg,catdog_dataset1_12.jpg,catdog_dataset1,cat_332_jpg.rf.b8f4d6deb340c09e2e6bd144b333f083.jpg,b9b63db9f6769ed7d3d606e600ff8677
Data/catdog_dataset1/catdog_dataset1_120/catdog_dataset1_120.jpg,catdog_dataset1_120.jpg,catdog_dataset1,cat_214_jpg.rf.b0af725568f056eeeeeefba6bdbe1a30.jpg,45dfa7a1b8dfca176c43448fadd502e1
Data/catdog_dataset1/catdog_dataset1_121/catdog_dataset1_121.jpg,catdog_dataset1_121.jpg,catdog_dataset1,cat_215_jpg.rf.4e93e6dabecf6a6be9f14befbe9a6e18.jpg,fa007357535b3847022cf9933a24ca97
Data/catdog_dataset1/catdog_dataset1_122/catdog_dataset1_122.jpg,catdog_dataset1_122.jpg,catdog_dataset1,cat_217_jpg.rf.a0f5c930872c443e8f7dbdbc45622988.jpg,333af148c3102923252e6b5142edfed0
Data/catdog_dataset1/catdog_dataset1_123/catdog_dataset1_123.jpg,catdog_dataset1_123.jpg,catdog_dataset1,cat_218_jpg.rf.87c1288fd1de532f09908763d08675b3.jpg,8e0b4ba4d1270b1c3bd24f93ee0d459a
Data/catdog_dataset1/catdog_dataset1_124/catdog_dataset1_124.jpg,catdog_dataset1_124.jpg,catdog_dataset1,cat_21_jpg.rf.60db4cbd7ed29dc7887b4c749e1c3717.jpg,0a249a0ee78ce54889afa4f70a8d6a14
Data/catdog_dataset1/catdog_dataset1_125/catdog_dataset1_125.jpg,catdog_dataset1_125.jpg,catdog_dataset1,cat_221_jpg.rf.1c858502624add47eb2645638171b08f.jpg,356f0290349091f9f9d1e6d04753c84b
Data/catdog_dataset1/catdog_dataset1_126/catdog_dataset1_126.jpg,catdog_dataset1_126.jpg,catdog_dataset1,cat_222_jpg.rf.20114cf9716377aebb8c6e63244aa0b4.jpg,b2882f3abd1856ce714a0629f5f7572a
Data/catdog_dataset1/catdog_dataset1_127/catdog_dataset1_127.jpg,catdog_dataset1_127.jpg,catdog_dataset1,cat_223_jpg.rf.0be9ddda64a4a65966d1052d66e6f09f.jpg,f4c89c0aa3f1cc22d691f2e60aa2b635
Data/catdog_dataset1/catdog_dataset1_128/catdog_dataset1_128.jpg,catdog_dataset1_128.jpg,catdog_dataset1,cat_227_jpg.rf.1fffe544af985026dc514cdce80187af.jpg,ccf8625f8ae43ee4f47e5c11270bc1ed
Data/catdog_dataset1/catdog_dataset1_129/catdog_dataset1_129.jpg,catdog_dataset1_129.jpg,catdog_dataset1,cat_234_jpg.rf.1e3d4da49d1b849fd51333206e94c1f6.jpg,de8ae7b2ed6bea43504549c41c02f028
Data/catdog_dataset1/catdog_dataset1_13/catdog_dataset1_13.jpg,catdog_dataset1_13.jpg,catdog_dataset1,cat_344_jpg.rf.e93f8ed34684b833c596261266f9cac6.jpg,b54d11b19906b401c05c7b7e894169a6
Data/catdog_dataset1/catdog_dataset1_130/catdog_dataset1_130.jpg,catdog_dataset1_130.jpg,catdog_dataset1,cat_235_jpg.rf.1695a5c5a7e9cf9a5e08fb593a5f01f3.jpg,7b3db70154de74236c7d02842a814f21
Data/catdog_dataset1/catdog_dataset1_131/catdog_dataset1_131.jpg,catdog_dataset1_131.jpg,catdog_dataset1,cat_238_jpg.rf.b1554f84b1bf33b898d730de1ae778c0.jpg,fb1b9ffedee82f71e9ce433f375d891c
Data/catdog_dataset1/catdog_dataset1_132/catdog_dataset1_132.jpg,catdog_dataset1_132.jpg,catdog_dataset1,cat_243_jpg.rf.1ca5b5be4a4c0434ad290b05c91ff6e5.jpg,0be2083c2c2a55a47e74b5b55d9f4b1b
Data/catdog_dataset1/catdog_dataset1_133/catdog_dataset1_133.jpg,catdog_dataset1_133.jpg,catdog_dataset1,cat_244_jpg.rf.fbbc7efc67a3c5762eefb8adcd543156.jpg,af4377fa27173da92e1f251d5d294cef
Data/catdog_dataset1/catdog_dataset1_134/catdog_dataset1_134.jpg,catdog_dataset1_134.jpg,catdog_dataset1,cat_246_jpg.rf.fa9438bd365335bf5f47ce2b9cb30832.jpg,60013c0b5e11e36fa5f083395b2f9d8e
Data/catdog_dataset1/catdog_dataset1_135/catdog_dataset1_135.jpg,catdog_dataset1_135.jpg,catdog_dataset1,cat_247_jpg.rf.d9d3b413dadf258bfb2ed1d16490ae0e.jpg,4fa804ed3b7eb08e6c33862d7a29fff6
Data/catdog_dataset1/catdog_dataset1_136/catdog_dataset1_136.jpg,catdog_dataset1_136.jpg,catdog_dataset1,cat_24_jpg.rf.f29125bfc2798d3dd4a8531df379efac.jpg,b874373aec2d55e8a9353feaa2c957ef
Data/catdog_dataset1/catdog_dataset1_137/catdog_dataset1_137.jpg,catdog_dataset1_137.jpg,catdog_dataset1,cat_251_jpg.rf.4a5f7597c99a306b95b01b803a86e8c7.jpg,b0a08bcc37169240d5ea0a1e71ac9080
Data/catdog_dataset1/catdog_dataset1_138/catdog_dataset1_138.jpg,catdog_dataset1_138.jpg,catdog_dataset1,cat_255_jpg.rf.442f06192f76f311e9c2e9afc438850d.jpg,819e6fcaba91428de30708ea36fc78ec
Data/catdog_dataset1/catdog_dataset1_139/catdog_dataset1_139.jpg,catdog_dataset1_139.jpg,catdog_dataset1,cat_257_jpg.rf.4a4058d2e4b49dad36c8b356a291e942.jpg,c19e850c3be389d49aa1073a6d1ebc77
Data/catdog_dataset1/catdog_dataset1_14/catdog_dataset1_14.jpg,catdog_dataset1_14.jpg,catdog_dataset1,cat_433_jpg.rf.33dc2ae02b43ee8f1a03cf6c509a42b6.jpg,aeb1bcd70f136e15f95dd6860eeb9bd6
Data/catdog_dataset1/catdog_dataset1_140/catdog_dataset1_140.jpg,catdog_dataset1_140.jpg,catdog_dataset1,cat_261_jpg.rf.fe871d79b9b9d810c7fdb71228249faa.jpg,e29c15572bddb334f92ed74b30de4206
Data/catdog_dataset1/catdog_dataset1_141/catdog_dataset1_141.jpg,catdog_dataset1_141.jpg,catdog_dataset1,cat_263_jpg.rf.bff98f91dfee6d51418c6997d4849f17.jpg,0334b095f0e23b5661d7232402b345b8
Data/catdog_dataset1/catdog_dataset1_142/catdog_dataset1_142.jpg,catdog_dataset1_142.jpg,catdog_dataset1,cat_265_jpg.rf.ea9b3968656283849b32d9a8f6ce4a48.jpg,57daffa456492cfaee27387fc732e63d
Data/catdog_dataset1/catdog_dataset1_143/catdog_dataset1_143.jpg,catdog_dataset1_143.jpg,catdog_dataset1,cat_268_jpg.rf.c0bd6fb21b174419c30d7e535b70f7f7.jpg,c8f5cfa23d38a1900e0719f657711aa1
Data/catdog_dataset1/catdog_dataset1_144/catdog_dataset1_144.jpg,catdog_dataset1_144.jpg,catdog_dataset1,cat_269_jpg.rf.df58d990512b8a743c7e5ad08fb3bcb8.jpg,e680b046e15b3124457634bd690985d5
Data/catdog_dataset1/catdog_dataset1_145/catdog_dataset1_145.jpg,catdog_dataset1_145.jpg,catdog_dataset1,cat_26_jpg.rf.82e7bc4a0cdf747e6abd4f32d3e05498.jpg,cb62548bb635e7d6f3fdb8a66f89f6c7
Data/catdog_dataset1/catdog_dataset1_146/catdog_dataset1_146.jpg,catdog_dataset1_146.jpg,catdog_dataset1,cat_270_jpg.rf.33dffbcadbda89e25acbc4db7063a2a8.jpg,7623146c9e838004704ab570f04717cd
Data/catdog_dataset1/catdog_dataset1_147/catdog_dataset1_147.jpg,catdog_dataset1_147.jpg,catdog_dataset1,cat_271_jpg.rf.a0f7362f439832173ae15ac52db01bda.jpg,6c1422f226b1ddd55c1040425f2f3d51
Data/catdog_dataset1/catdog_dataset1_148/catdog_dataset1_148.jpg,catdog_dataset1_148.jpg,catdog_dataset1,cat_273_jpg.rf.06af8ff85b6f0fe66033dcbf9d0312d0.jpg,87497f2e9dde04aa9cf3138f6d5dfac8
Data/catdog_dataset1/catdog_dataset1_149/catdog_dataset1_149.jpg,catdog_dataset1_149.jpg,catdog_dataset1,cat_27_jpg.rf.91088d5d9873b689c51c87442fe0828b.jpg,4be363bfa43ce6f88dfbee1e4a8f8375
Data/catdog_dataset1/catdog_dataset1_15/catdog_dataset1_15.jpg,catdog_dataset1_15.jpg,catdog_dataset1,cat_446_jpg.rf.afa509ba7db2d7b648ca95225765b141.jpg,124466b5365343cdeb9072ef99e1aa87
Data/catdog_dataset1/catdog_dataset1_150/catdog_dataset1_150.jpg,catdog_dataset1_150.jpg,catdog_dataset1,cat_280_jpg.rf.bdcd5e86800f47aad92040bd246805eb.jpg,76e6bd3586b419a7ac6a0458fc10c587
Data/catdog_dataset1/catdog_dataset1_151/catdog_dataset1_151.jpg,catdog_dataset1_151.jpg,catdog_dataset1,cat_284_jpg.rf.7c54eeb8473b18180ba969f8184901d5.jpg,f0bf96e173dc811226ca450e74e95cfb
Data/catdog_dataset1/catdog_dataset1_152/catdog_dataset1_152.jpg,catdog_dataset1_152.jpg,catdog_dataset1,cat_290_jpg.rf.b1f3856a681a356ba7eaade5b5152710.jpg,02e1f963d2ef757fc242b54e411de45a
Data/catdog_dataset1/catdog_dataset1_153/catdog_dataset1_153.jpg,catdog_dataset1_153.jpg,catdog_dataset1,cat_292_jpg.rf.c6aa4f3e15291b6d88981e432a3ce964.jpg,f2727d145e98519007947a629c6c3792
Data/catdog_dataset1/catdog_dataset1_154/catdog_dataset1_154.jpg,catdog_dataset1_154.jpg,catdog_dataset1,cat_297_jpg.rf.7b4171c352118b7e9af0968fc626b010.jpg,b6b540fe30de56570f5f77688be0fea8
Data/catdog_dataset1/catdog_dataset1_155/catdog_dataset1_155.jpg,catdog_dataset1_155.jpg,catdog_dataset1,cat_298_jpg.rf.4457eb96479d907f128732a24894451b.jpg,7cea82e593bdcd4de34353f53224c65e
Data/catdog_dataset1/catdog_dataset1_156/catdog_dataset1_156.jpg,catdog_dataset1_156.jpg,catdog_dataset1,cat_2_jpg.rf.646ea0914d4eb4c7f7ac49e683763516.jpg,c56a7ed4e745fd94b55a341c06f947ec
Data/catdog_dataset1/catdog_dataset1_157/catdog_dataset1_157.jpg,catdog_dataset1_157.jpg,catdog_dataset1,cat_304_jpg.rf.ccb3d6fbdfaf4474274315e582880870.jpg,81fcfd4b65742916b3002284da9fa01d
Data/catdog_dataset1/catdog_dataset1_158/catdog_dataset1_158.jpg,catdog_dataset1_158.jpg,catdog_dataset1,cat_306_jpg.rf.ffc29915a08f0beee9b5c26adba5cacd.jpg,86388d15a311b0efad678a74366655a7
Data/catdog_dataset1/catdog_dataset1_159/catdog_dataset1_159.jpg,catdog_dataset1_159.jpg,catdog_dataset1,cat_307_jpg.rf.49d3663bc472347feee6a467a8e9beca.jpg,b086c704418b8cf427bf52da1164574c
Data/catdog_dataset1/catdog_dataset1_16/catdog_dataset1_16.jpg,catdog_dataset1_16.jpg,catdog_dataset1,cat_455_jpg.rf.b96b84e1aba6578c4db164e0be38637b.jpg,0574283a8a7c134c5827b741468d3667
Data/catdog_dataset1/catdog_dataset1_160/catdog_dataset1_160.jpg,catdog_dataset1_160.jpg,catdog_dataset1,cat_313_jpg.rf.b2576c339fb49b44011096f1cac7208d.jpg,51df77cceada6ffaba505c0f9deaafd1
Data/catdog_dataset1/catdog_dataset1_161/catdog_dataset1_161.jpg,catdog_dataset1_161.jpg,catdog_dataset1,cat_316_jpg.rf.8d99777b88678dc7bf15b6e11ff82a7d.jpg,f99b00cf3eb1c9f0d5f13b9501129029
Data/catdog_dataset1/catdog_dataset1_162/catdog_dataset1_162.jpg,catdog_dataset1_162.jpg,catdog_dataset1,cat_321_jpg.rf.c81ab076a44c74465112d84a665af3dd.jpg,a09aef39ce00a2ef96e194b384767168
Data/catdog_dataset1/catdog_dataset1_163/catdog_dataset1_163.jpg,catdog_dataset1_163.jpg,catdog_dataset1,cat_325_jpg.rf.4ceeaf6b5cd336023d68c59681990a01.jpg,c6fa7bc39d19e464d6fa526e609b1951
Data/catdog_dataset1/catdog_dataset1_164/catdog_dataset1_164.jpg,catdog_dataset1_164.jpg,catdog_dataset1,cat_329_jpg.rf.fe4d5cc76c40414e92a84785aeac2644.jpg,d171112cf98defc5c8daca61d35b4456
Data/catdog_dataset1/catdog_dataset1_165/catdog_dataset1_165.jpg,catdog_dataset1_165.jpg,catdog_dataset1,cat_333_jpg.rf.506f6130fc04f2554be8770ce4d3f169.jpg,f0acfdbe8d96b67e57b507d9a9b22a0d
Data/catdog_dataset1/catdog_dataset1_166/catdog_dataset1_166.jpg,catdog_dataset1_166.jpg,catdog_dataset1,cat_336_jpg.rf.ddef8739ece83a03968128a0832e04b3.jpg,987b999a6e8fc347a5eaee671211186a
Data/catdog_dataset1/catdog_dataset1_167/catdog_dataset1_167.jpg,catdog_dataset1_167.jpg,catdog_dataset1,cat_33_jpg.rf.d10a0d1384c8f48944b6171a6a00bba0.jpg,f31ee00b5f093eb1070b85bb37ae170e
Data/catdog_dataset1/catdog_dataset1_168/catdog_dataset1_168.jpg,catdog_dataset1_168.jpg,catdog_dataset1,cat_342_jpg.rf.9844be779277a014b97ffd12fe303120.jpg,997b347ab577c70c52b00db6daa8c049
Data/catdog_dataset1/catdog_dataset1_169/catdog_dataset1_169.jpg,catdog_dataset1_169.jpg,catdog_dataset1,cat_343_jpg.rf.1a531f53ef936364c86cf5986819652d.jpg,aeb4bc5f4d242c17371172708a8b0828
Data/catdog_dataset1/catdog_dataset1_17/catdog_dataset1_17.jpg,catdog_dataset1_17.jpg,catdog_dataset1,cat_482_jpg.rf.a87ca4cb5b329de3d9d0651283671459.jpg,f924a526afee5ccec3bd8d97b4bceed9
Data/catdog_dataset1/catdog_dataset1_170/catdog_dataset1_170.jpg,catdog_dataset1_170.jpg,catdog_dataset1,cat_348_jpg.rf.8e9ebe6fef0035082a72fbfea6c48478.jpg,a235bbf74f6aedcea4a6d55e822bdfc2
Data/catdog_dataset1/catdog_dataset1_171/catdog_dataset1_171.jpg,catdog_dataset1_171.jpg,catdog_dataset1,cat_34_jpg.rf.bfacd2ad943cc7b9b90d48b89e820d99.jpg,7bffbed69d2151369b71b514f872755d
Data/catdog_dataset1/catdog_dataset1_172/catdog_dataset1_172.jpg,catdog_dataset1_172.jpg,catdog_dataset1,cat_350_jpg.rf.44b2942024638dae31dfdc91efe2e099.jpg,163a0937fc7a444c7494230bb57ad824
Data/catdog_dataset1/catdog_dataset1_173/catdog_dataset1_173.jpg,catdog_dataset1_173.jpg,catdog_dataset1,cat_351_jpg.rf.33e8d7f7c289d5e37511d81426c91522.jpg,3ddfa152f231771d3435645c40c8db33
Data/catdog_dataset1/catdog_dataset1_174/catdog_dataset1_174.jpg,catdog_dataset1_174.jpg,catdog_dataset1,cat_352_jpg.rf.8827201fe3f9b7f4fb3078725d2179ed.jpg,9f241baeab1e8df39ba44d40c9327403
Data/catdog_dataset1/catdog_dataset1_175/catdog_dataset1_175.jpg,catdog_dataset1_175.jpg,catdog_dataset1,cat_355_jpg.rf.25f1f37a70683fadfbc01ad18b3848be.jpg,4f8afa88c887adcef42238d74fead436
Data/catdog_dataset1/catdog_dataset1_176/catdog_dataset1_176.jpg,catdog_dataset1_176.jpg,catdog_dataset1,cat_358_jpg.rf.8312b305ce365e6f782d1912dd91fdfc.jpg,e5e123459c9801169f96cc0c5f3ca31f
Data/catdog_dataset1/catdog_dataset1_177/catdog_dataset1_177.jpg,catdog_dataset1_177.jpg,catdog_dataset1,cat_359_jpg.rf.bb27c76e9fd8421f4ee5c1033b36de62.jpg,ac373ba46442ea74d37bfbf07d8740b9
Data/catdog_dataset1/catdog_dataset1_178/catdog_dataset1_178.jpg,catdog_dataset1_178.jpg,catdog_dataset1,cat_35_jpg.rf.fa6ca2b5ef8f4ed1adc5eb7e530b18c2.jpg,51a00bc53a4ee16669ba0085c1e4ec7e
Data/catdog_dataset1/catdog_dataset1_179/catdog_dataset1_179.jpg,catdog_dataset1_179.jpg,catdog_dataset1,cat_361_jpg.rf.15d695fa925722d1a5c6d0206fc26652.jpg,6a2431e8e8cc0b51be3498fd21d37876
Data/catdog_dataset1/catdog_dataset1_18/catdog_dataset1_18.jpg,catdog_dataset1_18.jpg,catdog_dataset1,cat_483_jpg.rf.876059ef4889d917cf2a92ec8b34ac66.jpg,aabfc65982be1462c42e293e937f839d
Data/catdog_dataset1/catdog_dataset1_180/catdog_dataset1_180.jpg,catdog_dataset1_180.jpg,catdog_dataset1,cat_362_jpg.rf.48e86815eb0fb0ee328f4f2832289325.jpg,7c88e5808ea8a989df3e1231352aaf57
Data/catdog_dataset1/catdog_dataset1_181/catdog_dataset1_181.jpg,catdog_dataset1_181.jpg,catdog_dataset1,cat_367_jpg.rf.78fee47315e31dc4aa868bd26a619baf.jpg,49787ca7aa4d2ffb3227f27ef186c7f8
Data/catdog_dataset1/catdog_dataset1_182/catdog_dataset1_182.jpg,catdog_dataset1_182.jpg,catdog_dataset1,cat_370_jpg.rf.2143bb0f9db955c527ce1aeefe02cd7a.jpg,6cb4d9756ebb66a11bb693067483561b
Data/catdog_dataset1/catdog_dataset1_183/catdog_dataset1_183.jpg,catdog_dataset1_183.jpg,catdog_dataset1,cat_371_jpg.rf.d64b83131f2cae310ae01100bef29352.jpg,ac499e5f3729d4e26026b739ff15aee2
Data/catdog_dataset1/catdog_dataset1_184/catdog_dataset1_184.jpg,catdog_dataset1_184.jpg,catdog_dataset1,cat_372_jpg.rf.a897f592c26067da049ec4666671c81d.jpg,d7e8cbae0b8d1fe048da6da240ad0e75
Data/catdog_dataset1/catdog_dataset1_185/catdog_dataset1_185.jpg,catdog_dataset1_185.jpg,catdog_dataset1,cat_373_jpg.rf.4f7ca8a815b69e1d6dcc17c827f4c3fb.jpg,adbfe294e4f94e735baeb621f5169df2
Data/catdog_dataset1/catdog_dataset1_186/catdog_dataset1_186.jpg,catdog_dataset1_186.jpg,catdog_dataset1,cat_377_jpg.rf.64c8134299be28452f4935c7463f27db.jpg,fdbc8db87a147cdad353a91cb508ce40
Data/catdog_dataset1/catdog_dataset1_187/catdog_dataset1_187.jpg,catdog_dataset1_187.jpg,catdog_dataset1,cat_37_jpg.rf.563424140424e70cff90a072bd2e608b.jpg,79e2c3ddb10bbda13aa0a070b6e40f77
Data/catdog_dataset1/catdog_dataset1_188/catdog_dataset1_188.jpg,catdog_dataset1_188.jpg,catdog_dataset1,cat_380_jpg.rf.8878fac5e40385d7d4e7b10262316ad6.jpg,64e8c85131140f2e7f034b8aa5120e92
Data/catdog_dataset1/catdog_dataset1_189/catdog_dataset1_189.jpg,catdog_dataset1_189.jpg,catdog_dataset1,cat_385_jpg.rf.367625170431fbd9251fc8a870d2160d.jpg,02efcf36dd27fe89b895ecc452d14d41
Data/catdog_dataset1/catdog_dataset1_19/catdog_dataset1_19.jpg,catdog_dataset1_19.jpg,catdog_dataset1,cat_505_jpg.rf.f9cf7bd128474c104ff71195fcef966e.jpg,3c3c7b846148001bd80dc6d4fb8be2a2
Data/catdog_dataset1/catdog_dataset1_190/catdog_dataset1_190.jpg,catdog_dataset1_190.jpg,catdog_dataset1,cat_387_jpg.rf.490857dd01dbe1306834ff01c09fb243.jpg,1bd1c7bbee0b1b57a8f20b9d97ff36fd
Data/catdog_dataset1/catdog_dataset1_191/catdog_dataset1_191.jpg,catdog_dataset1_191.jpg,catdog_dataset1,cat_388_jpg.rf.bf2588f6a4baaecf39cd961ad826626f.jpg,3ad90ce9e7198740e36f8c4f322fd226
Data/catdog_dataset1/catdog_dataset1_192/catdog_dataset1_192.jpg,catdog_dataset1_192.jpg,catdog_dataset1,cat_38_jpg.rf.6409b3b77241ce905c1d6c8269c01360.jpg,9699ab86e8849a631b2c15360677cc81
Data/catdog_dataset1/catdog_dataset1_193/catdog_dataset1_193.jpg,catdog_dataset1_193.jpg,catdog_dataset1,cat_391_jpg.rf.3321c83fdde1b0ab72250e1f918fefa6.jpg,c639abfd5793da1383486238a9d82531
Data/catdog_dataset1/catdog_dataset1_194/catdog_dataset1_194.jpg,catdog_dataset1_194.jpg,catdog_dataset1,cat_393_jpg.rf.5049fec1b5c52fb56d672f05c5afe648.jpg,39ed21e153d96c1f9511ea6d3c9b3879
Data/catdog_dataset1/catdog_dataset1_195/catdog_dataset1_195.jpg,catdog_dataset1_195.jpg,catdog_dataset1,cat_395_jpg.rf.fbf37c01feeadf3967867ea01bb07abe.jpg,da0c932c3a6c69fb12cdef89e22d98fe
Data/catdog_dataset1/catdog_dataset1_196/catdog_dataset1_196.jpg,catdog_dataset1_196.jpg,catdog_dataset1,cat_397_jpg.rf.ff438340ac0b5d6294e3a00d26eeeb33.jpg,d2237b648970752f049d912353e442c9
Data/catdog_dataset1/catdog_dataset1_197/catdog_dataset1_197.jpg,catdog_dataset1_197.jpg,catdog_dataset1,cat_39_jpg.rf.23f1204d32c46717df3760b8b6755990.jpg,1c32dd46cadc48e9c7e8acfda6bf0089
Data/catdog_dataset1/catdog_dataset1_198/catdog_dataset1_198.jpg,catdog_dataset1_198.jpg,catdog_dataset1,cat_3_jpg.rf.cb17c18b09bb2e61ad3d0eb9f82580d8.jpg,f0e0c0d15182c9fc6c52142489d15c1a
Data/catdog_dataset1/catdog_dataset1_199/catdog_dataset1_199.jpg,catdog_dataset1_199.jpg,catdog_dataset1,cat_402_jpg.rf.c6151d463e91dbfa24d2ab7d8e3dac0e.jpg,b49128c9897d4c93e05cedb8c321f346
Data/catdog_dataset1/catdog_dataset1_2/catdog_dataset1_2.jpg,catdog_dataset1_2.jpg,catdog_dataset1,cat_14_jpg.rf.2ef838ec6fe10b6f9bc0f9bd0c4e0790.jpg,6fba11d2c32c48d02e2d2630bca9eace
Data/catdog_dataset1/catdog_dataset1_20/catdog_dataset1_20.jpg,catdog_dataset1_20.jpg,catdog_dataset1,cat_525_jpg.rf.2ad072695bd1d4765e604e9d45e05a0e.jpg,acc15e07d2a2a2b7c985ed19ed9279e1
Data/catdog_dataset1/catdog_dataset1_200/catdog_dataset1_200.jpg,catdog_dataset1_200.jpg,catdog_dataset1,cat_403_jpg.rf.03f56259700cab4dc3a106e496b9af2a.jpg,c32cff4e7b062d078baac093aa562cb7
Data/catdog_dataset1/catdog_dataset1_201/catdog_dataset1_201.jpg,catdog_dataset1_201.jpg,catdog_dataset1,cat_405_jpg.rf.e6915474dab72e5ba4d63b45b40c7dec.jpg,52c8ed8358a678537450b9985a538afb
Data/catdog_dataset1/catdog_dataset1_202/catdog_dataset1_202.jpg,catdog_dataset1_202.jpg,catdog_dataset1,cat_407_jpg.rf.2decbbbb20590f6eb5608446b2c34c74.jpg,dcee81bacd1f8cba42772a2ce5b706d0
Data/catdog_dataset1/catdog_dataset1_203/catdog_dataset1_203.jpg,catdog_dataset1_203.jpg,catdog_dataset1,cat_408_jpg.rf.07187bd7a2e8ee2a11b395b4a6cb9d2d.jpg,13ad10ceb4805cfccdb052a0090ce0c0
Data/catdog_dataset1/catdog_dataset1_204/catdog_dataset1_204.jpg,catdog_dataset1_204.jpg,catdog_dataset1,cat_413_jpg.rf.28fcc9c4111dca9cb759037ec69d582f.jpg,85810780553254a91aa8032638763ff5
Data/catdog_dataset1/catdog_dataset1_205/catdog_dataset1_205.jpg,catdog_dataset1_205.jpg,catdog_dataset1,cat_416_jpg.rf.eb1eba7ee3bdf1edf93b70f7686c3217.jpg,ea5cda2c7e12584ad8726bb7838adcb4
Data/catdog_dataset1/catdog_dataset1_206/catdog_dataset1_206.jpg,catdog_dataset1_206.jpg,catdog_dataset1,cat_417_jpg.rf.53492cbede341b1e88e9958718330048.jpg,5136efd3193926417c622b100c1ecc0a
Data/catdog_dataset1/catdog_dataset1_207/catdog_dataset1_207.jpg,catdog_dataset1_207.jpg,catdog_dataset1,cat_418_jpg.rf.8a66bf7d9110e07dd013b526f72cf631.jpg,4fb5fb328f9496fadeb6253bfedcb0c1
Data/catdog_dataset1/catdog_dataset1_208/catdog_dataset1_208.jpg,catdog_dataset1_208.jpg,catdog_dataset1,cat_419_jpg.rf.5c76e1ef46064aece77496530e80aac2.jpg,3d6a3087724ad0184423c08bee2af11b
Data/catdog_dataset1/catdog_dataset1_209/catdog_dataset1_209.jpg,catdog_dataset1_209.jpg,catdog_dataset1,cat_420_jpg.rf.e888c796d2db9918198d6db2f980daa4.jpg,c81f65ba393b4548f611f183225769c9
Data/catdog_dataset1/catdog_dataset1_21/catdog_dataset1_21.jpg,catdog_dataset1_21.jpg,catdog_dataset1,cat_526_jpg.rf.d3e1b60646ba653b2065e60544f476d0.jpg,b8620c9536808e6cb0dc04492e341a46
Data/catdog_dataset1/catdog_dataset1_210/catdog_dataset1_210.jpg,catdog_dataset1_210.jpg,catdog_dataset1,cat_422_jpg.rf.e1e41aa07789589e7936458edf3f5c74.jpg,143ff6e2f7315ba4c82088f8f99a786b
Data/catdog_dataset1/catdog_dataset1_211/catdog_dataset1_211.jpg,catdog_dataset1_211.jpg,catdog_dataset1,cat_423_jpg.rf.70c815d13be81700a81cb31b40bd3dfa.jpg,769629b75b541687a271158e4bc2bdc1
Data/catdog_dataset1/catdog_dataset1_212/catdog_dataset1_212.jpg,catdog_dataset1_212.jpg,catdog_dataset1,cat_427_jpg.rf.2859a1f860883aaaec2ba94c4a6492c4.jpg,14e4c03c7b245e50699143804756cf34
Data/catdog_dataset1/catdog_dataset1_213/catdog_dataset1_213.jpg,catdog_dataset1_213.jpg,catdog_dataset1,cat_428_jpg.rf.c846320bac616a80b545bb0ed8c67ef4.jpg,4d8112a94dcb84b6f3084dee97b6a6bf
Data/catdog_dataset1/catdog_dataset1_214/catdog_dataset1_214.jpg,catdog_dataset1_214.jpg,catdog_dataset1,cat_429_jpg.rf.4d4473a9ad9821259b17d49aeed20b2e.jpg,872fe964a556ff8e774c2cc37679a670
Data/catdog_dataset1/catdog_dataset1_215/catdog_dataset1_215.jpg,catdog_dataset1_215.jpg,catdog_dataset1,cat_434_jpg.rf.a75608b3f73518df63de01b27a6dba38.jpg,a4946c369f5438cf80448081f6cbeb1e
Data/catdog_dataset1/catdog_dataset1_216/catdog_dataset1_216.jpg,catdog_dataset1_216.jpg,catdog_dataset1,cat_435_jpg.rf.249998ee5c37d43105eb9c9b98f23f25.jpg,4b5500ef60171668af121a164a4ecfec
Data/catdog_dataset1/catdog_dataset1_217/catdog_dataset1_217.jpg,catdog_dataset1_217.jpg,catdog_dataset1,cat_438_jpg.rf.1e23bd5255ea7af017b2778c06ac8448.jpg,297dcf74227f80192f541bf6bf03543b
Data/catdog_dataset1/catdog_dataset1_218/catdog_dataset1_218.jpg,catdog_dataset1_218.jpg,catdog_dataset1,cat_43_jpg.rf.287866ef69d431229dc74de83203ff5c.jpg,105e9cbbcdccbbb483911ffbd5c5b86d
Data/catdog_dataset1/catdog_dataset1_219/catdog_dataset1_219.jpg,catdog_dataset1_219.jpg,catdog_dataset1,cat_443_jpg.rf.209404fc4de9f46c83b23290ff609051.jpg,bb1f17d75876326922c156150d31a8f9
Data/catdog_dataset1/catdog_dataset1_22/catdog_dataset1_22.jpg,catdog_dataset1_22.jpg,catdog_dataset1,cat_549_jpg.rf.a335bd33eb9488b3f5c30ed5e2a841ff.jpg,14bfd24eb19a90765cc6ed7f41a72bb1
Data/catdog_dataset1/catdog_dataset1_220/catdog_dataset1_220.jpg,catdog_dataset1_220.jpg,catdog_dataset1,cat_445_jpg.rf.4beb20d7033f041fc7cd6273371fbce1.jpg,b42325159ff4f14830cb55f8a582d211
Data/catdog_dataset1/catdog_dataset1_221/catdog_dataset1_221.jpg,catdog_dataset1_221.jpg,catdog_dataset1,cat_450_jpg.rf.d4f46bed25f9e4b4a9cb6e733d4c1963.jpg,481a3016811d8dc861c9695228b28f22
Data/catdog_dataset1/catdog_dataset1_222/catdog_dataset1_222.jpg,catdog_dataset1_222.jpg,catdog_dataset1,cat_452_jpg.rf.1f97216279f7b32d7b883d64a3a9d1f0.jpg,5dc532faa9f0e4d91ccbe192af95856d
Data/catdog_dataset1/catdog_dataset1_223/catdog_dataset1_223.jpg,catdog_dataset1_223.jpg,catdog_dataset1,cat_461_jpg.rf.b84805be00f79421b512bd9b6334e6ec.jpg,93b00f8f44bad188b01bf1644cef8af5
Data/catdog_dataset1/catdog_dataset1_224/catdog_dataset1_224.jpg,catdog_dataset1_224.jpg,catdog_dataset1,cat_463_jpg.rf.23e3a47fcde477dcb1ebf46df6abd3f4.jpg,f9f42dd987a057b912b0a5bf053215de
Data/catdog_dataset1/catdog_dataset1_225/catdog_dataset1_225.jpg,catdog_dataset1_225.jpg,catdog_dataset1,cat_465_jpg.rf.995c2e6af701dc8d0a5a41b69a5137f6.jpg,0e6ba3b0ac9e8b7d9009460cb4aa6ba5
Data/catdog_dataset1/catdog_dataset1_226/catdog_dataset1_226.jpg,catdog_dataset1_226.jpg,catdog_dataset1,cat_466_jpg.rf.8a8484c1ffeb54791167f35d0eb47090.jpg,138d30492e4aa95cc23d0d806aa4f02d
Data/catdog_dataset1/catdog_dataset1_227/catdog_dataset1_227.jpg,catdog_dataset1_227.jpg,catdog_dataset1,cat_467_jpg.rf.ac77a45ce61bd826ae616e82231450fa.jpg,deea22362f58295408916518e337435d
Data/catdog_dataset1/catdog_dataset1_228/catdog_dataset1_228.jpg,catdog_dataset1_228.jpg,catdog_dataset1,cat_469_jpg.rf.f48971be7e3bca7750d39ba2e3b36984.jpg,0a995aa8e393fb10e22fdead58b4b44f
Data/catdog_dataset1/catdog_dataset1_229/catdog_dataset1_229.jpg,catdog_dataset1_229.jpg,catdog_dataset1,cat_473_jpg.rf.4f93a8971688af1e334c8aff8d99c129.jpg,c72ecf9ca8e3329749a3cc6b21696904
Data/catdog_dataset1/catdog_dataset1_23/catdog_dataset1_23.jpg,catdog_dataset1_23.jpg,catdog_dataset1,cat_583_jpg.rf.467b6103d6b3ac0ec9cfd3392156bdfc.jpg,4ad413d4653cffd916565abe3c4b7e47
Data/catdog_dataset1/catdog_dataset1_230/catdog_dataset1_230.jpg,catdog_dataset1_230.jpg,catdog_dataset1,cat_474_jpg.rf.61c96203dab06a6cbedb638e016d0abb.jpg,a6ab5969ce469311bd89951244407bbb
Data/catdog_dataset1/catdog_dataset1_231/catdog_dataset1_231.jpg,catdog_dataset1_231.jpg,catdog_dataset1,cat_485_jpg.rf.ad11877e9b27f2249a8c6ad95e44460f.jpg,f0d05577870d4ce8dd1b8f37a49b22f6
Data/catdog_dataset1/catdog_dataset1_232/catdog_dataset1_232.jpg,catdog_dataset1_232.jpg,catdog_dataset1,cat_487_jpg.rf.723b5db9b85b26247cacef296bc2d3ba.jpg,b06ff537f61a61fe0ea8981d2d196f43
Data/catdog_dataset1/catdog_dataset1_233/catdog_dataset1_233.jpg,catdog_dataset1_233.jpg,catdog_dataset1,cat_489_jpg.rf.ddaf06f15c420526f53d4f9e2252dd08.jpg,89bcbbb77f8ef958354a43cec5facd1c
Data/catdog_dataset1/catdog_dataset1_234/catdog_dataset1_234.jpg,catdog_dataset1_234.jpg,catdog_dataset1,cat_490_jpg.rf.46bb9697ce72108838c44c818a5e2dd2.jpg,96d4e36fb8bf28827fe35b0d87e6e990
Data/catdog_dataset1/catdog_dataset1_235/catdog_dataset1_235.jpg,catdog_dataset1_235.jpg,catdog_dataset1,cat_492_jpg.rf.6a71bb49d765f20263dd248a04b7444f.jpg,c1fbb46eee9b66ad51ca908c5aafb67a
Data/catdog_dataset1/catdog_dataset1_236/catdog_dataset1_236.jpg,catdog_dataset1_236.jpg,catdog_dataset1,cat_494_jpg.rf.71c9fb324ee3cf26009934ee3ade4f30.jpg,3754f53b271864bc2a92bc19b46421aa
Data/catdog_dataset1/catdog_dataset1_237/catdog_dataset1_237.jpg,catdog_dataset1_237.jpg,catdog_dataset1,cat_496_jpg.rf.3c62bb8405ab3d50a6fe1e7a77b962ea.jpg,a1b74e12b157f7fedb34076240849460
Data/catdog_dataset1/catdog_dataset1_238/catdog_dataset1_238.jpg,catdog_dataset1_238.jpg,catdog_dataset1,cat_497_jpg.rf.b8694914a77b26cb801201638d611edf.jpg,537a8eb3b7b842310f5c8f1118567cf5
Data/catdog_dataset1/catdog_dataset1_239/catdog_dataset1_239.jpg,catdog_dataset1_239.jpg,catdog_dataset1,cat_500_jpg.rf.2c6b699b02cb843473c21bdea7382842.jpg,96cbc66c12085c0ac5e416fba03d091b
Data/catdog_dataset1/catdog_dataset1_24/catdog_dataset1_24.jpg,catdog_dataset1_24.jpg,catdog_dataset1,cat_64_jpg.rf.d6f12a2f546b2fbe4c4ea26a581f5291.jpg,c04181a25a069c60a2e06c4f86f98b8b
Data/catdog_dataset1/catdog_dataset1_240/catdog_dataset1_240.jpg,catdog_dataset1_240.jpg,catdog_dataset1,cat_504_jpg.rf.86268d7cd2aa9d7846c3dd0c04808be2.jpg,c47d762e458ae85a7489211787a9835e
Data/catdog_dataset1/catdog_dataset1_241/catdog_dataset1_241.jpg,catdog_dataset1_241.jpg,catdog_dataset1,cat_506_jpg.rf.c80129b78dad21de8e750ae85bb27fa4.jpg,4c7788cbd5f4ff594f1bf2dd3b1ad742
Data/catdog_dataset1/catdog_dataset1_242/catdog_dataset1_242.jpg,catdog_dataset1_242.jpg,catdog_dataset1,cat_508_jpg.rf.5886424bd9eed4d239f9b9f2a21e6a1b.jpg,86fb5c51443cfcec25713f5a4a79ac33
Data/catdog_dataset1/catdog_dataset1_243/catdog_dataset1_243.jpg,catdog_dataset1_243.jpg,catdog_dataset1,cat_50_jpg.rf.10d31b1facce67dba5eb8ff33cf09e12.jpg,aff72a2626f0d764d6f18b7c3bad750f
Data/catdog_dataset1/catdog_dataset1_244/catdog_dataset1_244.jpg,catdog_dataset1_244.jpg,catdog_dataset1,cat_511_jpg.rf.0f4eb1f3723bd37dca2c25e9ccaa2de5.jpg,0dc18a582b6f72078e789d5b8182fa49
Data/catdog_dataset1/catdog_dataset1_245/catdog_dataset1_245.jpg,catdog_dataset1_245.jpg,catdog_dataset1,cat_523_jpg.rf.f511e412d8034a401fcdc23a080ddc94.jpg,3559da2d0d6fe75239bf20f0eec89406
Data/catdog_dataset1/catdog_dataset1_246/catdog_dataset1_246.jpg,catdog_dataset1_246.jpg,catdog_dataset1,cat_524_jpg.rf.43300248c2b3a76be0ffd7228b4e15f1.jpg,2f7846b31434f1093c732cd75c932ee3
Data/catdog_dataset1/catdog_dataset1_247/catdog_dataset1_247.jpg,catdog_dataset1_247.jpg,catdog_dataset1,cat_528_jpg.rf.109be5f4f0b38d0fa8a4ede2d2d4c128.jpg,5f966204022528ae05f354b02f6ced66
Data/catdog_dataset1/catdog_dataset1_248/catdog_dataset1_248.jpg,catdog_dataset1_248.jpg,catdog_dataset1,cat_52_jpg.rf.99e8b4a40fcc5d1add6f08ef26e8548c.jpg,02863c5ae2e9849ddde12db39a84f098
Data/catdog_dataset1/catdog_dataset1_249/catdog_dataset1_249.jpg,catdog_dataset1_249.jpg,catdog_dataset1,cat_531_jpg.rf.1c5b6e3170a7cfb2e64c740fb6cf1bf5.jpg,9e5cfda08aa1c638bb5639b5c37bd5a2
Data/catdog_dataset1/catdog_dataset1_25/catdog_dataset1_25.jpg,catdog_dataset1_25.jpg,catdog_dataset1,cat_67_jpg.rf.98e54bc74d2b80ba2cc17c25923a54e6.jpg,ceb113de62c3a9fd1ab1fedc635ac4c3
Data/catdog_dataset1/catdog_dataset1_250/catdog_dataset1_250.jpg,catdog_dataset1_250.jpg,catdog_dataset1,cat_532_jpg.rf.74eb1d263e87d5adc089d47396557f1c.jpg,dec7558c0899f9510ea77f44142804cb
Data/catdog_dataset1/catdog_dataset1_251/catdog_dataset1_251.jpg,catdog_dataset1_251.jpg,catdog_dataset1,cat_533_jpg.rf.3409eaff2c14fa3a845857270b722622.jpg,62b357aee5093a2a76ac4af0a44cd748
Data/catdog_dataset1/catdog_dataset1_252/catdog_dataset1_252.jpg,catdog_dataset1_252.jpg,catdog_dataset1,cat_535_jpg.rf.b14a04ee5e0b3df9e5cf37b1e38f999d.jpg,9b16ab06afcbaaabfcb4f7f57404c8ba
Data/catdog_dataset1/catdog_dataset1_253/catdog_dataset1_253.jpg,catdog_dataset1_253.jpg,catdog_dataset1,cat_536_jpg.rf.338af184cf445bd341dec8f6a88ccdb1.jpg,033a84cded21b03ccd43b81dc8c567b4
Data/catdog_dataset1/catdog_dataset1_254/catdog_dataset1_254.jpg,catdog_dataset1_254.jpg,catdog_dataset1,cat_53_jpg.rf.5f6519f6dd9de2434fe7457ac1e45ece.jpg,e367b6170d5bf46ede189f1b321829f2
Data/catdog_dataset1/catdog_dataset1_255/catdog_dataset1_255.jpg,catdog_dataset1_255.jpg,catdog_dataset1,cat_540_jpg.rf.a2f9d393e53539c03baa265e7852b986.jpg,ec9c1683cf6bde646b971493c6e32359
Data/catdog_dataset1/catdog_dataset1_256/catdog_dataset1_256.jpg,catdog_dataset1_256.jpg,catdog_dataset1,cat_542_jpg.rf.621d2ac90cd6cf6cb67035c9cfc87eed.jpg,8ce7449ba69d64f4cff38ceca5bfe740
Data/catdog_dataset1/catdog_dataset1_257/catdog_dataset1_257.jpg,catdog_dataset1_257.jpg,catdog_dataset1,cat_543_jpg.rf.c4d6d2819270325d3dd68085697dc305.jpg,698293d19b6b499320ce0de8a192576d
Data/catdog_dataset1/catdog_dataset1_258/catdog_dataset1_258.jpg,catdog_dataset1_258.jpg,catdog_dataset1,cat_544_jpg.rf.d0ffb635df2b5ceb44787ed1f3ddba01.jpg,2cccde0d99e7a1800af4e20f6d896844
Data/catdog_dataset1/catdog_dataset1_259/catdog_dataset1_259.jpg,catdog_dataset1_259.jpg,catdog_dataset1,cat_546_jpg.rf.af3362ef1442f8f8c94df7b62ce685c2.jpg,d7e88b05d88b94d0ff4eda32db4659a0
Data/catdog_dataset1/catdog_dataset1_26/catdog_dataset1_26.jpg,catdog_dataset1_26.jpg,catdog_dataset1,cat_69_jpg.rf.229454c9f0a13f6363f81d6c30c580e1.jpg,0c0f71b819a72e8f6745a07b06b107c8
Data/catdog_dataset1/catdog_dataset1_260/catdog_dataset1_260.jpg,catdog_dataset1_260.jpg,catdog_dataset1,cat_547_jpg.rf.96ea91c51cf7599120f309794ab0ece9.jpg,6cc1d74901713ca314eaf0f1e9e59370
Data/catdog_dataset1/catdog_dataset1_261/catdog_dataset1_261.jpg,catdog_dataset1_261.jpg,catdog_dataset1,cat_551_jpg.rf.d6ba26080de124bd037f8982b2adb7fb.jpg,d129116b7e51c9cba676339939f89ed6
Data/catdog_dataset1/catdog_dataset1_262/catdog_dataset1_262.jpg,catdog_dataset1_262.jpg,catdog_dataset1,cat_553_jpg.rf.6a80b8880dbacb67fc42c88fd0ddcee8.jpg,45634df731b6c6af7bb4b0071862be47
Data/catdog_dataset1/catdog_dataset1_263/catdog_dataset1_263.jpg,catdog_dataset1_263.jpg,catdog_dataset1,cat_556_jpg.rf.c48cc8789ae1950c7f1bdfbbfdc2a3d1.jpg,03756edb908e21b0470b9e2948171cf5
Data/catdog_dataset1/catdog_dataset1_264/catdog_dataset1_264.jpg,catdog_dataset1_264.jpg,catdog_dataset1,cat_558_jpg.rf.69c8afcc68e4ccca89b5cae9533159e5.jpg,7c68ff6a50055e64e13ff47850584c03
Data/catdog_dataset1/catdog_dataset1_265/catdog_dataset1_265.jpg,catdog_dataset1_265.jpg,catdog_dataset1,cat_560_jpg.rf.86e10868ba6e3dbd05fdace02fa7d735.jpg,39f37a8f6539d6445fa26d34a90be84c
Data/catdog_dataset1/catdog_dataset1_266/catdog_dataset1_266.jpg,catdog_dataset1_266.jpg,catdog_dataset1,cat_564_jpg.rf.aba842d4276eff7d977d5df16897acf3.jpg,6b6dec59bbf2344fee3b0646c247027c
Data/catdog_dataset1/catdog_dataset1_267/catdog_dataset1_267.jpg,catdog_dataset1_267.jpg,catdog_dataset1,cat_567_jpg.rf.0eec73d65a3a2ebcbb859cb25a37b9c1.jpg,b628cc046a1389cc8d4172461266039d
Data/catdog_dataset1/catdog_dataset1_268/catdog_dataset1_268.jpg,catdog_dataset1_268.jpg,catdog_dataset1,cat_569_jpg.rf.457d3509b13ae5f8dec59a597b219188.jpg,66c408b238a0462531c8eba453172a42
Data/catdog_dataset1/catdog_dataset1_269/catdog_dataset1_269.jpg,catdog_dataset1_269.jpg,catdog_dataset1,cat_56_jpg.rf.d435a80f37d6a3f7c30ae6beb2296f2b.jpg,d4a1570b06e123aff8fa8c3f5676a215
Data/catdog_dataset1/catdog_dataset1_27/catdog_dataset1_27.jpg,catdog_dataset1_27.jpg,catdog_dataset1,cat_87_jpg.rf.a728965b1294e80d7caecfb148f0afeb.jpg,ed73d954a4e7be5181d13777324fc5c7
Data/catdog_dataset1/catdog_dataset1_270/catdog_dataset1_270.jpg,catdog_dataset1_270.jpg,catdog_dataset1,cat_573_jpg.rf.ac80252d38e0f8b4b828b2e4f595147a.jpg,82f29fbd30c33fddd5a0bb40d2399664
Data/catdog_dataset1/catdog_dataset1_271/catdog_dataset1_271.jpg,catdog_dataset1_271.jpg,catdog_dataset1,cat_574_jpg.rf.c1da766c9f709330074261a4f05d53c2.jpg,e8d3e24c4d150285386bd5c6e103ae64
Data/catdog_dataset1/catdog_dataset1_272/catdog_dataset1_272.jpg,catdog_dataset1_272.jpg,catdog_dataset1,cat_575_jpg.rf.c54ad80b8f16e58b6898b6920e16cebd.jpg,65f6bee662e5be06e3e427b1d3bb5bee
Data/catdog_dataset1/catdog_dataset1_273/catdog_dataset1_273.jpg,catdog_dataset1_273.jpg,catdog_dataset1,cat_580_jpg.rf.c7c21e2b0bd78c22f701a83ea7032ac5.jpg,00dfd0d30e452ae3ff152223adfc879b
Data/catdog_dataset1/catdog_dataset1_274/catdog_dataset1_274.jpg,catdog_dataset1_274.jpg,catdog_dataset1,cat_581_jpg.rf.b3c360fd006a0100dcf57e0b84f430f2.jpg,e11f39cca6c5a45700be6357631b8a94
Data/catdog_dataset1/catdog_dataset1_275/catdog_dataset1_275.jpg,catdog_dataset1_275.jpg,catdog_dataset1,cat_586_jpg.rf.e6c64180c202f18039d7459eeaf4b7f2.jpg,74f377f671908f95f7fa668bd1c0d346
Data/catdog_dataset1/catdog_dataset1_276/catdog_dataset1_276.jpg,catdog_dataset1_276.jpg,catdog_dataset1,cat_587_jpg.rf.1b4130a600faefc618f3f99992b87883.jpg,7cf3c76a2f5a78448e82f09fb3f4345f
Data/catdog_dataset1/catdog_dataset1_277/catdog_dataset1_277.jpg,catdog_dataset1_277.jpg,catdog_dataset1,cat_58_jpg.rf.e9470302be09bb6cd585ed73bfbfb0b9.jpg,92aa26700901aa47f1e8b75bebf72b21
Data/catdog_dataset1/catdog_dataset1_278/catdog_dataset1_278.jpg,catdog_dataset1_278.jpg,catdog_dataset1,cat_590_jpg.rf.70474da6f8a5d41fd5e4eff90c6d6fa2.jpg,a775c2952587cf8c4cace7438735b9fa
Data/catdog_dataset1/catdog_dataset1_279/catdog_dataset1_279.jpg,catdog_dataset1_279.jpg,catdog_dataset1,cat_591_jpg.rf.75f44085daa22cc7b6e5c445fa701900.jpg,499db2cde489bf6ba2b0efa30645d945
Data/catdog_dataset1/catdog_dataset1_28/catdog_dataset1_28.jpg,catdog_dataset1_28.jpg,catdog_dataset1,cat_88_jpg.rf.bf6e38ad570606042240aff8d391c4db.jpg,47c60e95888abf2d9bef4b5f59e43d46
Data/catdog_dataset1/catdog_dataset1_280/catdog_dataset1_280.jpg,catdog_dataset1_280.jpg,catdog_dataset1,cat_592_jpg.rf.cd362e2c178caffa14fe822a72296754.jpg,4b70aaa76cc359f04ee80256bd651b68
Data/catdog_dataset1/catdog_dataset1_281/catdog_dataset1_281.jpg,catdog_dataset1_281.jpg,catdog_dataset1,cat_605_jpg.rf.84478bf50f56c546f3bff437bd9ab75e.jpg,7e5eac85340084ad1e3fa9fd46676be7
Data/catdog_dataset1/catdog_dataset1_282/catdog_dataset1_282.jpg,catdog_dataset1_282.jpg,catdog_dataset1,cat_60_jpg.rf.7ce31eb7cfddc702573fc293d396f44a.jpg,07fa1160dfe0f554a0db0e9e2da2df4c
Data/catdog_dataset1/catdog_dataset1_283/catdog_dataset1_283.jpg,catdog_dataset1_283.jpg,catdog_dataset1,cat_61_jpg.rf.350c1521e8fcdfb465d7b6134f2ca233.jpg,c757389ada8891c6bf95e0a44b857f49
Data/catdog_dataset1/catdog_dataset1_284/catdog_dataset1_284.jpg,catdog_dataset1_284.jpg,catdog_dataset1,cat_66_jpg.rf.477e37b4ba8a6ca2a83ddeed71903dbc.jpg,964b97a68ae436791dcd1dadd9f82c18
Data/catdog_dataset1/catdog_dataset1_285/catdog_dataset1_285.jpg,catdog_dataset1_285.jpg,catdog_dataset1,cat_6_jpg.rf.820a9ef81addb1ff5b7bb72c3c433a0e.jpg,73146c21bf34bef9d289a59fb8ae9b94
Data/catdog_dataset1/catdog_dataset1_286/catdog_dataset1_286.jpg,catdog_dataset1_286.jpg,catdog_dataset1,cat_70_jpg.rf.31a722064750abbabc0b2abaff9263d0.jpg,2f9256d0b5096fcc9679857696a6ee66
Data/catdog_dataset1/catdog_dataset1_287/catdog_dataset1_287.jpg,catdog_dataset1_287.jpg,catdog_dataset1,cat_74_jpg.rf.40cd5789b354de7db4b53368989cacc7.jpg,89b3c7aab4ec21c4c7ab46624987a25b
Data/catdog_dataset1/catdog_dataset1_288/catdog_dataset1_288.jpg,catdog_dataset1_288.jpg,catdog_dataset1,cat_75_jpg.rf.5a07693a173e2493b29bf66857ce5feb.jpg,efe1a8fe488ebd63340c927c43f2f0fa
Data/catdog_dataset1/catdog_dataset1_289/catdog_dataset1_289.jpg,catdog_dataset1_289.jpg,catdog_dataset1,cat_77_jpg.rf.f5ccefa6ee19269d28b2c17e5e82d209.jpg,78b1dcf0e0a90677924fa9ea7b4afe16
Data/catdog_dataset1/catdog_dataset1_29/catdog_dataset1_29.jpg,catdog_dataset1_29.jpg,catdog_dataset1,dog_102_jpg.rf.45dc20cce9e3e0e1e17c911df52a6a62.jpg,cd6cb6f7c1b3611d02844d16d14e0296
Data/catdog_dataset1/catdog_dataset1_290/catdog_dataset1_290.jpg,catdog_dataset1_290.jpg,catdog_dataset1,cat_78_jpg.rf.d07b2041866ed0b1e85d55edb558df84.jpg,c1f19a4653b9ff25bff1c2c5f5475baf
Data/catdog_dataset1/catdog_dataset1_291/catdog_dataset1_291.jpg,catdog_dataset1_291.jpg,catdog_dataset1,cat_93_jpg.rf.1b68fab0f12a1620b02077a47586dcbf.jpg,b34f6fd2c788217f5a9ebcf188340adb
Data/catdog_dataset1/catdog_dataset1_292/catdog_dataset1_292.jpg,catdog_dataset1_292.jpg,catdog_dataset1,cat_94_jpg.rf.da52af065f8fa306a52ea89abc876715.jpg,4bd642a703e4412b889d311c6b7a1b33
Data/catdog_dataset1/catdog_dataset1_293/catdog_dataset1_293.jpg,catdog_dataset1_293.jpg,catdog_dataset1,cat_95_jpg.rf.5cb793accf9024eaa7163d7bee6dc269.jpg,2081a277def27dde42d51f40aed86609
Data/catdog_dataset1/catdog_dataset1_294/catdog_dataset1_294.jpg,catdog_dataset1_294.jpg,catdog_dataset1,cat_96_jpg.rf.2f9a4cd5166329ab3eef434045ec1611.jpg,35175d0c45a743bb0b949d22987d3d65
Data/catdog_dataset1/catdog_dataset1_295/catdog_dataset1_295.jpg,catdog_dataset1_295.jpg,catdog_dataset1,cat_97_jpg.rf.23fcda46384cdc35ac1987aade1f01cb.jpg,823ae9ae5355dfbb5fb6aabacd3b9e33
Data/catdog_dataset1/catdog_dataset1_296/catdog_dataset1_296.jpg,catdog_dataset1_296.jpg,catdog_dataset1,cat_98_jpg.rf.596816cd6bd15933e5d590da08f6f7b4.jpg,3ab9ae6cecccac5c69f6bb28d894e084
Data/catdog_dataset1/catdog_dataset1_297/catdog_dataset1_297.jpg,catdog_dataset1_297.jpg,catdog_dataset1,cat_9_jpg.rf.7eb5235652733e3658f650b565c3ec07.jpg,bcb8610c62e7d9b929f0630ec6990f6c
Data/catdog_dataset1/catdog_dataset1_298/catdog_dataset1_298.jpg,catdog_dataset1_298.jpg,catdog_dataset1,dog_100_jpg.rf.56174b05e739c20967fe5e789b6d25b1.jpg,ef0cb8fccdc2d314f71f321cbc89aaae
Data/catdog_dataset1/catdog_dataset1_299/catdog_dataset1_299.jpg,catdog_dataset1_299.jpg,catdog_dataset1,dog_103_jpg.rf.3168bc24cd365561b044f3c94cb29037.jpg,7d806acd3fcf3b23e56f6a11abff49d4
Data/catdog_dataset1/catdog_dataset1_3/catdog_dataset1_3.jpg,catdog_dataset1_3.jpg,catdog_dataset1,cat_170_jpg.rf.cc24a3705d7c18ab9bd18f4437093c97.jpg,eab58fc73069e5f9bcc140028a03784f
Data/catdog_dataset1/catdog_dataset1_30/catdog_dataset1_30.jpg,catdog_dataset1_30.jpg,catdog_dataset1,dog_130_jpg.rf.83899b4ec97c99c45dda14fdb21d997c.jpg,e53be52dbb009d3bcb648ef83a25c4ba
Data/catdog_dataset1/catdog_dataset1_300/catdog_dataset1_300.jpg,catdog_dataset1_300.jpg,catdog_dataset1,dog_106_jpg.rf.342c03206788eb595c16c66b4f62c076.jpg,993328c9d27ca1829a08e43e623bfb7d
Data/catdog_dataset1/catdog_dataset1_301/catdog_dataset1_301.jpg,catdog_dataset1_301.jpg,catdog_dataset1,dog_110_jpg.rf.924cdee215d0a5c65b5af27a1cec0971.jpg,c3b31f9d414da3a4d9c53d23153705a6
Data/catdog_dataset1/catdog_dataset1_302/catdog_dataset1_302.jpg,catdog_dataset1_302.jpg,catdog_dataset1,dog_113_jpg.rf.9abac334430a5b218c626cb772fd9419.jpg,af1e89b120aec1c35b9ad48f4e9f6c36
Data/catdog_dataset1/catdog_dataset1_303/catdog_dataset1_303.jpg,catdog_dataset1_303.jpg,catdog_dataset1,dog_114_jpg.rf.dd96c8a4b06490bab1780d6b5f8a1424.jpg,8bc8e14841f4598171c560bd92b7566a
Data/catdog_dataset1/catdog_dataset1_304/catdog_dataset1_304.jpg,catdog_dataset1_304.jpg,catdog_dataset1,dog_116_jpg.rf.9b90496fd340aa981fb8d4c36cc6db6b.jpg,5084f0e833ed19835e8bd4dfc93e03a9
Data/catdog_dataset1/catdog_dataset1_305/catdog_dataset1_305.jpg,catdog_dataset1_305.jpg,catdog_dataset1,dog_11_jpg.rf.40be8baa1b450dd2e91cc88f5c8dc2d2.jpg,d6cbbc443869369f0f8075bc73bada17
Data/catdog_dataset1/catdog_dataset1_306/catdog_dataset1_306.jpg,catdog_dataset1_306.jpg,catdog_dataset1,dog_120_jpg.rf.e9a3927f86c20cee4bab97b7e5ceaf10.jpg,f8b47699b9b9d66b68e6c04bc7c33c53
Data/catdog_dataset1/catdog_dataset1_307/catdog_dataset1_307.jpg,catdog_dataset1_307.jpg,catdog_dataset1,dog_124_jpg.rf.74c17af424f482a73c673feb594d310c.jpg,e8f723faec50ff261bd315988f97c574
Data/catdog_dataset1/catdog_dataset1_308/catdog_dataset1_308.jpg,catdog_dataset1_308.jpg,catdog_dataset1,dog_128_jpg.rf.ff1826790da816b6e7b99f173814233c.jpg,644fda1319fdffda42180fa7aa6fad10
Data/catdog_dataset1/catdog_dataset1_309/catdog_dataset1_309.jpg,catdog_dataset1_309.jpg,catdog_dataset1,dog_129_jpg.rf.fd6033b3ff53baf6f84ba12624492e43.jpg,b90402c72aee8d442f3be70e2a8503bc
Data/catdog_dataset1/catdog_dataset1_31/catdog_dataset1_31.jpg,catdog_dataset1_31.jpg,catdog_dataset1,dog_139_jpg.rf.ec69f5c765ff73096b0f676cab19f609.jpg,0254afacffe05a17484e880b5fa927a9
Data/catdog_dataset1/catdog_dataset1_310/catdog_dataset1_310.jpg,catdog_dataset1_310.jpg,catdog_dataset1,dog_136_jpg.rf.c93da33f4c51520fea5c5916bb8252bc.jpg,ce6892466a94bb5a1f8362aeccfb42a4
Data/catdog_dataset1/catdog_dataset1_311/catdog_dataset1_311.jpg,catdog_dataset1_311.jpg,catdog_dataset1,dog_138_jpg.rf.989634518fce80030053495c91cc42e2.jpg,7ca7025fed2c595abadd1cb71f277191
Data/catdog_dataset1/catdog_dataset1_312/catdog_dataset1_312.jpg,catdog_dataset1_312.jpg,catdog_dataset1,dog_13_jpg.rf.32f80a1a0c38c1c378d3028a4d26917a.jpg,0ad16a3b997bc00f08fe9ed9cc4c7aee
Data/catdog_dataset1/catdog_dataset1_313/catdog_dataset1_313.jpg,catdog_dataset1_313.jpg,catdog_dataset1,dog_140_jpg.rf.2ffc8a33a6db2f560c2863d41fb68c94.jpg,dcd8c0b5980449de0dffbbcaaf0274cd
Data/catdog_dataset1/catdog_dataset1_314/catdog_dataset1_314.jpg,catdog_dataset1_314.jpg,catdog_dataset1,dog_142_jpg.rf.e04becbd112edeb8afd9f1a68439b3ed.jpg,fd93fc107231f753aa019324c74853b7
Data/catdog_dataset1/catdog_dataset1_315/catdog_dataset1_315.jpg,catdog_dataset1_315.jpg,catdog_dataset1,dog_147_jpg.rf.c0516ae139cf701b013bb443501c1a49.jpg,cf7bc62eb5c2333d1ba2af8e43c1ec80
Data/catdog_dataset1/catdog_dataset1_316/catdog_dataset1_316.jpg,catdog_dataset1_316.jpg,catdog_dataset1,dog_150_jpg.rf.bb0d4b195c74ea2f557f69974877cd41.jpg,c457f0e2ed1f4fe9df347292027b2d30
Data/catdog_dataset1/catdog_dataset1_317/catdog_dataset1_317.jpg,catdog_dataset1_317.jpg,catdog_dataset1,dog_152_jpg.rf.637ca90edc621cf2960ba36fc36c2164.jpg,c5fa108cbdbfe02c27d1a83d90a7d5da
Data/catdog_dataset1/catdog_dataset1_318/catdog_dataset1_318.jpg,catdog_dataset1_318.jpg,catdog_dataset1,dog_154_jpg.rf.d13cdfef8208e046b2c1d10f3f9aa509.jpg,dbeba5a5ffa5e7956087fdd2baebd217
Data/catdog_dataset1/catdog_dataset1_319/catdog_dataset1_319.jpg,catdog_dataset1_319.jpg,catdog_dataset1,dog_15_jpg.rf.dac3f8c38f16650899c7ddda885a8d5a.jpg,0f97397c8ce7d4eee2ec8b502d8662e4
Data/catdog_dataset1/catdog_dataset1_32/catdog_dataset1_32.jpg,catdog_dataset1_32.jpg,catdog_dataset1,dog_144_jpg.rf.7ce2a4828a0d3e7d63d1db018378f34b.jpg,24eaf738dfc812d91687da92007b420d
Data/catdog_dataset1/catdog_dataset1_320/catdog_dataset1_320.jpg,catdog_dataset1_320.jpg,catdog_dataset1,dog_162_jpg.rf.8ecfee926e69fd20be07fcabe445f3a1.jpg,cfebbf486d234e302320941814f1444e
Data/catdog_dataset1/catdog_dataset1_321/catdog_dataset1_321.jpg,catdog_dataset1_321.jpg,catdog_dataset1,dog_164_jpg.rf.c181e3aaef6544441ddec5336d32340c.jpg,1a80a5ecb173b792f7069e3edfa591dc
Data/catdog_dataset1/catdog_dataset1_322/catdog_dataset1_322.jpg,catdog_dataset1_322.jpg,catdog_dataset1,dog_171_jpg.rf.0e2badf66038ecdc6310cfb462a7d591.jpg,dd1bb2d090656816d178691e6a2188db
Data/catdog_dataset1/catdog_dataset1_323/catdog_dataset1_323.jpg,catdog_dataset1_323.jpg,catdog_dataset1,dog_173_jpg.rf.e53534603bde2fc9a4f963bec951b20a.jpg,510d233147b2fb4f25607f1142226208
Data/catdog_dataset1/catdog_dataset1_324/catdog_dataset1_324.jpg,catdog_dataset1_324.jpg,catdog_dataset1,dog_175_jpg.rf.379a7595e6b175584cb5ad2874685dfc.jpg,e81306b7469e79a19adbb32b4ff2f70d
Data/catdog_dataset1/catdog_dataset1_325/catdog_dataset1_325.jpg,catdog_dataset1_325.jpg,catdog_dataset1,dog_177_jpg.rf.f3ba84cb989db5cb5adb3d3977ea7a51.jpg,fef14ea057d8d3f58802b6e4327cef81
Data/catdog_dataset1/catdog_dataset1_326/catdog_dataset1_326.jpg,catdog_dataset1_326.jpg,catdog_dataset1,dog_182_jpg.rf.b02f224d400cb8316da7706048b1ee32.jpg,9d4886fb34581c6a3952d8a723ac4fc7
Data/catdog_dataset1/catdog_dataset1_327/catdog_dataset1_327.jpg,catdog_dataset1_327.jpg,catdog_dataset1,dog_188_jpg.rf.2a33599fbc18ed0ce6a4dcf5820e2512.jpg,488adaf76a2ea9f2f2305db350b9ec1c
Data/catdog_dataset1/catdog_dataset1_328/catdog_dataset1_328.jpg,catdog_dataset1_328.jpg,catdog_dataset1,dog_193_jpg.rf.6d64b050819a8b406b1f2ff649891d5e.jpg,47be8209bc0187357ad12eda8e1795d9
Data/catdog_dataset1/catdog_dataset1_329/catdog_dataset1_329.jpg,catdog_dataset1_329.jpg,catdog_dataset1,dog_194_jpg.rf.c18e56ea76d5b658d2d74f55493f5d1b.jpg,9c5a3b65b35c9d670be9fcc2f08f0e14
Data/catdog_dataset1/catdog_dataset1_33/catdog_dataset1_33.jpg,catdog_dataset1_33.jpg,catdog_dataset1,dog_151_jpg.rf.392bfdf7f303f97e83b62df144dd0297.jpg,0a6a106198bbf0ca8ee90567934b0ea4
Data/catdog_dataset1/catdog_dataset1_330/catdog_dataset1_330.jpg,catdog_dataset1_330.jpg,catdog_dataset1,dog_199_jpg.rf.4e7c5d7fa1d5120b6cef5cf01c1e2475.jpg,71ed7809d0357122aec673f01bbe4c4f
Data/catdog_dataset1/catdog_dataset1_331/catdog_dataset1_331.jpg,catdog_dataset1_331.jpg,catdog_dataset1,dog_200_jpg.rf.ebc965716bd503f539f726ff7cf86bf3.jpg,889cb9933d9eff903f9fdb646588f334
Data/catdog_dataset1/catdog_dataset1_332/catdog_dataset1_332.jpg,catdog_dataset1_332.jpg,catdog_dataset1,dog_204_jpg.rf.e73bf84fd21372b9ecd108508971ffd8.jpg,0a3d75bcc2177cdcd93c227dc06b2f3e
Data/catdog_dataset1/catdog_dataset1_333/catdog_dataset1_333.jpg,catdog_dataset1_333.jpg,catdog_dataset1,dog_207_jpg.rf.e0c5eb64b69560a43b6bb080eaf4bad7.jpg,49b4d22c19fcfdac76b2fa6531123b41
Data/catdog_dataset1/catdog_dataset1_334/catdog_dataset1_334.jpg,catdog_dataset1_334.jpg,catdog_dataset1,dog_209_jpg.rf.15e32850082a06a6e2ae7d9381c2e43f.jpg,c68d0e979a69b70d71755e2d8416932b
Data/catdog_dataset1/catdog_dataset1_335/catdog_dataset1_335.jpg,catdog_dataset1_335.jpg,catdog_dataset1,dog_212_jpg.rf.403da4c91896d71f5051b0ac0345c02b.jpg,5c11ee557772ac192719848d25a6548f
Data/catdog_dataset1/catdog_dataset1_336/catdog_dataset1_336.jpg,catdog_dataset1_336.jpg,catdog_dataset1,dog_214_jpg.rf.032ce10c1708f1bf493370b334766696.jpg,991d18fca2304642df52db22c530f368
Data/catdog_dataset1/catdog_dataset1_337/catdog_dataset1_337.jpg,catdog_dataset1_337.jpg,catdog_dataset1,dog_216_jpg.rf.f8998c20bd69fe5af6c8fea507d28f14.jpg,72d4e9c79bc48a3628283325c3f7d1db
Data/catdog_dataset1/catdog_dataset1_338/catdog_dataset1_338.jpg,catdog_dataset1_338.jpg,catdog_dataset1,dog_219_jpg.rf.f8fddaaf89a0ea143a9f6678b91e7d8b.jpg,2075a25b3ac061ab95c8c7681b6f0a27
Data/catdog_dataset1/catdog_dataset1_339/catdog_dataset1_339.jpg,catdog_dataset1_339.jpg,catdog_dataset1,dog_21_jpg.rf.f89fb078568eb690ccd5fe0e77a79f16.jpg,3b0c05fd772e3b7a6f98cf709b93f2fc
Data/catdog_dataset1/catdog_dataset1_34/catdog_dataset1_34.jpg,catdog_dataset1_34.jpg,catdog_dataset1,dog_167_jpg.rf.43b84e1bd9d2ad891d5f26004a5b9ce5.jpg,983c86f76bd8fd00ae60392979b1c460
Data/catdog_dataset1/catdog_dataset1_340/catdog_dataset1_340.jpg,catdog_dataset1_340.jpg,catdog_dataset1,dog_220_jpg.rf.09a8830a2a6fc74c35ef464f39e031b9.jpg,2646878a3dde6bc6cf2039284f9b5620
Data/catdog_dataset1/catdog_dataset1_341/catdog_dataset1_341.jpg,catdog_dataset1_341.jpg,catdog_dataset1,dog_221_jpg.rf.b1851320e0f14df2b0f1de0e53b192e6.jpg,f67b212f46f7aadc19d6c7c617a47779
Data/catdog_dataset1/catdog_dataset1_342/catdog_dataset1_342.jpg,catdog_dataset1_342.jpg,catdog_dataset1,dog_224_jpg.rf.83cc873be4575a81fd11dfcd88492fd3.jpg,e5bd0af5d4c4839b4fc665056267a7fa
Data/catdog_dataset1/catdog_dataset1_343/catdog_dataset1_343.jpg,catdog_dataset1_343.jpg,catdog_dataset1,dog_226_jpg.rf.b2f57e3abb25618242bd8317c0b68361.jpg,783d6baeff845914605b4ea18ec632c8
Data/catdog_dataset1/catdog_dataset1_344/catdog_dataset1_344.jpg,catdog_dataset1_344.jpg,catdog_dataset1,dog_227_jpg.rf.4049448bbc193482fce86de8bf07a67a.jpg,747663c896224aac28dc3f5748d04ee6
Data/catdog_dataset1/catdog_dataset1_345/catdog_dataset1_345.jpg,catdog_dataset1_345.jpg,catdog_dataset1,dog_230_jpg.rf.a5b433de831594719186ff6a5b0f5eb3.jpg,355c8c35f0a3588dee4a2c5c565d7e8f
Data/catdog_dataset1/catdog_dataset1_346/catdog_dataset1_346.jpg,catdog_dataset1_346.jpg,catdog_dataset1,dog_232_jpg.rf.d5c591bd2cbd67237d778500cf95d60a.jpg,988fa774c4e2487c00f5b18d04a758bb
Data/catdog_dataset1/catdog_dataset1_347/catdog_dataset1_347.jpg,catdog_dataset1_347.jpg,catdog_dataset1,dog_234_jpg.rf.33f4e2d7831f7829fe21394560ebc60a.jpg,8d5e6487a672504d412df61203f1017e
Data/catdog_dataset1/catdog_dataset1_348/catdog_dataset1_348.jpg,catdog_dataset1_348.jpg,catdog_dataset1,dog_236_jpg.rf.9969902664d2a8a849b51e02c3d3b2b3.jpg,628663765ca57fa9b3018929d8130c06
Data/catdog_dataset1/catdog_dataset1_349/catdog_dataset1_349.jpg,catdog_dataset1_349.jpg,catdog_dataset1,dog_237_jpg.rf.c4152d0dda913ac08dad922090d2c21e.jpg,d0cb7ffcb7ec352778a6a89ed26e01d7
Data/catdog_dataset1/catdog_dataset1_35/catdog_dataset1_35.jpg,catdog_dataset1_35.jpg,catdog_dataset1,dog_213_jpg.rf.661c8e19668bce218e6a0b5af93cbd44.jpg,3b582bb0742f66f4296be7522787329f
Data/catdog_dataset1/catdog_dataset1_350/catdog_dataset1_350.jpg,catdog_dataset1_350.jpg,catdog_dataset1,dog_239_jpg.rf.9308824d414d0e64f00f62505a8907c0.jpg,64d95caac04a1736a6d56397356c7fc0
Data/catdog_dataset1/catdog_dataset1_351/catdog_dataset1_351.jpg,catdog_dataset1_351.jpg,catdog_dataset1,dog_23_jpg.rf.5e934b726e2c7f99ed144f45b3888888.jpg,f613c9237430175d57e1dc6c411bb508
Data/catdog_dataset1/catdog_dataset1_352/catdog_dataset1_352.jpg,catdog_dataset1_352.jpg,catdog_dataset1,dog_240_jpg.rf.af6b641c1d650dbbd05c4a753d402f7f.jpg,c3a117693d798dc375106a240b58c59c
Data/catdog_dataset1/catdog_dataset1_353/catdog_dataset1_353.jpg,catdog_dataset1_353.jpg,catdog_dataset1,dog_241_jpg.rf.5b8081b3978aaddbd08cf24b6746b578.jpg,1c99521c42dfcad0657aedcc45373859
Data/catdog_dataset1/catdog_dataset1_354/catdog_dataset1_354.jpg,catdog_dataset1_354.jpg,catdog_dataset1,dog_243_jpg.rf.08be27687af87ad22305abe3e16f0451.jpg,dd8e372787ca77006af051339ceba7c4
Data/catdog_dataset1/catdog_dataset1_355/catdog_dataset1_355.jpg,catdog_dataset1_355.jpg,catdog_dataset1,dog_244_jpg.rf.e0d53001f53d05321407ae2da6927e99.jpg,82e1f19ceafe0bcec9786ff22fc85048
Data/catdog_dataset1/catdog_dataset1_356/catdog_dataset1_356.jpg,catdog_dataset1_356.jpg,catdog_dataset1,dog_256_jpg.rf.2a30c565842e5dc749bdeabf31530d4f.jpg,864f9dc3bfd7ad2f76913edb897d7165
Data/catdog_dataset1/catdog_dataset1_357/catdog_dataset1_357.jpg,catdog_dataset1_357.jpg,catdog_dataset1,dog_260_jpg.rf.cfe5b2f73e57c06f737a264fa3941757.jpg,78a1be28b3b57ac76d6625962197e3d4
Data/catdog_dataset1/catdog_dataset1_358/catdog_dataset1_358.jpg,catdog_dataset1_358.jpg,catdog_dataset1,dog_261_jpg.rf.6c83803270105b0200473539c11b62d3.jpg,f479a70ae59e69135f1170103e88b013
Data/catdog_dataset1/catdog_dataset1_359/catdog_dataset1_359.jpg,catdog_dataset1_359.jpg,catdog_dataset1,dog_262_jpg.rf.e7c55bd3a0df383a276c0b08cbe9fe00.jpg,9d17901714646b79c954e19e4bf0e755
Data/catdog_dataset1/catdog_dataset1_36/catdog_dataset1_36.jpg,catdog_dataset1_36.jpg,catdog_dataset1,dog_231_jpg.rf.8c451ec7971d89b4a0a415cbdc3dc13d.jpg,1a3fda35358988cb07c2e714f2f4ece8
Data/catdog_dataset1/catdog_dataset1_360/catdog_dataset1_360.jpg,catdog_dataset1_360.jpg,catdog_dataset1,dog_267_jpg.rf.0c7d79793e3c8cd9bde878f832b9c182.jpg,abf56738da242d4d92a65021640cf800
Data/catdog_dataset1/catdog_dataset1_361/catdog_dataset1_361.jpg,catdog_dataset1_361.jpg,catdog_dataset1,dog_268_jpg.rf.9cb94dad31d02c9f1f88198611a1312d.jpg,9897068b222c30708edd77ab5f0fefc3
Data/catdog_dataset1/catdog_dataset1_362/catdog_dataset1_362.jpg,catdog_dataset1_362.jpg,catdog_dataset1,dog_269_jpg.rf.1a59dc358793affb0eb19004a2945925.jpg,076034d2318e4649a3a1ab0b23fe4f28
Data/catdog_dataset1/catdog_dataset1_363/catdog_dataset1_363.jpg,catdog_dataset1_363.jpg,catdog_dataset1,dog_272_jpg.rf.986fc597e6cc8b762b6fa157d745dd42.jpg,3e2b6be52e523513969590047085efac
Data/catdog_dataset1/catdog_dataset1_364/catdog_dataset1_364.jpg,catdog_dataset1_364.jpg,catdog_dataset1,dog_283_jpg.rf.dff78cb451c5135b11676b189f8fe509.jpg,bfa2e94c9f6728b2df73a63d84a00c3d
Data/catdog_dataset1/catdog_dataset1_365/catdog_dataset1_365.jpg,catdog_dataset1_365.jpg,catdog_dataset1,dog_287_jpg.rf.cc034f624810b6acc221bb03ca4e1ee7.jpg,f5b3526f491d0b35283a2a6f09da982c
Data/catdog_dataset1/catdog_dataset1_366/catdog_dataset1_366.jpg,catdog_dataset1_366.jpg,catdog_dataset1,dog_28_jpg.rf.e6e46b777fea768c1faaad4586ffb62a.jpg,16f652120d5c6b2025efc4c01bb80d67
Data/catdog_dataset1/catdog_dataset1_367/catdog_dataset1_367.jpg,catdog_dataset1_367.jpg,catdog_dataset1,dog_290_jpg.rf.3c784785e330f62b5aef833a5d245c75.jpg,9f33c621ca23da156dac2c9dfe50db7f
Data/catdog_dataset1/catdog_dataset1_368/catdog_dataset1_368.jpg,catdog_dataset1_368.jpg,catdog_dataset1,dog_291_jpg.rf.e0403785a9e95db7dfea4be4593ed37b.jpg,8465c5b49b857bf6f6fc32cd7c84bd79
Data/catdog_dataset1/catdog_dataset1_369/catdog_dataset1_369.jpg,catdog_dataset1_369.jpg,catdog_dataset1,dog_292_jpg.rf.0653a7241bef3eb65772ecba7d11b863.jpg,d00f6816d2e7945e3ac5c91a654442b8
Data/catdog_dataset1/catdog_dataset1_37/catdog_dataset1_37.jpg,catdog_dataset1_37.jpg,catdog_dataset1,dog_258_jpg.rf.e7d372f0be15ef0de80b1fcb820abd41.jpg,0f71f455211b9d626b6966daa51a150e
Data/catdog_dataset1/catdog_dataset1_370/catdog_dataset1_370.jpg,catdog_dataset1_370.jpg,catdog_dataset1,dog_293_jpg.rf.ebcd905eb828a896efdc583a33f31019.jpg,053f5df44000bb9cae7a60ccf833f0a1
Data/catdog_dataset1/catdog_dataset1_371/catdog_dataset1_371.jpg,catdog_dataset1_371.jpg,catdog_dataset1,dog_294_jpg.rf.5408204f11c7435fc81f221b5cfa6e64.jpg,9fbaec4241bbac4c7d5aec2e3f9f4472
Data/catdog_dataset1/catdog_dataset1_372/catdog_dataset1_372.jpg,catdog_dataset1_372.jpg,catdog_dataset1,dog_295_jpg.rf.a8d84c1476aeb9618c83900774d4bad2.jpg,b3574a554c7087572c01d918a59fd781
Data/catdog_dataset1/catdog_dataset1_373/catdog_dataset1_373.jpg,catdog_dataset1_373.jpg,catdog_dataset1,dog_298_jpg.rf.516e5a39a76d2b3899aaca0fcac5513c.jpg,33180c041202923ec542d89be758c6d3
Data/catdog_dataset1/catdog_dataset1_374/catdog_dataset1_374.jpg,catdog_dataset1_374.jpg,catdog_dataset1,dog_299_jpg.rf.fe31d03f0fe4488f825942d4ef5f2643.jpg,ce775ca8fe6f52c2f0b2c89d85126d4d
Data/catdog_dataset1/catdog_dataset1_375/catdog_dataset1_375.jpg,catdog_dataset1_375.jpg,catdog_dataset1,dog_302_jpg.rf.d83081a2c87d8aa367eb5c96f86899a1.jpg,1360ab14265e0e07e85adcf45b0d5e1a
Data/catdog_dataset1/catdog_dataset1_376/catdog_dataset1_376.jpg,catdog_dataset1_376.jpg,catdog_dataset1,dog_303_jpg.rf.8ba19d7baad26fcaa0122630a3ae3ba5.jpg,607c1c8ed98c1b34828b943f0b2b5a53
Data/catdog_dataset1/catdog_dataset1_377/catdog_dataset1_377.jpg,catdog_dataset1_377.jpg,catdog_dataset1,dog_306_jpg.rf.80c7ca1af87a0bd29b930a9ec94c386f.jpg,41a965a7377af92351e141416ecd55d4
Data/catdog_dataset1/catdog_dataset1_378/catdog_dataset1_378.jpg,catdog_dataset1_378.jpg,catdog_dataset1,dog_30_jpg.rf.4a758c19f616a8407c2d60087b82ec42.jpg,7b53542a692596823b4ff5c9b4d7c994
Data/catdog_dataset1/catdog_dataset1_379/catdog_dataset1_379.jpg,catdog_dataset1_379.jpg,catdog_dataset1,dog_313_jpg.rf.956bce96c147d9cd6829eb9b66b00352.jpg,f7c35135d15e9ab3a738e57767a9e137
Data/catdog_dataset1/catdog_dataset1_38/catdog_dataset1_38.jpg,catdog_dataset1_38.jpg,catdog_dataset1,dog_305_jpg.rf.4065c01cbcceb9b75bdc2180b787deed.jpg,228dc18046ce358afaaf6d282d70754c
Data/catdog_dataset1/catdog_dataset1_380/catdog_dataset1_380.jpg,catdog_dataset1_380.jpg,catdog_dataset1,dog_315_jpg.rf.521231d2e581a74bd76c79c429de7a8c.jpg,b255a6bff4300f51db82c02c9aea1819
Data/catdog_dataset1/catdog_dataset1_381/catdog_dataset1_381.jpg,catdog_dataset1_381.jpg,catdog_dataset1,dog_317_jpg.rf.7f35e2117bd4c99f6fda33411d5af077.jpg,2b4728c81bf19ad7b0a9a9d2e107ac43
Data/catdog_dataset1/catdog_dataset1_382/catdog_dataset1_382.jpg,catdog_dataset1_382.jpg,catdog_dataset1,dog_318_jpg.rf.0b431fa11d5303363fca205bd5c04515.jpg,3149b1d8b2586ece0527bc51a66bfa32
Data/catdog_dataset1/catdog_dataset1_383/catdog_dataset1_383.jpg,catdog_dataset1_383.jpg,catdog_dataset1,dog_31_jpg.rf.a4a6b8c16383ebd1cd4d85dc594d5603.jpg,310f78940fbb169ba972f12961ba2df1
Data/catdog_dataset1/catdog_dataset1_384/catdog_dataset1_384.jpg,catdog_dataset1_384.jpg,catdog_dataset1,dog_320_jpg.rf.4975661fd1e7abda0885c99b54aae76f.jpg,4969109a31732321a1f62fcc1a504570
Data/catdog_dataset1/catdog_dataset1_385/catdog_dataset1_385.jpg,catdog_dataset1_385.jpg,catdog_dataset1,dog_321_jpg.rf.a89a9854b2e868b52278937b57c30637.jpg,69fe3dc41373bc9403653235b7262bea
Data/catdog_dataset1/catdog_dataset1_386/catdog_dataset1_386.jpg,catdog_dataset1_386.jpg,catdog_dataset1,dog_322_jpg.rf.515d0b9e9e8785118dace0a5d23f0e57.jpg,eeb1e1cf1ada058dba867029088047e7
Data/catdog_dataset1/catdog_dataset1_387/catdog_dataset1_387.jpg,catdog_dataset1_387.jpg,catdog_dataset1,dog_324_jpg.rf.152d7c14b51d654e7473559f776f0830.jpg,7dfd3365ebb9f6410f2b33a793377a2c
Data/catdog_dataset1/catdog_dataset1_388/catdog_dataset1_388.jpg,catdog_dataset1_388.jpg,catdog_dataset1,dog_327_jpg.rf.ebfeafa2076004084ca4d97010beda2b.jpg,8d5db9378b06c0ebb67ccd8643030cf7
Data/catdog_dataset1/catdog_dataset1_389/catdog_dataset1_389.jpg,catdog_dataset1_389.jpg,catdog_dataset1,dog_32_jpg.rf.4ea5d282efae5e645474c94b7e8a5edc.jpg,2c3ddae5317e87b284171b6f777cdf17
Data/catdog_dataset1/catdog_dataset1_39/catdog_dataset1_39.jpg,catdog_dataset1_39.jpg,catdog_dataset1,dog_335_jpg.rf.11db6c33350000bbedd021c9587644fd.jpg,5c20ec16dea22a12849d35928d88eb6f
Data/catdog_dataset1/catdog_dataset1_390/catdog_dataset1_390.jpg,catdog_dataset1_390.jpg,catdog_dataset1,dog_331_jpg.rf.31fb10feb7fd98c41cb6f027b794ca23.jpg,783e6f9b6db05ed44876b062cd5152d8
Data/catdog_dataset1/catdog_dataset1_391/catdog_dataset1_391.jpg,catdog_dataset1_391.jpg,catdog_dataset1,dog_332_jpg.rf.703684a326490700c5fc8b523d2d8607.jpg,573565ccb8912fb02d7c8d6c1c2d9481
Data/catdog_dataset1/catdog_dataset1_392/catdog_dataset1_392.jpg,catdog_dataset1_392.jpg,catdog_dataset1,dog_334_jpg.rf.d1803da22dd3ed211b35af60d2d4c4f8.jpg,2059a665183301f8b96a20f514319cf3
Data/catdog_dataset1/catdog_dataset1_393/catdog_dataset1_393.jpg,catdog_dataset1_393.jpg,catdog_dataset1,dog_338_jpg.rf.8ea83fb439cced13066ffd27bde43da2.jpg,13f945a1074c4614922e2fd2b660fe48
Data/catdog_dataset1/catdog_dataset1_394/catdog_dataset1_394.jpg,catdog_dataset1_394.jpg,catdog_dataset1,dog_33_jpg.rf.ebcd3b020da0813c21929caa1be9e9a7.jpg,364dfdb56b6b4b0945f7c6680f329d66
Data/catdog_dataset1/catdog_dataset1_395/catdog_dataset1_395.jpg,catdog_dataset1_395.jpg,catdog_dataset1,dog_342_jpg.rf.1e50fb83268a50688282e0224858e8f3.jpg,b693ad0f862b19bf02547807bf653381
Data/catdog_dataset1/catdog_dataset1_396/catdog_dataset1_396.jpg,catdog_dataset1_396.jpg,catdog_dataset1,dog_344_jpg.rf.3e45c731680665d0c866e5cc4a9b6349.jpg,9689b6188cd6b5574b7c97210d05c886
Data/catdog_dataset1/catdog_dataset1_397/catdog_dataset1_397.jpg,catdog_dataset1_397.jpg,catdog_dataset1,dog_347_jpg.rf.15df822e5f70de0edb7f8ebd3c38a694.jpg,7c1e913abf89b6f9157ed099bf993b1a
Data/catdog_dataset1/catdog_dataset1_398/catdog_dataset1_398.jpg,catdog_dataset1_398.jpg,catdog_dataset1,dog_350_jpg.rf.ca4b558286a2842b3c8cffe4c8073583.jpg,c98821ab67d498e22776e488b7660935
Data/catdog_dataset1/catdog_dataset1_399/catdog_dataset1_399.jpg,catdog_dataset1_399.jpg,catdog_dataset1,dog_351_jpg.rf.6321e077afd12008d266cdf7123c8e82.jpg,7c62884dfd21957a82082755876e1a2c
Data/catdog_dataset1/catdog_dataset1_4/catdog_dataset1_4.jpg,catdog_dataset1_4.jpg,catdog_dataset1,cat_208_jpg.rf.0a5c21e3520e8aa84761d72dcb8f0624.jpg,d64eee8874216c023d008d0046c87648
Data/catdog_dataset1/catdog_dataset1_40/catdog_dataset1_40.jpg,catdog_dataset1_40.jpg,catdog_dataset1,dog_341_jpg.rf.f1ed3d098470f0d63197d2745885a64b.jpg,91de6ef14551be0f867cecaf4b9ea83e
Data/catdog_dataset1/catdog_dataset1_400/catdog_dataset1_400.jpg,catdog_dataset1_400.jpg,catdog_dataset1,dog_354_jpg.rf.388b72eaa6e1c54aa8d0a7896746a77f.jpg,895f477f98da9fdf3e9b4943307d13fe
Data/catdog_dataset1/catdog_dataset1_401/catdog_dataset1_401.jpg,catdog_dataset1_401.jpg,catdog_dataset1,dog_359_jpg.rf.d2149acd0e82e219d83729180cd324aa.jpg,2706d4adb433ba52357b022af253bcdc
Data/catdog_dataset1/catdog_dataset1_402/catdog_dataset1_402.jpg,catdog_dataset1_402.jpg,catdog_dataset1,dog_35_jpg.rf.aa2e2ded9cb483b3baa6b2a50379c38c.jpg,af5b250dcc77de0bfa435a119bdec37c
Data/catdog_dataset1/catdog_dataset1_403/catdog_dataset1_403.jpg,catdog_dataset1_403.jpg,catdog_dataset1,dog_361_jpg.rf.7d4e256d55aab8250c24389d0a05d193.jpg,38cef571d37be000a97dcd02e0a924c4
Data/catdog_dataset1/catdog_dataset1_404/catdog_dataset1_404.jpg,catdog_dataset1_404.jpg,catdog_dataset1,dog_364_jpg.rf.0d32ab5e50e54ae68f1f658030e1b98a.jpg,98d5fd342978e59101082aa02eb200ce
Data/catdog_dataset1/catdog_dataset1_405/catdog_dataset1_405.jpg,catdog_dataset1_405.jpg,catdog_dataset1,dog_365_jpg.rf.a367ca1f242e1e7e4290b354eed52967.jpg,4af8a91a7a841dbbe7f186b639a93907
Data/catdog_dataset1/catdog_dataset1_406/catdog_dataset1_406.jpg,catdog_dataset1_406.jpg,catdog_dataset1,dog_368_jpg.rf.c3037a3caf64cbd683d64b81493ceaaa.jpg,d0e453f7971738e7d74b1261b01e27fa
Data/catdog_dataset1/catdog_dataset1_407/catdog_dataset1_407.jpg,catdog_dataset1_407.jpg,catdog_dataset1,dog_369_jpg.rf.684748d6207c806512fcdb4ae5a51bd7.jpg,402ef15bd2e4f9eb7e87fd61ab27f35b
Data/catdog_dataset1/catdog_dataset1_408/catdog_dataset1_408.jpg,catdog_dataset1_408.jpg,catdog_dataset1,dog_371_jpg.rf.3c072fa0477fea1950c0aa23af04f311.jpg,7a3a24316ebe026b9cd678c763be076b
Data/catdog_dataset1/catdog_dataset1_409/catdog_dataset1_409.jpg,catdog_dataset1_409.jpg,catdog_dataset1,dog_375_jpg.rf.8d079dc30728182cb5f5533660f5d61d.jpg,9de1d046f55a01d8618663d57e481ca9
Data/catdog_dataset1/catdog_dataset1_41/catdog_dataset1_41.jpg,catdog_dataset1_41.jpg,catdog_dataset1,dog_367_jpg.rf.967b1d853c6b8e0685256f66c6d60853.jpg,08b307f22056b9a0a84e5937c2764c9a
Data/catdog_dataset1/catdog_dataset1_410/catdog_dataset1_410.jpg,catdog_dataset1_410.jpg,catdog_dataset1,dog_376_jpg.rf.6e7666dab72895b91b64d9e10295866a.jpg,2e1e79866306e0be8e1ea3d6015269eb
Data/catdog_dataset1/catdog_dataset1_411/catdog_dataset1_411.jpg,catdog_dataset1_411.jpg,catdog_dataset1,dog_378_jpg.rf.da25eaff90fb6a2740c60a3dc5b20f51.jpg,b5acf2c3e1b1842d3b2898648d5f968c
Data/catdog_dataset1/catdog_dataset1_412/catdog_dataset1_412.jpg,catdog_dataset1_412.jpg,catdog_dataset1,dog_37_jpg.rf.4fb94c9252cd1c5e67cca3230a8d3da2.jpg,a14c007d71dc8e8b1fd52ca0c36729bc
Data/catdog_dataset1/catdog_dataset1_413/catdog_dataset1_413.jpg,catdog_dataset1_413.jpg,catdog_dataset1,dog_380_jpg.rf.457cb950eb72373f34fed3573bff1019.jpg,484215857cd890406f7a2eb5b6dae725
Data/catdog_dataset1/catdog_dataset1_414/catdog_dataset1_414.jpg,catdog_dataset1_414.jpg,catdog_dataset1,dog_389_jpg.rf.30e739bc70c12d42c50af0a542d38a51.jpg,649b47a59310e0226c7c99b5bf2bb5e1
Data/catdog_dataset1/catdog_dataset1_415/catdog_dataset1_415.jpg,catdog_dataset1_415.jpg,catdog_dataset1,dog_392_jpg.rf.3cca79ef079ef4c913ad32adbcf81bf6.jpg,d7582d0173782ca2f4f732c87311c6cc
Data/catdog_dataset1/catdog_dataset1_416/catdog_dataset1_416.jpg,catdog_dataset1_416.jpg,catdog_dataset1,dog_393_jpg.rf.b8edab8982e473c901818ca15f6ab973.jpg,12798fed92a0c585b22851ab4c0bd4f1
Data/catdog_dataset1/catdog_dataset1_417/catdog_dataset1_417.jpg,catdog_dataset1_417.jpg,catdog_dataset1,dog_3_jpg.rf.781ccc576b9a5eb1339895d0ff6546a5.jpg,a33503a64ce9c73f5d2584cca11f54da
Data/catdog_dataset1/catdog_dataset1_418/catdog_dataset1_418.jpg,catdog_dataset1_418.jpg,catdog_dataset1,dog_401_jpg.rf.235a52d22b0d938dd4f7d96eceb7ef06.jpg,239ff907333c90572115deb1b12a0cee
Data/catdog_dataset1/catdog_dataset1_419/catdog_dataset1_419.jpg,catdog_dataset1_419.jpg,catdog_dataset1,dog_404_jpg.rf.758b2cae29ae924de28e907313beb011.jpg,263de6ee00ffa744d929a297aa2e9901
Data/catdog_dataset1/catdog_dataset1_42/catdog_dataset1_42.jpg,catdog_dataset1_42.jpg,catdog_dataset1,dog_377_jpg.rf.542f200c29d01de3141d20030cf05346.jpg,cb4e13aecca604d0d3501128f088b64f
Data/catdog_dataset1/catdog_dataset1_420/catdog_dataset1_420.jpg,catdog_dataset1_420.jpg,catdog_dataset1,dog_405_jpg.rf.d06183f645c4a57601c7e8de714bf06b.jpg,c19d750879b5a0aa742c216bdb593fde
Data/catdog_dataset1/catdog_dataset1_421/catdog_dataset1_421.jpg,catdog_dataset1_421.jpg,catdog_dataset1,dog_407_jpg.rf.36ea4fdd3c79ca63ee4a4b976eb5e845.jpg,3288f98488e17908a706fc9abbdf84b9
Data/catdog_dataset1/catdog_dataset1_422/catdog_dataset1_422.jpg,catdog_dataset1_422.jpg,catdog_dataset1,dog_408_jpg.rf.fe6be08badbe068417c154073ee492a0.jpg,91f42495cfb0cd7129ccd0ff3043b179
Data/catdog_dataset1/catdog_dataset1_423/catdog_dataset1_423.jpg,catdog_dataset1_423.jpg,catdog_dataset1,dog_412_jpg.rf.a3487b4b8be50a340bf4f190ee51ade6.jpg,ee78c60baef75bba63d387088f090ee9
Data/catdog_dataset1/catdog_dataset1_424/catdog_dataset1_424.jpg,catdog_dataset1_424.jpg,catdog_dataset1,dog_414_jpg.rf.1326a3c68de9b07f3cc5a0325bb823a5.jpg,f25e3b14a8db20ceffea3f3952fe6e6f
Data/catdog_dataset1/catdog_dataset1_425/catdog_dataset1_425.jpg,catdog_dataset1_425.jpg,catdog_dataset1,dog_417_jpg.rf.6570a14b21a9a4d2843b66566fbb49dd.jpg,189e18445e45e68ab78b3ebe54599f57
Data/catdog_dataset1/catdog_dataset1_426/catdog_dataset1_426.jpg,catdog_dataset1_426.jpg,catdog_dataset1,dog_421_jpg.rf.e97a1ecac23df51609b1d31f6e92a5d4.jpg,bb749819971048dab950eae4db9a6b8f
Data/catdog_dataset1/catdog_dataset1_427/catdog_dataset1_427.jpg,catdog_dataset1_427.jpg,catdog_dataset1,dog_423_jpg.rf.276f018dd722af4cbe9428dbfbeb3ab8.jpg,a3d3287619668ed962774192edf1e781
Data/catdog_dataset1/catdog_dataset1_428/catdog_dataset1_428.jpg,catdog_dataset1_428.jpg,catdog_dataset1,dog_427_jpg.rf.2aaf1070c920573852f3eddd3074d35e.jpg,22f19e6b0ddaa046d1fa2e414ba8071c
Data/catdog_dataset1/catdog_dataset1_429/catdog_dataset1_429.jpg,catdog_dataset1_429.jpg,catdog_dataset1,dog_428_jpg.rf.924ca7c51694baabb180d62358566685.jpg,165dcff4138f1daeaf8c6aef84d2dafd
Data/catdog_dataset1/catdog_dataset1_43/catdog_dataset1_43.jpg,catdog_dataset1_43.jpg,catdog_dataset1,dog_391_jpg.rf.a4492d039cd81298a3b12ad94c5780a4.jpg,220e7a8491c397706358212eb52df0cf
Data/catdog_dataset1/catdog_dataset1_430/catdog_dataset1_430.jpg,catdog_dataset1_430.jpg,catdog_dataset1,dog_429_jpg.rf.ab9cc01e9a657df1dfb21c13c5e04382.jpg,2d077a3ab572005b90d312c640b38fc7
Data/catdog_dataset1/catdog_dataset1_431/catdog_dataset1_431.jpg,catdog_dataset1_431.jpg,catdog_dataset1,dog_436_jpg.rf.a953ead8ec176e9e62b59496f226c5ce.jpg,e26eb466cefae67271a96d78ea3f8acf
Data/catdog_dataset1/catdog_dataset1_432/catdog_dataset1_432.jpg,catdog_dataset1_432.jpg,catdog_dataset1,dog_437_jpg.rf.1f5c1852ca782c8b8f24ef8b9653b4e5.jpg,b49748816c4c1407ce8cc66924aafdaf
Data/catdog_dataset1/catdog_dataset1_433/catdog_dataset1_433.jpg,catdog_dataset1_433.jpg,catdog_dataset1,dog_438_jpg.rf.9f8a6b0ed17c74f20bb3eefff22cb0df.jpg,9c273dfb94ad1fdf9d92f1436293c031
Data/catdog_dataset1/catdog_dataset1_434/catdog_dataset1_434.jpg,catdog_dataset1_434.jpg,catdog_dataset1,dog_43_jpg.rf.e4c5bff29c67bf7fd64e104c92c91d81.jpg,21ca81f71b17f38338db2d73dcaf7ab9
Data/catdog_dataset1/catdog_dataset1_435/catdog_dataset1_435.jpg,catdog_dataset1_435.jpg,catdog_dataset1,dog_441_jpg.rf.1d7f0e54d5a10d41c99062b930509206.jpg,828364d3d40a25a1bb4946cb3aa907ee
Data/catdog_dataset1/catdog_dataset1_436/catdog_dataset1_436.jpg,catdog_dataset1_436.jpg,catdog_dataset1,dog_442_jpg.rf.8b66cf8e32bb3e6ace4b86e306c2e934.jpg,f93f68215b2ad38bb7656121ff8fcc04
Data/catdog_dataset1/catdog_dataset1_437/catdog_dataset1_437.jpg,catdog_dataset1_437.jpg,catdog_dataset1,dog_444_jpg.rf.70e9b4d2b16065c77a58579900c61440.jpg,0be5256478a6f8af1e8b0e2255c30a01
Data/catdog_dataset1/catdog_dataset1_438/catdog_dataset1_438.jpg,catdog_dataset1_438.jpg,catdog_dataset1,dog_445_jpg.rf.1629639854b58846bc0937bacaf9810f.jpg,5e65b4862445357f6f6859229079c156
Data/catdog_dataset1/catdog_dataset1_439/catdog_dataset1_439.jpg,catdog_dataset1_439.jpg,catdog_dataset1,dog_446_jpg.rf.87f0f9d9e8f8d07babc0493b45c2eadf.jpg,9efa81f75f08c581a250fadd799c3d34
Data/catdog_dataset1/catdog_dataset1_44/catdog_dataset1_44.jpg,catdog_dataset1_44.jpg,catdog_dataset1,dog_398_jpg.rf.ab9e94694271f052115f57c2dca890c4.jpg,de297e9f7ae434140d082cd3802f0fc1
Data/catdog_dataset1/catdog_dataset1_440/catdog_dataset1_440.jpg,catdog_dataset1_440.jpg,catdog_dataset1,dog_448_jpg.rf.ebac79b80e3f2159a74600fdc3063514.jpg,0f38d15dc51720df24b696d0d0ccc93e
Data/catdog_dataset1/catdog_dataset1_441/catdog_dataset1_441.jpg,catdog_dataset1_441.jpg,catdog_dataset1,dog_44_jpg.rf.4784dac68905ce37af36c6aa678326a9.jpg,9e6dccebbd8425e7276f09ac7666f117
Data/catdog_dataset1/catdog_dataset1_442/catdog_dataset1_442.jpg,catdog_dataset1_442.jpg,catdog_dataset1,dog_450_jpg.rf.f3eb03b3f322ca1328f6fe6a899f1e9c.jpg,baeb4cb572662f8d666b7fa89c041d2d
Data/catdog_dataset1/catdog_dataset1_443/catdog_dataset1_443.jpg,catdog_dataset1_443.jpg,catdog_dataset1,dog_451_jpg.rf.fe708862079c3935e58dce4152a0808b.jpg,70d7588bb3e51504762ab52a275d869c
Data/catdog_dataset1/catdog_dataset1_444/catdog_dataset1_444.jpg,catdog_dataset1_444.jpg,catdog_dataset1,dog_452_jpg.rf.f256484a2643e8afb1094132b2297770.jpg,33d3f294fcdafd7f7b45703b704b3b70
Data/catdog_dataset1/catdog_dataset1_445/catdog_dataset1_445.jpg,catdog_dataset1_445.jpg,catdog_dataset1,dog_45_jpg.rf.0d06fd145e20e9704a5c8d5399b6905e.jpg,80d8ee875b0456d74eea5c91116b231d
Data/catdog_dataset1/catdog_dataset1_446/catdog_dataset1_446.jpg,catdog_dataset1_446.jpg,catdog_dataset1,dog_462_jpg.rf.5ff8d8089d1adfd92bbc49115234713c.jpg,3d7e855ab3c236fd9d1ed299af4cfbd7
Data/catdog_dataset1/catdog_dataset1_447/catdog_dataset1_447.jpg,catdog_dataset1_447.jpg,catdog_dataset1,dog_464_jpg.rf.78fb75c891bdd256ef5c0481e44d08ef.jpg,f3c2c546a584c1b429d85ccac461a2bd
Data/catdog_dataset1/catdog_dataset1_448/catdog_dataset1_448.jpg,catdog_dataset1_448.jpg,catdog_dataset1,dog_468_jpg.rf.4090c142e134382154a620b3479b6128.jpg,f47cd6e1734ae1bb509fbec360ec1cc0
Data/catdog_dataset1/catdog_dataset1_449/catdog_dataset1_449.jpg,catdog_dataset1_449.jpg,catdog_dataset1,dog_471_jpg.rf.0d2892fda78eb853b2c818ff82db5362.jpg,bda8dd2611c25c8fa62f283a4e1cfbe1
Data/catdog_dataset1/catdog_dataset1_45/catdog_dataset1_45.jpg,catdog_dataset1_45.jpg,catdog_dataset1,dog_39_jpg.rf.c7ca5f654a0d8644bfe4ba05ad75a217.jpg,0d8c5f32452a2944a29ea38ac1d3bf9f
Data/catdog_dataset1/catdog_dataset1_450/catdog_dataset1_450.jpg,catdog_dataset1_450.jpg,catdog_dataset1,dog_472_jpg.rf.657efeffacc48d2b42316e6a1435cb91.jpg,c6c3d74774492e209abdb45680ce0bc3
Data/catdog_dataset1/catdog_dataset1_451/catdog_dataset1_451.jpg,catdog_dataset1_451.jpg,catdog_dataset1,dog_474_jpg.rf.e488d5442447e436c89166f7df609675.jpg,6ae9a3355be42dd0d0e8eca9faea246d
Data/catdog_dataset1/catdog_dataset1_452/catdog_dataset1_452.jpg,catdog_dataset1_452.jpg,catdog_dataset1,dog_475_jpg.rf.653ae4a1d6fcfd3870b01db31cc84c94.jpg,4d930bf28da7bb272874f74feb10ea87
Data/catdog_dataset1/catdog_dataset1_453/catdog_dataset1_453.jpg,catdog_dataset1_453.jpg,catdog_dataset1,dog_476_jpg.rf.fc93fc5ce8c9a3c237bcf0b8328f3a35.jpg,1dbb8e9dfa8ff1e1dcc0544b598b0f70
Data/catdog_dataset1/catdog_dataset1_454/catdog_dataset1_454.jpg,catdog_dataset1_454.jpg,catdog_dataset1,dog_479_jpg.rf.1837a7f7f38220d773a5c49104f3d40e.jpg,00d33f3bc761bfc1c03e7c82315d8479
Data/catdog_dataset1/catdog_dataset1_455/catdog_dataset1_455.jpg,catdog_dataset1_455.jpg,catdog_dataset1,dog_480_jpg.rf.7a4e4af05e17fe7e7315b059890f7140.jpg,794c82b2a4825895b3bd8312a1f41652
Data/catdog_dataset1/catdog_dataset1_456/catdog_dataset1_456.jpg,catdog_dataset1_456.jpg,catdog_dataset1,dog_483_jpg.rf.9234a7de56ee590b11d34f1a4ff6efd3.jpg,d8d9be3284d19aa90bd5d96cf6b87ebe
Data/catdog_dataset1/catdog_dataset1_457/catdog_dataset1_457.jpg,catdog_dataset1_457.jpg,catdog_dataset1,dog_485_jpg.rf.fe9eca43e8cdb062ce27ced24285ff6d.jpg,73d7fee0472fb0f5f488418f9cf792d2
Data/catdog_dataset1/catdog_dataset1_458/catdog_dataset1_458.jpg,catdog_dataset1_458.jpg,catdog_dataset1,dog_487_jpg.rf.1d050ec75b9e3c0baaa9cb281f7ee552.jpg,1a28574b8ebb501c6a521a27b89c72fa
Data/catdog_dataset1/catdog_dataset1_459/catdog_dataset1_459.jpg,catdog_dataset1_459.jpg,catdog_dataset1,dog_490_jpg.rf.502254c63d911535e71236b175920089.jpg,e6916fc6913bdc8d855701e9362b3deb
Data/catdog_dataset1/catdog_dataset1_46/catdog_dataset1_46.jpg,catdog_dataset1_46.jpg,catdog_dataset1,dog_432_jpg.rf.66ceb1d906a7aaff1d7e7dcb6a06643e.jpg,8fdf3cf1666acb89431d79fb5716ccc3
Data/catdog_dataset1/catdog_dataset1_460/catdog_dataset1_460.jpg,catdog_dataset1_460.jpg,catdog_dataset1,dog_496_jpg.rf.e137b5d4db175282d29c4498a9c204c8.jpg,30eefb70f701faf8e034adefa3a9f35d
Data/catdog_dataset1/catdog_dataset1_461/catdog_dataset1_461.jpg,catdog_dataset1_461.jpg,catdog_dataset1,dog_501_jpg.rf.32960a2592a62329ccceb3f3c97ccec5.jpg,2331d68cc028123987a34eb607408077
Data/catdog_dataset1/catdog_dataset1_462/catdog_dataset1_462.jpg,catdog_dataset1_462.jpg,catdog_dataset1,dog_509_jpg.rf.0a6c348cf84a42c811bb57d8c44c3da6.jpg,5ea28fc2b270c537526ef9d99d00ebf5
Data/catdog_dataset1/catdog_dataset1_463/catdog_dataset1_463.jpg,catdog_dataset1_463.jpg,catdog_dataset1,dog_50_jpg.rf.19d740abc741653bc470dbf78197acf3.jpg,0ae7ef324dbf720b93540c79b401a542
Data/catdog_dataset1/catdog_dataset1_464/catdog_dataset1_464.jpg,catdog_dataset1_464.jpg,catdog_dataset1,dog_513_jpg.rf.b893fe1c2d1a8fd64751b7687301ecd6.jpg,1e38fb6058ef235ee88142ad02c33342
Data/catdog_dataset1/catdog_dataset1_465/catdog_dataset1_465.jpg,catdog_dataset1_465.jpg,catdog_dataset1,dog_518_jpg.rf.a4113bc9421873daaa027efa61670b9a.jpg,df8d7795bf8ccf5f48ea8884698a7555
Data/catdog_dataset1/catdog_dataset1_466/catdog_dataset1_466.jpg,catdog_dataset1_466.jpg,catdog_dataset1,dog_519_jpg.rf.e5ecc7b2a70ec6710e207e331b33b528.jpg,29cd34a473890ba45821a946db6c153e
Data/catdog_dataset1/catdog_dataset1_467/catdog_dataset1_467.jpg,catdog_dataset1_467.jpg,catdog_dataset1,dog_51_jpg.rf.ca821fd7cdf696d6dd4b3a162d9025cb.jpg,85b9cda0624182693bca98bc6df05649
Data/catdog_dataset1/catdog_dataset1_468/catdog_dataset1_468.jpg,catdog_dataset1_468.jpg,catdog_dataset1,dog_520_jpg.rf.6f6c2276502d1a26f542d07bbde331a5.jpg,23a82cf0eb3bab63a67157739851dccc
Data/catdog_dataset1/catdog_dataset1_469/catdog_dataset1_469.jpg,catdog_dataset1_469.jpg,catdog_dataset1,dog_521_jpg.rf.f886b9cef1b832c02ae1a2c6fb891c49.jpg,bafaeb2d5c6b2ce98c952604cad94492
Data/catdog_dataset1/catdog_dataset1_47/catdog_dataset1_47.jpg,catdog_dataset1_47.jpg,catdog_dataset1,dog_440_jpg.rf.4600b6736dc6d5785eac92ce64c95c20.jpg,77d5ed370af4b6ebd145b29af6114b57
Data/catdog_dataset1/catdog_dataset1_470/catdog_dataset1_470.jpg,catdog_dataset1_470.jpg,catdog_dataset1,dog_522_jpg.rf.eb1927a60412c4773e1a01015d3294b4.jpg,eb8c14dd76e07320b9ea3afc890ee018
Data/catdog_dataset1/catdog_dataset1_471/catdog_dataset1_471.jpg,catdog_dataset1_471.jpg,catdog_dataset1,dog_523_jpg.rf.552c86eff842ed7698bb066332591d90.jpg,46eeb33fd8c3e278d0140fa23ea495d8
Data/catdog_dataset1/catdog_dataset1_472/catdog_dataset1_472.jpg,catdog_dataset1_472.jpg,catdog_dataset1,dog_525_jpg.rf.db1c7b6ea5884a01cfb6a0f8ce41b591.jpg,53f9b7eeb46436e03f283bc9af2076b7
Data/catdog_dataset1/catdog_dataset1_473/catdog_dataset1_473.jpg,catdog_dataset1_473.jpg,catdog_dataset1,dog_528_jpg.rf.b68e4848fb32c112752019bb73ad0751.jpg,7537479477f1f63d93d26fb43779bac6
Data/catdog_dataset1/catdog_dataset1_474/catdog_dataset1_474.jpg,catdog_dataset1_474.jpg,catdog_dataset1,dog_529_jpg.rf.bd776eca1a5728d3d697fcbdf81ec1f0.jpg,22d375ac930d6140fc6462a98ee53b8a
Data/catdog_dataset1/catdog_dataset1_475/catdog_dataset1_475.jpg,catdog_dataset1_475.jpg,catdog_dataset1,dog_532_jpg.rf.e0c38a8e78c2726802d8b3ba12faebfa.jpg,d0da0be5f02da608d7a0c3e2240ebdf9
Data/catdog_dataset1/catdog_dataset1_476/catdog_dataset1_476.jpg,catdog_dataset1_476.jpg,catdog_dataset1,dog_533_jpg.rf.787dcb219411023b93d835a790997247.jpg,7f5df4c145f4c144919582e47dae2cb7
Data/catdog_dataset1/catdog_dataset1_477/catdog_dataset1_477.jpg,catdog_dataset1_477.jpg,catdog_dataset1,dog_535_jpg.rf.7328c3a093bc04ea755f6bb5fa5a10d9.jpg,b6d41f093aa700370fecac83b614810e
Data/catdog_dataset1/catdog_dataset1_478/catdog_dataset1_478.jpg,catdog_dataset1_478.jpg,catdog_dataset1,dog_536_jpg.rf.5527f8a9cefcd6a8d2536e3b5c84c59d.jpg,76ae4faaf35392c1ebdf1969fdbdc9a4
Data/catdog_dataset1/catdog_dataset1_479/catdog_dataset1_479.jpg,catdog_dataset1_479.jpg,catdog_dataset1,dog_540_jpg.rf.d125717ca5ade2389b6e8b2701399845.jpg,e4d2e1985193d4b4e1bd8b47a35aed0a
Data/catdog_dataset1/catdog_dataset1_48/catdog_dataset1_48.jpg,catdog_dataset1_48.jpg,catdog_dataset1,dog_461_jpg.rf.1d16eb26faf3c8c473bfb74642cddd38.jpg,6c8fdd288341d4d474039843a79e9acc
Data/catdog_dataset1/catdog_dataset1_480/catdog_dataset1_480.jpg,catdog_dataset1_480.jpg,catdog_dataset1,dog_541_jpg.rf.37b8a9858b0f39aa226929e56d1f762b.jpg,412cd788fd9dfdf8d0a7b3341d4e55bb
Data/catdog_dataset1/catdog_dataset1_481/catdog_dataset1_481.jpg,catdog_dataset1_481.jpg,catdog_dataset1,dog_545_jpg.rf.403130634eaabef46479562bfaf0fc70.jpg,66312c1e8d8cb76703038057d983ce9a
Data/catdog_dataset1/catdog_dataset1_482/catdog_dataset1_482.jpg,catdog_dataset1_482.jpg,catdog_dataset1,dog_549_jpg.rf.5b409608caf895f40f98693e78509852.jpg,c9542d994e9fdcce66d5edd4d16e034e
Data/catdog_dataset1/catdog_dataset1_483/catdog_dataset1_483.jpg,catdog_dataset1_483.jpg,catdog_dataset1,dog_54_jpg.rf.f9e1815c2569475c210a97cbfe99600b.jpg,8068ac6acaeb6fdc88ae88a28acf93f4
Data/catdog_dataset1/catdog_dataset1_484/catdog_dataset1_484.jpg,catdog_dataset1_484.jpg,catdog_dataset1,dog_551_jpg.rf.45344bdcc9ccb3112d9e242ca1398b04.jpg,b1a15e16eac31154de5c205eff6ed6aa
Data/catdog_dataset1/catdog_dataset1_485/catdog_dataset1_485.jpg,catdog_dataset1_485.jpg,catdog_dataset1,dog_552_jpg.rf.393db24d8711bec4f7f0c9a9c6fa6b86.jpg,f1665cc356dd1dd79a0112e46d0fd7e3
Data/catdog_dataset1/catdog_dataset1_486/catdog_dataset1_486.jpg,catdog_dataset1_486.jpg,catdog_dataset1,dog_553_jpg.rf.723a3f377c9fb577a324599e0188de69.jpg,6e8bfe0a4f5fa3910ba19d5573f14d89
Data/catdog_dataset1/catdog_dataset1_487/catdog_dataset1_487.jpg,catdog_dataset1_487.jpg,catdog_dataset1,dog_554_jpg.rf.f9e09bd55acca938da14007340409e6f.jpg,002c101ae29da31ce8d95b111c1143e4
Data/catdog_dataset1/catdog_dataset1_488/catdog_dataset1_488.jpg,catdog_dataset1_488.jpg,catdog_dataset1,dog_558_jpg.rf.4300880fdcdba6908618a576544a2f17.jpg,f110bec70d44f47c179800fdc3f290ff
Data/catdog_dataset1/catdog_dataset1_489/catdog_dataset1_489.jpg,catdog_dataset1_489.jpg,catdog_dataset1,dog_563_jpg.rf.d9698ee1f1c3475c7358e700d107f348.jpg,c75cb3cce43d473e2a888fdf41fea0dd
Data/catdog_dataset1/catdog_dataset1_49/catdog_dataset1_49.jpg,catdog_dataset1_49.jpg,catdog_dataset1,dog_466_jpg.rf.d98ebda1b9b983335371c002e9df27f6.jpg,d15a22825f004ad553083e4510bbbc05
Data/catdog_dataset1/catdog_dataset1_490/catdog_dataset1_490.jpg,catdog_dataset1_490.jpg,catdog_dataset1,dog_564_jpg.rf.8d56f28b8d75607cb72ea3bdd9adb3bf.jpg,53deabd54e1aa71d3c22ff3d347066d3
Data/catdog_dataset1/catdog_dataset1_491/catdog_dataset1_491.jpg,catdog_dataset1_491.jpg,catdog_dataset1,dog_566_jpg.rf.6e10ed5d98f2564e4da40b3ffd2d36eb.jpg,0ad2b9da876c5d87037aad4bdc4377f4
Data/catdog_dataset1/catdog_dataset1_492/catdog_dataset1_492.jpg,catdog_dataset1_492.jpg,catdog_dataset1,dog_570_jpg.rf.287acd2a94f545861d8f80af50791f93.jpg,1ec11fd2984cb896562d8a0617e2ea84
Data/catdog_dataset1/catdog_dataset1_493/catdog_dataset1_493.jpg,catdog_dataset1_493.jpg,catdog_dataset1,dog_571_jpg.rf.b77d7c31e222702838aa8327111e3b7f.jpg,aa76a7f97b7188cc5d3c3f146763a1cc
Data/catdog_dataset1/catdog_dataset1_494/catdog_dataset1_494.jpg,catdog_dataset1_494.jpg,catdog_dataset1,dog_572_jpg.rf.05cbc4c48915014418fbb6056e825508.jpg,9f100329df9ee16db8df0d9426aa133d
Data/catdog_dataset1/catdog_dataset1_495/catdog_dataset1_495.jpg,catdog_dataset1_495.jpg,catdog_dataset1,dog_576_jpg.rf.7327fd3ebf2ba8fcdb4b911bc86eea17.jpg,5c8b6685e0db3aeed264d65f63b89c0d
Data/catdog_dataset1/catdog_dataset1_496/catdog_dataset1_496.jpg,catdog_dataset1_496.jpg,catdog_dataset1,dog_579_jpg.rf.baa32cf878b163d575eb6befdba9565d.jpg,91c13ecc0e3593e4e5e83c88574a166a
Data/catdog_dataset1/catdog_dataset1_497/catdog_dataset1_497.jpg,catdog_dataset1_497.jpg,catdog_dataset1,dog_57_jpg.rf.7d385688190cde48ae240d4730156f56.jpg,ae2b495a3568508cad39fbe8e3aefb8d
Data/catdog_dataset1/catdog_dataset1_498/catdog_dataset1_498.jpg,catdog_dataset1_498.jpg,catdog_dataset1,dog_580_jpg.rf.abcacfcec678676f37cd7bf5e878194c.jpg,0d4f9fb2be35b3d8bbe45f66cbd481e5
Data/catdog_dataset1/catdog_dataset1_499/catdog_dataset1_499.jpg,catdog_dataset1_499.jpg,catdog_dataset1,dog_589_jpg.rf.5f5b8e0c54fc15ce2145180eacb28373.jpg,7ce383bd00c0db63057cd6887701bf98
Data/catdog_dataset1/catdog_dataset1_5/catdog_dataset1_5.jpg,catdog_dataset1_5.jpg,catdog_dataset1,cat_240_jpg.rf.51b69d727323f2864962e5507b38ed75.jpg,0c8989373414c6e5565eef5ca7030281
Data/catdog_dataset1/catdog_dataset1_50/catdog_dataset1_50.jpg,catdog_dataset1_50.jpg,catdog_dataset1,dog_47_jpg.rf.7c0d6a99a7b02e707be0f80a5f517bcc.jpg,1d0eb251618ff14cb7584935c9fedb1e
Data/catdog_dataset1/catdog_dataset1_500/catdog_dataset1_500.jpg,catdog_dataset1_500.jpg,catdog_dataset1,dog_591_jpg.rf.25804999ed8434430beeffb7a98881a5.jpg,4c988f25df56cd55f077185aa9eefb93
Data/catdog_dataset1/catdog_dataset1_501/catdog_dataset1_501.jpg,catdog_dataset1_501.jpg,catdog_dataset1,dog_596_jpg.rf.32c63307e46bb9fbda11a41b56098a6b.jpg,acc111cff54752166f6ef2aafe7d2a2a
Data/catdog_dataset1/catdog_dataset1_502/catdog_dataset1_502.jpg,catdog_dataset1_502.jpg,catdog_dataset1,dog_59_jpg.rf.4cbd86002236b4fb496db44664d6a0b0.jpg,6d3608c945daae4b2d16bf2179065a3b
Data/catdog_dataset1/catdog_dataset1_503/catdog_dataset1_503.jpg,catdog_dataset1_503.jpg,catdog_dataset1,dog_62_jpg.rf.69288050ec543f2ec492fb6d40b415bf.jpg,1fa1a6bcdfe5c936d6e2c8fca51f736a
Data/catdog_dataset1/catdog_dataset1_504/catdog_dataset1_504.jpg,catdog_dataset1_504.jpg,catdog_dataset1,dog_67_jpg.rf.5c9fc51bbd27837c7d644015792bd7d2.jpg,d3312fc8f0274e02e9ff3572b295f301
Data/catdog_dataset1/catdog_dataset1_505/catdog_dataset1_505.jpg,catdog_dataset1_505.jpg,catdog_dataset1,dog_68_jpg.rf.8df412436f7cd43a16be9f4762dee68d.jpg,d59f5f2a5ff2e6aa5245d85d251e564d
Data/catdog_dataset1/catdog_dataset1_506/catdog_dataset1_506.jpg,catdog_dataset1_506.jpg,catdog_dataset1,dog_70_jpg.rf.7ffa7f45fd4a6e79329e95fe0c23d20a.jpg,632ea856fc9b8fe8a20100c72683502e
Data/catdog_dataset1/catdog_dataset1_507/catdog_dataset1_507.jpg,catdog_dataset1_507.jpg,catdog_dataset1,dog_72_jpg.rf.cc763991cdf97fce7b2475580a921499.jpg,8093de930ce6c0846ec5bbf95a3aa54c
Data/catdog_dataset1/catdog_dataset1_508/catdog_dataset1_508.jpg,catdog_dataset1_508.jpg,catdog_dataset1,dog_74_jpg.rf.f1eb5c9ec7ed64a517b3fa47116bf58b.jpg,44b58292547690878bd9d4d3ff012e96
Data/catdog_dataset1/catdog_dataset1_509/catdog_dataset1_509.jpg,catdog_dataset1_509.jpg,catdog_dataset1,dog_76_jpg.rf.9d6ed82e4562b74739819d2dae42ed32.jpg,19b6e281cf84e0310d1266f9f37668a0
Data/catdog_dataset1/catdog_dataset1_51/catdog_dataset1_51.jpg,catdog_dataset1_51.jpg,catdog_dataset1,dog_484_jpg.rf.d2e85e1df2a345edb05b2ca0e0700369.jpg,c57e78aa480fc7f84ae4f2286470e4e0
Data/catdog_dataset1/catdog_dataset1_510/catdog_dataset1_510.jpg,catdog_dataset1_510.jpg,catdog_dataset1,dog_82_jpg.rf.d98b097ddc8c5163b08bfe84f5cd9f31.jpg,3a2ee91cdb5c41d84137d24073f8b71d
Data/catdog_dataset1/catdog_dataset1_511/catdog_dataset1_511.jpg,catdog_dataset1_511.jpg,catdog_dataset1,dog_89_jpg.rf.6e053970f497faa847560af18b9f8c56.jpg,bc94881c59c7969ef53e8a692ac26970
Data/catdog_dataset1/catdog_dataset1_512/catdog_dataset1_512.jpg,catdog_dataset1_512.jpg,catdog_dataset1,dog_8_jpg.rf.07f2e11308022ad4808ba9a0916b32ec.jpg,6761624f47e91f2b49008fcde056c139
Data/catdog_dataset1/catdog_dataset1_513/catdog_dataset1_513.jpg,catdog_dataset1_513.jpg,catdog_dataset1,dog_92_jpg.rf.294829bc3902ebc4bc01c6cabf4c522c.jpg,e97e7c37d89c3d5b4756b2925d9098b8
Data/catdog_dataset1/catdog_dataset1_514/catdog_dataset1_514.jpg,catdog_dataset1_514.jpg,catdog_dataset1,dog_93_jpg.rf.80cd41c7856224aa930610c5917cf0c6.jpg,04758e613ea3a16c3b09f66dda735659
Data/catdog_dataset1/catdog_dataset1_515/catdog_dataset1_515.jpg,catdog_dataset1_515.jpg,catdog_dataset1,dog_97_jpg.rf.19a37e755450abad5a2cf0c25be71dc3.jpg,5c67a271702bfa27e0e9a93ac4e2393a
Data/catdog_dataset1/catdog_dataset1_516/catdog_dataset1_516.jpg,catdog_dataset1_516.jpg,catdog_dataset1,dog_99_jpg.rf.6cffae206b6a07bd29733b3ed5563648.jpg,8e31888595d0ee5e5a41d58ea8e4ce54
Data/catdog_dataset1/catdog_dataset1_517/catdog_dataset1_517.jpg,catdog_dataset1_517.jpg,catdog_dataset1,dog_9_jpg.rf.ffd604f2af18ff1e73b6409fb191a18b.jpg,929ebef7ab4031fafe6aef67f7613d0b
Data/catdog_dataset1/catdog_dataset1_518/catdog_dataset1_518.jpg,catdog_dataset1_518.jpg,catdog_dataset1,cat_114_jpg.rf.2abea14f63ed463930977b5b278e320c.jpg,458d2191be2f9d1f1d319427762f4c91
Data/catdog_dataset1/catdog_dataset1_519/catdog_dataset1_519.jpg,catdog_dataset1_519.jpg,catdog_dataset1,cat_12_jpg.rf.58f52720f74dc548ec08f9212139c909.jpg,0d32cebc95d47fca8b2c634534334f07
Data/catdog_dataset1/catdog_dataset1_52/catdog_dataset1_52.jpg,catdog_dataset1_52.jpg,catdog_dataset1,dog_489_jpg.rf.c0549a10da3741b72339befbbd56959c.jpg,ebc4bcbf0eea56895c171474b0db3948
Data/catdog_dataset1/catdog_dataset1_520/catdog_dataset1_520.jpg,catdog_dataset1_520.jpg,catdog_dataset1,cat_13_jpg.rf.d7e66b1175debbabb1e19238df07cc16.jpg,6605fbd0d52c78c54577dc5e326d33a7
Data/catdog_dataset1/catdog_dataset1_521/catdog_dataset1_521.jpg,catdog_dataset1_521.jpg,catdog_dataset1,cat_149_jpg.rf.9b3b9183c663730c600e9ed0b55e870f.jpg,5f0959f5479140669fc6b2d13a8dd916
Data/catdog_dataset1/catdog_dataset1_522/catdog_dataset1_522.jpg,catdog_dataset1_522.jpg,catdog_dataset1,cat_159_jpg.rf.bb789b591277c701f24711de64483bae.jpg,dd0a37d05341f0f3cf8cc3ae37c6ad6d
Data/catdog_dataset1/catdog_dataset1_523/catdog_dataset1_523.jpg,catdog_dataset1_523.jpg,catdog_dataset1,cat_162_jpg.rf.3e896aa1b53b298076f57da4296e52ac.jpg,cb70bd04129f210d284788714de70a29
Data/catdog_dataset1/catdog_dataset1_524/catdog_dataset1_524.jpg,catdog_dataset1_524.jpg,catdog_dataset1,cat_163_jpg.rf.896447b95c50b8254500afa4ebb4da07.jpg,f45c6b0b28a6c1cdfb05c46a55aaa214
Data/catdog_dataset1/catdog_dataset1_525/catdog_dataset1_525.jpg,catdog_dataset1_525.jpg,catdog_dataset1,cat_179_jpg.rf.6c3a9ec11a31122c0cee7c05c35f9fd2.jpg,d9b785cc0d8b70cecf3c28824429f5a6
Data/catdog_dataset1/catdog_dataset1_526/catdog_dataset1_526.jpg,catdog_dataset1_526.jpg,catdog_dataset1,cat_198_jpg.rf.633fa4fadf491c122f02b0e57d51e22d.jpg,bfe24f65af6dca491f3b9ebec12a6bf5
Data/catdog_dataset1/catdog_dataset1_527/catdog_dataset1_527.jpg,catdog_dataset1_527.jpg,catdog_dataset1,cat_213_jpg.rf.b138d746d1db696e5f770c727555c2fe.jpg,fd7a873463a8eae66fc6674d0f1206a3
Data/catdog_dataset1/catdog_dataset1_528/catdog_dataset1_528.jpg,catdog_dataset1_528.jpg,catdog_dataset1,cat_219_jpg.rf.4335cc2126da1da912ec03c646d1e956.jpg,fddb710ec9d34b1c8cc868ad9a4c9731
Data/catdog_dataset1/catdog_dataset1_529/catdog_dataset1_529.jpg,catdog_dataset1_529.jpg,catdog_dataset1,cat_220_jpg.rf.6b1efebf8e347a20479860fe8b47dd02.jpg,502977d52e1b66c60597aec397b4217c
Data/catdog_dataset1/catdog_dataset1_53/catdog_dataset1_53.jpg,catdog_dataset1_53.jpg,catdog_dataset1,dog_4_jpg.rf.eae9100398d6dde02bb6041f73a88c28.jpg,1b487c108c315589b5b553bf776a3d04
Data/catdog_dataset1/catdog_dataset1_530/catdog_dataset1_530.jpg,catdog_dataset1_530.jpg,catdog_dataset1,cat_224_jpg.rf.17b5bc11bfde506f51bc3319cb733492.jpg,604a96439ff5980f212b56687b1939c1
Data/catdog_dataset1/catdog_dataset1_531/catdog_dataset1_531.jpg,catdog_dataset1_531.jpg,catdog_dataset1,cat_225_jpg.rf.0afc35cdc5f80cb0895c50f0ebe5bba9.jpg,3d059969dbbb13129da05f04fdb8a3ff
Data/catdog_dataset1/catdog_dataset1_532/catdog_dataset1_532.jpg,catdog_dataset1_532.jpg,catdog_dataset1,cat_228_jpg.rf.2d4b3a5e8277dfade74d23cd09ee8c98.jpg,c63f5a4a0db8b91835957bf3c5e232de
Data/catdog_dataset1/catdog_dataset1_533/catdog_dataset1_533.jpg,catdog_dataset1_533.jpg,catdog_dataset1,cat_248_jpg.rf.d64d3c774d6a645960812555c63a0396.jpg,f79a58d77d3e978cde824e5d6a241d79
Data/catdog_dataset1/catdog_dataset1_534/catdog_dataset1_534.jpg,catdog_dataset1_534.jpg,catdog_dataset1,cat_253_jpg.rf.436b5326e4cc9490f0a0864ec8211ab4.jpg,7a03f0d38b76b1d8dadd844fb5bf3dcc
Data/catdog_dataset1/catdog_dataset1_535/catdog_dataset1_535.jpg,catdog_dataset1_535.jpg,catdog_dataset1,cat_274_jpg.rf.5d2a30ed3dd82e9a729262f9e499dd2d.jpg,11c20788a73bb5dea04f63f95d438465
Data/catdog_dataset1/catdog_dataset1_536/catdog_dataset1_536.jpg,catdog_dataset1_536.jpg,catdog_dataset1,cat_275_jpg.rf.8f5408981fad64d0f90f6c7bb2100479.jpg,e65eeb325096c50a7a140e4448543b7b
Data/catdog_dataset1/catdog_dataset1_537/catdog_dataset1_537.jpg,catdog_dataset1_537.jpg,catdog_dataset1,cat_276_jpg.rf.9732c89d9029aaee0918b9a2983d2cda.jpg,c355f048edd4dbcdc389847173ddfb3c
Data/catdog_dataset1/catdog_dataset1_538/catdog_dataset1_538.jpg,catdog_dataset1_538.jpg,catdog_dataset1,cat_285_jpg.rf.23b844ef19d1797cd4eb6200a9bae48c.jpg,ab69674d7a5b7498ec560d7b6389dc3b
Data/catdog_dataset1/catdog_dataset1_539/catdog_dataset1_539.jpg,catdog_dataset1_539.jpg,catdog_dataset1,cat_310_jpg.rf.0aa58eeec566ced585da4203d94b87cf.jpg,d2cdd2f33dfbabb5c7f5114b297c2883
Data/catdog_dataset1/catdog_dataset1_54/catdog_dataset1_54.jpg,catdog_dataset1_54.jpg,catdog_dataset1,dog_502_jpg.rf.076fef1f54518e35441c331d429ce90f.jpg,1f2fd5a97d414c52ba4d1aaf01fb25d6
Data/catdog_dataset1/catdog_dataset1_540/catdog_dataset1_540.jpg,catdog_dataset1_540.jpg,catdog_dataset1,cat_311_jpg.rf.8c27a1f11cc57d9ff776393a6323a7fe.jpg,2e75a779814fe88591c6a5747eaf96b6
Data/catdog_dataset1/catdog_dataset1_541/catdog_dataset1_541.jpg,catdog_dataset1_541.jpg,catdog_dataset1,cat_317_jpg.rf.819ff93abd8806b0d0b4786a69e2b2ed.jpg,96c3fe24b4790218a02a85f983fae981
Data/catdog_dataset1/catdog_dataset1_542/catdog_dataset1_542.jpg,catdog_dataset1_542.jpg,catdog_dataset1,cat_318_jpg.rf.20e374161b1b1c337a085c8b36fdfd22.jpg,ef910e1e97685d3db948d95bacd8e65d
Data/catdog_dataset1/catdog_dataset1_543/catdog_dataset1_543.jpg,catdog_dataset1_543.jpg,catdog_dataset1,cat_330_jpg.rf.ac038b1867035333a2f61f5692e65df6.jpg,9e9b7658f75e9a31ea4b1a64b99f0026
Data/catdog_dataset1/catdog_dataset1_544/catdog_dataset1_544.jpg,catdog_dataset1_544.jpg,catdog_dataset1,cat_331_jpg.rf.22edd1e51f2ce87c2dbb2c7ac6f0b8b2.jpg,7afc25605f3bd85b7361709532bd5ab8
Data/catdog_dataset1/catdog_dataset1_545/catdog_dataset1_545.jpg,catdog_dataset1_545.jpg,catdog_dataset1,cat_369_jpg.rf.6a3d042d5bb283400a83967cfe44b4f8.jpg,44f645cf9c3429cb9ed6f7fe31f63012
Data/catdog_dataset1/catdog_dataset1_546/catdog_dataset1_546.jpg,catdog_dataset1_546.jpg,catdog_dataset1,cat_375_jpg.rf.5a40f45f10845c53017bef79e7986039.jpg,4f35413f396c687946c445d307fa05e9
Data/catdog_dataset1/catdog_dataset1_547/catdog_dataset1_547.jpg,catdog_dataset1_547.jpg,catdog_dataset1,cat_381_jpg.rf.ba3ab224c209ec3327e62ce30748d3df.jpg,27b75c907324b9203f6c3af0684b9727
Data/catdog_dataset1/catdog_dataset1_548/catdog_dataset1_548.jpg,catdog_dataset1_548.jpg,catdog_dataset1,cat_384_jpg.rf.79e931a2600d9e792b3363bba0351fea.jpg,b3cbd6dd12c6121f08b538aae3b3c5be
Data/catdog_dataset1/catdog_dataset1_549/catdog_dataset1_549.jpg,catdog_dataset1_549.jpg,catdog_dataset1,cat_386_jpg.rf.f7745a84a3025b5a09bf20a8cdbeb9fd.jpg,117eae0bc8b749df33ea1f7d7ea38898
Data/catdog_dataset1/catdog_dataset1_55/catdog_dataset1_55.jpg,catdog_dataset1_55.jpg,catdog_dataset1,dog_504_jpg.rf.2d62e3ac7c5a38663a2bf3893836598c.jpg,40cdfe402516d61af74e3affb85ea9c1
Data/catdog_dataset1/catdog_dataset1_550/catdog_dataset1_550.jpg,catdog_dataset1_550.jpg,catdog_dataset1,cat_396_jpg.rf.5128121ab81f85c758e1c5667e40a63a.jpg,ff5cfbad50b589af40ed4dc975bb381b
Data/catdog_dataset1/catdog_dataset1_551/catdog_dataset1_551.jpg,catdog_dataset1_551.jpg,catdog_dataset1,cat_399_jpg.rf.afd94687dbd91e37ef1af09f2a3cc5a4.jpg,568934de9f321a7175df2c687ac9baeb
Data/catdog_dataset1/catdog_dataset1_552/catdog_dataset1_552.jpg,catdog_dataset1_552.jpg,catdog_dataset1,cat_414_jpg.rf.4763acdd15472c350ac95dcb98bf1d56.jpg,7ddacb86acca9c3523744acb97165084
Data/catdog_dataset1/catdog_dataset1_553/catdog_dataset1_553.jpg,catdog_dataset1_553.jpg,catdog_dataset1,cat_426_jpg.rf.64f12869f1263555846857bb0655e397.jpg,d26173614fc93e5898ac10c9e08c3c46
Data/catdog_dataset1/catdog_dataset1_554/catdog_dataset1_554.jpg,catdog_dataset1_554.jpg,catdog_dataset1,cat_42_jpg.rf.8ce53783a4d6709a61dcb57974d26561.jpg,c25b0fe15e91e6aacda08da199fd573b
Data/catdog_dataset1/catdog_dataset1_555/catdog_dataset1_555.jpg,catdog_dataset1_555.jpg,catdog_dataset1,cat_430_jpg.rf.8bda0cbc5bf7cc14ab438765703fae3f.jpg,4839abf00a066d7fbdc5c7d83050cfbc
Data/catdog_dataset1/catdog_dataset1_556/catdog_dataset1_556.jpg,catdog_dataset1_556.jpg,catdog_dataset1,cat_440_jpg.rf.0abfe2faf3fad6a7cfc694a26f2595d0.jpg,f50583489f05911fedba7a9d45394f59
Data/catdog_dataset1/catdog_dataset1_557/catdog_dataset1_557.jpg,catdog_dataset1_557.jpg,catdog_dataset1,cat_453_jpg.rf.e218c9cfcdacd7d2a5d81203c1cd39fe.jpg,113200c92e55917cb7688cc748c5f6ba
Data/catdog_dataset1/catdog_dataset1_558/catdog_dataset1_558.jpg,catdog_dataset1_558.jpg,catdog_dataset1,cat_456_jpg.rf.afd21e5164acf6e5bc7a15e8a68a9aa8.jpg,6b2a376d6c01cb5590ab8ad3c1ebc3bf
Data/catdog_dataset1/catdog_dataset1_559/catdog_dataset1_559.jpg,catdog_dataset1_559.jpg,catdog_dataset1,cat_493_jpg.rf.510cf269f78f2644faf68f77021047b3.jpg,d116f1f56b0313bee503cb1fcf5980b1
Data/catdog_dataset1/catdog_dataset1_56/catdog_dataset1_56.jpg,catdog_dataset1_56.jpg,catdog_dataset1,dog_517_jpg.rf.480c23a6bb038cf708695dd562cc784f.jpg,17c8db15fed3442875f954db173c9bf8
Data/catdog_dataset1/catdog_dataset1_560/catdog_dataset1_560.jpg,catdog_dataset1_560.jpg,catdog_dataset1,cat_495_jpg.rf.cf75184cc3f92e31b90c1e54abfd3753.jpg,a56772450a0bcecf424754725c72d903
Data/catdog_dataset1/catdog_dataset1_561/catdog_dataset1_561.jpg,catdog_dataset1_561.jpg,catdog_dataset1,cat_498_jpg.rf.9f796629bf03e4bd1f2b523cce7b58c0.jpg,ecca6bb55ad16bc6b6be730d0eddb9f8
Data/catdog_dataset1/catdog_dataset1_562/catdog_dataset1_562.jpg,catdog_dataset1_562.jpg,catdog_dataset1,cat_499_jpg.rf.d30bfb54ac7baa65cb92b4b8bead2d99.jpg,ba070274966f733f6f729fd4a881579a
Data/catdog_dataset1/catdog_dataset1_563/catdog_dataset1_563.jpg,catdog_dataset1_563.jpg,catdog_dataset1,cat_49_jpg.rf.5685b4e09ba85aeb3ceb952dc1a8f3c2.jpg,134d0cfa538f571d15edd4fb9990bd51
Data/catdog_dataset1/catdog_dataset1_564/catdog_dataset1_564.jpg,catdog_dataset1_564.jpg,catdog_dataset1,cat_4_jpg.rf.37a8782ffbc2b37606e8c9076de1bee3.jpg,9556f7badd7cf1d1b2899046ef6278c8
Data/catdog_dataset1/catdog_dataset1_565/catdog_dataset1_565.jpg,catdog_dataset1_565.jpg,catdog_dataset1,cat_518_jpg.rf.0adacc54c3efaa27766b94874c2208f9.jpg,31d7000fcc5a92f44fa9a16cc2ab2f2a
Data/catdog_dataset1/catdog_dataset1_566/catdog_dataset1_566.jpg,catdog_dataset1_566.jpg,catdog_dataset1,cat_519_jpg.rf.98ed166be488b4092eda8feb4e24d921.jpg,0a9b6b40401ccb658a6d74231a02f58c
Data/catdog_dataset1/catdog_dataset1_567/catdog_dataset1_567.jpg,catdog_dataset1_567.jpg,catdog_dataset1,cat_520_jpg.rf.07a360017cd9b8ad4bf155bfe4c23cfe.jpg,deeadf746bf9a587b41bb011f2b461fb
Data/catdog_dataset1/catdog_dataset1_568/catdog_dataset1_568.jpg,catdog_dataset1_568.jpg,catdog_dataset1,cat_538_jpg.rf.354127d03b065594fa38a3c79562f1ad.jpg,e861b40f5294e8aa2ec2595c8efe6725
Data/catdog_dataset1/catdog_dataset1_569/catdog_dataset1_569.jpg,catdog_dataset1_569.jpg,catdog_dataset1,cat_545_jpg.rf.f0b606e172afe22dd4b78b016519156a.jpg,9b2d16080989d3966451d10df98e5e24
Data/catdog_dataset1/catdog_dataset1_57/catdog_dataset1_57.jpg,catdog_dataset1_57.jpg,catdog_dataset1,dog_550_jpg.rf.e779b52209465e0fc4d9f30a7a8106fb.jpg,7e590cd32c03b84c4a79815244577d13
Data/catdog_dataset1/catdog_dataset1_570/catdog_dataset1_570.jpg,catdog_dataset1_570.jpg,catdog_dataset1,cat_54_jpg.rf.6e8ca26cbdf128643dcde907801ec5c2.jpg,669f527f0dd4a93687bbf256c849683f
Data/catdog_dataset1/catdog_dataset1_571/catdog_dataset1_571.jpg,catdog_dataset1_571.jpg,catdog_dataset1,cat_557_jpg.rf.162a6a8a745ec21fa3ea9c8b0278e2ff.jpg,f86d376740ca5fa714f0076b56e90ff1
Data/catdog_dataset1/catdog_dataset1_572/catdog_dataset1_572.jpg,catdog_dataset1_572.jpg,catdog_dataset1,cat_559_jpg.rf.701b2e954aa6e881be5a6a56c37e7529.jpg,a576b4e48b7ef688eb3b80ea0aefea9a
Data/catdog_dataset1/catdog_dataset1_573/catdog_dataset1_573.jpg,catdog_dataset1_573.jpg,catdog_dataset1,cat_565_jpg.rf.ac3d6f875bbdf97f64fecc6fc69df7f4.jpg,5a65fec0a0d13ace65e04dacc41c7ce6
Data/catdog_dataset1/catdog_dataset1_574/catdog_dataset1_574.jpg,catdog_dataset1_574.jpg,catdog_dataset1,cat_570_jpg.rf.39b5540314419297b0338e41b3720576.jpg,a69fc4ce9c15c4aa108c1e0a7af905c9
Data/catdog_dataset1/catdog_dataset1_575/catdog_dataset1_575.jpg,catdog_dataset1_575.jpg,catdog_dataset1,cat_577_jpg.rf.203789306cb299fa491734900be99596.jpg,bf5a12edeb9d3c2a10cb81b29c673509
Data/catdog_dataset1/catdog_dataset1_576/catdog_dataset1_576.jpg,catdog_dataset1_576.jpg,catdog_dataset1,cat_5_jpg.rf.ef4e94f21e83547747f25097d09b32d3.jpg,9c51af8513bf58e8b184cc6a7eff15cc
Data/catdog_dataset1/catdog_dataset1_577/catdog_dataset1_577.jpg,catdog_dataset1_577.jpg,catdog_dataset1,cat_601_jpg.rf.05bc129cc1a2523e8b266644e1ff1ec1.jpg,3945e0aa757b9a4158ecc15950ad6b32
Data/catdog_dataset1/catdog_dataset1_578/catdog_dataset1_578.jpg,catdog_dataset1_578.jpg,catdog_dataset1,cat_602_jpg.rf.56e449a19895b48bd31091684788685f.jpg,75f6cc1a1ef07ea18c8be4bedfe3f1c8
Data/catdog_dataset1/catdog_dataset1_579/catdog_dataset1_579.jpg,catdog_dataset1_579.jpg,catdog_dataset1,cat_604_jpg.rf.b4234b0bd04f9e5357cf44058cf86a53.jpg,4c25977ba58deecbf42678bd004621f9
Data/catdog_dataset1/catdog_dataset1_58/catdog_dataset1_58.jpg,catdog_dataset1_58.jpg,catdog_dataset1,dog_559_jpg.rf.04fee54ca458fc5277ebdebafe2b0c57.jpg,d6113ce7065d6a35616cf697e1cc97a9
Data/catdog_dataset1/catdog_dataset1_580/catdog_dataset1_580.jpg,catdog_dataset1_580.jpg,catdog_dataset1,cat_80_jpg.rf.077a587e28275b06e6f582bfd4e647cd.jpg,45ea8454a112012ef0b34830d59aa620
Data/catdog_dataset1/catdog_dataset1_581/catdog_dataset1_581.jpg,catdog_dataset1_581.jpg,catdog_dataset1,cat_84_jpg.rf.59429bf4f8c3c3b1983acbf64bc1ff6d.jpg,f0d2dc1dac7dee1f37984e1c13896134
Data/catdog_dataset1/catdog_dataset1_582/catdog_dataset1_582.jpg,catdog_dataset1_582.jpg,catdog_dataset1,dog_0_jpg.rf.323485045df489c2e02fccc9f2c05b02.jpg,c36e14a00851278bf7248dd2a722c141
Data/catdog_dataset1/catdog_dataset1_583/catdog_dataset1_583.jpg,catdog_dataset1_583.jpg,catdog_dataset1,dog_109_jpg.rf.3ce3db271c4479111321b7d60a0d533c.jpg,c7230618bcdfeac917bd74d4ec9ade25
Data/catdog_dataset1/catdog_dataset1_584/catdog_dataset1_584.jpg,catdog_dataset1_584.jpg,catdog_dataset1,dog_122_jpg.rf.0c69067e84bfd227224bb16c7be487ce.jpg,f3ed5747a1d17875af737b52db5ab36c
Data/catdog_dataset1/catdog_dataset1_585/catdog_dataset1_585.jpg,catdog_dataset1_585.jpg,catdog_dataset1,dog_123_jpg.rf.1a9e3d1347a6b99a4fefeab138ee30ea.jpg,14f417b03243c8e07209a3a9a32d8cf6
Data/catdog_dataset1/catdog_dataset1_586/catdog_dataset1_586.jpg,catdog_dataset1_586.jpg,catdog_dataset1,dog_125_jpg.rf.f82dc45938e1a33147268304b5281c7a.jpg,670e2652ae6501a6a681049c1017ea46
Data/catdog_dataset1/catdog_dataset1_587/catdog_dataset1_587.jpg,catdog_dataset1_587.jpg,catdog_dataset1,dog_133_jpg.rf.59cc9693eb8c1025d317bc35db50bcfe.jpg,137e9ac0c0e32197891580128336f6d3
Data/catdog_dataset1/catdog_dataset1_588/catdog_dataset1_588.jpg,catdog_dataset1_588.jpg,catdog_dataset1,dog_141_jpg.rf.a20ec6571b1a364ba1d1813f0d3e4228.jpg,f5396fa9997f624786e014d921a69260
Data/catdog_dataset1/catdog_dataset1_589/catdog_dataset1_589.jpg,catdog_dataset1_589.jpg,catdog_dataset1,dog_145_jpg.rf.c7067594e2ebc5ee9bce114cb1ae2194.jpg,85fae7dc9a1f635d9dcfa5903b8117c7
Data/catdog_dataset1/catdog_dataset1_59/catdog_dataset1_59.jpg,catdog_dataset1_59.jpg,catdog_dataset1,dog_560_jpg.rf.ab52753d4476d534009a1cb342d0d521.jpg,72c265f5c889aea920e245d3db189aaa
Data/catdog_dataset1/catdog_dataset1_590/catdog_dataset1_590.jpg,catdog_dataset1_590.jpg,catdog_dataset1,dog_155_jpg.rf.9158cbb46206cdb89aa9889756c7db3c.jpg,9d5a0a49d74296357a20c60e70e988b8
Data/catdog_dataset1/catdog_dataset1_591/catdog_dataset1_591.jpg,catdog_dataset1_591.jpg,catdog_dataset1,dog_156_jpg.rf.2de8bf19484ddc05639edddc8572f108.jpg,e2f1186ad5fa2078a55909baad741cf8
Data/catdog_dataset1/catdog_dataset1_592/catdog_dataset1_592.jpg,catdog_dataset1_592.jpg,catdog_dataset1,dog_159_jpg.rf.baaf4542506f73b18c2d32d5b17514f4.jpg,40f95564db3823b374c601872048f705
Data/catdog_dataset1/catdog_dataset1_593/catdog_dataset1_593.jpg,catdog_dataset1_593.jpg,catdog_dataset1,dog_165_jpg.rf.4160cd37c3fa92ba4cd5428600c2dc7b.jpg,6ca17d5c04eba0d3a2a29fee8c3a1e5c
Data/catdog_dataset1/catdog_dataset1_594/catdog_dataset1_594.jpg,catdog_dataset1_594.jpg,catdog_dataset1,dog_168_jpg.rf.cb58cc9324a836c2900182fa0582ddd7.jpg,47257abaa8837dcea5ecb9d45e030f64
Data/catdog_dataset1/catdog_dataset1_595/catdog_dataset1_595.jpg,catdog_dataset1_595.jpg,catdog_dataset1,dog_181_jpg.rf.fafcb7ec6a87908fe7015e4787438934.jpg,7e1dca06e6c9b3dc5f97d6ecffd94bd4
Data/catdog_dataset1/catdog_dataset1_596/catdog_dataset1_596.jpg,catdog_dataset1_596.jpg,catdog_dataset1,dog_186_jpg.rf.801374c79e816bc22b892bf0cd204026.jpg,582d08efb0b331ae1799117542cf1e91
Data/catdog_dataset1/catdog_dataset1_597/catdog_dataset1_597.jpg,catdog_dataset1_597.jpg,catdog_dataset1,dog_191_jpg.rf.3456e562a01cafc25ce64cd5c8278c2c.jpg,f97350159c2e0b48925704c9828660dd
Data/catdog_dataset1/catdog_dataset1_598/catdog_dataset1_598.jpg,catdog_dataset1_598.jpg,catdog_dataset1,dog_192_jpg.rf.6ed8bbbb48577a5977ca4ac3a8515b59.jpg,8b2fe4abc2b0301ff84a0482de0fa413
Data/catdog_dataset1/catdog_dataset1_599/catdog_dataset1_599.jpg,catdog_dataset1_599.jpg,catdog_dataset1,dog_195_jpg.rf.4f3ad604da89f1fa222abdfaa35e8e42.jpg,fe3d32b79bece18ca6b529b70f765ff7
Data/catdog_dataset1/catdog_dataset1_6/catdog_dataset1_6.jpg,catdog_dataset1_6.jpg,catdog_dataset1,cat_260_jpg.rf.c7b86444e75533de7c5ec300bd93631b.jpg,43d4062219cef376e195c8aaedbb6746
Data/catdog_dataset1/catdog_dataset1_60/catdog_dataset1_60.jpg,catdog_dataset1_60.jpg,catdog_dataset1,dog_56_jpg.rf.a298730edaa2563ad1ee371cf27862de.jpg,58ef4e0928297b29212db938fe2da51d
Data/catdog_dataset1/catdog_dataset1_600/catdog_dataset1_600.jpg,catdog_dataset1_600.jpg,catdog_dataset1,dog_196_jpg.rf.6e3717cd24e48ff99eb5aa001d6ed34f.jpg,a2a30ec16ba8bfdbbbe832373876065e
Data/catdog_dataset1/catdog_dataset1_601/catdog_dataset1_601.jpg,catdog_dataset1_601.jpg,catdog_dataset1,dog_197_jpg.rf.98c917c96f5ce58ddf66acfdf87a275f.jpg,4735eedf48d00d83ed03b282a63440ce
Data/catdog_dataset1/catdog_dataset1_602/catdog_dataset1_602.jpg,catdog_dataset1_602.jpg,catdog_dataset1,dog_202_jpg.rf.bb42009eac3985b34fa4ac7446a7d0e3.jpg,1b1278866d45f100acc3ef7bdf520d21
Data/catdog_dataset1/catdog_dataset1_603/catdog_dataset1_603.jpg,catdog_dataset1_603.jpg,catdog_dataset1,dog_203_jpg.rf.5bea76c892dd5c988930e05f2cc3c2c0.jpg,3edd70dbe9316e62203097fd087b0068
Data/catdog_dataset1/catdog_dataset1_604/catdog_dataset1_604.jpg,catdog_dataset1_604.jpg,catdog_dataset1,dog_205_jpg.rf.a8a94fbcb04df18c8f549852b3c74a26.jpg,758c7d4e664053bebf94f7fda9fb4b4d
Data/catdog_dataset1/catdog_dataset1_605/catdog_dataset1_605.jpg,catdog_dataset1_605.jpg,catdog_dataset1,dog_218_jpg.rf.d75f32f22b45735b52879509c22c747b.jpg,d94fe155040f3491f0702e9fa09bd986
Data/catdog_dataset1/catdog_dataset1_606/catdog_dataset1_606.jpg,catdog_dataset1_606.jpg,catdog_dataset1,dog_229_jpg.rf.48895063b22081219da79d492d6cca27.jpg,bc870e1e8c4ed78aa96bf3d0055fde67
Data/catdog_dataset1/catdog_dataset1_607/catdog_dataset1_607.jpg,catdog_dataset1_607.jpg,catdog_dataset1,dog_22_jpg.rf.0c255fc242a218a7f085c54876d84601.jpg,51942015c209b508ea99f69935649908
Data/catdog_dataset1/catdog_dataset1_608/catdog_dataset1_608.jpg,catdog_dataset1_608.jpg,catdog_dataset1,dog_238_jpg.rf.60a66825c3b0ac9409d1e0f05d8d8d12.jpg,9af2a2e979d21a5b29739fc354213fba
Data/catdog_dataset1/catdog_dataset1_609/catdog_dataset1_609.jpg,catdog_dataset1_609.jpg,catdog_dataset1,dog_247_jpg.rf.08a200e877a84e8042327543829bb212.jpg,4e96f8ab632e873b33b6516f2ca00f39
Data/catdog_dataset1/catdog_dataset1_61/catdog_dataset1_61.jpg,catdog_dataset1_61.jpg,catdog_dataset1,dog_75_jpg.rf.0aa855fb33887eb0825ec9a80239a422.jpg,458de5349264b89af2b087e5e1a230ac
Data/catdog_dataset1/catdog_dataset1_610/catdog_dataset1_610.jpg,catdog_dataset1_610.jpg,catdog_dataset1,dog_249_jpg.rf.441d5b999cd6865e6c94decb410ef93f.jpg,4223c797b3ddf239200c05e529fe823a
Data/catdog_dataset1/catdog_dataset1_611/catdog_dataset1_611.jpg,catdog_dataset1_611.jpg,catdog_dataset1,dog_251_jpg.rf.cd96fb193b52313dbe2e6110946e1923.jpg,4d9d3db922c93e290826ee23db17d4d6
Data/catdog_dataset1/catdog_dataset1_612/catdog_dataset1_612.jpg,catdog_dataset1_612.jpg,catdog_dataset1,dog_253_jpg.rf.3f3e3c640ea1d3e049b2fc8c460d8af9.jpg,ce0da4ceb65c778e62a170487ca7d120
Data/catdog_dataset1/catdog_dataset1_613/catdog_dataset1_613.jpg,catdog_dataset1_613.jpg,catdog_dataset1,dog_266_jpg.rf.bd743be4329abd09754ffb63f1feec07.jpg,d7714dabe05be1350d03204c9d1fd585
Data/catdog_dataset1/catdog_dataset1_614/catdog_dataset1_614.jpg,catdog_dataset1_614.jpg,catdog_dataset1,dog_277_jpg.rf.058557fb6b720f527bd1e374ed118d1f.jpg,e91f33bf0af0db624688ce371111877e
Data/catdog_dataset1/catdog_dataset1_615/catdog_dataset1_615.jpg,catdog_dataset1_615.jpg,catdog_dataset1,dog_286_jpg.rf.b15699ff65a217edf344fbf75a309778.jpg,0304b7cd39c056057953e29e15a25eae
Data/catdog_dataset1/catdog_dataset1_616/catdog_dataset1_616.jpg,catdog_dataset1_616.jpg,catdog_dataset1,dog_296_jpg.rf.3efc8f8c96a77465dd1b8508bb02e4ea.jpg,7a777a944fe6ab0ac1e1b92dfd56f1ae
Data/catdog_dataset1/catdog_dataset1_617/catdog_dataset1_617.jpg,catdog_dataset1_617.jpg,catdog_dataset1,dog_301_jpg.rf.f57e3cb674ed9efdc39be20c9617767c.jpg,102d708f025b7cdb437f690ce8845355
Data/catdog_dataset1/catdog_dataset1_618/catdog_dataset1_618.jpg,catdog_dataset1_618.jpg,catdog_dataset1,dog_323_jpg.rf.a8f83bc8e5daeb185503696858e291d1.jpg,8cab58ab4ef7b8162213bb92d56bf592
Data/catdog_dataset1/catdog_dataset1_619/catdog_dataset1_619.jpg,catdog_dataset1_619.jpg,catdog_dataset1,dog_325_jpg.rf.2ea585fe42e177da56b70ca80ee20308.jpg,9d9485f10140283fe250751d19df7769
Data/catdog_dataset1/catdog_dataset1_62/catdog_dataset1_62.jpg,catdog_dataset1_62.jpg,catdog_dataset1,dog_85_jpg.rf.19fa180a9bed847366b79fe5d02682ba.jpg,db3120b815b3a1e30041be334f0212c1
Data/catdog_dataset1/catdog_dataset1_620/catdog_dataset1_620.jpg,catdog_dataset1_620.jpg,catdog_dataset1,dog_337_jpg.rf.a9e1781092ce118059c1d52f49df81a6.jpg,aad979de172eb8c2e0c319484b26e82e
Data/catdog_dataset1/catdog_dataset1_621/catdog_dataset1_621.jpg,catdog_dataset1_621.jpg,catdog_dataset1,dog_343_jpg.rf.0255855cbe51f914a97c8ee7789b4960.jpg,da6ba8138977768700c648ca55bf443a
Data/catdog_dataset1/catdog_dataset1_622/catdog_dataset1_622.jpg,catdog_dataset1_622.jpg,catdog_dataset1,dog_349_jpg.rf.4fc67f768bf23943a6832e572a68f549.jpg,062e80b6d04cc71e57bc8b3ac433f14b
Data/catdog_dataset1/catdog_dataset1_623/catdog_dataset1_623.jpg,catdog_dataset1_623.jpg,catdog_dataset1,dog_355_jpg.rf.dd6f5a074942499105279c50580b68fe.jpg,c44f969fa57564b5476440c99df503ff
Data/catdog_dataset1/catdog_dataset1_624/catdog_dataset1_624.jpg,catdog_dataset1_624.jpg,catdog_dataset1,dog_358_jpg.rf.7761f1e63244b5dfe69c52bbbb559a87.jpg,b36d93bb979649c167ea64110104e7f5
Data/catdog_dataset1/catdog_dataset1_625/catdog_dataset1_625.jpg,catdog_dataset1_625.jpg,catdog_dataset1,dog_360_jpg.rf.dcfecbbbf760230f7f2e71a7c0735b49.jpg,020f3a053a0c6e3c5a245619393ddd94
Data/catdog_dataset1/catdog_dataset1_626/catdog_dataset1_626.jpg,catdog_dataset1_626.jpg,catdog_dataset1,dog_363_jpg.rf.a7c6ab1d968b30bd87dc3608df7cec80.jpg,2cfd01bba84f8a4df04b3602b9791dab
Data/catdog_dataset1/catdog_dataset1_627/catdog_dataset1_627.jpg,catdog_dataset1_627.jpg,catdog_dataset1,dog_402_jpg.rf.937dabb9fd44b6ff53d12438f256448f.jpg,9456e216b05d1fa6d8085c6b057125e5
Data/catdog_dataset1/catdog_dataset1_628/catdog_dataset1_628.jpg,catdog_dataset1_628.jpg,catdog_dataset1,dog_409_jpg.rf.3ecfccfd09b098a8abc67b72e665018c.jpg,1e57f718296ffdc6f60dd764c8b21a2b
Data/catdog_dataset1/catdog_dataset1_629/catdog_dataset1_629.jpg,catdog_dataset1_629.jpg,catdog_dataset1,dog_415_jpg.rf.bcc2737b9efc069940a2b108afc9fb20.jpg,bd93c43853e7f2ffe0dfb7b983f5701a
Data/catdog_dataset1/catdog_dataset1_63/catdog_dataset1_63.jpg,catdog_dataset1_63.jpg,catdog_dataset1,dog_86_jpg.rf.a5ee685bb61e1aee232e9e4a80f2e8bd.jpg,d8a1887cd31c348e8c1ef22507125108
Data/catdog_dataset1/catdog_dataset1_630/catdog_dataset1_630.jpg,catdog_dataset1_630.jpg,catdog_dataset1,dog_418_jpg.rf.534e3d7ca1dc1d58f21d32b4eeb6760f.jpg,26801258d06c052875ec6055e4a9368e
Data/catdog_dataset1/catdog_dataset1_631/catdog_dataset1_631.jpg,catdog_dataset1_631.jpg,catdog_dataset1,dog_419_jpg.rf.2e889e5b9d74c6dfdea50767474463fa.jpg,05c6a9c62f226096f4c7fbfd2d899120
Data/catdog_dataset1/catdog_dataset1_632/catdog_dataset1_632.jpg,catdog_dataset1_632.jpg,catdog_dataset1,dog_433_jpg.rf.bed81005bd5d38a5b7ecfa79332b72df.jpg,6f1e35d92c2907a3316a60ee0fc9b9df
Data/catdog_dataset1/catdog_dataset1_633/catdog_dataset1_633.jpg,catdog_dataset1_633.jpg,catdog_dataset1,dog_435_jpg.rf.a02d13a5537d6221c2b207be03136d85.jpg,cdd9041f63238348f521f0a55077a385
Data/catdog_dataset1/catdog_dataset1_634/catdog_dataset1_634.jpg,catdog_dataset1_634.jpg,catdog_dataset1,dog_447_jpg.rf.e16380179a0f7763110d1dc91295f47e.jpg,a4321a04ad0e8420b72af93da51739c6
Data/catdog_dataset1/catdog_dataset1_635/catdog_dataset1_635.jpg,catdog_dataset1_635.jpg,catdog_dataset1,dog_458_jpg.rf.53c5296f43a4525552379cb5c3383266.jpg,8a5387723719c1b9d4d68560c76b1d58
Data/catdog_dataset1/catdog_dataset1_636/catdog_dataset1_636.jpg,catdog_dataset1_636.jpg,catdog_dataset1,dog_473_jpg.rf.aec643780ab96fdca8a65984199abac9.jpg,d51cc558b0225803d82e221e1caa3093
Data/catdog_dataset1/catdog_dataset1_637/catdog_dataset1_637.jpg,catdog_dataset1_637.jpg,catdog_dataset1,dog_478_jpg.rf.d56f496252d9315931fe265608a0d424.jpg,4f88df9bc32db937f2a9d6fb292faeaa
Data/catdog_dataset1/catdog_dataset1_638/catdog_dataset1_638.jpg,catdog_dataset1_638.jpg,catdog_dataset1,dog_492_jpg.rf.5d4141a4884b92d1cbac15919c2f9de7.jpg,ad1b3e02eefe9485d020fbfa883b2aea
Data/catdog_dataset1/catdog_dataset1_639/catdog_dataset1_639.jpg,catdog_dataset1_639.jpg,catdog_dataset1,dog_494_jpg.rf.84c3abd05b5aa314594aa754de79211e.jpg,5c6c2f72bbb49d0b81a59a5a5858f5c7
Data/catdog_dataset1/catdog_dataset1_64/catdog_dataset1_64.jpg,catdog_dataset1_64.jpg,catdog_dataset1,dog_98_jpg.rf.17df3c5d43b61e763f284bafe63cb745.jpg,65a3049e34cb2656eeb8c358991da2ee
Data/catdog_dataset1/catdog_dataset1_640/catdog_dataset1_640.jpg,catdog_dataset1_640.jpg,catdog_dataset1,dog_543_jpg.rf.35d27582060c735e867aedfd8e862b67.jpg,64291edbbd8729eb3091a21ff22716e8
Data/catdog_dataset1/catdog_dataset1_641/catdog_dataset1_641.jpg,catdog_dataset1_641.jpg,catdog_dataset1,dog_546_jpg.rf.61807ac646979bd80f085ca1699492bf.jpg,2f6b6a2de6bd6c01de5d3e754ba51e0a
Data/catdog_dataset1/catdog_dataset1_642/catdog_dataset1_642.jpg,catdog_dataset1_642.jpg,catdog_dataset1,dog_582_jpg.rf.fcacfeb2f5869626cb577b9efa9f8a70.jpg,7d180d92ce2e0655004c75a93f647074
Data/catdog_dataset1/catdog_dataset1_643/catdog_dataset1_643.jpg,catdog_dataset1_643.jpg,catdog_dataset1,dog_583_jpg.rf.9cc6c2e59d6a92a4f5ccc733d54732f6.jpg,e10718772a91331def64e9fcb6fe7184
Data/catdog_dataset1/catdog_dataset1_644/catdog_dataset1_644.jpg,catdog_dataset1_644.jpg,catdog_dataset1,dog_69_jpg.rf.392a0ee53ce8b915ea496aa9b2981925.jpg,2f31ad5231566067f77d7d50e1e8dab8
Data/catdog_dataset1/catdog_dataset1_645/catdog_dataset1_645.jpg,catdog_dataset1_645.jpg,catdog_dataset1,dog_78_jpg.rf.de107ba644135234018e29e4bc2af750.jpg,d1d20cdce764142dad53bda90746e9b7
Data/catdog_dataset1/catdog_dataset1_646/catdog_dataset1_646.jpg,catdog_dataset1_646.jpg,catdog_dataset1,dog_7_jpg.rf.51f0ed76d6d572f1c90f61fbf76f7700.jpg,3d15652cbf98450fe04fd398054318e9
Data/catdog_dataset1/catdog_dataset1_647/catdog_dataset1_647.jpg,catdog_dataset1_647.jpg,catdog_dataset1,dog_80_jpg.rf.e396e7ec1758e10be92f125d22c6201f.jpg,7128e77e78069f0399c567545b62eec8
Data/catdog_dataset1/catdog_dataset1_648/catdog_dataset1_648.jpg,catdog_dataset1_648.jpg,catdog_dataset1,dog_84_jpg.rf.20e8e99a9e4560ca2b4ede0e1d7c065a.jpg,92deee6f134c680e5f04b3416eb081d7
Data/catdog_dataset1/catdog_dataset1_649/catdog_dataset1_649.jpg,catdog_dataset1_649.jpg,catdog_dataset1,dog_90_jpg.rf.b77d986488e97a24c9ffe953e3b07fbf.jpg,9f2dab77dc749ca6e138772ac16205b2
Data/catdog_dataset1/catdog_dataset1_65/catdog_dataset1_65.jpg,catdog_dataset1_65.jpg,catdog_dataset1,cat_100_jpg.rf.5d3d815d7e342412ea86f99576c0deec.jpg,f35d1de78a25c7fda8912b6b7eea2ec5
Data/catdog_dataset1/catdog_dataset1_66/catdog_dataset1_66.jpg,catdog_dataset1_66.jpg,catdog_dataset1,cat_101_jpg.rf.3345ee9ed8246b2a2deb19f8818e6204.jpg,3e84df541337fec1b96caa650a94b05f
Data/catdog_dataset1/catdog_dataset1_67/catdog_dataset1_67.jpg,catdog_dataset1_67.jpg,catdog_dataset1,cat_102_jpg.rf.6844d4ab00a563d3f8c0042078beef76.jpg,8b1155cfebfa9077143a084760bce06b
Data/catdog_dataset1/catdog_dataset1_68/catdog_dataset1_68.jpg,catdog_dataset1_68.jpg,catdog_dataset1,cat_103_jpg.rf.cc004bdfe8e7f101cb071e83bb953950.jpg,e018b97cba4f3a778e460f06338d4a2f
Data/catdog_dataset1/catdog_dataset1_69/catdog_dataset1_69.jpg,catdog_dataset1_69.jpg,catdog_dataset1,cat_104_jpg.rf.dd996f2565b1bdd5712a59a672098a53.jpg,df320ff10ba47820c03933b81eec57d1
Data/catdog_dataset1/catdog_dataset1_7/catdog_dataset1_7.jpg,catdog_dataset1_7.jpg,catdog_dataset1,cat_279_jpg.rf.750e82a33856027bb1050f11ba8a0963.jpg,e37ea562ee3ccc0158dedd8c8ee14743
Data/catdog_dataset1/catdog_dataset1_70/catdog_dataset1_70.jpg,catdog_dataset1_70.jpg,catdog_dataset1,cat_106_jpg.rf.21908d0e5416c5c032250806ebf3a44a.jpg,0df9d4b2e84fee1db954df8df6bbf2e4
Data/catdog_dataset1/catdog_dataset1_71/catdog_dataset1_71.jpg,catdog_dataset1_71.jpg,catdog_dataset1,cat_109_jpg.rf.0baeb69b2d5b5a42d28ede1e46f986a1.jpg,1b0c026486b0decad2e3c7d7b578d135
Data/catdog_dataset1/catdog_dataset1_72/catdog_dataset1_72.jpg,catdog_dataset1_72.jpg,catdog_dataset1,cat_10_jpg.rf.007a68be443de758569347e56a4966d1.jpg,4d8e4b7e282f9ed0a9b0a5cadf453ab7
Data/catdog_dataset1/catdog_dataset1_73/catdog_dataset1_73.jpg,catdog_dataset1_73.jpg,catdog_dataset1,cat_113_jpg.rf.b7412242a1b52a661ca418ed846751b6.jpg,db515b1a9e67fe195aa10ee6e5501026
Data/catdog_dataset1/catdog_dataset1_74/catdog_dataset1_74.jpg,catdog_dataset1_74.jpg,catdog_dataset1,cat_116_jpg.rf.8ecae10765efa44b033735525f97f6bb.jpg,87e46d80255b66e1369fa6c60ce25b81
Data/catdog_dataset1/catdog_dataset1_75/catdog_dataset1_75.jpg,catdog_dataset1_75.jpg,catdog_dataset1,cat_118_jpg.rf.fc65d090ecae49cc8df3c98b1c84bbbe.jpg,95d19ff1aced5c7bd9782ed54bd2c8a6
Data/catdog_dataset1/catdog_dataset1_76/catdog_dataset1_76.jpg,catdog_dataset1_76.jpg,catdog_dataset1,cat_119_jpg.rf.80c5bf818f70514a7b910762421a5c55.jpg,2ff71baebebdf331ba4c9f5e450677a2
Data/catdog_dataset1/catdog_dataset1_77/catdog_dataset1_77.jpg,catdog_dataset1_77.jpg,catdog_dataset1,cat_11_jpg.rf.60c453ba27930c446e51f53c1454791e.jpg,a78524c85361170d3961b0db6e73e927
Data/catdog_dataset1/catdog_dataset1_78/catdog_dataset1_78.jpg,catdog_dataset1_78.jpg,catdog_dataset1,cat_120_jpg.rf.8b97fd248868051ff019b3e5c36d4416.jpg,f050a72e2f1caa842c3383b04e17eac0
Data/catdog_dataset1/catdog_dataset1_79/catdog_dataset1_79.jpg,catdog_dataset1_79.jpg,catdog_dataset1,cat_123_jpg.rf.066326f7b92c52f84b9ca305b34af07a.jpg,1d4a76bb05d57d58e0a65870b84101e9
Data/catdog_dataset1/catdog_dataset1_8/catdog_dataset1_8.jpg,catdog_dataset1_8.jpg,catdog_dataset1,cat_289_jpg.rf.fb66d724b49e54f7e020003b87cddf8e.jpg,b3edaf9a6e92372cb019cc25dc13be05
Data/catdog_dataset1/catdog_dataset1_80/catdog_dataset1_80.jpg,catdog_dataset1_80.jpg,catdog_dataset1,cat_124_jpg.rf.d825d9f017a8427c879b9b41d95d7809.jpg,8f06f96c84a6c2a083bc7d31ebbe34f5
Data/catdog_dataset1/catdog_dataset1_81/catdog_dataset1_81.jpg,catdog_dataset1_81.jpg,catdog_dataset1,cat_129_jpg.rf.d2af0727cef2b8975047714c4d970aa3.jpg,91c7329edfa91450241e184f24477d95
Data/catdog_dataset1/catdog_dataset1_82/catdog_dataset1_82.jpg,catdog_dataset1_82.jpg,catdog_dataset1,cat_132_jpg.rf.ba01fdbbcebe7e654f80572f0e0a2c6c.jpg,febde5295d60bb026416969a27c471f2
Data/catdog_dataset1/catdog_dataset1_83/catdog_dataset1_83.jpg,catdog_dataset1_83.jpg,catdog_dataset1,cat_133_jpg.rf.6da934ea472f880e0e43d4cd010bf05c.jpg,ff9a041af3721c53e61f5489bbc7e0a1
Data/catdog_dataset1/catdog_dataset1_84/catdog_dataset1_84.jpg,catdog_dataset1_84.jpg,catdog_dataset1,cat_134_jpg.rf.54c3198ea675b38392f5b2d5496d85bf.jpg,3570fef646620bfb62e0c4ffccd78a17
Data/catdog_dataset1/catdog_dataset1_85/catdog_dataset1_85.jpg,catdog_dataset1_85.jpg,catdog_dataset1,cat_137_jpg.rf.dd59505b6a7dd4386eb2b8e6a3ff5dce.jpg,16255cee9555ec6a48cb5dfe520a677b
Data/catdog_dataset1/catdog_dataset1_86/catdog_dataset1_86.jpg,catdog_dataset1_86.jpg,catdog_dataset1,cat_138_jpg.rf.a44bdccadeef5218dae9a6bf6600770c.jpg,cb0b5efc942487dcd738dc5a85c061ae
Data/catdog_dataset1/catdog_dataset1_87/catdog_dataset1_87.jpg,catdog_dataset1_87.jpg,catdog_dataset1,cat_139_jpg.rf.d904c2cbc9878e69e92d0374b5d59f5c.jpg,a14ce16d2fb4b609b004b219ba3f26b0
Data/catdog_dataset1/catdog_dataset1_88/catdog_dataset1_88.jpg,catdog_dataset1_88.jpg,catdog_dataset1,cat_140_jpg.rf.5f7cb13a8449b2a6b07615f764a68cea.jpg,efb77bc7ef36abcad9dd4115909b0440
Data/catdog_dataset1/catdog_dataset1_89/catdog_dataset1_89.jpg,catdog_dataset1_89.jpg,catdog_dataset1,cat_141_jpg.rf.c017f40887c5d37b41f3e9566060f019.jpg,5814388c71bc1a9a6c3fdb83911fa86a
Data/catdog_dataset1/catdog_dataset1_9/catdog_dataset1_9.jpg,catdog_dataset1_9.jpg,catdog_dataset1,cat_293_jpg.rf.bebe7c2c37bbcae50b2cd189e17336c9.jpg,24da5681b10d38bb1bba5ff7c379768e
Data/catdog_dataset1/catdog_dataset1_90/catdog_dataset1_90.jpg,catdog_dataset1_90.jpg,catdog_dataset1,cat_146_jpg.rf.c18420efff13be3d6741fbc8eb28083b.jpg,5b45a3215a5dcc6323325fc5b85fd4cb
Data/catdog_dataset1/catdog_dataset1_91/catdog_dataset1_91.jpg,catdog_dataset1_91.jpg,catdog_dataset1,cat_147_jpg.rf.b3b5a25e6d0c6b0707add7fe95af3f22.jpg,b510073751f16e27ac30eca0e10c8759
Data/catdog_dataset1/catdog_dataset1_92/catdog_dataset1_92.jpg,catdog_dataset1_92.jpg,catdog_dataset1,cat_148_jpg.rf.cb81f67a6b52f60fa6202777ec48905a.jpg,593f105c4bd332685f3fed378daab626
Data/catdog_dataset1/catdog_dataset1_93/catdog_dataset1_93.jpg,catdog_dataset1_93.jpg,catdog_dataset1,cat_151_jpg.rf.c84a9435f21a5c618f7806785334942b.jpg,67535888dbf6c4355edc6ce6bd624ee0
Data/catdog_dataset1/catdog_dataset1_94/catdog_dataset1_94.jpg,catdog_dataset1_94.jpg,catdog_dataset1,cat_152_jpg.rf.9992c11ed659317b4552a3552cca5d5e.jpg,250b325fb26e9150793111b1ff1dae6d
Data/catdog_dataset1/catdog_dataset1_95/catdog_dataset1_95.jpg,catdog_dataset1_95.jpg,catdog_dataset1,cat_153_jpg.rf.97d0c55b5a978d6359475809fb6efeb9.jpg,b5a7a1ab177ba4d4acef4f97cab9f57a
Data/catdog_dataset1/catdog_dataset1_96/catdog_dataset1_96.jpg,catdog_dataset1_96.jpg,catdog_dataset1,cat_158_jpg.rf.22350c90611ec645545ee1e726d08dcb.jpg,e2b671d70ff50cc0d7f4c0aa43132ed3
Data/catdog_dataset1/catdog_dataset1_97/catdog_dataset1_97.jpg,catdog_dataset1_97.jpg,catdog_dataset1,cat_15_jpg.rf.04d7988adddb7d6741d138138b3dc778.jpg,fb84c65218fe80a4fb2a9cf321bd948d
Data/catdog_dataset1/catdog_dataset1_98/catdog_dataset1_98.jpg,catdog_dataset1_98.jpg,catdog_dataset1,cat_160_jpg.rf.fd1d0f86e393176cb104ccf4ec934619.jpg,e55e56fd569308b7225d7807c4772378
Data/catdog_dataset1/catdog_dataset1_99/catdog_dataset1_99.jpg,catdog_dataset1_99.jpg,catdog_dataset1,cat_164_jpg.rf.9baee1c3e3ece559943162293e3d40fe.jpg,f0cc37bdd127f7b5e619d9e607553bc8
Data/catdog_dataset2/catdog_dataset2_650/catdog_dataset2_650.jpg,catdog_dataset2_650.jpg,catdog_dataset2,cat-0_jpg.rf.df50d0ba821fbf8decb19113ef73f84f.jpg,70a30fa275ecaf362dbbd729433eb2e1
Data/catdog_dataset2/catdog_dataset2_651/catdog_dataset2_651.jpg,catdog_dataset2_651.jpg,catdog_dataset2,cat-14_jpg.rf.5ea18adfe71b9ab3db6c68c48042fd7f.jpg,21fc67c72ebbe3a732c4b0e527834962
Data/catdog_dataset2/catdog_dataset2_652/catdog_dataset2_652.jpg,catdog_dataset2_652.jpg,catdog_dataset2,cat-17_jpg.rf.040c813d8ef5bc4f898e5716d445f317.jpg,460a977a32c9d87506446fcd6fcc16ce
Data/catdog_dataset2/catdog_dataset2_653/catdog_dataset2_653.jpg,catdog_dataset2_653.jpg,catdog_dataset2,cat-20_jpg.rf.8c64a8fafd2710d097a26df5df36adee.jpg,06d777195b5d9e565baa05b22ff9c18d
Data/catdog_dataset2/catdog_dataset2_654/catdog_dataset2_654.jpg,catdog_dataset2_654.jpg,catdog_dataset2,cat-49_jpg.rf.6a643640bfdc63e3a9896b14fcf83bf9.jpg,5807edadd90a7a74cfcdedcf79e9cf02
Data/catdog_dataset2/catdog_dataset2_655/catdog_dataset2_655.jpg,catdog_dataset2_655.jpg,catdog_dataset2,cat-4_jpg.rf.59ee959e7c661f23c0e973194df3e846.jpg,1c2263289a65c1e821e03cce421fb3ff
Data/catdog_dataset2/catdog_dataset2_656/catdog_dataset2_656.jpg,catdog_dataset2_656.jpg,catdog_dataset2,cat-6_jpg.rf.ef24f25443de35b5145d7616dff63632.jpg,79a3e7939f1d077f2e718e45668f5646
Data/catdog_dataset2/catdog_dataset2_657/catdog_dataset2_657.jpg,catdog_dataset2_657.jpg,catdog_dataset2,cat-82_jpg.rf.7c724333ba673697c3e2927c0ccadf66.jpg,930d536ce44b685d0a21f6bebe76da60
Data/catdog_dataset2/catdog_dataset2_658/catdog_dataset2_658.jpg,catdog_dataset2_658.jpg,catdog_dataset2,cat-86_jpg.rf.9e3d5c4fd27ca87e0ba13f0b5c5928d1.jpg,d35cc8e390c4cf244621004ce6f71c34
Data/catdog_dataset2/catdog_dataset2_659/catdog_dataset2_659.jpg,catdog_dataset2_659.jpg,catdog_dataset2,cat-93_jpg.rf.8c9e732b0a8fe663d342eacffd28329f.jpg,d37900cbc8c972d9885d837e48cf13e7
Data/catdog_dataset2/catdog_dataset2_660/catdog_dataset2_660.jpg,catdog_dataset2_660.jpg,catdog_dataset2,dog-10_jpg.rf.b334ab8b1ee974e58c8e1252d08d1ccd.jpg,269ede957e3ebf3d8cd1301591054b00
Data/catdog_dataset2/catdog_dataset2_661/catdog_dataset2_661.jpg,catdog_dataset2_661.jpg,catdog_dataset2,dog-24_jpg.rf.89fa3715b07628c777319c7f05a81275.jpg,9934252e1831b62744f5f42e4ba548fe
Data/catdog_dataset2/catdog_dataset2_662/catdog_dataset2_662.jpg,catdog_dataset2_662.jpg,catdog_dataset2,dog-35_jpg.rf.a66db4f02d8046c20894cbacef25e4c1.jpg,309edf62bb884d824e889900dbec29d0
Data/catdog_dataset2/catdog_dataset2_663/catdog_dataset2_663.jpg,catdog_dataset2_663.jpg,catdog_dataset2,dog-46_jpg.rf.8599625a37a77afe32a10e851c5197c8.jpg,47ef039eb2b7c70db9afbf2e30377021
Data/catdog_dataset2/catdog_dataset2_664/catdog_dataset2_664.jpg,catdog_dataset2_664.jpg,catdog_dataset2,dog-65_jpg.rf.429fdd1ffba2e97f9491441fb740a1fa.jpg,e4016b4c0ecee997a4ef782a84051540
Data/catdog_dataset2/catdog_dataset2_665/catdog_dataset2_665.jpg,catdog_dataset2_665.jpg,catdog_dataset2,dog-67_jpg.rf.b5e0387c76ea9de213a08dacda6625ed.jpg,38f5b728eaf08870fc3c618dc9c6fe64
Data/catdog_dataset2/catdog_dataset2_666/catdog_dataset2_666.jpg,catdog_dataset2_666.jpg,catdog_dataset2,dog-72_jpg.rf.e6df2c4fe153287d019d4cc781c5b78f.jpg,82d62e926b06cf0d6ef45332ceb0a168
Data/catdog_dataset2/catdog_dataset2_667/catdog_dataset2_667.jpg,catdog_dataset2_667.jpg,catdog_dataset2,dog-75_jpg.rf.cb8b98851f3049dacedfbf192b36bc86.jpg,a2c6e693f9db9b4f6c5fb40d987fe423
Data/catdog_dataset2/catdog_dataset2_668/catdog_dataset2_668.jpg,catdog_dataset2_668.jpg,catdog_dataset2,dog-76_jpg.rf.36e9307ee45b41eeed490477c9079d6b.jpg,ef043ab0c7be2df08c9961c37c476058
Data/catdog_dataset2/catdog_dataset2_669/catdog_dataset2_669.jpg,catdog_dataset2_669.jpg,catdog_dataset2,dog-87_jpg.rf.b4fd5569688170b6669884b711690ccc.jpg,fc4f0910c20be266a18e53a1481f8577
Data/catdog_dataset2/catdog_dataset2_670/catdog_dataset2_670.jpg,catdog_dataset2_670.jpg,catdog_dataset2,cat-10_jpg.rf.87821bc6707768d7e7be398209c3e31c.jpg,419868c4df4791e9dd95f08a8f6911c0
Data/catdog_dataset2/catdog_dataset2_671/catdog_dataset2_671.jpg,catdog_dataset2_671.jpg,catdog_dataset2,cat-10_jpg.rf.899b23904c879b0d48026b9aab37a61e.jpg,68e4b06df0c65dc92e9b5145d2b9a291
Data/catdog_dataset2/catdog_dataset2_672/catdog_dataset2_672.jpg,catdog_dataset2_672.jpg,catdog_dataset2,cat-10_jpg.rf.d906d7a47666ad6183f9930ac81d8944.jpg,6190f3a5df2744c941512adc05d49971
Data/catdog_dataset2/catdog_dataset2_673/catdog_dataset2_673.jpg,catdog_dataset2_673.jpg,catdog_dataset2,cat-11_jpg.rf.5470c7365747250dfaeda1b90a3eb2ab.jpg,6d32b43f41fd7cc75edfa266b1d9f0d3
Data/catdog_dataset2/catdog_dataset2_674/catdog_dataset2_674.jpg,catdog_dataset2_674.jpg,catdog_dataset2,cat-11_jpg.rf.f727465926c66a86882b0fcd37d55610.jpg,51241bbaccb77b7982918fd81cd25847
Data/catdog_dataset2/catdog_dataset2_675/catdog_dataset2_675.jpg,catdog_dataset2_675.jpg,catdog_dataset2,cat-11_jpg.rf.fecd299fbfd24ed45e5d71d3e1006f53.jpg,aa1dcda1dac8e19e6669c7e0f68b136d
Data/catdog_dataset2/catdog_dataset2_676/catdog_dataset2_676.jpg,catdog_dataset2_676.jpg,catdog_dataset2,cat-12_jpg.rf.24ebe7f24e2ec38641237c4e9b63b761.jpg,959c98b1ba518fd85e8b4a759701e3c8
Data/catdog_dataset2/catdog_dataset2_677/catdog_dataset2_677.jpg,catdog_dataset2_677.jpg,catdog_dataset2,cat-12_jpg.rf.2dafa7d3d751cce5f6921e67bdff5df1.jpg,10fe5a8214e46fb1ac1ef8510998d3da
Data/catdog_dataset2/catdog_dataset2_678/catdog_dataset2_678.jpg,catdog_dataset2_678.jpg,catdog_dataset2,cat-12_jpg.rf.d150fabedc93764b5eabc09a4a619993.jpg,f70cb4d530ecb6b1e8a72487d24c0d4d
Data/catdog_dataset2/catdog_dataset2_679/catdog_dataset2_679.jpg,catdog_dataset2_679.jpg,catdog_dataset2,cat-15_jpg.rf.6f9924dfb44ab9ce6aa0808184a430d5.jpg,7b3b963bbf72c6c27620eedfe7ecd600
Data/catdog_dataset2/catdog_dataset2_680/catdog_dataset2_680.jpg,catdog_dataset2_680.jpg,catdog_dataset2,cat-15_jpg.rf.ae23d38bf7c8ea07c049fca0f03d75b9.jpg,026c81fad5ec11527a0b911aacb037fc
Data/catdog_dataset2/catdog_dataset2_681/catdog_dataset2_681.jpg,catdog_dataset2_681.jpg,catdog_dataset2,cat-15_jpg.rf.e89c36cef1ce7e7db3cc12b0f1794041.jpg,a7d7ea5f785b9fdcf11209a06f89385c
Data/catdog_dataset2/catdog_dataset2_682/catdog_dataset2_682.jpg,catdog_dataset2_682.jpg,catdog_dataset2,cat-16_jpg.rf.20582a5c33e2545baf94391b8933ad47.jpg,393412f11c56c35c781a7a4d9063abd4
Data/catdog_dataset2/catdog_dataset2_683/catdog_dataset2_683.jpg,catdog_dataset2_683.jpg,catdog_dataset2,cat-16_jpg.rf.95666df5ecf6ee3a5da9cc816c11ea23.jpg,99035e220063044af1b70f36a5e379e2
Data/catdog_dataset2/catdog_dataset2_684/catdog_dataset2_684.jpg,catdog_dataset2_684.jpg,catdog_dataset2,cat-16_jpg.rf.c5a0d2b7605d37f9f933c2e10c3be56c.jpg,e01e08744e903ae99664882886665ae3
Data/catdog_dataset2/catdog_dataset2_685/catdog_dataset2_685.jpg,catdog_dataset2_685.jpg,catdog_dataset2,cat-18_jpg.rf.0c1152cb4d33735d07da26f73ce7c4cd.jpg,bdc2d2ea120b2340ce1ee50f52ba0786
Data/catdog_dataset2/catdog_dataset2_686/catdog_dataset2_686.jpg,catdog_dataset2_686.jpg,catdog_dataset2,cat-18_jpg.rf.33b21adc4f88e6bbe800881edc5dabcd.jpg,f387be2e464d3574c0a0f092799b6884
Data/catdog_dataset2/catdog_dataset2_687/catdog_dataset2_687.jpg,catdog_dataset2_687.jpg,catdog_dataset2,cat-18_jpg.rf.3b7ce49cf0c4bc7f34a6a03b6431b0f0.jpg,606bb3886e07e22dce45e984c91df561
Data/catdog_dataset2/catdog_dataset2_688/catdog_dataset2_688.jpg,catdog_dataset2_688.jpg,catdog_dataset2,cat-1_jpg.rf.1298ce0484bf7a95134df153f934e1c6.jpg,36de43c44ca8d1d14baa645ce357951d
Data/catdog_dataset2/catdog_dataset2_689/catdog_dataset2_689.jpg,catdog_dataset2_689.jpg,catdog_dataset2,cat-1_jpg.rf.5fac7d5985d7653e8b6ef09906637ef9.jpg,ea17b723b42615c5919c58d84c46eb6f
Data/catdog_dataset2/catdog_dataset2_690/catdog_dataset2_690.jpg,catdog_dataset2_690.jpg,catdog_dataset2,cat-1_jpg.rf.c954810b98b0df91e39b4ae91bba0430.jpg,39c6510abaeac0bc4c162e3d2fef9867
Data/catdog_dataset2/catdog_dataset2_691/catdog_dataset2_691.jpg,catdog_dataset2_691.jpg,catdog_dataset2,cat-23_jpg.rf.1c6b8cc643db255349dc50d6c640ab76.jpg,730fc6fc0aa45525c672056dab1733a8
Data/catdog_dataset2/catdog_dataset2_692/catdog_dataset2_692.jpg,catdog_dataset2_692.jpg,catdog_dataset2,cat-23_jpg.rf.e95ece4d42ec139a0f5358805c8f61d0.jpg,51cd0059769ede5ec4193950e9b3772a
Data/catdog_dataset2/catdog_dataset2_693/catdog_dataset2_693.jpg,catdog_dataset2_693.jpg,catdog_dataset2,cat-23_jpg.rf.feccab508988272d350d8a991c27723d.jpg,52579d04f1d7fdb629e7e483a3a71d58
Data/catdog_dataset2/catdog_dataset2_694/catdog_dataset2_694.jpg,catdog_dataset2_694.jpg,catdog_dataset2,cat-24_jpg.rf.91f38acd517cc70c06d8f3a2386dc963.jpg,39c8b2d4a608a52fa0d2f9b2492cbbc1
Data/catdog_dataset2/catdog_dataset2_695/catdog_dataset2_695.jpg,catdog_dataset2_695.jpg,catdog_dataset2,cat-24_jpg.rf.92c3e40ccc58db840219c68b381a0165.jpg,3a10edf8fc0fa1777595107d8f322582
Data/catdog_dataset2/catdog_dataset2_696/catdog_dataset2_696.jpg,catdog_dataset2_696.jpg,catdog_dataset2,cat-24_jpg.rf.ad9ac8e180100ca5ba7750a57ea9700a.jpg,cbd7c0b6bf538bf5c5362733cb05798d
Data/catdog_dataset2/catdog_dataset2_697/catdog_dataset2_697.jpg,catdog_dataset2_697.jpg,catdog_dataset2,cat-25_jpg.rf.32f377c091ddf838d39bed96319a08e5.jpg,bc20163d3453349f7b848f29bb74b642
Data/catdog_dataset2/catdog_dataset2_698/catdog_dataset2_698.jpg,catdog_dataset2_698.jpg,catdog_dataset2,cat-25_jpg.rf.970530a27fb7cb1996c7029df3b70cd4.jpg,6fb01618c5c220f301ce53e724a4c522
Data/catdog_dataset2/catdog_dataset2_699/catdog_dataset2_699.jpg,catdog_dataset2_699.jpg,catdog_dataset2,cat-25_jpg.rf.b1807ed19a5768703f1a99419cc36a5f.jpg,7899d925941a5eed2d7b316908b00345
Data/catdog_dataset2/catdog_dataset2_700/catdog_dataset2_700.jpg,catdog_dataset2_700.jpg,catdog_dataset2,cat-26_jpg.rf.4e72155d021f7045a999096650ea5fe3.jpg,1ab1703ed7e5fbcdbdb39e094cd25f2b
Data/catdog_dataset2/catdog_dataset2_701/catdog_dataset2_701.jpg,catdog_dataset2_701.jpg,catdog_dataset2,cat-26_jpg.rf.9af55834b5a8370207e8c447405fd89b.jpg,e4246c7fdd927b7c54fa98eeae30bd60
Data/catdog_dataset2/catdog_dataset2_702/catdog_dataset2_702.jpg,catdog_dataset2_702.jpg,catdog_dataset2,cat-26_jpg.rf.a7246ab8bdf520be3e5be0492983353d.jpg,56d027e85124bb0747104d322a4bab6a
Data/catdog_dataset2/catdog_dataset2_703/catdog_dataset2_703.jpg,catdog_dataset2_703.jpg,catdog_dataset2,cat-27_jpg.rf.4bcd0298d39f5ebd0f5e5817e53e5a23.jpg,55e179d259408d2652a963eff0840172
Data/catdog_dataset2/catdog_dataset2_704/catdog_dataset2_704.jpg,catdog_dataset2_704.jpg,catdog_dataset2,cat-27_jpg.rf.55dab123ba1e9a2844655a0c6cad494c.jpg,0bb7c19fe6de2c61c2db74178159104d
Data/catdog_dataset2/catdog_dataset2_705/catdog_dataset2_705.jpg,catdog_dataset2_705.jpg,catdog_dataset2,cat-27_jpg.rf.8753b8079d80d25941cdde45a81096a3.jpg,7bfd00f0cf9cae90541667876c61fb7e
Data/catdog_dataset2/catdog_dataset2_706/catdog_dataset2_706.jpg,catdog_dataset2_706.jpg,catdog_dataset2,cat-28_jpg.rf.0aa65d8d071f68e2b49064d3852afe51.jpg,0f4676c08bb87fd025e1d9a80a16ed43
Data/catdog_dataset2/catdog_dataset2_707/catdog_dataset2_707.jpg,catdog_dataset2_707.jpg,catdog_dataset2,cat-28_jpg.rf.641e4faafb6482b77298c9417e2b25c7.jpg,53e9bd040add04e28042b85d89d95dbf
Data/catdog_dataset2/catdog_dataset2_708/catdog_dataset2_708.jpg,catdog_dataset2_708.jpg,catdog_dataset2,cat-28_jpg.rf.f5212dcc1395eaf50e212c5244dd8047.jpg,4bf7f0937196c005c349c4b10ca41699
Data/catdog_dataset2/catdog_dataset2_709/catdog_dataset2_709.jpg,catdog_dataset2_709.jpg,catdog_dataset2,cat-29_jpg.rf.3dbc589455a9f715db528c53661d452a.jpg,dab20d3a66e42f1e8e34fcfa0d10d10b
Data/catdog_dataset2/catdog_dataset2_710/catdog_dataset2_710.jpg,catdog_dataset2_710.jpg,catdog_dataset2,cat-29_jpg.rf.b50e358675d5e0b65b0e6cf3cd63e3b5.jpg,ee0101d3791ee37f2c8c30cac163ee65
Data/catdog_dataset2/catdog_dataset2_711/catdog_dataset2_711.jpg,catdog_dataset2_711.jpg,catdog_dataset2,cat-29_jpg.rf.ee51825ebfdb17db4f7a301cb8c70d60.jpg,1398da79fcd284dc61b88a3e822ad8ae
Data/catdog_dataset2/catdog_dataset2_712/catdog_dataset2_712.jpg,catdog_dataset2_712.jpg,catdog_dataset2,cat-2_jpg.rf.0b1c9690ccb1aa78bf1462b24f56c2a5.jpg,df25648dbaeec3457fd6acefa0ef5f45
Data/catdog_dataset2/catdog_dataset2_713/catdog_dataset2_713.jpg,catdog_dataset2_713.jpg,catdog_dataset2,cat-2_jpg.rf.21543d25e45132ad40e91b7d9eee9164.jpg,93895161a8940d6aa08b0f36efca8929
Data/catdog_dataset2/catdog_dataset2_714/catdog_dataset2_714.jpg,catdog_dataset2_714.jpg,catdog_dataset2,cat-2_jpg.rf.6f548d5669a15935ac2491cde7f580a7.jpg,e160f2d30c766d61922d6039c1e24cf2
Data/catdog_dataset2/catdog_dataset2_715/catdog_dataset2_715.jpg,catdog_dataset2_715.jpg,catdog_dataset2,cat-30_jpg.rf.187c79ec1f34f17990492b845fcdf7c5.jpg,50589edaa61990fc8e87a459621c09e5
Data/catdog_dataset2/catdog_dataset2_716/catdog_dataset2_716.jpg,catdog_dataset2_716.jpg,catdog_dataset2,cat-30_jpg.rf.3f5878bfaef1b5829c9a0bf7c32ecbff.jpg,45cfff1ba9eda5f3ca20256b17740f57
Data/catdog_dataset2/catdog_dataset2_717/catdog_dataset2_717.jpg,catdog_dataset2_717.jpg,catdog_dataset2,cat-30_jpg.rf.9662524b6b7e3fd65dc324d0912a22ab.jpg,be72d49a3b63cc0b40aea6444ce539ef
Data/catdog_dataset2/catdog_dataset2_718/catdog_dataset2_718.jpg,catdog_dataset2_718.jpg,catdog_dataset2,cat-31_jpg.rf.04bbbe3d9c615208e9167f7d354a8457.jpg,c6dc5dfc3f919caeccc42eafce8c8063
Data/catdog_dataset2/catdog_dataset2_719/catdog_dataset2_719.jpg,catdog_dataset2_719.jpg,catdog_dataset2,cat-31_jpg.rf.3575d4c926fa12655a09bb0578f40969.jpg,398dd5d9eab26e51901c2cd56ad18bad
Data/catdog_dataset2/catdog_dataset2_720/catdog_dataset2_720.jpg,catdog_dataset2_720.jpg,catdog_dataset2,cat-31_jpg.rf.d872b53126c9317a9c6ad5ba3a1a0f11.jpg,c411aff289c2279194abd54799dedc85
Data/catdog_dataset2/catdog_dataset2_721/catdog_dataset2_721.jpg,catdog_dataset2_721.jpg,catdog_dataset2,cat-33_jpg.rf.313da76a4eeff24918b7b0c3c8a6db8c.jpg,a053ba1131e32fb80763258f0c416d6b
Data/catdog_dataset2/catdog_dataset2_722/catdog_dataset2_722.jpg,catdog_dataset2_722.jpg,catdog_dataset2,cat-33_jpg.rf.ec93aa7a8eb11238a983150f958acae5.jpg,527e8de5efe7251f3ae42c8ddcd94c74
Data/catdog_dataset2/catdog_dataset2_723/catdog_dataset2_723.jpg,catdog_dataset2_723.jpg,catdog_dataset2,cat-33_jpg.rf.fabc1a26544ce7f070e7722f40fadff5.jpg,428df4bd6ec59cb36a9919c10bd5591e
Data/catdog_dataset2/catdog_dataset2_724/catdog_dataset2_724.jpg,catdog_dataset2_724.jpg,catdog_dataset2,cat-34_jpg.rf.0ca27e16897c836f38a8a49a7f9a330d.jpg,a310ff6cb83f80117e3212aef01cee60
Data/catdog_dataset2/catdog_dataset2_725/catdog_dataset2_725.jpg,catdog_dataset2_725.jpg,catdog_dataset2,cat-34_jpg.rf.c2f803a8382d1dbf5ea173e17fdc8514.jpg,d9537640f56251a2e539888834632b9f
Data/catdog_dataset2/catdog_dataset2_726/catdog_dataset2_726.jpg,catdog_dataset2_726.jpg,catdog_dataset2,cat-34_jpg.rf.d87a6cc86a4270de328b19fd56b899ee.jpg,7a570a9017307e63d99dd841a566fea1
Data/catdog_dataset2/catdog_dataset2_727/catdog_dataset2_727.jpg,catdog_dataset2_727.jpg,catdog_dataset2,cat-35_jpg.rf.056bdcbddeb9fe6900e3cc85a6a8cca5.jpg,04a3d38a1807be406899622a2e34ce6a
Data/catdog_dataset2/catdog_dataset2_728/catdog_dataset2_728.jpg,catdog_dataset2_728.jpg,catdog_dataset2,cat-35_jpg.rf.1a11d23ba6c3d4610510111c20bba938.jpg,54c78a9bc0ba9ae3c2706e7e8d9b2f84
Data/catdog_dataset2/catdog_dataset2_729/catdog_dataset2_729.jpg,catdog_dataset2_729.jpg,catdog_dataset2,cat-35_jpg.rf.9dda1a845b0d3a0bbcc65a7681ccdebb.jpg,27c86bda3b5afdbee29647eeedee5dc9
Data/catdog_dataset2/catdog_dataset2_730/catdog_dataset2_730.jpg,catdog_dataset2_730.jpg,catdog_dataset2,cat-38_jpg.rf.22cc590861e8dd54264c333fa7adeba0.jpg,0529e67cfaf1c8542b4b92a44c389260
Data/catdog_dataset2/catdog_dataset2_731/catdog_dataset2_731.jpg,catdog_dataset2_731.jpg,catdog_dataset2,cat-38_jpg.rf.8cfab039253457d16cbc82a8d6b5cbe9.jpg,13a836e4cb142d317aa0df64aa57b6b3
Data/catdog_dataset2/catdog_dataset2_732/catdog_dataset2_732.jpg,catdog_dataset2_732.jpg,catdog_dataset2,cat-38_jpg.rf.9461c6ca53cd5f72002a7044d74544b3.jpg,3653da74709c21c9f4052001d51a6b58
Data/catdog_dataset2/catdog_dataset2_733/catdog_dataset2_733.jpg,catdog_dataset2_733.jpg,catdog_dataset2,cat-39_jpg.rf.106fff5c6f3a4dabcde2a343388da546.jpg,83b50c13fce32fbea3fea5657a0f9a38
Data/catdog_dataset2/catdog_dataset2_734/catdog_dataset2_734.jpg,catdog_dataset2_734.jpg,catdog_dataset2,cat-39_jpg.rf.44b7175e490712bdc2b0c62ef7f59d71.jpg,f9eb733aaf3362301bd6a4dcc41ed259
Data/catdog_dataset2/catdog_dataset2_735/catdog_dataset2_735.jpg,catdog_dataset2_735.jpg,catdog_dataset2,cat-39_jpg.rf.6d1af8c4b0bd99a14bc8ab091b8629dd.jpg,4813aae965f2e7f071c05092f70b791f
Data/catdog_dataset2/catdog_dataset2_736/catdog_dataset2_736.jpg,catdog_dataset2_736.jpg,catdog_dataset2,cat-3_jpg.rf.14090257a22ffb4cc930f752f29c7062.jpg,2918832dcbbbcdc3ca7cf659ecb3c60a
Data/catdog_dataset2/catdog_dataset2_737/catdog_dataset2_737.jpg,catdog_dataset2_737.jpg,catdog_dataset2,cat-3_jpg.rf.9bc8d74c679e154ff970bc6988c16d34.jpg,3315d5036d6c2046a061d42e4ebb8e82
Data/catdog_dataset2/catdog_dataset2_738/catdog_dataset2_738.jpg,catdog_dataset2_738.jpg,catdog_dataset2,cat-3_jpg.rf.a9ff8fe5756edca61b67a64d5a6bee3f.jpg,a7cbf30363c127e13d1950d5c3f0f257
Data/catdog_dataset2/catdog_dataset2_739/catdog_dataset2_739.jpg,catdog_dataset2_739.jpg,catdog_dataset2,cat-40_jpg.rf.22b6a3a8089b16bd12fd0067f4a6268b.jpg,322d491625a4cc6810a57bb0c97a2775
Data/catdog_dataset2/catdog_dataset2_740/catdog_dataset2_740.jpg,catdog_dataset2_740.jpg,catdog_dataset2,cat-40_jpg.rf.257f3faaac8ce32564fa54f08047618e.jpg,823babb39e9639e3346ff8b1087905c8
Data/catdog_dataset2/catdog_dataset2_741/catdog_dataset2_741.jpg,catdog_dataset2_741.jpg,catdog_dataset2,cat-40_jpg.rf.be96c520500baa962fa4c3d545a56a89.jpg,7d03f5ae3338d0d9bcdb4cc11be9bd2b
Data/catdog_dataset2/catdog_dataset2_742/catdog_dataset2_742.jpg,catdog_dataset2_742.jpg,catdog_dataset2,cat-41_jpg.rf.2d4b5b72a93c795e17cf7ad72b070a99.jpg,7c15bad8a0c8a85b29fec3acf77cfab5
Data/catdog_dataset2/catdog_dataset2_743/catdog_dataset2_743.jpg,catdog_dataset2_743.jpg,catdog_dataset2,cat-41_jpg.rf.5bf3959a50ff38e425e873ed82a19446.jpg,31fd102302ad0858472d2542a71548ba
Data/catdog_dataset2/catdog_dataset2_744/catdog_dataset2_744.jpg,catdog_dataset2_744.jpg,catdog_dataset2,cat-41_jpg.rf.65b1b88379bdd34553dc3daff39dc7dc.jpg,50f181f478d3c1a55f6070f6198c5c4d
Data/catdog_dataset2/catdog_dataset2_745/catdog_dataset2_745.jpg,catdog_dataset2_745.jpg,catdog_dataset2,cat-42_jpg.rf.061b0fb2109f671c982e157c93d2cdee.jpg,e7117ab49b20d2e9d1a48e7ab749f148
Data/catdog_dataset2/catdog_dataset2_746/catdog_dataset2_746.jpg,catdog_dataset2_746.jpg,catdog_dataset2,cat-42_jpg.rf.2dfa3b2bfa1af737d98ef4e2a7c7e781.jpg,e2df6e77f978de9c5174b41ea4365525
Data/catdog_dataset2/catdog_dataset2_747/catdog_dataset2_747.jpg,catdog_dataset2_747.jpg,catdog_dataset2,cat-42_jpg.rf.cf3ee5ee96ceaec1adef00d20dd30e2a.jpg,3cd3d64209587dc95b5c423ccc5e5370
Data/catdog_dataset2/catdog_dataset2_748/catdog_dataset2_748.jpg,catdog_dataset2_748.jpg,catdog_dataset2,cat-44_jpg.rf.bdc9f7381c97aa34760f1ea9a66b5445.jpg,fabe7bdc17d2c0900936874f25e680aa
Data/catdog_dataset2/catdog_dataset2_749/catdog_dataset2_749.jpg,catdog_dataset2_749.jpg,catdog_dataset2,cat-44_jpg.rf.defc7d4839b186c1d03dadab1dadec1b.jpg,8c6c288147c7235f2b6fad4c1f6b710a
Data/catdog_dataset2/catdog_dataset2_750/catdog_dataset2_750.jpg,catdog_dataset2_750.jpg,catdog_dataset2,cat-44_jpg.rf.f4b12c6d70808448ae3a6e2b11e913bd.jpg,6300c9559fb6e5719cacf37e46ccc65e
Data/catdog_dataset2/catdog_dataset2_751/catdog_dataset2_751.jpg,catdog_dataset2_751.jpg,catdog_dataset2,cat-45_jpg.rf.73f8092702d1508e630c58bb2e8a21af.jpg,af4e7f22711141481312982edc7b2d2b
Data/catdog_dataset2/catdog_dataset2_752/catdog_dataset2_752.jpg,catdog_dataset2_752.jpg,catdog_dataset2,cat-45_jpg.rf.924cd4f7330bbbe640d0867aaa958c36.jpg,4201eba4fad7b234e381689612228f4f
Data/catdog_dataset2/catdog_dataset2_753/catdog_dataset2_753.jpg,catdog_dataset2_753.jpg,catdog_dataset2,cat-45_jpg.rf.9f31882e7b2cb115c2817c904e821b8c.jpg,010ee7b05e8768f6035cffa5942b5e81
Data/catdog_dataset2/catdog_dataset2_754/catdog_dataset2_754.jpg,catdog_dataset2_754.jpg,catdog_dataset2,cat-46_jpg.rf.2496c04d1a92eac6cf3a05ce699ccbe4.jpg,3bcabb045e4b637b12145a75224d50ec
Data/catdog_dataset2/catdog_dataset2_755/catdog_dataset2_755.jpg,catdog_dataset2_755.jpg,catdog_dataset2,cat-46_jpg.rf.265222485a731867065dcb6711b678e3.jpg,a593811faf426b941d1111349dc20490
Data/catdog_dataset2/catdog_dataset2_756/catdog_dataset2_756.jpg,catdog_dataset2_756.jpg,catdog_dataset2,cat-46_jpg.rf.aa05508839a144617f7e61ad68aba419.jpg,e15b36ea958a19f3edcd56d25f8e2cad
Data/catdog_dataset2/catdog_dataset2_757/catdog_dataset2_757.jpg,catdog_dataset2_757.jpg,catdog_dataset2,cat-47_jpg.rf.0d27280e3ef1399ed0a81227e911e7d7.jpg,99dc2534c93a7653fa386006e27ee532
Data/catdog_dataset2/catdog_dataset2_758/catdog_dataset2_758.jpg,catdog_dataset2_758.jpg,catdog_dataset2,cat-47_jpg.rf.7d691fcd3d018dd2dc1641fbbadde164.jpg,c5fa44b7e5537d97877cf565b5abf9c6
Data/catdog_dataset2/catdog_dataset2_759/catdog_dataset2_759.jpg,catdog_dataset2_759.jpg,catdog_dataset2,cat-47_jpg.rf.caa2b16785036f6306fe0c57f3c6995c.jpg,01ff7ded5de9d899f14d61438860a939
Data/catdog_dataset2/catdog_dataset2_760/catdog_dataset2_760.jpg,catdog_dataset2_760.jpg,catdog_dataset2,cat-48_jpg.rf.6d1496fa7f40a5fcfb0b2955deadd678.jpg,d18b815a049cad7ad9424a4f9a67a990
Data/catdog_dataset2/catdog_dataset2_761/catdog_dataset2_761.jpg,catdog_dataset2_761.jpg,catdog_dataset2,cat-48_jpg.rf.855bb654f2e57c76e12061786bce5959.jpg,cf035755dc8284e63f9d893efce685c3
Data/catdog_dataset2/catdog_dataset2_762/catdog_dataset2_762.jpg,catdog_dataset2_762.jpg,catdog_dataset2,cat-48_jpg.rf.a0fec8fd2216c269637e1ac5a42f078d.jpg,153d843ed5e70cf912f61db3e2f479c4
Data/catdog_dataset2/catdog_dataset2_763/catdog_dataset2_763.jpg,catdog_dataset2_763.jpg,catdog_dataset2,cat-50_jpg.rf.1147eb3641024eeeb05ce1cfe810f335.jpg,450715816e810e7595b7a3fe8a94a82d
Data/catdog_dataset2/catdog_dataset2_764/catdog_dataset2_764.jpg,catdog_dataset2_764.jpg,catdog_dataset2,cat-50_jpg.rf.36ee0bef661ebfe9dce76013e286461b.jpg,2e152a4c5983a9df224a8e6f8fe1d48e
Data/catdog_dataset2/catdog_dataset2_765/catdog_dataset2_765.jpg,catdog_dataset2_765.jpg,catdog_dataset2,cat-50_jpg.rf.8aa9f5ad974dc57d4561457d8adf913f.jpg,42321665b8a72c80b12f434d7789df0a
Data/catdog_dataset2/catdog_dataset2_766/catdog_dataset2_766.jpg,catdog_dataset2_766.jpg,catdog_dataset2,cat-51_jpg.rf.910eded876394c85e1713e1acc00f1e2.jpg,42d948c7a2c2dfbe2375799fb5d1574b
Data/catdog_dataset2/catdog_dataset2_767/catdog_dataset2_767.jpg,catdog_dataset2_767.jpg,catdog_dataset2,cat-51_jpg.rf.9b25b5ef5948e80e8866ba315dce6939.jpg,f53b21a380f0fa01aad9c83f5281073b
Data/catdog_dataset2/catdog_dataset2_768/catdog_dataset2_768.jpg,catdog_dataset2_768.jpg,catdog_dataset2,cat-51_jpg.rf.a4e3aaf056bc07ec60bbc6c4dc454a8f.jpg,ee33e54fb14a17a7ee284a2bb3abb640
Data/catdog_dataset2/catdog_dataset2_769/catdog_dataset2_769.jpg,catdog_dataset2_769.jpg,catdog_dataset2,cat-53_jpg.rf.30820be9d2f20b91731addcb663f67db.jpg,939d784d3691cde95bd5d079ebf68b96
Data/catdog_dataset2/catdog_dataset2_770/catdog_dataset2_770.jpg,catdog_dataset2_770.jpg,catdog_dataset2,cat-53_jpg.rf.9b2c4927426cd012bc36e7c9ffc5d9fd.jpg,74e297c141db00e225205f33177572b6
Data/catdog_dataset2/catdog_dataset2_771/catdog_dataset2_771.jpg,catdog_dataset2_771.jpg,catdog_dataset2,cat-53_jpg.rf.f6750ea28d31eb78861958cf503decca.jpg,8dcb4a22c177872e993eb1c5691b8d62
Data/catdog_dataset2/catdog_dataset2_772/catdog_dataset2_772.jpg,catdog_dataset2_772.jpg,catdog_dataset2,cat-54_jpg.rf.09bc6d4de59afeb248442af6f1a33178.jpg,2f47fa329bad5eee0f48bc16607e8e4b
Data/catdog_dataset2/catdog_dataset2_773/catdog_dataset2_773.jpg,catdog_dataset2_773.jpg,catdog_dataset2,cat-54_jpg.rf.6c3ec52b203934d32170071b716233df.jpg,5db9c9002ae04711a9b611ffd63488e2
Data/catdog_dataset2/catdog_dataset2_774/catdog_dataset2_774.jpg,catdog_dataset2_774.jpg,catdog_dataset2,cat-54_jpg.rf.d0f44e5b08208a35b8f7077e1e2dbddc.jpg,62be9bf0b8671e6ee9d34c6e7da25c9e
Data/catdog_dataset2/catdog_dataset2_775/catdog_dataset2_775.jpg,catdog_dataset2_775.jpg,catdog_dataset2,cat-55_jpg.rf.67644648b303556b00aadef14c636921.jpg,d0a443af471193454b957e26bd658014
Data/catdog_dataset2/catdog_dataset2_776/catdog_dataset2_776.jpg,catdog_dataset2_776.jpg,catdog_dataset2,cat-55_jpg.rf.d5b16111d52724f8d20dcf3a704202be.jpg,4aab2c5eda724d792ca06580352b7fd3
Data/catdog_dataset2/catdog_dataset2_777/catdog_dataset2_777.jpg,catdog_dataset2_777.jpg,catdog_dataset2,cat-55_jpg.rf.e764a116a64b8e56304c713f68f6ba21.jpg,4722242a7f6737b204f98c4eab1596e6
Data/catdog_dataset2/catdog_dataset2_778/catdog_dataset2_778.jpg,catdog_dataset2_778.jpg,catdog_dataset2,cat-56_jpg.rf.1e46182be7ce804f759b9020def3afe5.jpg,5797825822cb7debabaa7eda21232dc3
Data/catdog_dataset2/catdog_dataset2_779/catdog_dataset2_779.jpg,catdog_dataset2_779.jpg,catdog_dataset2,cat-56_jpg.rf.ba77bc89cf9e0aaa2156556bb7d77065.jpg,b66438d117d8109c90341dab3cad2fcd
Data/catdog_dataset2/catdog_dataset2_780/catdog_dataset2_780.jpg,catdog_dataset2_780.jpg,catdog_dataset2,cat-56_jpg.rf.f6a3072ed25b178a95e61392776c8fcc.jpg,effa0728b1159412edfb807c5e5cead3
Data/catdog_dataset2/catdog_dataset2_781/catdog_dataset2_781.jpg,catdog_dataset2_781.jpg,catdog_dataset2,cat-57_jpg.rf.6f0db18bfcc67f14ba49826db4168693.jpg,9c915eae0c66d4508296d3cd69c1a010
Data/catdog_dataset2/catdog_dataset2_782/catdog_dataset2_782.jpg,catdog_dataset2_782.jpg,catdog_dataset2,cat-57_jpg.rf.86129a14fc1c854eb4f97d4b1612c818.jpg,c14e2934714a11e68896b43d64034591
Data/catdog_dataset2/catdog_dataset2_783/catdog_dataset2_783.jpg,catdog_dataset2_783.jpg,catdog_dataset2,cat-57_jpg.rf.b75662fff8790168aad6201de45c4927.jpg,9643f1b05076d18975d242ca7a239d94
Data/catdog_dataset2/catdog_dataset2_784/catdog_dataset2_784.jpg,catdog_dataset2_784.jpg,catdog_dataset2,cat-58_jpg.rf.1595cfbacf4af3407f07c7ad65535069.jpg,f428d998e3b433e351b44ecee9f2d80a
Data/catdog_dataset2/catdog_dataset2_785/catdog_dataset2_785.jpg,catdog_dataset2_785.jpg,catdog_dataset2,cat-58_jpg.rf.d1cf24820de8d114f705e556342ce4fc.jpg,56a97a7a9b0271a2700cdba084ef6a8c
Data/catdog_dataset2/catdog_dataset2_786/catdog_dataset2_786.jpg,catdog_dataset2_786.jpg,catdog_dataset2,cat-58_jpg.rf.f0fa4f3667bc981c2dfab75c1affe4e6.jpg,0fd7ca60aabf8ad66c89c4cce4bd5988
Data/catdog_dataset2/catdog_dataset2_787/catdog_dataset2_787.jpg,catdog_dataset2_787.jpg,catdog_dataset2,cat-59_jpg.rf.502da7e294bf6a212fd316006eb460e1.jpg,8e2b04b507559e6e69a874db35708571
Data/catdog_dataset2/catdog_dataset2_788/catdog_dataset2_788.jpg,catdog_dataset2_788.jpg,catdog_dataset2,cat-59_jpg.rf.a2027a468f58db335a1c23515f260b82.jpg,efae6c47c87c00e83cb2933f688d0eae
Data/catdog_dataset2/catdog_dataset2_789/catdog_dataset2_789.jpg,catdog_dataset2_789.jpg,catdog_dataset2,cat-59_jpg.rf.e1efcaf7d3bfcb02bf0394a093356146.jpg,5a2456fa46bd8310b5b7704066c71bdb
Data/catdog_dataset2/catdog_dataset2_790/catdog_dataset2_790.jpg,catdog_dataset2_790.jpg,catdog_dataset2,cat-60_jpg.rf.39b8f4f3e3400a0093f95776f96121db.jpg,5c6fb52eaece39a1d37655119dfdf48d
Data/catdog_dataset2/catdog_dataset2_791/catdog_dataset2_791.jpg,catdog_dataset2_791.jpg,catdog_dataset2,cat-60_jpg.rf.d7937ebd97503e15bbae56c6f885baca.jpg,5b3afab6fbfc46f3bfa8c72a51274643
Data/catdog_dataset2/catdog_dataset2_792/catdog_dataset2_792.jpg,catdog_dataset2_792.jpg,catdog_dataset2,cat-60_jpg.rf.db818eab7a8a58ffb2b7813a52d9301b.jpg,094bb58a11a4e5df111214c76bc7cd5e
Data/catdog_dataset2/catdog_dataset2_793/catdog_dataset2_793.jpg,catdog_dataset2_793.jpg,catdog_dataset2,cat-61_jpg.rf.9c59cb4ce885d36b63a964ceeab39aaf.jpg,44eb4574039312dd97ede69c4dce13bb
Data/catdog_dataset2/catdog_dataset2_794/catdog_dataset2_794.jpg,catdog_dataset2_794.jpg,catdog_dataset2,cat-61_jpg.rf.c118b2b4e5ed229a72a8e5a1b2a0b4e0.jpg,ecef0d170b23c3a6f6846636e4f8ab88
Data/catdog_dataset2/catdog_dataset2_795/catdog_dataset2_795.jpg,catdog_dataset2_795.jpg,catdog_dataset2,cat-61_jpg.rf.f1841cfee13682c4ed69a4a0bcaf82ac.jpg,b78c761e3e1caa00b31c7e6f693b2c81
Data/catdog_dataset2/catdog_dataset2_796/catdog_dataset2_796.jpg,catdog_dataset2_796.jpg,catdog_dataset2,cat-62_jpg.rf.033061a336a4ab7716ebfa2d1a8d7370.jpg,7643b86241aa04d60f4c322106c2fef4
Data/catdog_dataset2/catdog_dataset2_797/catdog_dataset2_797.jpg,catdog_dataset2_797.jpg,catdog_dataset2,cat-62_jpg.rf.217ccaf0e7de1018b02c460acab19f2b.jpg,40445f15b7647ed3bd306884aa4d16db
Data/catdog_dataset2/catdog_dataset2_798/catdog_dataset2_798.jpg,catdog_dataset2_798.jpg,catdog_dataset2,cat-62_jpg.rf.fd83977ef9c20e3c1499be94393a8ffe.jpg,28fbe114be0a8dd488f5c6b5346647ce
Data/catdog_dataset2/catdog_dataset2_799/catdog_dataset2_799.jpg,catdog_dataset2_799.jpg,catdog_dataset2,cat-63_jpg.rf.03bbe2341d40995706f6858c5d413fc6.jpg,b612e785d7767bfa14046f32eb80d852
Data/catdog_dataset2/catdog_dataset2_800/catdog_dataset2_800.jpg,catdog_dataset2_800.jpg,catdog_dataset2,cat-63_jpg.rf.1c9e726e841626c164e66fc021b8b330.jpg,d70062785f8f646d42b509bc4a368551
Data/catdog_dataset2/catdog_dataset2_801/catdog_dataset2_801.jpg,catdog_dataset2_801.jpg,catdog_dataset2,cat-63_jpg.rf.2d94ff65be211e8bfff3990d1cf5efc0.jpg,14f172d18361f87b4bd2a99840960a78
Data/catdog_dataset2/catdog_dataset2_802/catdog_dataset2_802.jpg,catdog_dataset2_802.jpg,catdog_dataset2,cat-66_jpg.rf.3c05a9c281bec5d8649aaf46fa1e276b.jpg,774e8a0d09e35091c879ad3ad9f2d262
Data/catdog_dataset2/catdog_dataset2_803/catdog_dataset2_803.jpg,catdog_dataset2_803.jpg,catdog_dataset2,cat-66_jpg.rf.7d6fc5a0ec7d6d0c883287e1ecd9ad5e.jpg,9f1b689c73c4540ebec156c32b06f2e6
Data/catdog_dataset2/catdog_dataset2_804/catdog_dataset2_804.jpg,catdog_dataset2_804.jpg,catdog_dataset2,cat-66_jpg.rf.f65c21e6e284c3b0e7b597311dcef5d8.jpg,586e8756707ff8125c7c70e3f4e21f83
Data/catdog_dataset2/catdog_dataset2_805/catdog_dataset2_805.jpg,catdog_dataset2_805.jpg,catdog_dataset2,cat-67_jpg.rf.2e72c6c652b053bec2b2deb151f5e157.jpg,80a0606951079426524164bb30ec3542
Data/catdog_dataset2/catdog_dataset2_806/catdog_dataset2_806.jpg,catdog_dataset2_806.jpg,catdog_dataset2,cat-67_jpg.rf.4b58e2dfa39b7e85f21afbcbccf89bf3.jpg,51459ff75564298e2e85c24cb4df5d8a
Data/catdog_dataset2/catdog_dataset2_807/catdog_dataset2_807.jpg,catdog_dataset2_807.jpg,catdog_dataset2,cat-67_jpg.rf.a4aca5666da4da848e6fab35c9657cc1.jpg,6ec16f351e22cdf7d02050e972ef7b29
Data/catdog_dataset2/catdog_dataset2_808/catdog_dataset2_808.jpg,catdog_dataset2_808.jpg,catdog_dataset2,cat-69_jpg.rf.676af24a7c74cc7d6892caf1fc779081.jpg,ba9413d47c110f2b972d652ab4702811
Data/catdog_dataset2/catdog_dataset2_809/catdog_dataset2_809.jpg,catdog_dataset2_809.jpg,catdog_dataset2,cat-69_jpg.rf.9cf7976741870b078fcc329dea910228.jpg,21cf69715ffa2f25feafe611c653b26f
Data/catdog_dataset2/catdog_dataset2_810/catdog_dataset2_810.jpg,catdog_dataset2_810.jpg,catdog_dataset2,cat-69_jpg.rf.f4a865096b846e1dbd2698872809096c.jpg,30094a50c960d902e9e0df18bf48d2d1
Data/catdog_dataset2/catdog_dataset2_811/catdog_dataset2_811.jpg,catdog_dataset2_811.jpg,catdog_dataset2,cat-70_jpg.rf.0478e5ab6ddabb2cdca67bfe0904ef2c.jpg,1275fc2e60b6d449e8590fcdf3fd3040
Data/catdog_dataset2/catdog_dataset2_812/catdog_dataset2_812.jpg,catdog_dataset2_812.jpg,catdog_dataset2,cat-70_jpg.rf.708a702acc0a00229d5f9fd43dd6ba34.jpg,0c006b401fac4660541d0b3d9e67d784
Data/catdog_dataset2/catdog_dataset2_813/catdog_dataset2_813.jpg,catdog_dataset2_813.jpg,catdog_dataset2,cat-70_jpg.rf.c4e757f905648c9b65fe7f4a7ec72b6b.jpg,7f21b01dea63c172bced4ca7fb09927f
Data/catdog_dataset2/catdog_dataset2_814/catdog_dataset2_814.jpg,catdog_dataset2_814.jpg,catdog_dataset2,cat-73_jpg.rf.79fd0b6e2d75d0819e7088d715485bc7.jpg,9ac83f4a6f24a70794959012a53ed1c3
Data/catdog_dataset2/catdog_dataset2_815/catdog_dataset2_815.jpg,catdog_dataset2_815.jpg,catdog_dataset2,cat-73_jpg.rf.a9ea7d1b58d7f8de920f8b30e57716e8.jpg,5816ceb8f0f1b8f67a14e83625064648
Data/catdog_dataset2/catdog_dataset2_816/catdog_dataset2_816.jpg,catdog_dataset2_816.jpg,catdog_dataset2,cat-73_jpg.rf.d86282a9981602f5a675455923dbd2aa.jpg,f6db34692ae312887c50770a3e15768b
Data/catdog_dataset2/catdog_dataset2_817/catdog_dataset2_817.jpg,catdog_dataset2_817.jpg,catdog_dataset2,cat-74_jpg.rf.4924a56a503a4ddd5cf49c8addefce7d.jpg,4db1a2be724e681a2b774ad75471de40
Data/catdog_dataset2/catdog_dataset2_818/catdog_dataset2_818.jpg,catdog_dataset2_818.jpg,catdog_dataset2,cat-74_jpg.rf.8952aea4244467a645e2f90f7e261d74.jpg,b34227d29d0fcde25cee677b4685b7e8
Data/catdog_dataset2/catdog_dataset2_819/catdog_dataset2_819.jpg,catdog_dataset2_819.jpg,catdog_dataset2,cat-74_jpg.rf.9471e746fb628cdc3c4167eb9754f146.jpg,1d5a5e337a773baea2ea5f800e15e6b2
Data/catdog_dataset2/catdog_dataset2_820/catdog_dataset2_820.jpg,catdog_dataset2_820.jpg,catdog_dataset2,cat-75_jpg.rf.0167dda805704e3d870c6e3206338ca0.jpg,2722e232d99c2f9a36fdcdf48ca79697
Data/catdog_dataset2/catdog_dataset2_821/catdog_dataset2_821.jpg,catdog_dataset2_821.jpg,catdog_dataset2,cat-75_jpg.rf.8e4a56346f24f1df96b52883b6c04f73.jpg,6a622e4d67a5f90a15635e1ec519fc10
Data/catdog_dataset2/catdog_dataset2_822/catdog_dataset2_822.jpg,catdog_dataset2_822.jpg,catdog_dataset2,cat-75_jpg.rf.f689d926b8a48146efe8f25d96a4e7f1.jpg,5501d19c6374f12b0df8c744080e16b9
Data/catdog_dataset2/catdog_dataset2_823/catdog_dataset2_823.jpg,catdog_dataset2_823.jpg,catdog_dataset2,cat-76_jpg.rf.209718c65a72af58aa4c66a06d002f5c.jpg,df3b6b7b8917ed583be1c5267425074a
Data/catdog_dataset2/catdog_dataset2_824/catdog_dataset2_824.jpg,catdog_dataset2_824.jpg,catdog_dataset2,cat-76_jpg.rf.2d4da023d0a9d944ccd5ab049fd5704f.jpg,3148b14e0cd5656b36bd09c1c5204fdc
Data/catdog_dataset2/catdog_dataset2_825/catdog_dataset2_825.jpg,catdog_dataset2_825.jpg,catdog_dataset2,cat-76_jpg.rf.3c55e3b99331acf0b8e4bae7b5ea1121.jpg,7504142f73baa36dc4661cc9377997e6
Data/catdog_dataset2/catdog_dataset2_826/catdog_dataset2_826.jpg,catdog_dataset2_826.jpg,catdog_dataset2,cat-77_jpg.rf.1f6fc7b374abdf9e0f1b1c8818941f71.jpg,b3777685fee2b48d4aabb5b12ea40c50
Data/catdog_dataset2/catdog_dataset2_827/catdog_dataset2_827.jpg,catdog_dataset2_827.jpg,catdog_dataset2,cat-77_jpg.rf.4af200762b41997049fcabf845c5f15c.jpg,f4e32745fe0352e5a13a645027ea685b
Data/catdog_dataset2/catdog_dataset2_828/catdog_dataset2_828.jpg,catdog_dataset2_828.jpg,catdog_dataset2,cat-77_jpg.rf.c6953ab234cf4aa3572eb9028b34d9fc.jpg,f223b3af87c1fda6dca8bea96cebe5df
Data/catdog_dataset2/catdog_dataset2_829/catdog_dataset2_829.jpg,catdog_dataset2_829.jpg,catdog_dataset2,cat-78_jpg.rf.91a380d974d703a082438ddf52c079a6.jpg,6acdcca77c9c3c6c9c0b5dd3a35e7211
Data/catdog_dataset2/catdog_dataset2_830/catdog_dataset2_830.jpg,catdog_dataset2_830.jpg,catdog_dataset2,cat-78_jpg.rf.c5894b93ce526c8e5020b296cd9479b2.jpg,a1fe2c33f0bef83626617e0a0395242d
Data/catdog_dataset2/catdog_dataset2_831/catdog_dataset2_831.jpg,catdog_dataset2_831.jpg,catdog_dataset2,cat-78_jpg.rf.f6618126962fcd7f17599d40cb39bbe9.jpg,3ea40e59544e9fee125ae562c984d4ba
Data/catdog_dataset2/catdog_dataset2_832/catdog_dataset2_832.jpg,catdog_dataset2_832.jpg,catdog_dataset2,cat-79_jpg.rf.0ca0fec768228ad869f79f761c643378.jpg,a6a993df514093c87950603a603770f9
Data/catdog_dataset2/catdog_dataset2_833/catdog_dataset2_833.jpg,catdog_dataset2_833.jpg,catdog_dataset2,cat-79_jpg.rf.0cf3cf461a343130d5be1ff8987f7508.jpg,fc3bd9e8aab250a9584d2af1f7909734
Data/catdog_dataset2/catdog_dataset2_834/catdog_dataset2_834.jpg,catdog_dataset2_834.jpg,catdog_dataset2,cat-79_jpg.rf.1f10487f9bef20c4423df460a62e3285.jpg,3d45df5ab15cc6e9b39ac3f052aa7f3b
Data/catdog_dataset2/catdog_dataset2_835/catdog_dataset2_835.jpg,catdog_dataset2_835.jpg,catdog_dataset2,cat-81_jpg.rf.04a15b1c4816876b13f61517a76d5756.jpg,de44684416b95fdf5b5d026fbf50f899
Data/catdog_dataset2/catdog_dataset2_836/catdog_dataset2_836.jpg,catdog_dataset2_836.jpg,catdog_dataset2,cat-81_jpg.rf.5a2d83fc84afdab72dc56305f578a547.jpg,6328e7e4cdb1b5b832e249f03211dffa
Data/catdog_dataset2/catdog_dataset2_837/catdog_dataset2_837.jpg,catdog_dataset2_837.jpg,catdog_dataset2,cat-81_jpg.rf.b1d6fd951829d24a7fcbcec2f4abdcb5.jpg,fe11bdbe9974b8f4c80b444263a7c7b9
Data/catdog_dataset2/catdog_dataset2_838/catdog_dataset2_838.jpg,catdog_dataset2_838.jpg,catdog_dataset2,cat-83_jpg.rf.036f9f566b4e7f9113fc7c8d09607266.jpg,9d555ea26b51f0354c49d59a919ccead
Data/catdog_dataset2/catdog_dataset2_839/catdog_dataset2_839.jpg,catdog_dataset2_839.jpg,catdog_dataset2,cat-83_jpg.rf.6574663f25a0fa991888910b231e9b7c.jpg,a9c2701ca8043ee57ff341add1fa046e
Data/catdog_dataset2/catdog_dataset2_840/catdog_dataset2_840.jpg,catdog_dataset2_840.jpg,catdog_dataset2,cat-83_jpg.rf.ddf36b0ffc3a021bef5ddac10f299a08.jpg,55b034a05d375a02243cdf1f7ae89dde
Data/catdog_dataset2/catdog_dataset2_841/catdog_dataset2_841.jpg,catdog_dataset2_841.jpg,catdog_dataset2,cat-84_jpg.rf.9a1a3acfdc2ac69e397b448d9599c54a.jpg,a97a53dbd684c6acae424c3eae384f45
Data/catdog_dataset2/catdog_dataset2_842/catdog_dataset2_842.jpg,catdog_dataset2_842.jpg,catdog_dataset2,cat-84_jpg.rf.a074ad36178cc58136aa0498068dfa62.jpg,a0ac3dc5bcd00fc86c7c17252e219e58
Data/catdog_dataset2/catdog_dataset2_843/catdog_dataset2_843.jpg,catdog_dataset2_843.jpg,catdog_dataset2,cat-84_jpg.rf.cd255ca6afc92216f71cf359a5c3b55b.jpg,c7ee628dc602783dbf7027e80a831ec5
Data/catdog_dataset2/catdog_dataset2_844/catdog_dataset2_844.jpg,catdog_dataset2_844.jpg,catdog_dataset2,cat-87_jpg.rf.7fdc7d8cd0777190be758264e09c6095.jpg,fe4d1d1cc600ff849451667b8cd67ac8
Data/catdog_dataset2/catdog_dataset2_845/catdog_dataset2_845.jpg,catdog_dataset2_845.jpg,catdog_dataset2,cat-87_jpg.rf.ed01caeb71a13f5c8230abe74dfbfb80.jpg,7cc8aee88b0b205f1acb7c28bfb6e788
Data/catdog_dataset2/catdog_dataset2_846/catdog_dataset2_846.jpg,catdog_dataset2_846.jpg,catdog_dataset2,cat-87_jpg.rf.f48cc86faaa4474d5f4632a310c9a25b.jpg,df20e396bed08bd1115efbfe225e0dc9
Data/catdog_dataset2/catdog_dataset2_847/catdog_dataset2_847.jpg,catdog_dataset2_847.jpg,catdog_dataset2,cat-88_jpg.rf.434881132880e2e824874919d8437081.jpg,075a1a754fc06f20bec2057a20d139b8
Data/catdog_dataset2/catdog_dataset2_848/catdog_dataset2_848.jpg,catdog_dataset2_848.jpg,catdog_dataset2,cat-88_jpg.rf.5349bd87288ba62dcd2784c25201c7a4.jpg,044e69a335518190cbffeb0b5230b4c4
Data/catdog_dataset2/catdog_dataset2_849/catdog_dataset2_849.jpg,catdog_dataset2_849.jpg,catdog_dataset2,cat-88_jpg.rf.7d42cb40378cc61ef1abf93cb8a2212c.jpg,5842ea4f5b77ccd2bb82ed87ca644ce6
Data/catdog_dataset3/catdog_dataset3_1/catdog_dataset3_1.jpg,catdog_dataset3_1.jpg,catdog_dataset3,cat-3822_jpg.rf.9fea142d85d6fabcb1302d0678ad4738.jpg,4f8b70000fb21695c93b2f89ef03c4a4
Data/catdog_dataset3/catdog_dataset3_10/catdog_dataset3_10.jpg,catdog_dataset3_10.jpg,catdog_dataset3,dog-161_jpg.rf.7d36923f8bd626c1950e3ef83ba8e470.jpg,3933ddd7848fa4b17821e27171131d87
Data/catdog_dataset3/catdog_dataset3_100/catdog_dataset3_100.jpg,catdog_dataset3_100.jpg,catdog_dataset3,dog-112_jpg.rf.eeb33f56502f8e3fd166aedcfd6a3571.jpg,9aa86f7acddc3f3b4576ab0f8bed0f4e
Data/catdog_dataset3/catdog_dataset3_1000/catdog_dataset3_1000.jpg,catdog_dataset3_1000.jpg,catdog_dataset3,cat-3657_jpg.rf.6f995471ce5df803427cd228926a9734.jpg,0be2abdb22429779e8be8ab67d165c7a
Data/catdog_dataset3/catdog_dataset3_1001/catdog_dataset3_1001.jpg,catdog_dataset3_1001.jpg,catdog_dataset3,cat-3658_jpg.rf.80becfaeaa49ab1ecf7d6b63057b9991.jpg,dbdb419513a4afe536ede626893542b2
Data/catdog_dataset3/catdog_dataset3_1002/catdog_dataset3_1002.jpg,catdog_dataset3_1002.jpg,catdog_dataset3,cat-3658_jpg.rf.833d5bdce5308b5e28703ad9d3c6c1bc.jpg,2130b9f50af8837660360eff40718540
Data/catdog_dataset3/catdog_dataset3_1003/catdog_dataset3_1003.jpg,catdog_dataset3_1003.jpg,catdog_dataset3,cat-3658_jpg.rf.fb8cfa52105d8e43f8f23e35aae10111.jpg,66779479dec7a3f6aa1855ad135c1e9d
Data/catdog_dataset3/catdog_dataset3_1004/catdog_dataset3_1004.jpg,catdog_dataset3_1004.jpg,catdog_dataset3,cat-3660_jpg.rf.1eaf3cb121590bb4170630516b197113.jpg,e1bd1b7dc0b71911631df5d173bb360e
Data/catdog_dataset3/catdog_dataset3_1005/catdog_dataset3_1005.jpg,catdog_dataset3_1005.jpg,catdog_dataset3,cat-3660_jpg.rf.385c5913c4c2e3b3f9e08ce74582acac.jpg,39a756eee7cca8dd1ecf2a5b72a92e0e
Data/catdog_dataset3/catdog_dataset3_1006/catdog_dataset3_1006.jpg,catdog_dataset3_1006.jpg,catdog_dataset3,cat-3660_jpg.rf.537a3f803b56c93dc526e6439fa9a59a.jpg,0c96f811d6adad9f715d41143680cd99
Data/catdog_dataset3/catdog_dataset3_1007/catdog_dataset3_1007.jpg,catdog_dataset3_1007.jpg,catdog_dataset3,cat-3661_jpg.rf.3648601ce711239c83cfd706763b33ea.jpg,be3327e45a776acc0429b7fee839f8e9
Data/catdog_dataset3/catdog_dataset3_1008/catdog_dataset3_1008.jpg,catdog_dataset3_1008.jpg,catdog_dataset3,cat-3661_jpg.rf.b4fa93693333b4473800c7afcb170fb3.jpg,51735d4e8426102c2e2a208828433c91
Data/catdog_dataset3/catdog_dataset3_1009/catdog_dataset3_1009.jpg,catdog_dataset3_1009.jpg,catdog_dataset3,cat-3661_jpg.rf.fb4ccb50d7d02d184d6f8d195464fcac.jpg,5af6b0ccd24f75fad71702fc485c711e
Data/catdog_dataset3/catdog_dataset3_101/catdog_dataset3_101.jpg,catdog_dataset3_101.jpg,catdog_dataset3,dog-114_jpg.rf.2d19812d67d9d5a8fe72dfa609013c98.jpg,63d26c80584ca670dbf4d9ae4a6d6250
Data/catdog_dataset3/catdog_dataset3_1010/catdog_dataset3_1010.jpg,catdog_dataset3_1010.jpg,catdog_dataset3,cat-3662_jpg.rf.4dbf39a7f1350b23b58f7e43bbaaf180.jpg,64322ff8ac2cbac7c3d84eee90b3c83c
Data/catdog_dataset3/catdog_dataset3_1011/catdog_dataset3_1011.jpg,catdog_dataset3_1011.jpg,catdog_dataset3,cat-3662_jpg.rf.9830ce65a20beab743f3ee690fce00c0.jpg,6c5f8b934b5c305a7cd4595699bb8c3f
Data/catdog_dataset3/catdog_dataset3_1012/catdog_dataset3_1012.jpg,catdog_dataset3_1012.jpg,catdog_dataset3,cat-3662_jpg.rf.c639d2b3891b2f5d2d8de27ac3c24c60.jpg,f1f64002bdb1a64624c95f1a742a56ad
Data/catdog_dataset3/catdog_dataset3_1013/catdog_dataset3_1013.jpg,catdog_dataset3_1013.jpg,catdog_dataset3,cat-3663_jpg.rf.5f170549f55b8393f0205dc6f48b51f3.jpg,f1ba35b45caa9b2a6930e05330190a8b
Data/catdog_dataset3/catdog_dataset3_1014/catdog_dataset3_1014.jpg,catdog_dataset3_1014.jpg,catdog_dataset3,cat-3663_jpg.rf.7bdb5c290967cb696d8389d0620678d1.jpg,50d13e7abf368a03fea5290034b931da
Data/catdog_dataset3/catdog_dataset3_1015/catdog_dataset3_1015.jpg,catdog_dataset3_1015.jpg,catdog_dataset3,cat-3663_jpg.rf.b639356fafcb29ae91a43e8e0e85ac3a.jpg,a32aea9c1cd7f8895358896b8c93bc88
Data/catdog_dataset3/catdog_dataset3_1016/catdog_dataset3_1016.jpg,catdog_dataset3_1016.jpg,catdog_dataset3,cat-3664_jpg.rf.5142b645ee5326b799bde8be45bf3aa5.jpg,7b96fa3cc52d424ce3d33b5b09a2c3b9
Data/catdog_dataset3/catdog_dataset3_1017/catdog_dataset3_1017.jpg,catdog_dataset3_1017.jpg,catdog_dataset3,cat-3664_jpg.rf.a26af3c9416d2f7cd4e4d97c43a75b8c.jpg,506af3b39026a98474d17c0a1988bac1
Data/catdog_dataset3/catdog_dataset3_1018/catdog_dataset3_1018.jpg,catdog_dataset3_1018.jpg,catdog_dataset3,cat-3664_jpg.rf.b4e6fd9085816772730a4244516f2cdd.jpg,22ae7bc4bb5b7b457f0a2454fb0acb8d
Data/catdog_dataset3/catdog_dataset3_1019/catdog_dataset3_1019.jpg,catdog_dataset3_1019.jpg,catdog_dataset3,cat-3668_jpg.rf.0a717d2b65520d2e014ac666463b9630.jpg,5cf92d2e6ef2fd982c744bc67399e834
Data/catdog_dataset3/catdog_dataset3_102/catdog_dataset3_102.jpg,catdog_dataset3_102.jpg,catdog_dataset3,dog-114_jpg.rf.8d4b4e6124e2abe71629fb77438fc34d.jpg,f25043a530ac56de3e7562967e55be7c
Data/catdog_dataset3/catdog_dataset3_1020/catdog_dataset3_1020.jpg,catdog_dataset3_1020.jpg,catdog_dataset3,cat-3668_jpg.rf.428afa7b65ab42a71cc701204181d502.jpg,4fcb943c077be6b5c892df3aa538954e
Data/catdog_dataset3/catdog_dataset3_1021/catdog_dataset3_1021.jpg,catdog_dataset3_1021.jpg,catdog_dataset3,cat-3668_jpg.rf.758e3f75e1100af5857e2be91c8e0d40.jpg,f386ec8adacac41052be7bbf9e0673e1
Data/catdog_dataset3/catdog_dataset3_1022/catdog_dataset3_1022.jpg,catdog_dataset3_1022.jpg,catdog_dataset3,cat-3669_jpg.rf.31290076e7237cfa85a4717b176d4a84.jpg,7563166507b2169bd3947eab123159bc
Data/catdog_dataset3/catdog_dataset3_1023/catdog_dataset3_1023.jpg,catdog_dataset3_1023.jpg,catdog_dataset3,cat-3669_jpg.rf.6979cf8125bf3325467130fca88684c5.jpg,535bb9f47d14b35542befce4d3882945
Data/catdog_dataset3/catdog_dataset3_1024/catdog_dataset3_1024.jpg,catdog_dataset3_1024.jpg,catdog_dataset3,cat-3669_jpg.rf.6b0e8952cee8f5dcd1e986e17bd9582f.jpg,f13b5c12c500558eb82722245c6f2483
Data/catdog_dataset3/catdog_dataset3_1025/catdog_dataset3_1025.jpg,catdog_dataset3_1025.jpg,catdog_dataset3,cat-3670_jpg.rf.2238b0aee29cec13617d6fe887c00e9a.jpg,b3f41a26a5bf3d371b999c2fd95ddb48
Data/catdog_dataset3/catdog_dataset3_1026/catdog_dataset3_1026.jpg,catdog_dataset3_1026.jpg,catdog_dataset3,cat-3670_jpg.rf.31a7ead3bf0b3378bb674b5918306e60.jpg,c472aa254fdaa4268da8bbfe21a521b8
Data/catdog_dataset3/catdog_dataset3_1027/catdog_dataset3_1027.jpg,catdog_dataset3_1027.jpg,catdog_dataset3,cat-3670_jpg.rf.ad51379056fd3c26d06fefdb4e502f28.jpg,3712ef48fffe04a94bb315bfdad7fa4d
Data/catdog_dataset3/catdog_dataset3_1028/catdog_dataset3_1028.jpg,catdog_dataset3_1028.jpg,catdog_dataset3,cat-3671_jpg.rf.4acd83e324003d84255cf7fb4a2b7eeb.jpg,06990606988d4a7aee45b7aa3df23f64
Data/catdog_dataset3/catdog_dataset3_1029/catdog_dataset3_1029.jpg,catdog_dataset3_1029.jpg,catdog_dataset3,cat-3671_jpg.rf.7dc14430f56f181d9e4d0bf9aa5a7560.jpg,1dbd5168ec6d287a662b647874d66053
Data/catdog_dataset3/catdog_dataset3_103/catdog_dataset3_103.jpg,catdog_dataset3_103.jpg,catdog_dataset3,dog-114_jpg.rf.983e9d69c28352cac503fab373c75148.jpg,c91a4bdf9fec9a8324e9812ceb5b5841
Data/catdog_dataset3/catdog_dataset3_1030/catdog_dataset3_1030.jpg,catdog_dataset3_1030.jpg,catdog_dataset3,cat-3671_jpg.rf.8ac6252311c10851ccf821ba8ba86683.jpg,b302947bbfacf98c2b2b54f846496ddc
Data/catdog_dataset3/catdog_dataset3_1031/catdog_dataset3_1031.jpg,catdog_dataset3_1031.jpg,catdog_dataset3,cat-3673_jpg.rf.b18d5de5f345d38bba50c90bdbcf1fda.jpg,9cdefb6ddb21cd8a9eed6208b0039e30
Data/catdog_dataset3/catdog_dataset3_1032/catdog_dataset3_1032.jpg,catdog_dataset3_1032.jpg,catdog_dataset3,cat-3673_jpg.rf.e35efd454e0cabfcc3c4c80ea0e73886.jpg,66d7a19914547a19bc34fc6086d746fe
Data/catdog_dataset3/catdog_dataset3_1033/catdog_dataset3_1033.jpg,catdog_dataset3_1033.jpg,catdog_dataset3,cat-3673_jpg.rf.f2932bfad2ab4fe073d295ed26f81e48.jpg,b6e0707b9b88da907fe00c9d306dc8f2
Data/catdog_dataset3/catdog_dataset3_1034/catdog_dataset3_1034.jpg,catdog_dataset3_1034.jpg,catdog_dataset3,cat-3674_jpg.rf.86bd1a82a14ab425483e245946f60fc3.jpg,1f298aca9c9113597851a97d7647e708
Data/catdog_dataset3/catdog_dataset3_1035/catdog_dataset3_1035.jpg,catdog_dataset3_1035.jpg,catdog_dataset3,cat-3674_jpg.rf.9033e75b739f501c6ffe762fa0be39a3.jpg,5aa684b519c16ee1ae3d69abc8e80dad
Data/catdog_dataset3/catdog_dataset3_1036/catdog_dataset3_1036.jpg,catdog_dataset3_1036.jpg,catdog_dataset3,cat-3674_jpg.rf.b46d4d24a04e12fc333d02ebcc64b2a9.jpg,f791de3461fba606feb025541c072541
Data/catdog_dataset3/catdog_dataset3_1037/catdog_dataset3_1037.jpg,catdog_dataset3_1037.jpg,catdog_dataset3,cat-3675_jpg.rf.873b533319e0e1397a6c8c14c86a7755.jpg,d25db7717e07fc2cf9201510bdf70695
Data/catdog_dataset3/catdog_dataset3_1038/catdog_dataset3_1038.jpg,catdog_dataset3_1038.jpg,catdog_dataset3,cat-3675_jpg.rf.cc59d72f47477fd2d878cc095d2bd623.jpg,4c14b7ddbced31feb52a8b0b76d85965
Data/catdog_dataset3/catdog_dataset3_1039/catdog_dataset3_1039.jpg,catdog_dataset3_1039.jpg,catdog_dataset3,cat-3675_jpg.rf.dab21f073a76bae533cdc47e1f54ba13.jpg,0c31349ab619de0717935cd1fd81749a
Data/catdog_dataset3/catdog_dataset3_104/catdog_dataset3_104.jpg,catdog_dataset3_104.jpg,catdog_dataset3,dog-116_jpg.rf.1e7fb51e071e456a04d99ce135678bbd.jpg,5f1249ab6d9fe84fbce20651245186d3
Data/catdog_dataset3/catdog_dataset3_1040/catdog_dataset3_1040.jpg,catdog_dataset3_1040.jpg,catdog_dataset3,cat-3677_jpg.rf.4526e69c08c30575b0e8f333586a09eb.jpg,f25ffb76333b23349df1e05ec59cc347
Data/catdog_dataset3/catdog_dataset3_1041/catdog_dataset3_1041.jpg,catdog_dataset3_1041.jpg,catdog_dataset3,cat-3677_jpg.rf.9d7156cc86ad61546e652157e950876a.jpg,b25de2d6da64f693b2da07728e3db651
Data/catdog_dataset3/catdog_dataset3_1042/catdog_dataset3_1042.jpg,catdog_dataset3_1042.jpg,catdog_dataset3,cat-3677_jpg.rf.9e14d6dc946645c942bb7ca059a13c7c.jpg,d33691c7e0a0223a2bcf903c25305be3
Data/catdog_dataset3/catdog_dataset3_1043/catdog_dataset3_1043.jpg,catdog_dataset3_1043.jpg,catdog_dataset3,cat-3678_jpg.rf.6c7e1ce96ec4be8f18ffcf92c386ce0e.jpg,8eead8615361e6998531fc6116e6e39f
Data/catdog_dataset3/catdog_dataset3_1044/catdog_dataset3_1044.jpg,catdog_dataset3_1044.jpg,catdog_dataset3,cat-3678_jpg.rf.b4d77f35044d38e7a004d4d96e9f9e4f.jpg,d0b2fdee2a05cdb67d0c794ecdb84eba
Data/catdog_dataset3/catdog_dataset3_1045/catdog_dataset3_1045.jpg,catdog_dataset3_1045.jpg,catdog_dataset3,cat-3678_jpg.rf.d6e73245833e4736cbe9c6ac8d3bbc90.jpg,6173031f247621941506d8ff10cd485e
Data/catdog_dataset3/catdog_dataset3_1046/catdog_dataset3_1046.jpg,catdog_dataset3_1046.jpg,catdog_dataset3,cat-3679_jpg.rf.075ad127846f9bca2bd2d648712e36e3.jpg,3a0159fc0c62e117614eb262ba56ce46
Data/catdog_dataset3/catdog_dataset3_1047/catdog_dataset3_1047.jpg,catdog_dataset3_1047.jpg,catdog_dataset3,cat-3679_jpg.rf.0774a31fcc85d6b9a4ffd9009574f96b.jpg,b7ddbb0fa68213c706bce7d3f29c8148
Data/catdog_dataset3/catdog_dataset3_1048/catdog_dataset3_1048.jpg,catdog_dataset3_1048.jpg,catdog_dataset3,cat-3679_jpg.rf.fbc5b0fafba2d63c19bbc967ebdd2ecb.jpg,f603f1fe8627a0e23630352b3e01868b
Data/catdog_dataset3/catdog_dataset3_1049/catdog_dataset3_1049.jpg,catdog_dataset3_1049.jpg,catdog_dataset3,cat-3681_jpg.rf.169e9b855aae4ac5fc18522c41ecd919.jpg,ed75b3ba24ddc46e11f1a004f92fffe0
Data/catdog_dataset3/catdog_dataset3_105/catdog_dataset3_105.jpg,catdog_dataset3_105.jpg,catdog_dataset3,dog-116_jpg.rf.5d471ea000840bb3600d5053d0833315.jpg,905262f40f8e87ce2caf16ef9825fa43
Data/catdog_dataset3/catdog_dataset3_1050/catdog_dataset3_1050.jpg,catdog_dataset3_1050.jpg,catdog_dataset3,cat-3681_jpg.rf.24827352f9759e969918daf77a94240b.jpg,a20c50f46cfa4bbf1fb355da33fab5a7
Data/catdog_dataset3/catdog_dataset3_1051/catdog_dataset3_1051.jpg,catdog_dataset3_1051.jpg,catdog_dataset3,cat-3681_jpg.rf.3dbb36d71252c1ec8d3a7aed8000bdbf.jpg,ce0c380caa1608ee1658b27bdb4d247d
Data/catdog_dataset3/catdog_dataset3_1052/catdog_dataset3_1052.jpg,catdog_dataset3_1052.jpg,catdog_dataset3,cat-3684_jpg.rf.0ddfced747bbd3fb363604d37d866b51.jpg,56e3490efacefd6f4878d27e81d12a5d
Data/catdog_dataset3/catdog_dataset3_1053/catdog_dataset3_1053.jpg,catdog_dataset3_1053.jpg,catdog_dataset3,cat-3684_jpg.rf.7765845dc6d5303e67d6fa9db22d447d.jpg,aa31b4150ff341e6478e48cf97295886
Data/catdog_dataset3/catdog_dataset3_1054/catdog_dataset3_1054.jpg,catdog_dataset3_1054.jpg,catdog_dataset3,cat-3684_jpg.rf.88447903533fab07335ce98c6067277d.jpg,7efbbb6936259f517f2e1541aa2de876
Data/catdog_dataset3/catdog_dataset3_1055/catdog_dataset3_1055.jpg,catdog_dataset3_1055.jpg,catdog_dataset3,cat-3685_jpg.rf.118522f317230a9c12f3731a87b953da.jpg,6516f9603890dbf457b90a34fc61f2ad
Data/catdog_dataset3/catdog_dataset3_1056/catdog_dataset3_1056.jpg,catdog_dataset3_1056.jpg,catdog_dataset3,cat-3685_jpg.rf.26ae5751d798041e06e4ce050e3af00b.jpg,093741690481f53a60d2b2304b388c6f
Data/catdog_dataset3/catdog_dataset3_1057/catdog_dataset3_1057.jpg,catdog_dataset3_1057.jpg,catdog_dataset3,cat-3685_jpg.rf.90e240764dba95dd30978bac68a281af.jpg,cce2368b469697704be33c6182ac7540
Data/catdog_dataset3/catdog_dataset3_1058/catdog_dataset3_1058.jpg,catdog_dataset3_1058.jpg,catdog_dataset3,cat-3688_jpg.rf.51271bd26e9f56eb12574e20a170a24f.jpg,d9337731ae1252d78dfbe05e7060d568
Data/catdog_dataset3/catdog_dataset3_1059/catdog_dataset3_1059.jpg,catdog_dataset3_1059.jpg,catdog_dataset3,cat-3688_jpg.rf.833668a24d321d3b14bbcbfc0b46af68.jpg,4f3f30561a6508bd09a80167d95671d1
Data/catdog_dataset3/catdog_dataset3_106/catdog_dataset3_106.jpg,catdog_dataset3_106.jpg,catdog_dataset3,dog-116_jpg.rf.8c1f7043d9412e8720aabd9109be1ce8.jpg,3c4ba7e401abd68b6b3a58afe3e74064
Data/catdog_dataset3/catdog_dataset3_1060/catdog_dataset3_1060.jpg,catdog_dataset3_1060.jpg,catdog_dataset3,cat-3688_jpg.rf.b2b815b7bef3ba345bda302d79935c79.jpg,049ca4085f7aed5e216c740091494a40
Data/catdog_dataset3/catdog_dataset3_1061/catdog_dataset3_1061.jpg,catdog_dataset3_1061.jpg,catdog_dataset3,cat-3689_jpg.rf.028cfa05b1929440514dcb4accfaa826.jpg,8519dc645c3f2fb4b0618cc981ea45a1
Data/catdog_dataset3/catdog_dataset3_1062/catdog_dataset3_1062.jpg,catdog_dataset3_1062.jpg,catdog_dataset3,cat-3689_jpg.rf.0608d260824df0d358ab40b9c77e3370.jpg,2832fbf98917ec3740d4082419bca56d
Data/catdog_dataset3/catdog_dataset3_1063/catdog_dataset3_1063.jpg,catdog_dataset3_1063.jpg,catdog_dataset3,cat-3689_jpg.rf.2ee2498aba452195626ad4a731f1b029.jpg,e07f0a4840a7ac6b01ccea799ed6eb61
Data/catdog_dataset3/catdog_dataset3_1064/catdog_dataset3_1064.jpg,catdog_dataset3_1064.jpg,catdog_dataset3,cat-3690_jpg.rf.48668d09f011014fcb0e9a7538e2a864.jpg,2cb3d45a679504efd4655c7894cce9bb
Data/catdog_dataset3/catdog_dataset3_1065/catdog_dataset3_1065.jpg,catdog_dataset3_1065.jpg,catdog_dataset3,cat-3690_jpg.rf.a70c87835895a6b3e86f82f916265735.jpg,bff0f8a304ca31abdbf37a40662e01f7
Data/catdog_dataset3/catdog_dataset3_1066/catdog_dataset3_1066.jpg,catdog_dataset3_1066.jpg,catdog_dataset3,cat-3690_jpg.rf.dc46abf647846fa332ccb3c197554d41.jpg,088d58f043bb58fd1ffc4f1cf2251698
Data/catdog_dataset3/catdog_dataset3_1067/catdog_dataset3_1067.jpg,catdog_dataset3_1067.jpg,catdog_dataset3,cat-3691_jpg.rf.0ad39ed82ed8e936e8435ae476a834cf.jpg,74cf550a8d903e2f39e11dfff4d9bed0
Data/catdog_dataset3/catdog_dataset3_1068/catdog_dataset3_1068.jpg,catdog_dataset3_1068.jpg,catdog_dataset3,cat-3691_jpg.rf.44deba6210eea3ba1abddfc12f8d6075.jpg,1e4f4858b8e05150b811f5868e67735a
Data/catdog_dataset3/catdog_dataset3_1069/catdog_dataset3_1069.jpg,catdog_dataset3_1069.jpg,catdog_dataset3,cat-3691_jpg.rf.5ddd86a4c844ba4f7f7bdfd432fddf82.jpg,b2c15554409c56325b14dcc75cf33a9a
Data/catdog_dataset3/catdog_dataset3_107/catdog_dataset3_107.jpg,catdog_dataset3_107.jpg,catdog_dataset3,dog-117_jpg.rf.0d3798dec772ecc81824fc23562939aa.jpg,d8bb03f3e4cee49163e428488058d43a
Data/catdog_dataset3/catdog_dataset3_1070/catdog_dataset3_1070.jpg,catdog_dataset3_1070.jpg,catdog_dataset3,cat-3692_jpg.rf.074880fcb760a17d4c1d174b5478e3a3.jpg,e90fb6cdd67db87ace50ed4290690140
Data/catdog_dataset3/catdog_dataset3_1071/catdog_dataset3_1071.jpg,catdog_dataset3_1071.jpg,catdog_dataset3,cat-3692_jpg.rf.3427d7f53a176b1ea8433cd3603525cc.jpg,9b3d8db7ed3a9256492ec48fa84487b3
Data/catdog_dataset3/catdog_dataset3_1072/catdog_dataset3_1072.jpg,catdog_dataset3_1072.jpg,catdog_dataset3,cat-3692_jpg.rf.f8ed30607f601a153db3812358a7f21a.jpg,6203c4e68c3ce7cb41c7204c72da24d1
Data/catdog_dataset3/catdog_dataset3_1073/catdog_dataset3_1073.jpg,catdog_dataset3_1073.jpg,catdog_dataset3,cat-3693_jpg.rf.0c5c2f758d56c09142753186b2ee0a02.jpg,47418b05ad2498f1e04393b90bb59b27
Data/catdog_dataset3/catdog_dataset3_1074/catdog_dataset3_1074.jpg,catdog_dataset3_1074.jpg,catdog_dataset3,cat-3693_jpg.rf.c5e26d3d4c6f4c7228d2b35c8932c468.jpg,81d0d3989325a14725363029c3009598
Data/catdog_dataset3/catdog_dataset3_1075/catdog_dataset3_1075.jpg,catdog_dataset3_1075.jpg,catdog_dataset3,cat-3693_jpg.rf.e9e8334fa805380a3b603f9e4113754b.jpg,9ccbeac64f8d6e17799f4b7ca36e2db1
Data/catdog_dataset3/catdog_dataset3_1076/catdog_dataset3_1076.jpg,catdog_dataset3_1076.jpg,catdog_dataset3,cat-3694_jpg.rf.28fca7a6db1cc2d98e50af5e9f2852dc.jpg,a882e6b92c93d3dbda15682e701b9ffa
Data/catdog_dataset3/catdog_dataset3_1077/catdog_dataset3_1077.jpg,catdog_dataset3_1077.jpg,catdog_dataset3,cat-3694_jpg.rf.a191c1a57dc833d52bd52431e1382175.jpg,0e2dd088c9c6a7c34677cfeddee2927b
Data/catdog_dataset3/catdog_dataset3_1078/catdog_dataset3_1078.jpg,catdog_dataset3_1078.jpg,catdog_dataset3,cat-3694_jpg.rf.e28cf9b13bd853b262f63cfe5db8a11a.jpg,d13798abde67fc13182d2af010fd3a46
Data/catdog_dataset3/catdog_dataset3_1079/catdog_dataset3_1079.jpg,catdog_dataset3_1079.jpg,catdog_dataset3,cat-3695_jpg.rf.2182d1fdf8c717bd93077d1705308c39.jpg,21ccbe462f860e180978433307d02ff0
Data/catdog_dataset3/catdog_dataset3_108/catdog_dataset3_108.jpg,catdog_dataset3_108.jpg,catdog_dataset3,dog-117_jpg.rf.54e059afe4fbd7142bb66ee9716d2690.jpg,0a99fd565acd1079c3a70b64bb16d605
Data/catdog_dataset3/catdog_dataset3_1080/catdog_dataset3_1080.jpg,catdog_dataset3_1080.jpg,catdog_dataset3,cat-3695_jpg.rf.321fed7fa228d808a046babe42d8bc72.jpg,bba19fe04b4419d8a8b0c0de81b94ada
Data/catdog_dataset3/catdog_dataset3_1081/catdog_dataset3_1081.jpg,catdog_dataset3_1081.jpg,catdog_dataset3,cat-3695_jpg.rf.3dba3ca4bf2909519ac2d8df166bd52a.jpg,1a9544329291a5f3b22ce853d7b6806e
Data/catdog_dataset3/catdog_dataset3_1082/catdog_dataset3_1082.jpg,catdog_dataset3_1082.jpg,catdog_dataset3,cat-3696_jpg.rf.8ad715fb15829b584bf71e08db09b373.jpg,8874e63235d17065126992929b39e4aa
Data/catdog_dataset3/catdog_dataset3_1083/catdog_dataset3_1083.jpg,catdog_dataset3_1083.jpg,catdog_dataset3,cat-3696_jpg.rf.99741de4bedf660ed04a0ebfd96f7fe5.jpg,334d623553d9f01597ae0b9931fa1f49
Data/catdog_dataset3/catdog_dataset3_1084/catdog_dataset3_1084.jpg,catdog_dataset3_1084.jpg,catdog_dataset3,cat-3696_jpg.rf.9a3d860f834b1839e6b819b4e6dfd9bb.jpg,8430853a38154dbfe3273da593c8663e
Data/catdog_dataset3/catdog_dataset3_1085/catdog_dataset3_1085.jpg,catdog_dataset3_1085.jpg,catdog_dataset3,cat-3697_jpg.rf.b68ef2a13f8584acc02f4638ef4c3731.jpg,b6f4fb2008f37eb0756636c14614903b
Data/catdog_dataset3/catdog_dataset3_1086/catdog_dataset3_1086.jpg,catdog_dataset3_1086.jpg,catdog_dataset3,cat-3697_jpg.rf.c4e5a4bbab2c4a030ecba52d9124645e.jpg,40e153c76859bfeb417d0cc4f6a05918
Data/catdog_dataset3/catdog_dataset3_1087/catdog_dataset3_1087.jpg,catdog_dataset3_1087.jpg,catdog_dataset3,cat-3697_jpg.rf.fd4fba9d9524cd802cb06c89c6ce11c1.jpg,a98dc296998b043bc3a5667cb6dd4a7f
Data/catdog_dataset3/catdog_dataset3_1088/catdog_dataset3_1088.jpg,catdog_dataset3_1088.jpg,catdog_dataset3,cat-3698_jpg.rf.59518df1164ee77afb28bda3bd93243a.jpg,51470d8af9a4b96c4a131b2bdafd1fff
Data/catdog_dataset3/catdog_dataset3_1089/catdog_dataset3_1089.jpg,catdog_dataset3_1089.jpg,catdog_dataset3,cat-3698_jpg.rf.c73afd43038ffd730172e6072b726999.jpg,3a6ed573417537561c7b73bfea9e7e49
Data/catdog_dataset3/catdog_dataset3_109/catdog_dataset3_109.jpg,catdog_dataset3_109.jpg,catdog_dataset3,dog-117_jpg.rf.8ea98d827f22216a5943095d116aa38d.jpg,32557a8e013bbaa643a2c16a79fcedb1
Data/catdog_dataset3/catdog_dataset3_1090/catdog_dataset3_1090.jpg,catdog_dataset3_1090.jpg,catdog_dataset3,cat-3698_jpg.rf.ce06d589e6bb8c6b2fe817efe441aab4.jpg,ea3b7c23476285dc78d5ba02f57537db
Data/catdog_dataset3/catdog_dataset3_1091/catdog_dataset3_1091.jpg,catdog_dataset3_1091.jpg,catdog_dataset3,cat-3699_jpg.rf.34c06ffa97fa450df99dfdfc13edc3bc.jpg,a5f8e3f2e9eaa8024b88f9c2f5943823
Data/catdog_dataset3/catdog_dataset3_1092/catdog_dataset3_1092.jpg,catdog_dataset3_1092.jpg,catdog_dataset3,cat-3699_jpg.rf.b9d7c69aa56e601e7e3c476370ae6804.jpg,88620c8e8ea919aa94a74bc89f2a73ae
Data/catdog_dataset3/catdog_dataset3_1093/catdog_dataset3_1093.jpg,catdog_dataset3_1093.jpg,catdog_dataset3,cat-3699_jpg.rf.ecd1409ccd0983ebd8b2a5aeef73bc33.jpg,eec30220c97223614801d4440e245ee4
Data/catdog_dataset3/catdog_dataset3_1094/catdog_dataset3_1094.jpg,catdog_dataset3_1094.jpg,catdog_dataset3,cat-3700_jpg.rf.0fd4a1ef580b1f5b777d2096816c2fb1.jpg,d273771bff8b33b1661afef9ac9e9db1
Data/catdog_dataset3/catdog_dataset3_1095/catdog_dataset3_1095.jpg,catdog_dataset3_1095.jpg,catdog_dataset3,cat-3700_jpg.rf.cc1cc6057974e7d9a70a4c3995cc7244.jpg,dcb8ae797ddf3ba14588b1bcb84ad471
Data/catdog_dataset3/catdog_dataset3_1096/catdog_dataset3_1096.jpg,catdog_dataset3_1096.jpg,catdog_dataset3,cat-3700_jpg.rf.ccb1a2d3f691def3a02a648fbfd746f9.jpg,d046b068924383a5b99c40660cfc4f03
Data/catdog_dataset3/catdog_dataset3_1097/catdog_dataset3_1097.jpg,catdog_dataset3_1097.jpg,catdog_dataset3,cat-3701_jpg.rf.17c003912e03a53103f1a36b42e68e6b.jpg,fdbb76e8b138905aaf7fbede514990ce
Data/catdog_dataset3/catdog_dataset3_1098/catdog_dataset3_1098.jpg,catdog_dataset3_1098.jpg,catdog_dataset3,cat-3701_jpg.rf.a42872ad2aa325efedc0a30b1a0883d9.jpg,7284dd5d4410d4afc48840e3c7d12067
Data/catdog_dataset3/catdog_dataset3_1099/catdog_dataset3_1099.jpg,catdog_dataset3_1099.jpg,catdog_dataset3,cat-3701_jpg.rf.c6e1b31ce6a9ba86772de10b5f97cce3.jpg,ec191c62d908efb17b58cd86249b4852
Data/catdog_dataset3/catdog_dataset3_11/catdog_dataset3_11.jpg,catdog_dataset3_11.jpg,catdog_dataset3,dog-174_jpg.rf.dce10d5ee045f14e181fa463478eb5d7.jpg,dd3f469589e2549ee314d8991d8a9be0
Data/catdog_dataset3/catdog_dataset3_110/catdog_dataset3_110.jpg,catdog_dataset3_110.jpg,catdog_dataset3,dog-118_jpg.rf.4f9112bec68d4cc5e6c680d4865e4989.jpg,0bfeed3be2740ec08717b152bd6805be
Data/catdog_dataset3/catdog_dataset3_1100/catdog_dataset3_1100.jpg,catdog_dataset3_1100.jpg,catdog_dataset3,cat-3702_jpg.rf.5630781f80703eb6c8f394a8741621d5.jpg,12f4ef4dc8dd4519ec04d5af5aba32d3
Data/catdog_dataset3/catdog_dataset3_1101/catdog_dataset3_1101.jpg,catdog_dataset3_1101.jpg,catdog_dataset3,cat-3702_jpg.rf.ac10e7df05cd3c455c5630e7d88cd1d9.jpg,2c626a5fb93b5560e2cc958060e033f4
Data/catdog_dataset3/catdog_dataset3_1102/catdog_dataset3_1102.jpg,catdog_dataset3_1102.jpg,catdog_dataset3,cat-3702_jpg.rf.b2db2642cd3a877214002527b1e7e4d2.jpg,c4d1c6fdc805c8105625dea3b8ebed79
Data/catdog_dataset3/catdog_dataset3_1103/catdog_dataset3_1103.jpg,catdog_dataset3_1103.jpg,catdog_dataset3,cat-3703_jpg.rf.482e6dee3d0c1dec64f4c2c298dd19bd.jpg,d8777b8fff40a9d3ea2d7ce0b5ee4c2b
Data/catdog_dataset3/catdog_dataset3_1104/catdog_dataset3_1104.jpg,catdog_dataset3_1104.jpg,catdog_dataset3,cat-3703_jpg.rf.7d079f0254b025f3af08b4ab24a0060f.jpg,0dab5da5b7903191dc0329dc20a297b4
Data/catdog_dataset3/catdog_dataset3_1105/catdog_dataset3_1105.jpg,catdog_dataset3_1105.jpg,catdog_dataset3,cat-3703_jpg.rf.c8f43a7afc30de77a7cee4ae1853a5ad.jpg,eb6ecbdf8c5e80fa2138c698bdd74117
Data/catdog_dataset3/catdog_dataset3_1106/catdog_dataset3_1106.jpg,catdog_dataset3_1106.jpg,catdog_dataset3,cat-3706_jpg.rf.358af2deb41095efe59b9db4a524c4d7.jpg,6374be749a736a2389afea8094fc36c3
Data/catdog_dataset3/catdog_dataset3_1107/catdog_dataset3_1107.jpg,catdog_dataset3_1107.jpg,catdog_dataset3,cat-3706_jpg.rf.3cf56110b92c4563893d6a698d1f6ae1.jpg,6494fd76c2cc97fdd2348c53817069aa
Data/catdog_dataset3/catdog_dataset3_1108/catdog_dataset3_1108.jpg,catdog_dataset3_1108.jpg,catdog_dataset3,cat-3706_jpg.rf.56e3eb9c24751ddd95f27e3f82919135.jpg,af78ce34337b18c1864e0a278c85cbe5
Data/catdog_dataset3/catdog_dataset3_1109/catdog_dataset3_1109.jpg,catdog_dataset3_1109.jpg,catdog_dataset3,cat-3708_jpg.rf.aa7c70873039ca097ce1acc2b152ce21.jpg,1865c286fabb3bee42dd70a243ce4a8d
Data/catdog_dataset3/catdog_dataset3_111/catdog_dataset3_111.jpg,catdog_dataset3_111.jpg,catdog_dataset3,dog-118_jpg.rf.7b088e0cb95dc9e50ef72aca58007dfa.jpg,c3eeeda295f94af68a0cbe89e216164b
Data/catdog_dataset3/catdog_dataset3_1110/catdog_dataset3_1110.jpg,catdog_dataset3_1110.jpg,catdog_dataset3,cat-3708_jpg.rf.d95125704ce6b1ab24b2f19062a7e4a0.jpg,e380a51407a7e36ba7794f560dbb8362
Data/catdog_dataset3/catdog_dataset3_1111/catdog_dataset3_1111.jpg,catdog_dataset3_1111.jpg,catdog_dataset3,cat-3708_jpg.rf.fa70b601bd6c6163c36b17b0753d9caf.jpg,8b3e2e3eed8fad6c65b654d2d62eded4
Data/catdog_dataset3/catdog_dataset3_1112/catdog_dataset3_1112.jpg,catdog_dataset3_1112.jpg,catdog_dataset3,cat-3712_jpg.rf.3ae730e74a2ec3f41cff03be8558a338.jpg,f83d0ef734c5c40d1c927491af60b503
Data/catdog_dataset3/catdog_dataset3_1113/catdog_dataset3_1113.jpg,catdog_dataset3_1113.jpg,catdog_dataset3,cat-3712_jpg.rf.78d66bec82ff87bc6c91b83f0347f141.jpg,de70006915364bb831dc2056ab01ee2c
Data/catdog_dataset3/catdog_dataset3_1114/catdog_dataset3_1114.jpg,catdog_dataset3_1114.jpg,catdog_dataset3,cat-3712_jpg.rf.d3064e58a6ffa891acae0401725caca1.jpg,814cd476808bdbd4e7ba661cbcd8f064
Data/catdog_dataset3/catdog_dataset3_1115/catdog_dataset3_1115.jpg,catdog_dataset3_1115.jpg,catdog_dataset3,cat-3713_jpg.rf.408c1faeed047ec7a3c3b715f8043560.jpg,c2562a155f387cf8b4cb973af43e477a
Data/catdog_dataset3/catdog_dataset3_1116/catdog_dataset3_1116.jpg,catdog_dataset3_1116.jpg,catdog_dataset3,cat-3713_jpg.rf.52a6caec91ef1be453fab35e57e4d9ca.jpg,4289f4eaaf7252db393e28e8a26f861c
Data/catdog_dataset3/catdog_dataset3_1117/catdog_dataset3_1117.jpg,catdog_dataset3_1117.jpg,catdog_dataset3,cat-3713_jpg.rf.e516d1acf8add82ca4e30dbdc84da8ef.jpg,0626b82b9843c5fa7a5d512297e660a8
Data/catdog_dataset3/catdog_dataset3_1118/catdog_dataset3_1118.jpg,catdog_dataset3_1118.jpg,catdog_dataset3,cat-3714_jpg.rf.48b8cd55ee489812ac6351807c37f2e1.jpg,1043d4971c03e6e8432120bceb8410c9
Data/catdog_dataset3/catdog_dataset3_1119/catdog_dataset3_1119.jpg,catdog_dataset3_1119.jpg,catdog_dataset3,cat-3714_jpg.rf.bb1708a0e02ccf286ef6f7523ced3a56.jpg,09ee72bd32e45e024fe7da3afaec6f43
Data/catdog_dataset3/catdog_dataset3_112/catdog_dataset3_112.jpg,catdog_dataset3_112.jpg,catdog_dataset3,dog-118_jpg.rf.b9cc3d8a1ef961419c284c6325993df1.jpg,1a6b84cd3bc8c622fccc9e28c438067f
Data/catdog_dataset3/catdog_dataset3_1120/catdog_dataset3_1120.jpg,catdog_dataset3_1120.jpg,catdog_dataset3,cat-3714_jpg.rf.c915b58a01b23583f5526f7df2dac87e.jpg,afd67e904ee567def1ef0fe4e5143b53
Data/catdog_dataset3/catdog_dataset3_1121/catdog_dataset3_1121.jpg,catdog_dataset3_1121.jpg,catdog_dataset3,cat-3716_jpg.rf.39bba6287ab0114c52c0a48b64eea22b.jpg,09bd8ae4c8e7aeb641bcc3bcbd2d3753
Data/catdog_dataset3/catdog_dataset3_1122/catdog_dataset3_1122.jpg,catdog_dataset3_1122.jpg,catdog_dataset3,cat-3716_jpg.rf.7df9eb59f450e16190abc322a539eeb6.jpg,3a5e0e9523df09430d453a279b2fd9f7
Data/catdog_dataset3/catdog_dataset3_1123/catdog_dataset3_1123.jpg,catdog_dataset3_1123.jpg,catdog_dataset3,cat-3716_jpg.rf.bc5eafacd10588a656b2ff933caa623d.jpg,f70ae87c842a9cc79346d16db762a342
Data/catdog_dataset3/catdog_dataset3_1124/catdog_dataset3_1124.jpg,catdog_dataset3_1124.jpg,catdog_dataset3,cat-3717_jpg.rf.030b551bf05c53d7fd12c58645ca5500.jpg,d80b70f9235bcd5be2377b2d8053267c
Data/catdog_dataset3/catdog_dataset3_1125/catdog_dataset3_1125.jpg,catdog_dataset3_1125.jpg,catdog_dataset3,cat-3717_jpg.rf.2d6bccbc609f9777df9e12d43d9e270a.jpg,97faaa84d82d9efd9fbedccc19b2ef6e
Data/catdog_dataset3/catdog_dataset3_1126/catdog_dataset3_1126.jpg,catdog_dataset3_1126.jpg,catdog_dataset3,cat-3717_jpg.rf.80df9d0104fe7e74c64f224ca6eb6cbc.jpg,b826a0195490d7a41d87af4b5a730ab4
Data/catdog_dataset3/catdog_dataset3_1127/catdog_dataset3_1127.jpg,catdog_dataset3_1127.jpg,catdog_dataset3,cat-3718_jpg.rf.61b6d3ce8517b571049e3de880d0aef8.jpg,5056d62aa7f52a7ab76448223a8a6064
Data/catdog_dataset3/catdog_dataset3_1128/catdog_dataset3_1128.jpg,catdog_dataset3_1128.jpg,catdog_dataset3,cat-3718_jpg.rf.e6e7ff4c1960f4df8ea07af3c53d7af8.jpg,9b538f45d1fca46574b11056f7e0d3b9
Data/catdog_dataset3/catdog_dataset3_1129/catdog_dataset3_1129.jpg,catdog_dataset3_1129.jpg,catdog_dataset3,cat-3718_jpg.rf.f934d0e5c8a347a5c6902ddd9e8f52ac.jpg,2770e1b4f86bb36bcfaa409fe2781036
Data/catdog_dataset3/catdog_dataset3_113/catdog_dataset3_113.jpg,catdog_dataset3_113.jpg,catdog_dataset3,dog-119_jpg.rf.2a331e73d6c9481f43bd9ef3725b498f.jpg,97c82dd1fadbb6f14a05e1ba2554b884
Data/catdog_dataset3/catdog_dataset3_1130/catdog_dataset3_1130.jpg,catdog_dataset3_1130.jpg,catdog_dataset3,cat-3719_jpg.rf.042070bd087658c4738f0ee2c978538a.jpg,bba86bc2a46a831277bb20814a24fefb
Data/catdog_dataset3/catdog_dataset3_1131/catdog_dataset3_1131.jpg,catdog_dataset3_1131.jpg,catdog_dataset3,cat-3719_jpg.rf.5617c6733abd64c1966246510e050ce2.jpg,95798fa3bf589572704df3742bac87b0
Data/catdog_dataset3/catdog_dataset3_1132/catdog_dataset3_1132.jpg,catdog_dataset3_1132.jpg,catdog_dataset3,cat-3719_jpg.rf.99390f0de320fb1310c71037d7812ae5.jpg,cd3207741cc58b418a733fb6511a3fc8
Data/catdog_dataset3/catdog_dataset3_1133/catdog_dataset3_1133.jpg,catdog_dataset3_1133.jpg,catdog_dataset3,cat-3720_jpg.rf.18302b4631d0657dcb7d528a9c157460.jpg,45eb86080128a7aa8f4e2d6167118910
Data/catdog_dataset3/catdog_dataset3_1134/catdog_dataset3_1134.jpg,catdog_dataset3_1134.jpg,catdog_dataset3,cat-3720_jpg.rf.59ea54c0dee7df5a9c14596e67f6d848.jpg,4419b1d930559a1d4b5dde57c3c75ac6
Data/catdog_dataset3/catdog_dataset3_1135/catdog_dataset3_1135.jpg,catdog_dataset3_1135.jpg,catdog_dataset3,cat-3720_jpg.rf.6617788e3a981358c4c6fcfdff5fe625.jpg,d99b87172b203659707278f2f0477765
Data/catdog_dataset3/catdog_dataset3_1136/catdog_dataset3_1136.jpg,catdog_dataset3_1136.jpg,catdog_dataset3,cat-3722_jpg.rf.2945380f4dbb1f870cee6febde6a3f70.jpg,cc8a0a23e57e8c803af4cee77c8229d0
Data/catdog_dataset3/catdog_dataset3_1137/catdog_dataset3_1137.jpg,catdog_dataset3_1137.jpg,catdog_dataset3,cat-3722_jpg.rf.538dd010797210a6a78afab5fa72c932.jpg,c42867ec4d8b2589b6ae29a0551b1381
Data/catdog_dataset3/catdog_dataset3_1138/catdog_dataset3_1138.jpg,catdog_dataset3_1138.jpg,catdog_dataset3,cat-3722_jpg.rf.fd21fc3f58b0c786b4ac188f7d63eaaf.jpg,0ed75e935a4bfc8ec2db822ec4e7b3f7
Data/catdog_dataset3/catdog_dataset3_1139/catdog_dataset3_1139.jpg,catdog_dataset3_1139.jpg,catdog_dataset3,cat-3725_jpg.rf.9527f0e2c154dde4d66a6ca34cf090c5.jpg,15c855efb919a820ada585a9bc32805f
Data/catdog_dataset3/catdog_dataset3_114/catdog_dataset3_114.jpg,catdog_dataset3_114.jpg,catdog_dataset3,dog-119_jpg.rf.66275a12315158ba9acfdafa3de6a9c0.jpg,1eeab56b9cffc9ffbd8bad532ad3c88f
Data/catdog_dataset3/catdog_dataset3_1140/catdog_dataset3_1140.jpg,catdog_dataset3_1140.jpg,catdog_dataset3,cat-3725_jpg.rf.e79dabdaf077281957b318476d68f80a.jpg,bde1de29b5a52060dc7e2fbf3206e777
Data/catdog_dataset3/catdog_dataset3_1141/catdog_dataset3_1141.jpg,catdog_dataset3_1141.jpg,catdog_dataset3,cat-3725_jpg.rf.ecd985e212699e46225bde219cb2ae44.jpg,3f01146f53c576585eadc48a84a93d79
Data/catdog_dataset3/catdog_dataset3_115/catdog_dataset3_115.jpg,catdog_dataset3_115.jpg,catdog_dataset3,dog-119_jpg.rf.d5534a960d3bce500e3698c271aeae6e.jpg,2454a10dd05a67f950427c65b646a79d
Data/catdog_dataset3/catdog_dataset3_116/catdog_dataset3_116.jpg,catdog_dataset3_116.jpg,catdog_dataset3,dog-11_jpg.rf.bd06cd18145dd4229e06b0984d87cc50.jpg,5b10485607c837addb0e88c48ab670f5
Data/catdog_dataset3/catdog_dataset3_117/catdog_dataset3_117.jpg,catdog_dataset3_117.jpg,catdog_dataset3,dog-11_jpg.rf.c3305d2da10dea1333cf9c38ff3729e2.jpg,5b598d2176a84d54f909e68ac4cedb8d
Data/catdog_dataset3/catdog_dataset3_118/catdog_dataset3_118.jpg,catdog_dataset3_118.jpg,catdog_dataset3,dog-11_jpg.rf.dfd4268abb83cac8292d7c468b0626d7.jpg,560665e30a56916d889b99ac6a6ad6c6
Data/catdog_dataset3/catdog_dataset3_119/catdog_dataset3_119.jpg,catdog_dataset3_119.jpg,catdog_dataset3,dog-120_jpg.rf.284dbfc0a56f848141f6a2b926c0b20b.jpg,aeb7bc453f621e208eab1135d3dde545
Data/catdog_dataset3/catdog_dataset3_12/catdog_dataset3_12.jpg,catdog_dataset3_12.jpg,catdog_dataset3,dog-175_jpg.rf.c4c410eb7f8607a862c02d3e2fc674a6.jpg,755ddd92ae0883c52e1a4725f18a2180
Data/catdog_dataset3/catdog_dataset3_120/catdog_dataset3_120.jpg,catdog_dataset3_120.jpg,catdog_dataset3,dog-120_jpg.rf.bfaa815520a24164fd7146f2a83fa322.jpg,e2faa0ce8996b85adc393c4825b20270
Data/catdog_dataset3/catdog_dataset3_121/catdog_dataset3_121.jpg,catdog_dataset3_121.jpg,catdog_dataset3,dog-120_jpg.rf.ec63ad9dbe74ffebfcd53e9bb025a4bc.jpg,2686c98273bb14fe889f93f6a314830d
Data/catdog_dataset3/catdog_dataset3_122/catdog_dataset3_122.jpg,catdog_dataset3_122.jpg,catdog_dataset3,dog-121_jpg.rf.400448726d768b3224662baf50b2ac53.jpg,bdefb74c474594aeb339e49df21232f6
Data/catdog_dataset3/catdog_dataset3_123/catdog_dataset3_123.jpg,catdog_dataset3_123.jpg,catdog_dataset3,dog-121_jpg.rf.4d28966161f217e73dc136dd6c65c04b.jpg,83a041e9f67827daf867e29d29af4f62
Data/catdog_dataset3/catdog_dataset3_124/catdog_dataset3_124.jpg,catdog_dataset3_124.jpg,catdog_dataset3,dog-121_jpg.rf.e6cc34bfd1b093b1fc3908df397ff147.jpg,f2d4c9b3a3c91b5e1637ac0f4c397e50
Data/catdog_dataset3/catdog_dataset3_125/catdog_dataset3_125.jpg,catdog_dataset3_125.jpg,catdog_dataset3,dog-122_jpg.rf.46f573ed5b24d2d8a338b626396962e4.jpg,66b26c5b4aa308a52dbb6873f17a8d77
Data/catdog_dataset3/catdog_dataset3_126/catdog_dataset3_126.jpg,catdog_dataset3_126.jpg,catdog_dataset3,dog-122_jpg.rf.8acd43f99c98e8fdfde34761c4f66444.jpg,ed1ecac1c183f1426da524296468422f
Data/catdog_dataset3/catdog_dataset3_127/catdog_dataset3_127.jpg,catdog_dataset3_127.jpg,catdog_dataset3,dog-122_jpg.rf.d1c7c298356f6b03259bee219692254e.jpg,99e2d62b7d0871d2b3c86644f804dad9
Data/catdog_dataset3/catdog_dataset3_128/catdog_dataset3_128.jpg,catdog_dataset3_128.jpg,catdog_dataset3,dog-123_jpg.rf.0430789893e9886d6f15c939e4040038.jpg,6f33f0c632c2458102bfe84f42bdb2e3
Data/catdog_dataset3/catdog_dataset3_129/catdog_dataset3_129.jpg,catdog_dataset3_129.jpg,catdog_dataset3,dog-123_jpg.rf.05dcec7d9b8d4acc10a917ad75c82b67.jpg,267ce85c6dcded3d3d2ab337246695cb
Data/catdog_dataset3/catdog_dataset3_13/catdog_dataset3_13.jpg,catdog_dataset3_13.jpg,catdog_dataset3,dog-184_jpg.rf.8ed3517cd989af99fd1ba4c5e40048cd.jpg,5f866693a0a09f30cabc4772f8f1fd57
Data/catdog_dataset3/catdog_dataset3_130/catdog_dataset3_130.jpg,catdog_dataset3_130.jpg,catdog_dataset3,dog-123_jpg.rf.7265a68a2feabc287437f7907ad4950c.jpg,2bcfadfa84dd5b5f7cd580574308523a
Data/catdog_dataset3/catdog_dataset3_131/catdog_dataset3_131.jpg,catdog_dataset3_131.jpg,catdog_dataset3,dog-124_jpg.rf.00f07688a30623bc1ce35c2ce918a4df.jpg,c7fc276cdb6158328e702241d60ef921
Data/catdog_dataset3/catdog_dataset3_132/catdog_dataset3_132.jpg,catdog_dataset3_132.jpg,catdog_dataset3,dog-124_jpg.rf.3dcf814d7a55b7af266392d1b33ea6d5.jpg,e0ffe4fd2c5ed24fe3a13518daecd506
Data/catdog_dataset3/catdog_dataset3_133/catdog_dataset3_133.jpg,catdog_dataset3_133.jpg,catdog_dataset3,dog-124_jpg.rf.6efbaa179630e41f1b516badc99dbcbd.jpg,addac79af875709686c0d77385bbc657
Data/catdog_dataset3/catdog_dataset3_134/catdog_dataset3_134.jpg,catdog_dataset3_134.jpg,catdog_dataset3,dog-127_jpg.rf.89be7e0b6f5a9ffa03cb46126ab6b265.jpg,3c3e2cd02ad9091854c8cd4310e50162
Data/catdog_dataset3/catdog_dataset3_135/catdog_dataset3_135.jpg,catdog_dataset3_135.jpg,catdog_dataset3,dog-127_jpg.rf.a687db0558413f6c97ed7770f087d94e.jpg,9b7e247db20834a6a505707d38cd5d6e
Data/catdog_dataset3/catdog_dataset3_136/catdog_dataset3_136.jpg,catdog_dataset3_136.jpg,catdog_dataset3,dog-127_jpg.rf.cae39471f31d628371496b31b4816a29.jpg,8391db50d52e986dbb2b52987f142ce7
Data/catdog_dataset3/catdog_dataset3_137/catdog_dataset3_137.jpg,catdog_dataset3_137.jpg,catdog_dataset3,dog-128_jpg.rf.1b12efc0a2a8e4cabf352157160f39f2.jpg,2c047baa5a14bd616cb5640502ebdc37
Data/catdog_dataset3/catdog_dataset3_138/catdog_dataset3_138.jpg,catdog_dataset3_138.jpg,catdog_dataset3,dog-128_jpg.rf.8c504adbc83ff4e917914707ccda383a.jpg,9198b0dd2d43f91cda86ed853197c0fc
Data/catdog_dataset3/catdog_dataset3_139/catdog_dataset3_139.jpg,catdog_dataset3_139.jpg,catdog_dataset3,dog-128_jpg.rf.f5bbf5b2b450f5915a238d412bcc2221.jpg,d52d5f9e70176f64257d3ab0fa97e3ae
Data/catdog_dataset3/catdog_dataset3_14/catdog_dataset3_14.jpg,catdog_dataset3_14.jpg,catdog_dataset3,dog-187_jpg.rf.d3c7b120e7c8f8e7eb50bfc840219917.jpg,5660dc03984279b64fffaf3f0983ac0e
Data/catdog_dataset3/catdog_dataset3_140/catdog_dataset3_140.jpg,catdog_dataset3_140.jpg,catdog_dataset3,dog-131_jpg.rf.353956ae6a52fd3c5812b7ac3efc55e8.jpg,d82af370cf7adf1ce7a12fd1a61533ad
Data/catdog_dataset3/catdog_dataset3_141/catdog_dataset3_141.jpg,catdog_dataset3_141.jpg,catdog_dataset3,dog-131_jpg.rf.4cf01267a740b6abf4c13ff553fbf170.jpg,dddef6b7ba28ceb9cf99a656511b4174
Data/catdog_dataset3/catdog_dataset3_142/catdog_dataset3_142.jpg,catdog_dataset3_142.jpg,catdog_dataset3,dog-131_jpg.rf.ca597d002989b9e61bf5fe5073bc7fe0.jpg,84f2d8b1f39f087457da6eaf71acbb89
Data/catdog_dataset3/catdog_dataset3_143/catdog_dataset3_143.jpg,catdog_dataset3_143.jpg,catdog_dataset3,dog-132_jpg.rf.20c7704d43593d27b3f343a927487ff2.jpg,d212f3697a9a02e7433df10163554b49
Data/catdog_dataset3/catdog_dataset3_144/catdog_dataset3_144.jpg,catdog_dataset3_144.jpg,catdog_dataset3,dog-132_jpg.rf.5883fcc068585d9db55771d3e68d4045.jpg,03fa5464cd0b01f8c6be4c0a55019d9f
Data/catdog_dataset3/catdog_dataset3_145/catdog_dataset3_145.jpg,catdog_dataset3_145.jpg,catdog_dataset3,dog-132_jpg.rf.d04822f88265dab5de7a87cba36a6dfd.jpg,7e565ae8d2ce2ddb0a0c8b4131f4a6ce
Data/catdog_dataset3/catdog_dataset3_146/catdog_dataset3_146.jpg,catdog_dataset3_146.jpg,catdog_dataset3,dog-133_jpg.rf.673c43481b728d4194ad4327b6159ced.jpg,43654484a8012c1b8ee99d1d44349d6c
Data/catdog_dataset3/catdog_dataset3_147/catdog_dataset3_147.jpg,catdog_dataset3_147.jpg,catdog_dataset3,dog-133_jpg.rf.8774191e13e5739ab35c4e4011bb6a58.jpg,7cd4b0659ad79cbdc6a98e4efd974202
Data/catdog_dataset3/catdog_dataset3_148/catdog_dataset3_148.jpg,catdog_dataset3_148.jpg,catdog_dataset3,dog-133_jpg.rf.af9a6c4e34e80d0c0e1ed267efb9b467.jpg,bcb3417db5726b056cfb5664093f852e
Data/catdog_dataset3/catdog_dataset3_149/catdog_dataset3_149.jpg,catdog_dataset3_149.jpg,catdog_dataset3,dog-134_jpg.rf.09ff6338822a26762a6a6bb5de0d3e0f.jpg,a77ed68655b0e1ed338caa67e7c4f9e2
Data/catdog_dataset3/catdog_dataset3_15/catdog_dataset3_15.jpg,catdog_dataset3_15.jpg,catdog_dataset3,dog-190_jpg.rf.4fc9142606bccbee1d27af377f52f13e.jpg,13e9f7587f4618f76b92f88bdc2ddeea
Data/catdog_dataset3/catdog_dataset3_150/catdog_dataset3_150.jpg,catdog_dataset3_150.jpg,catdog_dataset3,dog-134_jpg.rf.b142e6be3237271ac2f2dfebafa353cb.jpg,c5f1df44133a9a629d3854f1d5de463d
Data/catdog_dataset3/catdog_dataset3_151/catdog_dataset3_151.jpg,catdog_dataset3_151.jpg,catdog_dataset3,dog-134_jpg.rf.e12da5d756a340bf3c7b45e8b153759c.jpg,eeeb057cad8835c8706d99c64c7e0c76
Data/catdog_dataset3/catdog_dataset3_152/catdog_dataset3_152.jpg,catdog_dataset3_152.jpg,catdog_dataset3,dog-135_jpg.rf.18ad6c605fb1b1b9952cb712c50e1d10.jpg,c6bf5af4a2495c305f15e418c2dac56e
Data/catdog_dataset3/catdog_dataset3_153/catdog_dataset3_153.jpg,catdog_dataset3_153.jpg,catdog_dataset3,dog-135_jpg.rf.67c0fd80b39c492cb49fac537ff6bcdd.jpg,b1e6834031a7827ad3decb9d673908e4
Data/catdog_dataset3/catdog_dataset3_154/catdog_dataset3_154.jpg,catdog_dataset3_154.jpg,catdog_dataset3,dog-135_jpg.rf.7159087ebc493de8d1ebf36e1ce0fa64.jpg,44ee152d2c0750e3012bc08b8e62c642
Data/catdog_dataset3/catdog_dataset3_155/catdog_dataset3_155.jpg,catdog_dataset3_155.jpg,catdog_dataset3,dog-136_jpg.rf.048df3bf87ebc4f6b42b99d48b2c57b9.jpg,770e3349b0f824ff8542f0a79c77b709
Data/catdog_dataset3/catdog_dataset3_156/catdog_dataset3_156.jpg,catdog_dataset3_156.jpg,catdog_dataset3,dog-136_jpg.rf.6f550ea595eae7f70e7f021eb26cacd1.jpg,da04d885cd7792cc763ba040c7caff01
Data/catdog_dataset3/catdog_dataset3_157/catdog_dataset3_157.jpg,catdog_dataset3_157.jpg,catdog_dataset3,dog-136_jpg.rf.dcb170b3fbd3a92d4016dc64214a2815.jpg,604cc1b6f8dddfd7a9fdf368ea7124b2
Data/catdog_dataset3/catdog_dataset3_158/catdog_dataset3_158.jpg,catdog_dataset3_158.jpg,catdog_dataset3,dog-137_jpg.rf.04ac4cfde32dde3ad3fa537515034c10.jpg,c759c30a58e9b45b4b43f63798a0e444
Data/catdog_dataset3/catdog_dataset3_159/catdog_dataset3_159.jpg,catdog_dataset3_159.jpg,catdog_dataset3,dog-137_jpg.rf.26c1971bdde6f5a4562bc7cb1f57ac7d.jpg,823b5f91988ae68966284b6319e127c8
Data/catdog_dataset3/catdog_dataset3_16/catdog_dataset3_16.jpg,catdog_dataset3_16.jpg,catdog_dataset3,dog-203_jpg.rf.942cc29ff7241e49d6f249834d425e84.jpg,1b67265d851fbdb422911e7bdc5773c8
Data/catdog_dataset3/catdog_dataset3_160/catdog_dataset3_160.jpg,catdog_dataset3_160.jpg,catdog_dataset3,dog-137_jpg.rf.407bdb7ff497c5e88396e984141b0807.jpg,642366d307403be5f3d2ef615ad095e1
Data/catdog_dataset3/catdog_dataset3_161/catdog_dataset3_161.jpg,catdog_dataset3_161.jpg,catdog_dataset3,dog-13_jpg.rf.19adb7c8451039a902c1d5a7ae256484.jpg,9c4e4e7ce7addeb1c35f806739c31404
Data/catdog_dataset3/catdog_dataset3_162/catdog_dataset3_162.jpg,catdog_dataset3_162.jpg,catdog_dataset3,dog-13_jpg.rf.6bdba2c43972b189fb436015ca80dc04.jpg,c33741a918f0c4e8c1568fa4ebf8961a
Data/catdog_dataset3/catdog_dataset3_163/catdog_dataset3_163.jpg,catdog_dataset3_163.jpg,catdog_dataset3,dog-13_jpg.rf.be2d75d3bc1ce7ec7c90be83baba8b3e.jpg,ab59cfcd4c234b66800b61fde86389eb
Data/catdog_dataset3/catdog_dataset3_164/catdog_dataset3_164.jpg,catdog_dataset3_164.jpg,catdog_dataset3,dog-140_jpg.rf.5a0bae2e109c4024befcb28ee039815d.jpg,efcde3625e11d8546d72e319cb5b1521
Data/catdog_dataset3/catdog_dataset3_165/catdog_dataset3_165.jpg,catdog_dataset3_165.jpg,catdog_dataset3,dog-140_jpg.rf.7436b4db3e567c8be06b157a375888c1.jpg,8f481a43f871040a1a7394e99f7bd23f
Data/catdog_dataset3/catdog_dataset3_166/catdog_dataset3_166.jpg,catdog_dataset3_166.jpg,catdog_dataset3,dog-140_jpg.rf.adc16eb4b111388f2379700f5b28cbe3.jpg,40272ad6cb7ba8cee8f86e0e20e1426d
Data/catdog_dataset3/catdog_dataset3_167/catdog_dataset3_167.jpg,catdog_dataset3_167.jpg,catdog_dataset3,dog-141_jpg.rf.63661460709ee0fb0a4da4b0d49510e4.jpg,850c4fab7456d961e5691862bc8af97f
Data/catdog_dataset3/catdog_dataset3_168/catdog_dataset3_168.jpg,catdog_dataset3_168.jpg,catdog_dataset3,dog-141_jpg.rf.e2656965cb45af1bc9ce2b5c7caa8ee3.jpg,ad29ebf9f886ff122d529da5bf609b32
Data/catdog_dataset3/catdog_dataset3_169/catdog_dataset3_169.jpg,catdog_dataset3_169.jpg,catdog_dataset3,dog-141_jpg.rf.effc8a3463be161699207a751823a30e.jpg,47b74e43159cd13561eebf5ff4a340da
Data/catdog_dataset3/catdog_dataset3_17/catdog_dataset3_17.jpg,catdog_dataset3_17.jpg,catdog_dataset3,dog-209_jpg.rf.06a1d30bdd2bceb4963366faf4a50b3f.jpg,2f5fa79b103306439510788cc9e9659e
Data/catdog_dataset3/catdog_dataset3_170/catdog_dataset3_170.jpg,catdog_dataset3_170.jpg,catdog_dataset3,dog-142_jpg.rf.32adf7e1b2d8cb52a6ba3607adcacc92.jpg,ba5b71dca22d1db163b58c65ce5b7566
Data/catdog_dataset3/catdog_dataset3_171/catdog_dataset3_171.jpg,catdog_dataset3_171.jpg,catdog_dataset3,dog-142_jpg.rf.687b58279ffd3eb219ad1c8d1a452476.jpg,fb64a9edea3500a15aa59846a4cdba8b
Data/catdog_dataset3/catdog_dataset3_172/catdog_dataset3_172.jpg,catdog_dataset3_172.jpg,catdog_dataset3,dog-142_jpg.rf.f2d48666b3b0a7f75fc54bd63f171dbe.jpg,751aa6f0e5fdaef53ea0aa9828249e1f
Data/catdog_dataset3/catdog_dataset3_173/catdog_dataset3_173.jpg,catdog_dataset3_173.jpg,catdog_dataset3,dog-145_jpg.rf.02d465c94137d4ca98d51723e9a25290.jpg,75519ba572a59770cca59596bf3d3c81
Data/catdog_dataset3/catdog_dataset3_174/catdog_dataset3_174.jpg,catdog_dataset3_174.jpg,catdog_dataset3,dog-145_jpg.rf.a7c05b0ef8801fe6f6ddb2ff4b2c6ec5.jpg,a83826891f3f6f37ef294f0b0ece91c0
Data/catdog_dataset3/catdog_dataset3_175/catdog_dataset3_175.jpg,catdog_dataset3_175.jpg,catdog_dataset3,dog-145_jpg.rf.acaf8881e2797f49676f73e66bb04885.jpg,5891896efa5e2c8d89fb2bd0bd372ac6
Data/catdog_dataset3/catdog_dataset3_176/catdog_dataset3_176.jpg,catdog_dataset3_176.jpg,catdog_dataset3,dog-148_jpg.rf.2ba000da139f60e40375ee71b2569f1a.jpg,d2cb6360ffea1b64cb0af31f558721b8
Data/catdog_dataset3/catdog_dataset3_177/catdog_dataset3_177.jpg,catdog_dataset3_177.jpg,catdog_dataset3,dog-148_jpg.rf.de4899c30f77c1584fa5b17161248223.jpg,1d77645fb2b97845dc3aff9f838bd7ef
Data/catdog_dataset3/catdog_dataset3_178/catdog_dataset3_178.jpg,catdog_dataset3_178.jpg,catdog_dataset3,dog-148_jpg.rf.fd6356a79693086203dc85c09c148443.jpg,d61dd3304ccbfc59b901f405d1209a0b
Data/catdog_dataset3/catdog_dataset3_179/catdog_dataset3_179.jpg,catdog_dataset3_179.jpg,catdog_dataset3,dog-14_jpg.rf.204f34b34eae3ada2ece2154172f061d.jpg,6656974506be92a890c7b3c7adb59563
Data/catdog_dataset3/catdog_dataset3_18/catdog_dataset3_18.jpg,catdog_dataset3_18.jpg,catdog_dataset3,dog-211_jpg.rf.9225f2ba717784cb521709ad387cb1a0.jpg,105bdc5b1abac2087e7a09df02299a54
Data/catdog_dataset3/catdog_dataset3_180/catdog_dataset3_180.jpg,catdog_dataset3_180.jpg,catdog_dataset3,dog-14_jpg.rf.9e148e05811546c3411671e10d6ee846.jpg,cd711813ee9f99ce952d7056902fbf73
Data/catdog_dataset3/catdog_dataset3_181/catdog_dataset3_181.jpg,catdog_dataset3_181.jpg,catdog_dataset3,dog-14_jpg.rf.a428383480d8d5a94d5a1fdb1ad6c6d3.jpg,a12ce1579c6234782ad7967a11660c69
Data/catdog_dataset3/catdog_dataset3_182/catdog_dataset3_182.jpg,catdog_dataset3_182.jpg,catdog_dataset3,dog-150_jpg.rf.08fd893dd7d75975bb5ff4518157009c.jpg,ebbf1a3a35e34c158e0957f8d6b4f5b7
Data/catdog_dataset3/catdog_dataset3_183/catdog_dataset3_183.jpg,catdog_dataset3_183.jpg,catdog_dataset3,dog-150_jpg.rf.e80e3dc31b8f14f06bcf2cb61a89d64f.jpg,63283ced6a1ad90bc9a6364d0adeeaa7
Data/catdog_dataset3/catdog_dataset3_184/catdog_dataset3_184.jpg,catdog_dataset3_184.jpg,catdog_dataset3,dog-150_jpg.rf.f96dac9ee79cf09aa86e6673feaebfab.jpg,b1c9eaaac5c53bbfa0004c2c6fc0ceef
Data/catdog_dataset3/catdog_dataset3_185/catdog_dataset3_185.jpg,catdog_dataset3_185.jpg,catdog_dataset3,dog-151_jpg.rf.49f41f9d7913fcca53df8aff837c4602.jpg,e3253b3a96dd5c5d59c8b9d9043e674c
Data/catdog_dataset3/catdog_dataset3_186/catdog_dataset3_186.jpg,catdog_dataset3_186.jpg,catdog_dataset3,dog-151_jpg.rf.a03ae8e894a739e2533948cb912eee1f.jpg,1328eed011f38a8ad5b4b3486eb5e019
Data/catdog_dataset3/catdog_dataset3_187/catdog_dataset3_187.jpg,catdog_dataset3_187.jpg,catdog_dataset3,dog-151_jpg.rf.b081c8c55a4d843793b893337e64d44e.jpg,a9aca54876b5063ba1beb6842bb560e9
Data/catdog_dataset3/catdog_dataset3_188/catdog_dataset3_188.jpg,catdog_dataset3_188.jpg,catdog_dataset3,dog-152_jpg.rf.07ea8d85bf71ceaa554ae382f4ccee37.jpg,b641bcb561c1a07e87d81696afc0a1c0
Data/catdog_dataset3/catdog_dataset3_189/catdog_dataset3_189.jpg,catdog_dataset3_189.jpg,catdog_dataset3,dog-152_jpg.rf.87e72e05e29a5618956c8297b9373ccf.jpg,11d201240827d48ff350443d731a1f6c
Data/catdog_dataset3/catdog_dataset3_19/catdog_dataset3_19.jpg,catdog_dataset3_19.jpg,catdog_dataset3,dog-224_jpg.rf.66f534940917f6613c8ff1572c9de610.jpg,7adaf9313feb39bcb73fefe227ddd8d0
Data/catdog_dataset3/catdog_dataset3_190/catdog_dataset3_190.jpg,catdog_dataset3_190.jpg,catdog_dataset3,dog-152_jpg.rf.cde11c3e24fcf644c6e4b8ea44c537e6.jpg,452070c5380ed3fa19eba1b17a80f513
Data/catdog_dataset3/catdog_dataset3_191/catdog_dataset3_191.jpg,catdog_dataset3_191.jpg,catdog_dataset3,dog-154_jpg.rf.3bc3cc6bea845f864f987d401bc7152c.jpg,ceefc0d1b21a36fc948c5dbed826794a
Data/catdog_dataset3/catdog_dataset3_192/catdog_dataset3_192.jpg,catdog_dataset3_192.jpg,catdog_dataset3,dog-154_jpg.rf.40efffaa2eaff3d801e585d8ea32fe98.jpg,0be5a123b6a5a3f241c699ffb9da8c1a
Data/catdog_dataset3/catdog_dataset3_193/catdog_dataset3_193.jpg,catdog_dataset3_193.jpg,catdog_dataset3,dog-154_jpg.rf.f2075c72253d277c98a528c6d9155b0a.jpg,4be810590b084f52ef012b50dac8263b
Data/catdog_dataset3/catdog_dataset3_194/catdog_dataset3_194.jpg,catdog_dataset3_194.jpg,catdog_dataset3,dog-155_jpg.rf.19ed88d0c2a3391b09a5a115b1a08e5a.jpg,fd782acd453ef2a66d06af07cfd203b9
Data/catdog_dataset3/catdog_dataset3_195/catdog_dataset3_195.jpg,catdog_dataset3_195.jpg,catdog_dataset3,dog-155_jpg.rf.78266c2d000f9e1b7ff5976cba9d9719.jpg,dabc3dc29bafdf0fb5182b8af0bc908a
Data/catdog_dataset3/catdog_dataset3_196/catdog_dataset3_196.jpg,catdog_dataset3_196.jpg,catdog_dataset3,dog-155_jpg.rf.e804561cc4f36ff56bbb0b373ecfef95.jpg,9e7781b222b2395f4fc3ff7a40c22202
Data/catdog_dataset3/catdog_dataset3_197/catdog_dataset3_197.jpg,catdog_dataset3_197.jpg,catdog_dataset3,dog-156_jpg.rf.525c53c06498d491a822945040f8b5b4.jpg,003b25eab3ce7886e9549b24578af835
Data/catdog_dataset3/catdog_dataset3_198/catdog_dataset3_198.jpg,catdog_dataset3_198.jpg,catdog_dataset3,dog-156_jpg.rf.b2370419d3d00b4e0677c84f7bf05f0d.jpg,d1c46c201d484c41056f2c16811e20cc
Data/catdog_dataset3/catdog_dataset3_199/catdog_dataset3_199.jpg,catdog_dataset3_199.jpg,catdog_dataset3,dog-156_jpg.rf.c589b51dc35891da32ba7cbcd423b490.jpg,b6af937fc3a6db52512bd7cc36a67846
Data/catdog_dataset3/catdog_dataset3_2/catdog_dataset3_2.jpg,catdog_dataset3_2.jpg,catdog_dataset3,dog-103_jpg.rf.7d430504970392a2c34f6282c7ed3994.jpg,c0dfd4f26d6fbe2f268e582f067e04a5
Data/catdog_dataset3/catdog_dataset3_20/catdog_dataset3_20.jpg,catdog_dataset3_20.jpg,catdog_dataset3,dog-235_jpg.rf.818c5d025f631199661fd7904174d438.jpg,7ecd2ab58c33c54ef5e5ad9d44d26782
Data/catdog_dataset3/catdog_dataset3_200/catdog_dataset3_200.jpg,catdog_dataset3_200.jpg,catdog_dataset3,dog-158_jpg.rf.4e68dca2b6665f86a206617400038778.jpg,77cb68b6edc663387aabb78cab1c2fd5
Data/catdog_dataset3/catdog_dataset3_201/catdog_dataset3_201.jpg,catdog_dataset3_201.jpg,catdog_dataset3,dog-158_jpg.rf.b3895b5e069896009111a60eacb13cbb.jpg,061f17a3d4275ec7787d185e8f85b1ce
Data/catdog_dataset3/catdog_dataset3_202/catdog_dataset3_202.jpg,catdog_dataset3_202.jpg,catdog_dataset3,dog-158_jpg.rf.f9cb0ca590e3d2e99955d470bb46bc72.jpg,585309d3afce0139bbb7ebed3fe154db
Data/catdog_dataset3/catdog_dataset3_203/catdog_dataset3_203.jpg,catdog_dataset3_203.jpg,catdog_dataset3,dog-159_jpg.rf.384d3e2fb65271003e4c75a412b024be.jpg,e66e7b521840a2e54659f21260609c33
Data/catdog_dataset3/catdog_dataset3_204/catdog_dataset3_204.jpg,catdog_dataset3_204.jpg,catdog_dataset3,dog-159_jpg.rf.c2e788456549da083662531df5272fc4.jpg,9033bd9dac559a203c525a911d37f235
Data/catdog_dataset3/catdog_dataset3_205/catdog_dataset3_205.jpg,catdog_dataset3_205.jpg,catdog_dataset3,dog-159_jpg.rf.d5df72a26ecc12cbc73013923338a88c.jpg,2a317bca06c3b5194c4f8aa1bff02c5d
Data/catdog_dataset3/catdog_dataset3_206/catdog_dataset3_206.jpg,catdog_dataset3_206.jpg,catdog_dataset3,dog-15_jpg.rf.09071d5228191f7d8df3f2f2887ef270.jpg,17979dc888822971f03cbee34c54ea0b
Data/catdog_dataset3/catdog_dataset3_207/catdog_dataset3_207.jpg,catdog_dataset3_207.jpg,catdog_dataset3,dog-15_jpg.rf.1fd7e527ec5752fd4b641b252baade0d.jpg,e21ac412a1db73654fc32aa2cbf2052e
Data/catdog_dataset3/catdog_dataset3_208/catdog_dataset3_208.jpg,catdog_dataset3_208.jpg,catdog_dataset3,dog-15_jpg.rf.6b25e5ba9ea07e1d695e6b39178568dd.jpg,a57df50aa277c918cc21f6a3f62bd6de
Data/catdog_dataset3/catdog_dataset3_209/catdog_dataset3_209.jpg,catdog_dataset3_209.jpg,catdog_dataset3,dog-163_jpg.rf.8487e538aba9a9a3235a166f4f8b07a9.jpg,2f634983c0b00972cbaa986192763028
Data/catdog_dataset3/catdog_dataset3_21/catdog_dataset3_21.jpg,catdog_dataset3_21.jpg,catdog_dataset3,dog-243_jpg.rf.e60f190846f2d042d07320f0f19c08ae.jpg,d95ccbb90f3c99cdc73a51140da77132
Data/catdog_dataset3/catdog_dataset3_210/catdog_dataset3_210.jpg,catdog_dataset3_210.jpg,catdog_dataset3,dog-163_jpg.rf.8bfd82ce5e79c3f4bac1b44da6f9b030.jpg,456c5b0698bc31657d33e6ac6679840e
Data/catdog_dataset3/catdog_dataset3_211/catdog_dataset3_211.jpg,catdog_dataset3_211.jpg,catdog_dataset3,dog-163_jpg.rf.f582e14980e932337657b0cd1baeb61a.jpg,3ed04cb6ff8ef534cb7e91398818fea7
Data/catdog_dataset3/catdog_dataset3_212/catdog_dataset3_212.jpg,catdog_dataset3_212.jpg,catdog_dataset3,dog-164_jpg.rf.ab46f7111e27eb075e47cd1c745f8558.jpg,92a3f6cbb050e3bbda4e50a0a75abd36
Data/catdog_dataset3/catdog_dataset3_213/catdog_dataset3_213.jpg,catdog_dataset3_213.jpg,catdog_dataset3,dog-164_jpg.rf.eab07ad6b641dc079503f6e89b1c1b4b.jpg,b6afc7f234e2bb06a95af0a9f17c0ead
Data/catdog_dataset3/catdog_dataset3_214/catdog_dataset3_214.jpg,catdog_dataset3_214.jpg,catdog_dataset3,dog-164_jpg.rf.f29e85deaa10b255e4f8d98a9753dd12.jpg,6d2da70d72bdcf3ca69be3c25cc4b40c
Data/catdog_dataset3/catdog_dataset3_215/catdog_dataset3_215.jpg,catdog_dataset3_215.jpg,catdog_dataset3,dog-165_jpg.rf.8bf88d4bccc71819be9da65119ed3bd1.jpg,ae44ddbda0b29cbc824798882b34c19a
Data/catdog_dataset3/catdog_dataset3_216/catdog_dataset3_216.jpg,catdog_dataset3_216.jpg,catdog_dataset3,dog-165_jpg.rf.b60ac95eec791c9649a97516862a45d6.jpg,789305758224ab2577a8a4ec24cbc99c
Data/catdog_dataset3/catdog_dataset3_217/catdog_dataset3_217.jpg,catdog_dataset3_217.jpg,catdog_dataset3,dog-165_jpg.rf.f55d6863ed03d100c4f345bc92e9b8fb.jpg,aaaf7407629c49834531725781cfc359
Data/catdog_dataset3/catdog_dataset3_218/catdog_dataset3_218.jpg,catdog_dataset3_218.jpg,catdog_dataset3,dog-166_jpg.rf.40cd83d855671f5bfbb7e1e22453f2a7.jpg,27dc9f121c0722dc6105fe96e1cc7566
Data/catdog_dataset3/catdog_dataset3_219/catdog_dataset3_219.jpg,catdog_dataset3_219.jpg,catdog_dataset3,dog-166_jpg.rf.7733e9ebb4c9776306d63f71d468b184.jpg,bfec689e464fcb857e3775b6fe548bfe
Data/catdog_dataset3/catdog_dataset3_22/catdog_dataset3_22.jpg,catdog_dataset3_22.jpg,catdog_dataset3,dog-251_jpg.rf.5b135e3a8464e006f86e6bfc44406701.jpg,ecc9d5229bcfb177dc790ab703fca227
Data/catdog_dataset3/catdog_dataset3_220/catdog_dataset3_220.jpg,catdog_dataset3_220.jpg,catdog_dataset3,dog-166_jpg.rf.e9d50b2992e09f215f5d90efc8d8f12a.jpg,32f4e833158a6e27cb4fd4133e0dc205
Data/catdog_dataset3/catdog_dataset3_221/catdog_dataset3_221.jpg,catdog_dataset3_221.jpg,catdog_dataset3,dog-167_jpg.rf.244f59cd279856c34c09a73149977409.jpg,1bb4da450c113b7f9b52fbaf1ddb96dc
Data/catdog_dataset3/catdog_dataset3_222/catdog_dataset3_222.jpg,catdog_dataset3_222.jpg,catdog_dataset3,dog-167_jpg.rf.9c42aa0112577e4b9a9a2c54c7b8a20a.jpg,d60aa897ecb5487a31237202622f6dca
Data/catdog_dataset3/catdog_dataset3_223/catdog_dataset3_223.jpg,catdog_dataset3_223.jpg,catdog_dataset3,dog-167_jpg.rf.d1ce7480acbeb45f9c3c18ed7613ddbe.jpg,9edcc8a9d778ec17936512c83d9b5520
Data/catdog_dataset3/catdog_dataset3_224/catdog_dataset3_224.jpg,catdog_dataset3_224.jpg,catdog_dataset3,dog-168_jpg.rf.517b149a2e8d7cc90d50e73772c2de31.jpg,85d53197521d4d4cdcced57853ff6bb3
Data/catdog_dataset3/catdog_dataset3_225/catdog_dataset3_225.jpg,catdog_dataset3_225.jpg,catdog_dataset3,dog-168_jpg.rf.69fea1ee701212ce954f26067d804224.jpg,da1b537c673e7e42b615c568787981a8
Data/catdog_dataset3/catdog_dataset3_226/catdog_dataset3_226.jpg,catdog_dataset3_226.jpg,catdog_dataset3,dog-168_jpg.rf.d91b5348f72a538574230ab06f664b0d.jpg,df5e7f869b8f0701f1a6d25ad9ab010e
Data/catdog_dataset3/catdog_dataset3_227/catdog_dataset3_227.jpg,catdog_dataset3_227.jpg,catdog_dataset3,dog-16_jpg.rf.a173caa665afec17e66fac4f318ff5ab.jpg,7f1cbae1fea5e0c9c99b68058ecafe66
Data/catdog_dataset3/catdog_dataset3_228/catdog_dataset3_228.jpg,catdog_dataset3_228.jpg,catdog_dataset3,dog-16_jpg.rf.a77eb242bcf22099c865c1f97cf52d99.jpg,1091ef1053b08e91b2cddfe3931822b9
Data/catdog_dataset3/catdog_dataset3_229/catdog_dataset3_229.jpg,catdog_dataset3_229.jpg,catdog_dataset3,dog-16_jpg.rf.bc0b00207a5be1e32fc369035de5b681.jpg,3d910d7f87bdb1dd9f9ea84e8e62eb50
Data/catdog_dataset3/catdog_dataset3_23/catdog_dataset3_23.jpg,catdog_dataset3_23.jpg,catdog_dataset3,dog-255_jpg.rf.5b9b4683f6b7e7ea4692091fcce8113f.jpg,e1eeded1806aafb0a9ba7c3217df32e6
Data/catdog_dataset3/catdog_dataset3_230/catdog_dataset3_230.jpg,catdog_dataset3_230.jpg,catdog_dataset3,dog-170_jpg.rf.48ea281f1d025ce1a100a1318bbc5e48.jpg,7ac414c59379a65504c127d88a8c3a3b
Data/catdog_dataset3/catdog_dataset3_231/catdog_dataset3_231.jpg,catdog_dataset3_231.jpg,catdog_dataset3,dog-170_jpg.rf.b30742e044746667078bb23f4eb1de75.jpg,74a471b22e412604ed4c0b98b839e5df
Data/catdog_dataset3/catdog_dataset3_232/catdog_dataset3_232.jpg,catdog_dataset3_232.jpg,catdog_dataset3,dog-170_jpg.rf.bd633933e8dac7385a7e034445c3fd26.jpg,b8f88b4fa8a6f394a5247e087f401bc9
Data/catdog_dataset3/catdog_dataset3_233/catdog_dataset3_233.jpg,catdog_dataset3_233.jpg,catdog_dataset3,dog-171_jpg.rf.69e08530ce19a76f223a8901ab600d11.jpg,cc343057387219fb80ffa404a8135407
Data/catdog_dataset3/catdog_dataset3_234/catdog_dataset3_234.jpg,catdog_dataset3_234.jpg,catdog_dataset3,dog-171_jpg.rf.abc05a0bea5635eaaab6d774a9ed4fec.jpg,050c3f64b421d243578a5ebc9abef355
Data/catdog_dataset3/catdog_dataset3_235/catdog_dataset3_235.jpg,catdog_dataset3_235.jpg,catdog_dataset3,dog-171_jpg.rf.e62d548f9047b9c550be49d701d72bd9.jpg,9bec7f10d7fff516456a090d68106b3e
Data/catdog_dataset3/catdog_dataset3_236/catdog_dataset3_236.jpg,catdog_dataset3_236.jpg,catdog_dataset3,dog-173_jpg.rf.4314f1238d41f8e044cea1a33cadf2f2.jpg,47020d794ac1094b0981bfcc937623c5
Data/catdog_dataset3/catdog_dataset3_237/catdog_dataset3_237.jpg,catdog_dataset3_237.jpg,catdog_dataset3,dog-173_jpg.rf.adb78c7471e81e5629a9bfd4e6f49570.jpg,cb644a2f0113250dec7118c7755c79b9
Data/catdog_dataset3/catdog_dataset3_238/catdog_dataset3_238.jpg,catdog_dataset3_238.jpg,catdog_dataset3,dog-173_jpg.rf.d1201749e8e3ca6401f03a809d3e50e8.jpg,ffa450c4f223be5c9ff72b31f05c1e64
Data/catdog_dataset3/catdog_dataset3_239/catdog_dataset3_239.jpg,catdog_dataset3_239.jpg,catdog_dataset3,dog-177_jpg.rf.986321ca9e718cf6437545a506de6ace.jpg,aa90c5eec242a8a08d9ea45ee7631e23
Data/catdog_dataset3/catdog_dataset3_24/catdog_dataset3_24.jpg,catdog_dataset3_24.jpg,catdog_dataset3,dog-258_jpg.rf.18f8c7d7e8777ee5ea3eae2a0f4bbf92.jpg,e76332c78cb09b67f1132c1168945677
Data/catdog_dataset3/catdog_dataset3_240/catdog_dataset3_240.jpg,catdog_dataset3_240.jpg,catdog_dataset3,dog-177_jpg.rf.bc73dae13d14e4c688cc582354008c36.jpg,5335044ef967c993031ac47980e47aea
Data/catdog_dataset3/catdog_dataset3_241/catdog_dataset3_241.jpg,catdog_dataset3_241.jpg,catdog_dataset3,dog-177_jpg.rf.c55a854e9d9f8b26a508d7d7bd5e0628.jpg,102dd497a2b3b88529f15bc829f2f335
Data/catdog_dataset3/catdog_dataset3_242/catdog_dataset3_242.jpg,catdog_dataset3_242.jpg,catdog_dataset3,dog-178_jpg.rf.6859dc434967c6ddab15373cac66ba35.jpg,c5eb9a9cde905b6ca5e2a4a77e0f6f80
Data/catdog_dataset3/catdog_dataset3_243/catdog_dataset3_243.jpg,catdog_dataset3_243.jpg,catdog_dataset3,dog-178_jpg.rf.9d7aa77fa31ab0a74870c187c405aebc.jpg,2fab8a7c4c0508817bef18b1217906b5
Data/catdog_dataset3/catdog_dataset3_244/catdog_dataset3_244.jpg,catdog_dataset3_244.jpg,catdog_dataset3,dog-178_jpg.rf.af6c92977ee627af0056d438703727c2.jpg,f82872a3de998667548458a1b1e63157
Data/catdog_dataset3/catdog_dataset3_245/catdog_dataset3_245.jpg,catdog_dataset3_245.jpg,catdog_dataset3,dog-179_jpg.rf.67ec88c63e35089ea7538c28f9667898.jpg,8d921191ae46f3472cebee7ddcbb114b
Data/catdog_dataset3/catdog_dataset3_246/catdog_dataset3_246.jpg,catdog_dataset3_246.jpg,catdog_dataset3,dog-179_jpg.rf.d4fc8ff9c7fe875a50e0518ee0870129.jpg,6c15460b4cd01a64cac180c472e4b1e9
Data/catdog_dataset3/catdog_dataset3_247/catdog_dataset3_247.jpg,catdog_dataset3_247.jpg,catdog_dataset3,dog-179_jpg.rf.fde285f0a07008eff367150d81f5a79e.jpg,5f7dfd50a692f96b3e71d99a72b59e96
Data/catdog_dataset3/catdog_dataset3_248/catdog_dataset3_248.jpg,catdog_dataset3_248.jpg,catdog_dataset3,dog-17_jpg.rf.944a64dc3e5daab1e5e71042b530ca0d.jpg,08a6dd31b63c3622d0fc1b493bb66f0f
Data/catdog_dataset3/catdog_dataset3_249/catdog_dataset3_249.jpg,catdog_dataset3_249.jpg,catdog_dataset3,dog-17_jpg.rf.aca39f63ade11ec4e4b1339cf0e8c7c4.jpg,b877e47bb8e4eda2783744d69a1b48ea
Data/catdog_dataset3/catdog_dataset3_25/catdog_dataset3_25.jpg,catdog_dataset3_25.jpg,catdog_dataset3,dog-271_jpg.rf.f662c84071534c09649beff21b68b5e4.jpg,7d5b39ff5abf0ee290b8205dd1664792
Data/catdog_dataset3/catdog_dataset3_250/catdog_dataset3_250.jpg,catdog_dataset3_250.jpg,catdog_dataset3,dog-17_jpg.rf.fb1f36b0be17a7acc0972534a7ac1623.jpg,a0b94405c69d349029acedf40956e088
Data/catdog_dataset3/catdog_dataset3_251/catdog_dataset3_251.jpg,catdog_dataset3_251.jpg,catdog_dataset3,dog-180_jpg.rf.3eb8c27dacc413a542ddc8e4929c61b0.jpg,5a01a22a7fee060f820401bb8f2f916f
Data/catdog_dataset3/catdog_dataset3_252/catdog_dataset3_252.jpg,catdog_dataset3_252.jpg,catdog_dataset3,dog-180_jpg.rf.50525f654ec1c29c3bde71083cb34d8c.jpg,3db4352992a892294e26483edb0c2c32
Data/catdog_dataset3/catdog_dataset3_253/catdog_dataset3_253.jpg,catdog_dataset3_253.jpg,catdog_dataset3,dog-180_jpg.rf.f30447370ceea800ccb691cb1a960960.jpg,c4f33ac3809f1a7940dba1581207ca3c
Data/catdog_dataset3/catdog_dataset3_254/catdog_dataset3_254.jpg,catdog_dataset3_254.jpg,catdog_dataset3,dog-181_jpg.rf.483b335d91fe3401c85ab64d4336e35b.jpg,aa43ca84695ca1757e1137b246057b65
Data/catdog_dataset3/catdog_dataset3_255/catdog_dataset3_255.jpg,catdog_dataset3_255.jpg,catdog_dataset3,dog-181_jpg.rf.585c1ec2c46c814ab24710f7eb9f07b1.jpg,402688f849fdf17464f03d6d07bf4e32
Data/catdog_dataset3/catdog_dataset3_256/catdog_dataset3_256.jpg,catdog_dataset3_256.jpg,catdog_dataset3,dog-181_jpg.rf.de1360514a370c7692cd82a6975c756d.jpg,a5d627dabc3c122671127436105bced8
Data/catdog_dataset3/catdog_dataset3_257/catdog_dataset3_257.jpg,catdog_dataset3_257.jpg,catdog_dataset3,dog-182_jpg.rf.694d9313a17ae46110d87c2ea83c2e21.jpg,1e7a6b536900cb173677c736af8743a5
Data/catdog_dataset3/catdog_dataset3_258/catdog_dataset3_258.jpg,catdog_dataset3_258.jpg,catdog_dataset3,dog-182_jpg.rf.a3ed831b24fe6c6ef56f5fae81fd2499.jpg,3aecb3bc2fca62630c2218e75f1f5a7b
Data/catdog_dataset3/catdog_dataset3_259/catdog_dataset3_259.jpg,catdog_dataset3_259.jpg,catdog_dataset3,dog-182_jpg.rf.a44ac6725fb2a92b2d9828dfc9a6722c.jpg,5dea1e060b2d7fdff5b3dbde97dd0c75
Data/catdog_dataset3/catdog_dataset3_26/catdog_dataset3_26.jpg,catdog_dataset3_26.jpg,catdog_dataset3,dog-275_jpg.rf.ced0a89cd06aa27b0f848db9f9cd5666.jpg,c3eed3b80f14bfb9a05b88a0feab6613
Data/catdog_dataset3/catdog_dataset3_260/catdog_dataset3_260.jpg,catdog_dataset3_260.jpg,catdog_dataset3,dog-183_jpg.rf.8f03c7c0fabe7a06fa1e5b9c6cac7e1f.jpg,e3f3b6dcdd9ceef865ef4fc41b1de7ab
Data/catdog_dataset3/catdog_dataset3_261/catdog_dataset3_261.jpg,catdog_dataset3_261.jpg,catdog_dataset3,dog-183_jpg.rf.ad03cb553caa89e7b2b64be271006ce8.jpg,9fc08d251e72aa0c9d6a1fe22336a390
Data/catdog_dataset3/catdog_dataset3_262/catdog_dataset3_262.jpg,catdog_dataset3_262.jpg,catdog_dataset3,dog-183_jpg.rf.c04fd9823b6c21e92b951329a4001a45.jpg,bd43ddeea5b18bc38327f8957a8c6ba1
Data/catdog_dataset3/catdog_dataset3_263/catdog_dataset3_263.jpg,catdog_dataset3_263.jpg,catdog_dataset3,dog-185_jpg.rf.05f67777a276e5c7e43aa8c156177315.jpg,a384e183f76d6a7f6d503835a444a32a
Data/catdog_dataset3/catdog_dataset3_264/catdog_dataset3_264.jpg,catdog_dataset3_264.jpg,catdog_dataset3,dog-185_jpg.rf.12130778b32cf57757378e3c7ebd483e.jpg,23a59c46542535e2029b17a80586a0f8
Data/catdog_dataset3/catdog_dataset3_265/catdog_dataset3_265.jpg,catdog_dataset3_265.jpg,catdog_dataset3,dog-185_jpg.rf.d9696bc70ef3457f71c59b7843f468cc.jpg,97bc8df4298043632482b8e5f204259b
Data/catdog_dataset3/catdog_dataset3_266/catdog_dataset3_266.jpg,catdog_dataset3_266.jpg,catdog_dataset3,dog-186_jpg.rf.35c37112929e58aafec8e3f762bb813c.jpg,479c890029987a10aefe38b40ec4a93e
Data/catdog_dataset3/catdog_dataset3_267/catdog_dataset3_267.jpg,catdog_dataset3_267.jpg,catdog_dataset3,dog-186_jpg.rf.a33c780abb07c3becfba189ffd13f278.jpg,9c25b0c9a1de876c268a2b2981528d68
Data/catdog_dataset3/catdog_dataset3_268/catdog_dataset3_268.jpg,catdog_dataset3_268.jpg,catdog_dataset3,dog-186_jpg.rf.ef34cc46fedb940bb28ffa13c2f0118d.jpg,4292b714ad6da412d40ebc9b63fc5eb0
Data/catdog_dataset3/catdog_dataset3_269/catdog_dataset3_269.jpg,catdog_dataset3_269.jpg,catdog_dataset3,dog-189_jpg.rf.4a0a45b1297397fd074a352a18f39afc.jpg,f0d7b0e900c5d9b8bca4e92933716f2d
Data/catdog_dataset3/catdog_dataset3_27/catdog_dataset3_27.jpg,catdog_dataset3_27.jpg,catdog_dataset3,dog-289_jpg.rf.844a7d6b87f24ffd04b8de050f2bc210.jpg,72f87dacaabcbb7a6532b69a7f67e794
Data/catdog_dataset3/catdog_dataset3_270/catdog_dataset3_270.jpg,catdog_dataset3_270.jpg,catdog_dataset3,dog-189_jpg.rf.4ed8376bd452d9edf97c07e1fa9ea15c.jpg,f4f2d0b79bd739a4594c1c369f7f487f
Data/catdog_dataset3/catdog_dataset3_271/catdog_dataset3_271.jpg,catdog_dataset3_271.jpg,catdog_dataset3,dog-189_jpg.rf.9a02441de930b9e9bc6b23dd1b073432.jpg,548b4edd01cd1b8b7d2059519061eaec
Data/catdog_dataset3/catdog_dataset3_272/catdog_dataset3_272.jpg,catdog_dataset3_272.jpg,catdog_dataset3,dog-18_jpg.rf.219465586801eeaab9ac0fa2bea7c578.jpg,0e35b028122e5af145be26f9b5904bc3
Data/catdog_dataset3/catdog_dataset3_273/catdog_dataset3_273.jpg,catdog_dataset3_273.jpg,catdog_dataset3,dog-18_jpg.rf.3382d88705bb537e7a60790c3aff2f53.jpg,a47437149000eae63174163c562513ca
Data/catdog_dataset3/catdog_dataset3_274/catdog_dataset3_274.jpg,catdog_dataset3_274.jpg,catdog_dataset3,dog-18_jpg.rf.5d0017c3778a1a3c61062a10f4bac78c.jpg,f7fb464ae472ab986753969851a71f83
Data/catdog_dataset3/catdog_dataset3_275/catdog_dataset3_275.jpg,catdog_dataset3_275.jpg,catdog_dataset3,dog-191_jpg.rf.1db288508dec8a81fd3e23ae162b3465.jpg,9ce3356f9747ec259e47b2c2216dc0a5
Data/catdog_dataset3/catdog_dataset3_276/catdog_dataset3_276.jpg,catdog_dataset3_276.jpg,catdog_dataset3,dog-191_jpg.rf.58f9e874e1f4dffc7f492039c62c051b.jpg,598a0b746a2eba9d1a9f8e4d4eae4c2c
Data/catdog_dataset3/catdog_dataset3_277/catdog_dataset3_277.jpg,catdog_dataset3_277.jpg,catdog_dataset3,dog-191_jpg.rf.66c9cf7f51d7b432c5df1ba189305027.jpg,e0a40b8043b21ca0f33167edf8185ae2
Data/catdog_dataset3/catdog_dataset3_278/catdog_dataset3_278.jpg,catdog_dataset3_278.jpg,catdog_dataset3,dog-192_jpg.rf.3910f9bd0e3d0c7c91dae84509515e2c.jpg,2712230dc6e440473e61f40a998adfef
Data/catdog_dataset3/catdog_dataset3_279/catdog_dataset3_279.jpg,catdog_dataset3_279.jpg,catdog_dataset3,dog-192_jpg.rf.c0b2251f8c769679d3f90dfa5340a063.jpg,f28576b5f602085ec33c8f4c8299a72d
Data/catdog_dataset3/catdog_dataset3_28/catdog_dataset3_28.jpg,catdog_dataset3_28.jpg,catdog_dataset3,dog-296_jpg.rf.1db64a64cf7f6a95405661c7fbcd7d2b.jpg,3d4bc5aa6d03d523cd6f1f157fe05969
Data/catdog_dataset3/catdog_dataset3_280/catdog_dataset3_280.jpg,catdog_dataset3_280.jpg,catdog_dataset3,dog-192_jpg.rf.e99ee03f80a901d85e6a1b0567b288ce.jpg,5d1c259e3892e0b30170dd9f979e03bb
Data/catdog_dataset3/catdog_dataset3_281/catdog_dataset3_281.jpg,catdog_dataset3_281.jpg,catdog_dataset3,dog-193_jpg.rf.571031a2f78d1ab7ce079216751523e6.jpg,77c427e50bc06f9423ed01e63f6a0cd7
Data/catdog_dataset3/catdog_dataset3_282/catdog_dataset3_282.jpg,catdog_dataset3_282.jpg,catdog_dataset3,dog-193_jpg.rf.9d833844f46a83e4cfbea451b4f4a1a5.jpg,ff7fcc924b1ab9d11d8a5f829f061858
Data/catdog_dataset3/catdog_dataset3_283/catdog_dataset3_283.jpg,catdog_dataset3_283.jpg,catdog_dataset3,dog-193_jpg.rf.e8481e214a0207196fb3c7db6f4b9c34.jpg,954f05a4a9895ecd806459ffd94bdd71
Data/catdog_dataset3/catdog_dataset3_284/catdog_dataset3_284.jpg,catdog_dataset3_284.jpg,catdog_dataset3,dog-195_jpg.rf.3d0bce1b4b725218f1b869b687477c44.jpg,033b7772438afa773ec7c4d3d30caf56
Data/catdog_dataset3/catdog_dataset3_285/catdog_dataset3_285.jpg,catdog_dataset3_285.jpg,catdog_dataset3,dog-195_jpg.rf.74ca50068a31c9c1d904c73f55e26ca7.jpg,dd7dcd65b42c1d78c20801b3a58bdb0b
Data/catdog_dataset3/catdog_dataset3_286/catdog_dataset3_286.jpg,catdog_dataset3_286.jpg,catdog_dataset3,dog-195_jpg.rf.a5b92ef8b2696b22eed9ec487cb01708.jpg,f3f7aa564722fb332856c0aff0158694
Data/catdog_dataset3/catdog_dataset3_287/catdog_dataset3_287.jpg,catdog_dataset3_287.jpg,catdog_dataset3,dog-196_jpg.rf.15a4555389065fb8c08c46d7fa8d8b66.jpg,cd765091a13269445b20576474d0ed0f
Data/catdog_dataset3/catdog_dataset3_288/catdog_dataset3_288.jpg,catdog_dataset3_288.jpg,catdog_dataset3,dog-196_jpg.rf.570db9d2b05b79824d9462dc8f236f7a.jpg,605ee7bb4b76c63949d0e235b5d2108a
Data/catdog_dataset3/catdog_dataset3_289/catdog_dataset3_289.jpg,catdog_dataset3_289.jpg,catdog_dataset3,dog-196_jpg.rf.eea786e26d21f1c62781cc1eee3b1bf6.jpg,bf7973281571da9f789ea0d106ad1164
Data/catdog_dataset3/catdog_dataset3_29/catdog_dataset3_29.jpg,catdog_dataset3_29.jpg,catdog_dataset3,dog-301_jpg.rf.048460010453fe486cfa794ba3d1b773.jpg,551c36e45ce546881a844882815b575c
Data/catdog_dataset3/catdog_dataset3_290/catdog_dataset3_290.jpg,catdog_dataset3_290.jpg,catdog_dataset3,dog-197_jpg.rf.21b2927ef50c5f5b261e3fb6f6642c6d.jpg,ba8b376ca2dabb9a843a357c604c3c49
Data/catdog_dataset3/catdog_dataset3_291/catdog_dataset3_291.jpg,catdog_dataset3_291.jpg,catdog_dataset3,dog-197_jpg.rf.3e96b4b657bbea11f2f8ba76f3edbc85.jpg,81ac3e8fa6816612f526430d9a533b47
Data/catdog_dataset3/catdog_dataset3_292/catdog_dataset3_292.jpg,catdog_dataset3_292.jpg,catdog_dataset3,dog-197_jpg.rf.6243fad9a1c2322e6f144bcbaa6dcd2a.jpg,0f316dc48c07928b31a12bc0a703b576
Data/catdog_dataset3/catdog_dataset3_293/catdog_dataset3_293.jpg,catdog_dataset3_293.jpg,catdog_dataset3,dog-198_jpg.rf.0d5fdce8f497110cc397af9f32d02500.jpg,03191d1e51ea838e6ab0b897bee1fc69
Data/catdog_dataset3/catdog_dataset3_294/catdog_dataset3_294.jpg,catdog_dataset3_294.jpg,catdog_dataset3,dog-198_jpg.rf.56cb596f3f4fbbcfea1409cbe2302497.jpg,f6c9823db42d61d596210a1714df5d16
Data/catdog_dataset3/catdog_dataset3_295/catdog_dataset3_295.jpg,catdog_dataset3_295.jpg,catdog_dataset3,dog-198_jpg.rf.f50bfa037dc5968049c7db7333ddb39e.jpg,8361f0ee048660b53cd1ab7e8e90f814
Data/catdog_dataset3/catdog_dataset3_296/catdog_dataset3_296.jpg,catdog_dataset3_296.jpg,catdog_dataset3,dog-199_jpg.rf.5b66e4399e3f3e289ab94d69a5ca57b8.jpg,b171b0fc372dc99ef0a9e03018131c40
Data/catdog_dataset3/catdog_dataset3_297/catdog_dataset3_297.jpg,catdog_dataset3_297.jpg,catdog_dataset3,dog-199_jpg.rf.ac4c5605b8ba9a07936bf4076f5fe694.jpg,273379497b258fab6d0a76f6d01bd9a2
Data/catdog_dataset3/catdog_dataset3_298/catdog_dataset3_298.jpg,catdog_dataset3_298.jpg,catdog_dataset3,dog-199_jpg.rf.d1b693012dee1c5b061cdacda6392777.jpg,c9627be0d2328a3faf29a13c791e4102
Data/catdog_dataset3/catdog_dataset3_299/catdog_dataset3_299.jpg,catdog_dataset3_299.jpg,catdog_dataset3,dog-19_jpg.rf.78d19833c5122b8436be72beaede856c.jpg,1ce143b18ba80564b47f9e5f9b0d10f3
Data/catdog_dataset3/catdog_dataset3_3/catdog_dataset3_3.jpg,catdog_dataset3_3.jpg,catdog_dataset3,dog-108_jpg.rf.2416b2b29d401ab8a76d8c2e42dfea6e.jpg,9cdeb633e011086d84ce72d0d7a2ad5a
Data/catdog_dataset3/catdog_dataset3_30/catdog_dataset3_30.jpg,catdog_dataset3_30.jpg,catdog_dataset3,dog-303_jpg.rf.e7d4ce6f0f1a06cd7fbdc7473b6361c6.jpg,1d368fbe2500b4e3cb82f1de9f5a4e41
Data/catdog_dataset3/catdog_dataset3_300/catdog_dataset3_300.jpg,catdog_dataset3_300.jpg,catdog_dataset3,dog-19_jpg.rf.bacf594b57e7d5a063368a8f4d42fe81.jpg,7c3e2a1621070f0e6f727b694bbbdc69
Data/catdog_dataset3/catdog_dataset3_301/catdog_dataset3_301.jpg,catdog_dataset3_301.jpg,catdog_dataset3,dog-19_jpg.rf.fe490fb06aec167a71750273179e467d.jpg,bf2e7d1cedac2c216467783a6c90113d
Data/catdog_dataset3/catdog_dataset3_302/catdog_dataset3_302.jpg,catdog_dataset3_302.jpg,catdog_dataset3,dog-1_jpg.rf.a3c7848cd2e6ce2d3d4cf6c2f9d92e1c.jpg,85b2c2f009db866ad872308dd2794b2b
Data/catdog_dataset3/catdog_dataset3_303/catdog_dataset3_303.jpg,catdog_dataset3_303.jpg,catdog_dataset3,dog-1_jpg.rf.da8af0f437a898002e5270b46526ad50.jpg,bfe960130fb1c46bc7977ba0bc02404e
Data/catdog_dataset3/catdog_dataset3_304/catdog_dataset3_304.jpg,catdog_dataset3_304.jpg,catdog_dataset3,dog-1_jpg.rf.e10528ccd1585f47a1674953a2898edc.jpg,1b24aa42aa03ff559cfb45a940c92a2b
Data/catdog_dataset3/catdog_dataset3_305/catdog_dataset3_305.jpg,catdog_dataset3_305.jpg,catdog_dataset3,dog-200_jpg.rf.bf44e5783b3ad6c804fb130dcca024e0.jpg,2e918a85f97c80066f8c310c93f878f5
Data/catdog_dataset3/catdog_dataset3_306/catdog_dataset3_306.jpg,catdog_dataset3_306.jpg,catdog_dataset3,dog-200_jpg.rf.cbd176ea1c482fc364be6152688618db.jpg,7d38b2db7624a83ece996600df185ab4
Data/catdog_dataset3/catdog_dataset3_307/catdog_dataset3_307.jpg,catdog_dataset3_307.jpg,catdog_dataset3,dog-200_jpg.rf.d9242a8e939d2cdb2fd905a840481e39.jpg,302445d4e464a1b22660bf80faec23be
Data/catdog_dataset3/catdog_dataset3_308/catdog_dataset3_308.jpg,catdog_dataset3_308.jpg,catdog_dataset3,dog-201_jpg.rf.1e48c67154cbe726f8671a90023e6e5b.jpg,4694ce2a2b21f65aa570297f533b39ae
Data/catdog_dataset3/catdog_dataset3_309/catdog_dataset3_309.jpg,catdog_dataset3_309.jpg,catdog_dataset3,dog-201_jpg.rf.4131a3e7d7416644f8e64d4d0519ae45.jpg,eadd802c58ee1c49baf03f0556f4e1ee
Data/catdog_dataset3/catdog_dataset3_31/catdog_dataset3_31.jpg,catdog_dataset3_31.jpg,catdog_dataset3,dog-307_jpg.rf.4f919264c675efac0d5457daca2467b8.jpg,65226e91fffb5fb506de7087b44b55c6
Data/catdog_dataset3/catdog_dataset3_310/catdog_dataset3_310.jpg,catdog_dataset3_310.jpg,catdog_dataset3,dog-201_jpg.rf.cfd258c20a73b607683f80d58055cdb5.jpg,c0b1b8f1c97cf30e8b5f0d3cfa518723
Data/catdog_dataset3/catdog_dataset3_311/catdog_dataset3_311.jpg,catdog_dataset3_311.jpg,catdog_dataset3,dog-202_jpg.rf.4366c9827187d82db129c9f8902021f1.jpg,dbf2123edcb0dea9d6f9d30d731795e6
Data/catdog_dataset3/catdog_dataset3_312/catdog_dataset3_312.jpg,catdog_dataset3_312.jpg,catdog_dataset3,dog-202_jpg.rf.ad85c8f5d3383539bbad7e4a5dc2d2c7.jpg,dcd25330ca7c66dbc9b20a9ada921dd2
Data/catdog_dataset3/catdog_dataset3_313/catdog_dataset3_313.jpg,catdog_dataset3_313.jpg,catdog_dataset3,dog-202_jpg.rf.ced6082e559740836841d3a307c562fe.jpg,5b03da9484775bde43a3305b623d5dcd
Data/catdog_dataset3/catdog_dataset3_314/catdog_dataset3_314.jpg,catdog_dataset3_314.jpg,catdog_dataset3,dog-204_jpg.rf.34e70a760898cb9b5c6de1ad8dddec79.jpg,8b024bdc9678bb51518b59116fe118bd
Data/catdog_dataset3/catdog_dataset3_315/catdog_dataset3_315.jpg,catdog_dataset3_315.jpg,catdog_dataset3,dog-204_jpg.rf.6a3e50bfec5927141060c2604e13fcf9.jpg,7811c27ef6cdc8fb39998b1c999fdaec
Data/catdog_dataset3/catdog_dataset3_316/catdog_dataset3_316.jpg,catdog_dataset3_316.jpg,catdog_dataset3,dog-204_jpg.rf.f9d50b0293947cac9dd880626b527d5f.jpg,b9ba370b7a7b56e85cc12ea54ef2ccf0
Data/catdog_dataset3/catdog_dataset3_317/catdog_dataset3_317.jpg,catdog_dataset3_317.jpg,catdog_dataset3,dog-207_jpg.rf.267f3f107fa9a62238c86674d6708c3a.jpg,a849ddcc56878ede5967c559b7002683
Data/catdog_dataset3/catdog_dataset3_318/catdog_dataset3_318.jpg,catdog_dataset3_318.jpg,catdog_dataset3,dog-207_jpg.rf.2b870566f8a4197c8a19d448c318d302.jpg,36b12b8ae30a5175e833bcf3dd7334be
Data/catdog_dataset3/catdog_dataset3_319/catdog_dataset3_319.jpg,catdog_dataset3_319.jpg,catdog_dataset3,dog-207_jpg.rf.fa1e10224939068a049b56e0c2f20163.jpg,75cccf03e499b5d6bf5d389a1cb071e0
Data/catdog_dataset3/catdog_dataset3_32/catdog_dataset3_32.jpg,catdog_dataset3_32.jpg,catdog_dataset3,dog-308_jpg.rf.b3bc5a18e962a9b9896233d844bd670d.jpg,7ab254eb03847c2d8ef10edd293163ac
Data/catdog_dataset3/catdog_dataset3_320/catdog_dataset3_320.jpg,catdog_dataset3_320.jpg,catdog_dataset3,dog-20_jpg.rf.53c7ffc2f7dbb22620e858484958d92c.jpg,773111269c3d3be98c4e56385b3efe0e
Data/catdog_dataset3/catdog_dataset3_321/catdog_dataset3_321.jpg,catdog_dataset3_321.jpg,catdog_dataset3,dog-20_jpg.rf.8391fce69379608160013f4dc4b53720.jpg,83d856911d648ce5f3103701fc0ec7d2
Data/catdog_dataset3/catdog_dataset3_322/catdog_dataset3_322.jpg,catdog_dataset3_322.jpg,catdog_dataset3,dog-20_jpg.rf.dadf13eb423105ed93f8a4aae565dc5b.jpg,6fbcfdc4efe4e608894b46e19660e6b8
Data/catdog_dataset3/catdog_dataset3_323/catdog_dataset3_323.jpg,catdog_dataset3_323.jpg,catdog_dataset3,dog-210_jpg.rf.0c99e7383b14df031812b04c473b1f05.jpg,0dc43f5d5645becd93a5862d088d6332
Data/catdog_dataset3/catdog_dataset3_324/catdog_dataset3_324.jpg,catdog_dataset3_324.jpg,catdog_dataset3,dog-210_jpg.rf.7df1626b09a8d0b40e83db33dab179e6.jpg,7fc1250fb34332a04381851cc2e47e4d
Data/catdog_dataset3/catdog_dataset3_325/catdog_dataset3_325.jpg,catdog_dataset3_325.jpg,catdog_dataset3,dog-210_jpg.rf.c82dd39bab858d5cb8429d2d9575e325.jpg,b6eee435aab6c84938198b00706b2894
Data/catdog_dataset3/catdog_dataset3_326/catdog_dataset3_326.jpg,catdog_dataset3_326.jpg,catdog_dataset3,dog-212_jpg.rf.0ebab3d1e6601c7276c72b9534d59849.jpg,f6e5104ed16cd76b848177da84f1f97e
Data/catdog_dataset3/catdog_dataset3_327/catdog_dataset3_327.jpg,catdog_dataset3_327.jpg,catdog_dataset3,dog-212_jpg.rf.0fb1dbbef794648510e61742aa26693f.jpg,6fb2d725eaf106004694be417aa5c5ac
Data/catdog_dataset3/catdog_dataset3_328/catdog_dataset3_328.jpg,catdog_dataset3_328.jpg,catdog_dataset3,dog-212_jpg.rf.af7d168eb54c8857d4c07dc6c948a168.jpg,ebe74da637eec58a91d2af6bfdefbfe2
Data/catdog_dataset3/catdog_dataset3_329/catdog_dataset3_329.jpg,catdog_dataset3_329.jpg,catdog_dataset3,dog-213_jpg.rf.8b72b0e21c5855b981c6daf128830118.jpg,60aee84b7d52ebda4d9e0152fc8916a3
Data/catdog_dataset3/catdog_dataset3_33/catdog_dataset3_33.jpg,catdog_dataset3_33.jpg,catdog_dataset3,dog-343_jpg.rf.d01521c2d21fa814ff17c61daaa25b98.jpg,7c93739f83f22caed0ed47ce8f9680bb
Data/catdog_dataset3/catdog_dataset3_330/catdog_dataset3_330.jpg,catdog_dataset3_330.jpg,catdog_dataset3,dog-213_jpg.rf.a765a84215dbb703e39edc0dbce21f5e.jpg,1a388e17053e20386f3ad62358241f16
Data/catdog_dataset3/catdog_dataset3_331/catdog_dataset3_331.jpg,catdog_dataset3_331.jpg,catdog_dataset3,dog-213_jpg.rf.e5150511e8aacfc32fd2be881e393642.jpg,2fb75452292a4c33c5cd68a4e7adbae6
Data/catdog_dataset3/catdog_dataset3_332/catdog_dataset3_332.jpg,catdog_dataset3_332.jpg,catdog_dataset3,dog-214_jpg.rf.77cd6715393941e220bca4c34af92e2b.jpg,6ef75e7c894d15cac4055e6f43255381
Data/catdog_dataset3/catdog_dataset3_333/catdog_dataset3_333.jpg,catdog_dataset3_333.jpg,catdog_dataset3,dog-214_jpg.rf.9c05d01a2b075e7e631e3060fe3ce26f.jpg,72f5a03c119b78f53d3ff9da72c10655
Data/catdog_dataset3/catdog_dataset3_334/catdog_dataset3_334.jpg,catdog_dataset3_334.jpg,catdog_dataset3,dog-214_jpg.rf.f59caea9c03892074428568e30c8a503.jpg,fe2145cbd8e397db4a6e547ccf85297f
Data/catdog_dataset3/catdog_dataset3_335/catdog_dataset3_335.jpg,catdog_dataset3_335.jpg,catdog_dataset3,dog-216_jpg.rf.11f9788661f31b444bc96905ce70b867.jpg,d002b58ee4c3706339aeee9e15f57e48
Data/catdog_dataset3/catdog_dataset3_336/catdog_dataset3_336.jpg,catdog_dataset3_336.jpg,catdog_dataset3,dog-216_jpg.rf.2e6cc7cb4dd1cca88a3c06435ff00f15.jpg,028e02cc018392a3e81cec6770d81f6e
Data/catdog_dataset3/catdog_dataset3_337/catdog_dataset3_337.jpg,catdog_dataset3_337.jpg,catdog_dataset3,dog-216_jpg.rf.8a81145084218d957a98a3ce3f1fa1a0.jpg,7c82755e1731e4be8ba17fe6f03b9ab0
Data/catdog_dataset3/catdog_dataset3_338/catdog_dataset3_338.jpg,catdog_dataset3_338.jpg,catdog_dataset3,dog-217_jpg.rf.152fb22fbfb92c67e9b00d7002577071.jpg,f026f25f65ab53cb00d1c64bc78e9b73
Data/catdog_dataset3/catdog_dataset3_339/catdog_dataset3_339.jpg,catdog_dataset3_339.jpg,catdog_dataset3,dog-217_jpg.rf.36559f348653427c67cbd2b5f7ab83a8.jpg,c3b435febad386aba54706fbe78d985f
Data/catdog_dataset3/catdog_dataset3_34/catdog_dataset3_34.jpg,catdog_dataset3_34.jpg,catdog_dataset3,dog-3519_jpg.rf.0f40b26e200eeac45b84f72e2aca77e1.jpg,89c61b29a0b27ea40de4def59e4696aa
Data/catdog_dataset3/catdog_dataset3_340/catdog_dataset3_340.jpg,catdog_dataset3_340.jpg,catdog_dataset3,dog-217_jpg.rf.973878b7ea9d37fcddb841de08145725.jpg,3eed681102624187977313871a9a0f95
Data/catdog_dataset3/catdog_dataset3_341/catdog_dataset3_341.jpg,catdog_dataset3_341.jpg,catdog_dataset3,dog-21_jpg.rf.0317e5cf1fea9e242721715d964be305.jpg,4ed22a802dcf7c86b08df26bea974207
Data/catdog_dataset3/catdog_dataset3_342/catdog_dataset3_342.jpg,catdog_dataset3_342.jpg,catdog_dataset3,dog-21_jpg.rf.25042f7aadfd035ab82f63255b1132b2.jpg,bdc161bfd91763bedbf845b07504e44e
Data/catdog_dataset3/catdog_dataset3_343/catdog_dataset3_343.jpg,catdog_dataset3_343.jpg,catdog_dataset3,dog-21_jpg.rf.d744c4e7be55d27b1374a226789205cb.jpg,5fcdc4c9c62cdee4a560f735406cb086
Data/catdog_dataset3/catdog_dataset3_344/catdog_dataset3_344.jpg,catdog_dataset3_344.jpg,catdog_dataset3,dog-220_jpg.rf.9416c246e019e82de5c8300e26c69588.jpg,6bd2742e869c15aae46f9ab86e4f653a
Data/catdog_dataset3/catdog_dataset3_345/catdog_dataset3_345.jpg,catdog_dataset3_345.jpg,catdog_dataset3,dog-220_jpg.rf.9a4aac80b05a15ed25d6ea4cf8f41668.jpg,aab43a4768c156d16272a4671e869c16
Data/catdog_dataset3/catdog_dataset3_346/catdog_dataset3_346.jpg,catdog_dataset3_346.jpg,catdog_dataset3,dog-220_jpg.rf.ece1c68360c812af74a8cbed3f222ee8.jpg,a48525d163bd48482c2377d358017f27
Data/catdog_dataset3/catdog_dataset3_347/catdog_dataset3_347.jpg,catdog_dataset3_347.jpg,catdog_dataset3,dog-221_jpg.rf.2af3edc02a61833eceea6a065193697d.jpg,43bf07b47601fa4b10d3467ce7094846
Data/catdog_dataset3/catdog_dataset3_348/catdog_dataset3_348.jpg,catdog_dataset3_348.jpg,catdog_dataset3,dog-221_jpg.rf.b1ee01a4b32e2bc34a333f07eed74b6a.jpg,df2e64ea1cc27d8aeff0d330fe369402
Data/catdog_dataset3/catdog_dataset3_349/catdog_dataset3_349.jpg,catdog_dataset3_349.jpg,catdog_dataset3,dog-221_jpg.rf.ca6c033010d340932b7a5987edee0626.jpg,aab90b57e21e5e367ec7791f588bb16d
Data/catdog_dataset3/catdog_dataset3_35/catdog_dataset3_35.jpg,catdog_dataset3_35.jpg,catdog_dataset3,dog-3523_jpg.rf.039fd9f92eb90f1b7118c091bf3cef60.jpg,b687527b844276231d497d6411719113
Data/catdog_dataset3/catdog_dataset3_350/catdog_dataset3_350.jpg,catdog_dataset3_350.jpg,catdog_dataset3,dog-222_jpg.rf.08d830f69e84040ea5954ff84d6e8b67.jpg,c321537d9a1be617a331fb20932a5b9a
Data/catdog_dataset3/catdog_dataset3_351/catdog_dataset3_351.jpg,catdog_dataset3_351.jpg,catdog_dataset3,dog-222_jpg.rf.454bed3bc7952b2286ce274cb7a829f8.jpg,f244fcad483a3b5b5de7c30984ce6ba6
Data/catdog_dataset3/catdog_dataset3_352/catdog_dataset3_352.jpg,catdog_dataset3_352.jpg,catdog_dataset3,dog-222_jpg.rf.be3600f29745f00a00035da237c7c6a0.jpg,defe256d8387a4f41da49128ab08fb66
Data/catdog_dataset3/catdog_dataset3_353/catdog_dataset3_353.jpg,catdog_dataset3_353.jpg,catdog_dataset3,dog-223_jpg.rf.4028944aee8cc0670287a090f08adc49.jpg,085826ea6b966237adc10b034f4d43e3
Data/catdog_dataset3/catdog_dataset3_354/catdog_dataset3_354.jpg,catdog_dataset3_354.jpg,catdog_dataset3,dog-223_jpg.rf.4f0fdfe03730f014e5e81b7b855dcb62.jpg,ac7a6b6d4323716ff9aee536b12b9235
Data/catdog_dataset3/catdog_dataset3_355/catdog_dataset3_355.jpg,catdog_dataset3_355.jpg,catdog_dataset3,dog-223_jpg.rf.89fb0ffd8bfe7b586d59a31d5bd30717.jpg,8ccca458385de2bec79bff6d29419e0f
Data/catdog_dataset3/catdog_dataset3_356/catdog_dataset3_356.jpg,catdog_dataset3_356.jpg,catdog_dataset3,dog-227_jpg.rf.67ae5ebdbd973a5c7742a9a34df7065f.jpg,8512d1b62a46c4b1a7863121291a2512
Data/catdog_dataset3/catdog_dataset3_357/catdog_dataset3_357.jpg,catdog_dataset3_357.jpg,catdog_dataset3,dog-227_jpg.rf.939b67eb2863a5bab563ec3f041adf08.jpg,71107e4685d90913409ed48922c02f99
Data/catdog_dataset3/catdog_dataset3_358/catdog_dataset3_358.jpg,catdog_dataset3_358.jpg,catdog_dataset3,dog-227_jpg.rf.df5265a92a636af7db108bf53aff57f2.jpg,de35fcdafe73d1f414110c9dd9c99a5b
Data/catdog_dataset3/catdog_dataset3_359/catdog_dataset3_359.jpg,catdog_dataset3_359.jpg,catdog_dataset3,dog-228_jpg.rf.0cd25bf566be1cb8bec08e993d203e53.jpg,455e41ee9d15701cd2e9beb37dcb1fe7
Data/catdog_dataset3/catdog_dataset3_36/catdog_dataset3_36.jpg,catdog_dataset3_36.jpg,catdog_dataset3,dog-3527_jpg.rf.2ac09b94075f84eff6de1b747e4078ed.jpg,dccca327b2ce447cfa49dae33923569d
Data/catdog_dataset3/catdog_dataset3_360/catdog_dataset3_360.jpg,catdog_dataset3_360.jpg,catdog_dataset3,dog-228_jpg.rf.6ab9c14628a5625a6ca0a6e5e339b411.jpg,1d4b603fbab57e653ddbd3c172924ff4
Data/catdog_dataset3/catdog_dataset3_361/catdog_dataset3_361.jpg,catdog_dataset3_361.jpg,catdog_dataset3,dog-228_jpg.rf.8feb0605bd66f8b5e93ce8219b656e55.jpg,8861b45d9b24d3ada5ebcb7000cffc99
Data/catdog_dataset3/catdog_dataset3_362/catdog_dataset3_362.jpg,catdog_dataset3_362.jpg,catdog_dataset3,dog-229_jpg.rf.0a9f42b3837ecaeea4d544457e5bcc32.jpg,063c59aeaad32af506bcaf17ae345012
Data/catdog_dataset3/catdog_dataset3_363/catdog_dataset3_363.jpg,catdog_dataset3_363.jpg,catdog_dataset3,dog-229_jpg.rf.69ada0b9c48847788be5abf831d2b17f.jpg,53975596872e897f5ca4e51d74f91cf7
Data/catdog_dataset3/catdog_dataset3_364/catdog_dataset3_364.jpg,catdog_dataset3_364.jpg,catdog_dataset3,dog-229_jpg.rf.ffe2a0ca1b938bb88169ea78e7c35a7e.jpg,0df42390a610b6a2a6ae442d99fcab73
Data/catdog_dataset3/catdog_dataset3_365/catdog_dataset3_365.jpg,catdog_dataset3_365.jpg,catdog_dataset3,dog-22_jpg.rf.220e3eb6f29903e8147e6d8bc3d6f333.jpg,ae4bca16b718234b811135cd7765821e
Data/catdog_dataset3/catdog_dataset3_366/catdog_dataset3_366.jpg,catdog_dataset3_366.jpg,catdog_dataset3,dog-22_jpg.rf.a541fde9ae85a228d9d9a37ac6cd2f1e.jpg,66b5d769d990c266e80b2e32bebd15ac
Data/catdog_dataset3/catdog_dataset3_367/catdog_dataset3_367.jpg,catdog_dataset3_367.jpg,catdog_dataset3,dog-22_jpg.rf.a6608613fe7e687c17178503bca00ddb.jpg,d885e4f80d436df539a39fb9592dfd7f
Data/catdog_dataset3/catdog_dataset3_368/catdog_dataset3_368.jpg,catdog_dataset3_368.jpg,catdog_dataset3,dog-230_jpg.rf.4e00745992465404fa91e378f5858136.jpg,b8eb0d4f3cd45535065c3fc3521e240e
Data/catdog_dataset3/catdog_dataset3_369/catdog_dataset3_369.jpg,catdog_dataset3_369.jpg,catdog_dataset3,dog-230_jpg.rf.6ff9ccaefe19ee2bff507a3a6183beed.jpg,d3cca95ea64f8a59b872f9ad6b64c920
Data/catdog_dataset3/catdog_dataset3_37/catdog_dataset3_37.jpg,catdog_dataset3_37.jpg,catdog_dataset3,dog-3531_jpg.rf.c4b84fb9785439600af5cd67e3b6d645.jpg,f501216e9aad7ab33148c8bb9f9fb4e4
Data/catdog_dataset3/catdog_dataset3_370/catdog_dataset3_370.jpg,catdog_dataset3_370.jpg,catdog_dataset3,dog-230_jpg.rf.a16943544c6d925c5060d84463a5e86c.jpg,61d4ddfebba8564dce294a94ec0bc5f3
Data/catdog_dataset3/catdog_dataset3_371/catdog_dataset3_371.jpg,catdog_dataset3_371.jpg,catdog_dataset3,dog-232_jpg.rf.52e0f6c7adae496da02451a0390c5223.jpg,d89b68dcdb3ea9f560df1fa70f62e3fc
Data/catdog_dataset3/catdog_dataset3_372/catdog_dataset3_372.jpg,catdog_dataset3_372.jpg,catdog_dataset3,dog-232_jpg.rf.6ae4ac02abc3c7121e4ec7755de1ffd3.jpg,97422f1fa44513d2f9322eccc52413f4
Data/catdog_dataset3/catdog_dataset3_373/catdog_dataset3_373.jpg,catdog_dataset3_373.jpg,catdog_dataset3,dog-232_jpg.rf.c4d96caba9e743b81949f794f733b4c3.jpg,8f0605eb10f5f314a1e02d6af3271c55
Data/catdog_dataset3/catdog_dataset3_374/catdog_dataset3_374.jpg,catdog_dataset3_374.jpg,catdog_dataset3,dog-233_jpg.rf.3c1b78764d239448cd59c747645cbaf0.jpg,f9fdb5ded65fac6a7a23c3edde03017c
Data/catdog_dataset3/catdog_dataset3_375/catdog_dataset3_375.jpg,catdog_dataset3_375.jpg,catdog_dataset3,dog-233_jpg.rf.4905262e4d0ab8195fcea793c0e55f98.jpg,3fd7e93bc1873e357241a0123b34de14
Data/catdog_dataset3/catdog_dataset3_376/catdog_dataset3_376.jpg,catdog_dataset3_376.jpg,catdog_dataset3,dog-233_jpg.rf.9a9d1e160338da483b1ef0196d212872.jpg,79cb99620e70103b17e652319c2bb5da
Data/catdog_dataset3/catdog_dataset3_377/catdog_dataset3_377.jpg,catdog_dataset3_377.jpg,catdog_dataset3,dog-234_jpg.rf.59b5661c1c81c14c0974df31d01bc19a.jpg,148728c185dadc3d73642bd8b9c7bee6
Data/catdog_dataset3/catdog_dataset3_378/catdog_dataset3_378.jpg,catdog_dataset3_378.jpg,catdog_dataset3,dog-234_jpg.rf.5b961f493da274d79f98fb492b01e795.jpg,ac4d735b6f75141e374533321a3c2487
Data/catdog_dataset3/catdog_dataset3_379/catdog_dataset3_379.jpg,catdog_dataset3_379.jpg,catdog_dataset3,dog-234_jpg.rf.9b414a148f2c61e43cca0054101a2bb9.jpg,4c1575fc44402b3bf11953f4f9d4805e
Data/catdog_dataset3/catdog_dataset3_38/catdog_dataset3_38.jpg,catdog_dataset3_38.jpg,catdog_dataset3,dog-3540_jpg.rf.35ed43aa8a076e5f2992d1f4a577f109.jpg,15f605b235484d3a7b5b4319cda1724d
Data/catdog_dataset3/catdog_dataset3_380/catdog_dataset3_380.jpg,catdog_dataset3_380.jpg,catdog_dataset3,dog-236_jpg.rf.db636912c4f4e4b851259c431541bc12.jpg,5249052458692a4f69d6bc81ea5696da
Data/catdog_dataset3/catdog_dataset3_381/catdog_dataset3_381.jpg,catdog_dataset3_381.jpg,catdog_dataset3,dog-236_jpg.rf.e3037779c23bc2112536ebefd63413fc.jpg,6894e1fc2bd799138ee06c543d56e357
Data/catdog_dataset3/catdog_dataset3_382/catdog_dataset3_382.jpg,catdog_dataset3_382.jpg,catdog_dataset3,dog-236_jpg.rf.fad987cae7ced13c19e11f85abfb86ac.jpg,d89e7813375f9a7a231ee471416b8f1c
Data/catdog_dataset3/catdog_dataset3_383/catdog_dataset3_383.jpg,catdog_dataset3_383.jpg,catdog_dataset3,dog-237_jpg.rf.289b16586fc7097a3fe6aa575f5ad287.jpg,6e5b1a5f3ec51c311eb6a5615d30d1b1
Data/catdog_dataset3/catdog_dataset3_384/catdog_dataset3_384.jpg,catdog_dataset3_384.jpg,catdog_dataset3,dog-237_jpg.rf.4ad02721450da9de7741303e492f6590.jpg,707a17a79d1e47490e85dfd600d68d2a
Data/catdog_dataset3/catdog_dataset3_385/catdog_dataset3_385.jpg,catdog_dataset3_385.jpg,catdog_dataset3,dog-237_jpg.rf.550ed774ae33de329c45e20cac792971.jpg,38d8526e0cabbbbcf4a5c3850b2a2d18
Data/catdog_dataset3/catdog_dataset3_386/catdog_dataset3_386.jpg,catdog_dataset3_386.jpg,catdog_dataset3,dog-238_jpg.rf.1dd03eb3ff91808849c6844d4316a269.jpg,b30ec16cc5f481bc1dff4523fcf22cc8
Data/catdog_dataset3/catdog_dataset3_387/catdog_dataset3_387.jpg,catdog_dataset3_387.jpg,catdog_dataset3,dog-238_jpg.rf.5278fdb1ef8de4c25ad08bb9fa9fc7f0.jpg,7621d28a9e60e704e81f3d9eb1d99a15
Data/catdog_dataset3/catdog_dataset3_388/catdog_dataset3_388.jpg,catdog_dataset3_388.jpg,catdog_dataset3,dog-238_jpg.rf.94d25191e78520a45d35a38b3d334b23.jpg,6eacc0280e61491c9c6336b30d2fd898
Data/catdog_dataset3/catdog_dataset3_389/catdog_dataset3_389.jpg,catdog_dataset3_389.jpg,catdog_dataset3,dog-239_jpg.rf.79777eccd795863f143f245f056903a0.jpg,5772dde84cfb83cf8844c133fad72ece
Data/catdog_dataset3/catdog_dataset3_39/catdog_dataset3_39.jpg,catdog_dataset3_39.jpg,catdog_dataset3,dog-36_jpg.rf.b263fc03aacaf639ab78bb49741ad1f0.jpg,c8d0ea1332d2365072be6385907566c7
Data/catdog_dataset3/catdog_dataset3_390/catdog_dataset3_390.jpg,catdog_dataset3_390.jpg,catdog_dataset3,dog-239_jpg.rf.88f5d86a28ee48d4513f45d921529262.jpg,0ba1aa1b1203e28c55037e4448bb2ea0
Data/catdog_dataset3/catdog_dataset3_391/catdog_dataset3_391.jpg,catdog_dataset3_391.jpg,catdog_dataset3,dog-239_jpg.rf.f0690e4b733e1d6c5a459d035c487ac9.jpg,5a7dbc85fbedb4f3b97e577529e071fa
Data/catdog_dataset3/catdog_dataset3_392/catdog_dataset3_392.jpg,catdog_dataset3_392.jpg,catdog_dataset3,dog-241_jpg.rf.363f17092947b7580d2b53177cd7ffb0.jpg,9bab0e80ab49afc84a9e11ede983ffed
Data/catdog_dataset3/catdog_dataset3_393/catdog_dataset3_393.jpg,catdog_dataset3_393.jpg,catdog_dataset3,dog-241_jpg.rf.41b7ab6bbde5f578ac03e594980a8bf6.jpg,a46042dbcd788b16ef31da2903b33672
Data/catdog_dataset3/catdog_dataset3_394/catdog_dataset3_394.jpg,catdog_dataset3_394.jpg,catdog_dataset3,dog-241_jpg.rf.b8dfcab2a8318e392c2c4ee101227031.jpg,569a6cae9a2a91072b4507ea99121412
Data/catdog_dataset3/catdog_dataset3_395/catdog_dataset3_395.jpg,catdog_dataset3_395.jpg,catdog_dataset3,dog-242_jpg.rf.74731bf003747c6e3ae2e91e0a75c06f.jpg,23a59276c57bbe040c0655723296146c
Data/catdog_dataset3/catdog_dataset3_396/catdog_dataset3_396.jpg,catdog_dataset3_396.jpg,catdog_dataset3,dog-242_jpg.rf.957deecb4b03b3ed5891014a412fbd25.jpg,3771b7de31d6e52343a16d45fb0bcab6
Data/catdog_dataset3/catdog_dataset3_397/catdog_dataset3_397.jpg,catdog_dataset3_397.jpg,catdog_dataset3,dog-242_jpg.rf.baf33a9ce132a51cb4761c77769d3da0.jpg,0261252667291c6926e9306ed519eba6
Data/catdog_dataset3/catdog_dataset3_398/catdog_dataset3_398.jpg,catdog_dataset3_398.jpg,catdog_dataset3,dog-244_jpg.rf.39e07100e1d0df8806cba2cafb33e4aa.jpg,cc19c334b3a9fb42d33f00ca797a2cb9
Data/catdog_dataset3/catdog_dataset3_399/catdog_dataset3_399.jpg,catdog_dataset3_399.jpg,catdog_dataset3,dog-244_jpg.rf.4998384194eb5a66239593f46a093a6f.jpg,b21073070b9ff7ca044f5e545f7d6ca4
Data/catdog_dataset3/catdog_dataset3_4/catdog_dataset3_4.jpg,catdog_dataset3_4.jpg,catdog_dataset3,dog-113_jpg.rf.4ed4e523a1cc98377d4788f8de5c0abf.jpg,0550f0ffb9f01e0df1dcac327696c595
Data/catdog_dataset3/catdog_dataset3_40/catdog_dataset3_40.jpg,catdog_dataset3_40.jpg,catdog_dataset3,dog-372_jpg.rf.e8214d1f985f06fb74620c23a15177d7.jpg,0f234cf79423b26c9161598175cf5054
Data/catdog_dataset3/catdog_dataset3_400/catdog_dataset3_400.jpg,catdog_dataset3_400.jpg,catdog_dataset3,dog-244_jpg.rf.5971ac6ef4a6065b67834f304d123e5a.jpg,7bbe46b90a11e4c63a99129fb00df2cf
Data/catdog_dataset3/catdog_dataset3_401/catdog_dataset3_401.jpg,catdog_dataset3_401.jpg,catdog_dataset3,dog-245_jpg.rf.0b232d625d157a323f2ad8f6702270a2.jpg,3e40f3834dd9e38746050fa9dd2a0b81
Data/catdog_dataset3/catdog_dataset3_402/catdog_dataset3_402.jpg,catdog_dataset3_402.jpg,catdog_dataset3,dog-245_jpg.rf.89df8cde745d33d6d2dea86e5f5bd4ac.jpg,3eae5f1244d4c0dd3e8d52918190967e
Data/catdog_dataset3/catdog_dataset3_403/catdog_dataset3_403.jpg,catdog_dataset3_403.jpg,catdog_dataset3,dog-245_jpg.rf.daf07628118488f7d1458c7958b067e3.jpg,6c9b416ea0d4e5c74e2dc73540e5b8f8
Data/catdog_dataset3/catdog_dataset3_404/catdog_dataset3_404.jpg,catdog_dataset3_404.jpg,catdog_dataset3,dog-246_jpg.rf.3e0ad9edbbb7386d23a6d59db103d4a2.jpg,5d0cc0bbf10d10b1871d29c9903b0375
Data/catdog_dataset3/catdog_dataset3_405/catdog_dataset3_405.jpg,catdog_dataset3_405.jpg,catdog_dataset3,dog-246_jpg.rf.970324413205d4f16879f333c4bb78f8.jpg,ecc3193fae9f9523dc7e361ab2baf46b
Data/catdog_dataset3/catdog_dataset3_406/catdog_dataset3_406.jpg,catdog_dataset3_406.jpg,catdog_dataset3,dog-246_jpg.rf.b3760827a165df048c288789f3a3a05b.jpg,42213979f6132f3933292deec808653a
Data/catdog_dataset3/catdog_dataset3_407/catdog_dataset3_407.jpg,catdog_dataset3_407.jpg,catdog_dataset3,dog-248_jpg.rf.00d944e2f5dbbb9cc0e2442bebe45e2e.jpg,ab9d56264f733b693bfe015b269cc3e7
Data/catdog_dataset3/catdog_dataset3_408/catdog_dataset3_408.jpg,catdog_dataset3_408.jpg,catdog_dataset3,dog-248_jpg.rf.04d93a443820c49d4078ce50e68509d4.jpg,2c6fbd59fc35338f59101522d4032fd2
Data/catdog_dataset3/catdog_dataset3_409/catdog_dataset3_409.jpg,catdog_dataset3_409.jpg,catdog_dataset3,dog-248_jpg.rf.963130b45a0802a7539b570374f754c6.jpg,ab56f1e85b808148606d7f71369acd81
Data/catdog_dataset3/catdog_dataset3_41/catdog_dataset3_41.jpg,catdog_dataset3_41.jpg,catdog_dataset3,dog-373_jpg.rf.a3e352694e341def16e79ffae96a46c9.jpg,e38c79cb0d7ab124090616420178bf4f
Data/catdog_dataset3/catdog_dataset3_410/catdog_dataset3_410.jpg,catdog_dataset3_410.jpg,catdog_dataset3,dog-249_jpg.rf.0adca8a1885245b849d4f4d6038826cf.jpg,53b47c9f6f162f264310be90f6e71c01
Data/catdog_dataset3/catdog_dataset3_411/catdog_dataset3_411.jpg,catdog_dataset3_411.jpg,catdog_dataset3,dog-249_jpg.rf.62912bd28bab3b88b9038ebdb01630b9.jpg,30506c7df72c80e16922b501643394c1
Data/catdog_dataset3/catdog_dataset3_412/catdog_dataset3_412.jpg,catdog_dataset3_412.jpg,catdog_dataset3,dog-249_jpg.rf.868fc7c72253ced1e67d3376b6bc6278.jpg,acbb3979fdea1c9d6100ee554360cc46
Data/catdog_dataset3/catdog_dataset3_413/catdog_dataset3_413.jpg,catdog_dataset3_413.jpg,catdog_dataset3,dog-24_jpg.rf.10528ad1bd24005cb5e3f66cfbd79f30.jpg,565075c08ff63e92a5b4c60f5b03f099
Data/catdog_dataset3/catdog_dataset3_414/catdog_dataset3_414.jpg,catdog_dataset3_414.jpg,catdog_dataset3,dog-24_jpg.rf.c1c970adf6094a458fca693bcb6b9fc4.jpg,6d173848baec0727ab2e0530d664e761
Data/catdog_dataset3/catdog_dataset3_415/catdog_dataset3_415.jpg,catdog_dataset3_415.jpg,catdog_dataset3,dog-24_jpg.rf.d2087a247bfb49bddb66de65e1d5b3ff.jpg,f797d92f5a3b4b81cc64abd1b4f4cf60
Data/catdog_dataset3/catdog_dataset3_416/catdog_dataset3_416.jpg,catdog_dataset3_416.jpg,catdog_dataset3,dog-250_jpg.rf.023eec006babcaecf3a8b6d46839d798.jpg,c0885e64f78a3f69d52041f15a8bd2c3
Data/catdog_dataset3/catdog_dataset3_417/catdog_dataset3_417.jpg,catdog_dataset3_417.jpg,catdog_dataset3,dog-250_jpg.rf.2df425cc58126be83898837fad78d563.jpg,7d8c5dd4f85bea84eff2b8739cdfa327
Data/catdog_dataset3/catdog_dataset3_418/catdog_dataset3_418.jpg,catdog_dataset3_418.jpg,catdog_dataset3,dog-250_jpg.rf.ca541ec282c58f0286901bae24894363.jpg,39b8e9f2fc9701c5a219a2a1e2726351
Data/catdog_dataset3/catdog_dataset3_419/catdog_dataset3_419.jpg,catdog_dataset3_419.jpg,catdog_dataset3,dog-252_jpg.rf.24ee60bf4eb389a5811e38650a22dd60.jpg,6860d8dafc0e4d95f1fbac2b8181f830
Data/catdog_dataset3/catdog_dataset3_42/catdog_dataset3_42.jpg,catdog_dataset3_42.jpg,catdog_dataset3,dog-389_jpg.rf.509ac1ff2a4f08c1f796783309b9c46a.jpg,13dea2798dc370a80a8ecfaa7199fe7c
Data/catdog_dataset3/catdog_dataset3_420/catdog_dataset3_420.jpg,catdog_dataset3_420.jpg,catdog_dataset3,dog-252_jpg.rf.28cf9e56ede66ec6002e8e7441ef0530.jpg,4159ee289a183c517415ffc7952f307f
Data/catdog_dataset3/catdog_dataset3_421/catdog_dataset3_421.jpg,catdog_dataset3_421.jpg,catdog_dataset3,dog-252_jpg.rf.6091b40e2527501fabe4b0ca5e077e43.jpg,e33f1f32498191b14e013b0a19dacfc1
Data/catdog_dataset3/catdog_dataset3_422/catdog_dataset3_422.jpg,catdog_dataset3_422.jpg,catdog_dataset3,dog-253_jpg.rf.7125cf25d471ee90560967298d24a31f.jpg,c575c6321b07db474ef7bcdcec41168c
Data/catdog_dataset3/catdog_dataset3_423/catdog_dataset3_423.jpg,catdog_dataset3_423.jpg,catdog_dataset3,dog-253_jpg.rf.ac4b65a190bd946b70f05e53eb566a7b.jpg,d01ed7cd250d0aebdc564317ef545b55
Data/catdog_dataset3/catdog_dataset3_424/catdog_dataset3_424.jpg,catdog_dataset3_424.jpg,catdog_dataset3,dog-253_jpg.rf.b2466cf1d5b697d8775e5a74fdffaed0.jpg,01ccb85229ca3ee04fa20800c0947f3a
Data/catdog_dataset3/catdog_dataset3_425/catdog_dataset3_425.jpg,catdog_dataset3_425.jpg,catdog_dataset3,dog-254_jpg.rf.326971650ca50b14592dab374fcbfd01.jpg,13625a18c70031fe65eaf52c52b327a8
Data/catdog_dataset3/catdog_dataset3_426/catdog_dataset3_426.jpg,catdog_dataset3_426.jpg,catdog_dataset3,dog-254_jpg.rf.b86277d60740cb8c9449318ae63eef8e.jpg,760330e56a2dfc64777fda73f320acfc
Data/catdog_dataset3/catdog_dataset3_427/catdog_dataset3_427.jpg,catdog_dataset3_427.jpg,catdog_dataset3,dog-254_jpg.rf.db77e3d9f212c604be5c34579e991482.jpg,7f140b9460508b7577c7483ca49a3890
Data/catdog_dataset3/catdog_dataset3_428/catdog_dataset3_428.jpg,catdog_dataset3_428.jpg,catdog_dataset3,dog-256_jpg.rf.3275cc51ee07a4f63196449fae18ae73.jpg,6f97c9b4095bf8268e952433cc8912fb
Data/catdog_dataset3/catdog_dataset3_429/catdog_dataset3_429.jpg,catdog_dataset3_429.jpg,catdog_dataset3,dog-256_jpg.rf.9330108014fefa2a07e26924eba51d64.jpg,f3ac374c303b74b70b600029f78b59c3
Data/catdog_dataset3/catdog_dataset3_43/catdog_dataset3_43.jpg,catdog_dataset3_43.jpg,catdog_dataset3,dog-392_jpg.rf.bd3f6e6c1d486d0de5d8c494bb3fdc31.jpg,7c556dddef187452d4a9889cb4824654
Data/catdog_dataset3/catdog_dataset3_430/catdog_dataset3_430.jpg,catdog_dataset3_430.jpg,catdog_dataset3,dog-256_jpg.rf.ebafa2fd2bc41a822e69a860d2c09553.jpg,670a252eaa8c85cb7333080af57ce8aa
Data/catdog_dataset3/catdog_dataset3_431/catdog_dataset3_431.jpg,catdog_dataset3_431.jpg,catdog_dataset3,dog-257_jpg.rf.5944aee308e4b7dd73153a9f46c987f7.jpg,793bbe5b30f6fad2aa1d2e1f27ac7c84
Data/catdog_dataset3/catdog_dataset3_432/catdog_dataset3_432.jpg,catdog_dataset3_432.jpg,catdog_dataset3,dog-257_jpg.rf.ead3a573b807dd5103b3d07f0666db0b.jpg,dfd160b94577afbd37fa8e261f080220
Data/catdog_dataset3/catdog_dataset3_433/catdog_dataset3_433.jpg,catdog_dataset3_433.jpg,catdog_dataset3,dog-257_jpg.rf.fdcde916e9b395ce10dff08e4252b285.jpg,b683e32d7c130faa5d9a095ad2035b03
Data/catdog_dataset3/catdog_dataset3_434/catdog_dataset3_434.jpg,catdog_dataset3_434.jpg,catdog_dataset3,dog-259_jpg.rf.98e0b22ca4b809b0b76c2e5d9eee31b9.jpg,931927f7459c114bb03538b2060a7d98
Data/catdog_dataset3/catdog_dataset3_435/catdog_dataset3_435.jpg,catdog_dataset3_435.jpg,catdog_dataset3,dog-259_jpg.rf.a44d1f251b99953865405a45c55cf469.jpg,fc729cb12440898d5888c6e237e26a74
Data/catdog_dataset3/catdog_dataset3_436/catdog_dataset3_436.jpg,catdog_dataset3_436.jpg,catdog_dataset3,dog-259_jpg.rf.e48978d2a2f7190671c606047139d35f.jpg,33a7e8b9d857e618e658de12a33e858e
Data/catdog_dataset3/catdog_dataset3_437/catdog_dataset3_437.jpg,catdog_dataset3_437.jpg,catdog_dataset3,dog-25_jpg.rf.66784389756725895d6e9f844e1bc3ea.jpg,47e25e6be5d39a51c07eb12668aa9e7b
Data/catdog_dataset3/catdog_dataset3_438/catdog_dataset3_438.jpg,catdog_dataset3_438.jpg,catdog_dataset3,dog-25_jpg.rf.a4e9afe38ae7c976756f65c4dbad8dd2.jpg,b2dcf4e84a68a06a97ba7fa018e31253
Data/catdog_dataset3/catdog_dataset3_439/catdog_dataset3_439.jpg,catdog_dataset3_439.jpg,catdog_dataset3,dog-25_jpg.rf.db694c34470643f2b48b9177501a6d7a.jpg,933efd4392d115092019783ddb41b268
Data/catdog_dataset3/catdog_dataset3_44/catdog_dataset3_44.jpg,catdog_dataset3_44.jpg,catdog_dataset3,dog-405_jpg.rf.f5f5d4a35e8a83bbc7570b69aa787544.jpg,ea45a17ac876f44a9ad8c78cfe5f2c27
Data/catdog_dataset3/catdog_dataset3_440/catdog_dataset3_440.jpg,catdog_dataset3_440.jpg,catdog_dataset3,dog-260_jpg.rf.6b3ac974d01820a9a96938c6d25f3829.jpg,f673d0b60bce775a5e7bcf3502c6539d
Data/catdog_dataset3/catdog_dataset3_441/catdog_dataset3_441.jpg,catdog_dataset3_441.jpg,catdog_dataset3,dog-260_jpg.rf.8efb5e0c84f7a0f9b7c32e615cadec61.jpg,cfbfcf4d9e63a697a50789a22c7ec605
Data/catdog_dataset3/catdog_dataset3_442/catdog_dataset3_442.jpg,catdog_dataset3_442.jpg,catdog_dataset3,dog-260_jpg.rf.c98aecb0e7127df9c92786fff6647961.jpg,013db057e6337028193fdf2752819e05
Data/catdog_dataset3/catdog_dataset3_443/catdog_dataset3_443.jpg,catdog_dataset3_443.jpg,catdog_dataset3,dog-261_jpg.rf.49413261f102ac52bd7ee961ee682886.jpg,5872964f85233d2e72dc3e29018e225a
Data/catdog_dataset3/catdog_dataset3_444/catdog_dataset3_444.jpg,catdog_dataset3_444.jpg,catdog_dataset3,dog-261_jpg.rf.b23441558b1207ff9320c656dfba4c69.jpg,3ff5bade8fd8ec73a9ae72da2a903ee4
Data/catdog_dataset3/catdog_dataset3_445/catdog_dataset3_445.jpg,catdog_dataset3_445.jpg,catdog_dataset3,dog-261_jpg.rf.f3f7cd4347ce03b1234f0e2371b0ddad.jpg,d589c74f29c5e6529ba192e549f60580
Data/catdog_dataset3/catdog_dataset3_446/catdog_dataset3_446.jpg,catdog_dataset3_446.jpg,catdog_dataset3,dog-262_jpg.rf.2633353b572b9a562a08fd92864198f8.jpg,0b6c4d16e0e320dadab46021eae3c2f8
Data/catdog_dataset3/catdog_dataset3_447/catdog_dataset3_447.jpg,catdog_dataset3_447.jpg,catdog_dataset3,dog-262_jpg.rf.8965cbb21dad651faea3da58d84b8b8e.jpg,3ad18f3a679b983a9ce4a58945acbefa
Data/catdog_dataset3/catdog_dataset3_448/catdog_dataset3_448.jpg,catdog_dataset3_448.jpg,catdog_dataset3,dog-262_jpg.rf.bb6336a29bd6d0c6028273a508902f59.jpg,c9b995a1a1232b663e5b06bdce216afb
Data/catdog_dataset3/catdog_dataset3_449/catdog_dataset3_449.jpg,catdog_dataset3_449.jpg,catdog_dataset3,dog-263_jpg.rf.1ad77b37f186e4b0b9091f17e094325a.jpg,f102b68f3f60866d709a4aecffb33d8b
Data/catdog_dataset3/catdog_dataset3_45/catdog_dataset3_45.jpg,catdog_dataset3_45.jpg,catdog_dataset3,dog-40_jpg.rf.3683f21cc00d1065206086912b00cfb3.jpg,243364a91f1f9fc2effdd8ab3ea035d5
Data/catdog_dataset3/catdog_dataset3_450/catdog_dataset3_450.jpg,catdog_dataset3_450.jpg,catdog_dataset3,dog-263_jpg.rf.5ce02df22c9e397221beb7a2d5f623ab.jpg,29a8157f8140d1efdaf5444fed6aafe3
Data/catdog_dataset3/catdog_dataset3_451/catdog_dataset3_451.jpg,catdog_dataset3_451.jpg,catdog_dataset3,dog-263_jpg.rf.641a940e3586f88fbee5d1725068d5c8.jpg,228ec92654633df248dcd532ac713699
Data/catdog_dataset3/catdog_dataset3_452/catdog_dataset3_452.jpg,catdog_dataset3_452.jpg,catdog_dataset3,dog-264_jpg.rf.63dfc8c09922c995b6febd5f9780a703.jpg,4c2db6c7273e02fb88b085a98dd56f1e
Data/catdog_dataset3/catdog_dataset3_453/catdog_dataset3_453.jpg,catdog_dataset3_453.jpg,catdog_dataset3,dog-264_jpg.rf.82529df298cecfd044188bdfb1c15f6b.jpg,128a5bbe9a77f40a8bedde1949b0a2b2
Data/catdog_dataset3/catdog_dataset3_454/catdog_dataset3_454.jpg,catdog_dataset3_454.jpg,catdog_dataset3,dog-264_jpg.rf.fc61603da2193af5b5027fd5dc7a1734.jpg,122dab71da5af6a925490fdd4d294b3a
Data/catdog_dataset3/catdog_dataset3_455/catdog_dataset3_455.jpg,catdog_dataset3_455.jpg,catdog_dataset3,dog-265_jpg.rf.21cf09afa997f42400c2f99521607d7c.jpg,27c255ed44dcd8da7b21d8a6eb717ff2
Data/catdog_dataset3/catdog_dataset3_456/catdog_dataset3_456.jpg,catdog_dataset3_456.jpg,catdog_dataset3,dog-265_jpg.rf.e2ff3739be84c233340e2cd1cbdcd79f.jpg,f9c246e1dc6e531f03d362d560b431c4
Data/catdog_dataset3/catdog_dataset3_457/catdog_dataset3_457.jpg,catdog_dataset3_457.jpg,catdog_dataset3,dog-265_jpg.rf.efc5e96c39c12756fd3bd906a98d1e8d.jpg,4f0939bcb3e941ffcf0c957833724cdb
Data/catdog_dataset3/catdog_dataset3_458/catdog_dataset3_458.jpg,catdog_dataset3_458.jpg,catdog_dataset3,dog-267_jpg.rf.11932c2884c1a2dcf8527c5948dfd657.jpg,d2242ccd1a0e97cd93d77b98a9d1bb7b
Data/catdog_dataset3/catdog_dataset3_459/catdog_dataset3_459.jpg,catdog_dataset3_459.jpg,catdog_dataset3,dog-267_jpg.rf.3a84bce3b265918d550e467a7d0b6145.jpg,2f4a0679d03708048173e4a6f78bcefd
Data/catdog_dataset3/catdog_dataset3_46/catdog_dataset3_46.jpg,catdog_dataset3_46.jpg,catdog_dataset3,dog-423_jpg.rf.a7a52617b844c6f14f2d3561f0c0e164.jpg,6c258edab5b10d822bcc93c385c4485e
Data/catdog_dataset3/catdog_dataset3_460/catdog_dataset3_460.jpg,catdog_dataset3_460.jpg,catdog_dataset3,dog-267_jpg.rf.d798b86c09dfddb5e72ecd870284cb86.jpg,1fa6da0d2990bd8dfd73952354b4312d
Data/catdog_dataset3/catdog_dataset3_461/catdog_dataset3_461.jpg,catdog_dataset3_461.jpg,catdog_dataset3,dog-268_jpg.rf.362971565c1513362740c6bec57a5ecd.jpg,a0f428b3155a8a6624c00326e7b943c2
Data/catdog_dataset3/catdog_dataset3_462/catdog_dataset3_462.jpg,catdog_dataset3_462.jpg,catdog_dataset3,dog-268_jpg.rf.6c39e233331ef4fee45900b7b9fc4b2c.jpg,51a035336d9ebd212f5ffc8a85b7fc5d
Data/catdog_dataset3/catdog_dataset3_463/catdog_dataset3_463.jpg,catdog_dataset3_463.jpg,catdog_dataset3,dog-268_jpg.rf.eedb58c464e665c4b59ebb150e36a126.jpg,63174613130d167f1a62415d74671ff9
Data/catdog_dataset3/catdog_dataset3_464/catdog_dataset3_464.jpg,catdog_dataset3_464.jpg,catdog_dataset3,dog-269_jpg.rf.5035510fd051b45f9d64c6b309563385.jpg,1f15e07fc8b296ddca69c2e0bea59ce2
Data/catdog_dataset3/catdog_dataset3_465/catdog_dataset3_465.jpg,catdog_dataset3_465.jpg,catdog_dataset3,dog-269_jpg.rf.84a5e28898c5b7b6c8dcedeb44323087.jpg,28ee3972f565a14c587d966c729658e4
Data/catdog_dataset3/catdog_dataset3_466/catdog_dataset3_466.jpg,catdog_dataset3_466.jpg,catdog_dataset3,dog-269_jpg.rf.8915046d3223ce86e04ee377b31e5202.jpg,2c234b3bd22f99afd12777247f51d877
Data/catdog_dataset3/catdog_dataset3_467/catdog_dataset3_467.jpg,catdog_dataset3_467.jpg,catdog_dataset3,dog-26_jpg.rf.25df32bebcf39212dbd475fb500acc24.jpg,9867cc36c9794346a7092073c7dd8b02
Data/catdog_dataset3/catdog_dataset3_468/catdog_dataset3_468.jpg,catdog_dataset3_468.jpg,catdog_dataset3,dog-26_jpg.rf.56fd0dfa0b872e0e58ca0c5191c5df38.jpg,e0540878eff19bda24d022380d23d2ea
Data/catdog_dataset3/catdog_dataset3_469/catdog_dataset3_469.jpg,catdog_dataset3_469.jpg,catdog_dataset3,dog-26_jpg.rf.f12a31bc60d46362fe22fefbfeb860f5.jpg,5f66c53d072bac5f83c8b865db700242
Data/catdog_dataset3/catdog_dataset3_47/catdog_dataset3_47.jpg,catdog_dataset3_47.jpg,catdog_dataset3,dog-428_jpg.rf.e46647a0a911d581e623cbe4778af7fa.jpg,6d48564b0cd3f82e1351edde6edcfeb4
Data/catdog_dataset3/catdog_dataset3_470/catdog_dataset3_470.jpg,catdog_dataset3_470.jpg,catdog_dataset3,dog-273_jpg.rf.27747a77f3083af1d1bfb0fe3493b120.jpg,368e8f82a042df615a1e833c4703f2c9
Data/catdog_dataset3/catdog_dataset3_471/catdog_dataset3_471.jpg,catdog_dataset3_471.jpg,catdog_dataset3,dog-273_jpg.rf.4ea6773d6b80e20673b691fe70f2410a.jpg,a4794e5692d2fecdcca521cd215b542d
Data/catdog_dataset3/catdog_dataset3_472/catdog_dataset3_472.jpg,catdog_dataset3_472.jpg,catdog_dataset3,dog-273_jpg.rf.d12e68d4e8025698699ad44dae9c661f.jpg,2332c8b1279d04542cddb8d6fcf5ff58
Data/catdog_dataset3/catdog_dataset3_473/catdog_dataset3_473.jpg,catdog_dataset3_473.jpg,catdog_dataset3,dog-276_jpg.rf.08deb32af7980276102133f2c13507ad.jpg,743b409a6b8636e223aaddb96ec9e66f
Data/catdog_dataset3/catdog_dataset3_474/catdog_dataset3_474.jpg,catdog_dataset3_474.jpg,catdog_dataset3,dog-276_jpg.rf.4190aba15f8e334b2a6cd49cf463ef20.jpg,589c944c9b5f03af46e516606aa70d11
Data/catdog_dataset3/catdog_dataset3_475/catdog_dataset3_475.jpg,catdog_dataset3_475.jpg,catdog_dataset3,dog-276_jpg.rf.5b0b50cff0674b76a523de411f68337a.jpg,2c97fce128b51e51cb57574e839cbe77
Data/catdog_dataset3/catdog_dataset3_476/catdog_dataset3_476.jpg,catdog_dataset3_476.jpg,catdog_dataset3,dog-278_jpg.rf.4626861a04ddaf2e8965f047f3f5ec19.jpg,e110ae5bfcc2960ce4640f309131d3aa
Data/catdog_dataset3/catdog_dataset3_477/catdog_dataset3_477.jpg,catdog_dataset3_477.jpg,catdog_dataset3,dog-278_jpg.rf.82b1f01562ca28c49e1a413eaa7a3739.jpg,006d67ee8a18b764395c90c432c65361
Data/catdog_dataset3/catdog_dataset3_478/catdog_dataset3_478.jpg,catdog_dataset3_478.jpg,catdog_dataset3,dog-278_jpg.rf.c8ea08a9436ceac55423c468711f1463.jpg,4c07fc8f046d5edf8658e56b31c7fe5b
Data/catdog_dataset3/catdog_dataset3_479/catdog_dataset3_479.jpg,catdog_dataset3_479.jpg,catdog_dataset3,dog-27_jpg.rf.4c64af146ccc4666c3f724a07bbae435.jpg,638ff26f75dfb7e08d5feded5218913a
Data/catdog_dataset3/catdog_dataset3_48/catdog_dataset3_48.jpg,catdog_dataset3_48.jpg,catdog_dataset3,dog-42_jpg.rf.7200109933cbbd9004cc320a0b1d6ec6.jpg,06058e80d2a402bbbfcf047ed21c9a2a
Data/catdog_dataset3/catdog_dataset3_480/catdog_dataset3_480.jpg,catdog_dataset3_480.jpg,catdog_dataset3,dog-27_jpg.rf.578258f17df27bb0990ff82e5fd8cb2b.jpg,28716b4868c8ac52879213f5562388d3
Data/catdog_dataset3/catdog_dataset3_481/catdog_dataset3_481.jpg,catdog_dataset3_481.jpg,catdog_dataset3,dog-27_jpg.rf.eee78eb70e9dc6b28e8ab52e95ae42ce.jpg,7b910746076c913f3add445c1981e1b4
Data/catdog_dataset3/catdog_dataset3_482/catdog_dataset3_482.jpg,catdog_dataset3_482.jpg,catdog_dataset3,dog-280_jpg.rf.246e62fc06fb639b6bfde74976b3cc84.jpg,1e2bfcdeb07970f18d8b9bd98cbf6811
Data/catdog_dataset3/catdog_dataset3_483/catdog_dataset3_483.jpg,catdog_dataset3_483.jpg,catdog_dataset3,dog-280_jpg.rf.39d460561c5fe5af9ad088abb8b1a627.jpg,97067cca1600d20ade1f5285b7825260
Data/catdog_dataset3/catdog_dataset3_484/catdog_dataset3_484.jpg,catdog_dataset3_484.jpg,catdog_dataset3,dog-280_jpg.rf.6160a10b750ff13de65212d364b0bc36.jpg,3969046e5986b3b4957d674781a74fa5
Data/catdog_dataset3/catdog_dataset3_485/catdog_dataset3_485.jpg,catdog_dataset3_485.jpg,catdog_dataset3,dog-281_jpg.rf.28398f2c3ede525b4fa682aa205e94a5.jpg,4284994bb6cc58390b67046e08f0c08d
Data/catdog_dataset3/catdog_dataset3_486/catdog_dataset3_486.jpg,catdog_dataset3_486.jpg,catdog_dataset3,dog-281_jpg.rf.475686fa7dbcfd13b9b1763d0741441f.jpg,61d15239491acc30795db1c351913f2d
Data/catdog_dataset3/catdog_dataset3_487/catdog_dataset3_487.jpg,catdog_dataset3_487.jpg,catdog_dataset3,dog-281_jpg.rf.5bde019cfed91eeda63cbae7a9ba5b37.jpg,4dcb3dae4099f1959ff7c49b2df99df6
Data/catdog_dataset3/catdog_dataset3_488/catdog_dataset3_488.jpg,catdog_dataset3_488.jpg,catdog_dataset3,dog-282_jpg.rf.2efeec7fad57b1894d24b70114869b6c.jpg,f7744980a1e8af7f6b6d5067988ff0ba
Data/catdog_dataset3/catdog_dataset3_489/catdog_dataset3_489.jpg,catdog_dataset3_489.jpg,catdog_dataset3,dog-282_jpg.rf.623649680615008f8e93f65560ed607b.jpg,0f09ad07adbab721a884d52d9bf70cdd
Data/catdog_dataset3/catdog_dataset3_49/catdog_dataset3_49.jpg,catdog_dataset3_49.jpg,catdog_dataset3,dog-448_jpg.rf.30d5234aff0db7e604dbda6b73e6e738.jpg,ddd859441c9324e6782c724111bf708f
Data/catdog_dataset3/catdog_dataset3_490/catdog_dataset3_490.jpg,catdog_dataset3_490.jpg,catdog_dataset3,dog-282_jpg.rf.cbd032d5dd3823d9cfaef925cf1e1f68.jpg,379fa3632b2edefe348ce6ef2ecb4538
Data/catdog_dataset3/catdog_dataset3_491/catdog_dataset3_491.jpg,catdog_dataset3_491.jpg,catdog_dataset3,dog-283_jpg.rf.91ed026a435cbfaf9be4b4c5ce0f6556.jpg,41d2cce793dd53c99c89c86bd91a220f
Data/catdog_dataset3/catdog_dataset3_492/catdog_dataset3_492.jpg,catdog_dataset3_492.jpg,catdog_dataset3,dog-283_jpg.rf.e7062045735d917c6d8e448ff028e308.jpg,e5a2090bb0112b549c2119a55232bef0
Data/catdog_dataset3/catdog_dataset3_493/catdog_dataset3_493.jpg,catdog_dataset3_493.jpg,catdog_dataset3,dog-283_jpg.rf.f5c88e942b26f76d1c32f48f7d8c35b2.jpg,35e3b5917fe414e5a4252818c7cd1e0e
Data/catdog_dataset3/catdog_dataset3_494/catdog_dataset3_494.jpg,catdog_dataset3_494.jpg,catdog_dataset3,dog-285_jpg.rf.36233cf186934ed9fab588e9c6773f8f.jpg,fb81e861eb7a5e6528f5daf9025eba4f
Data/catdog_dataset3/catdog_dataset3_495/catdog_dataset3_495.jpg,catdog_dataset3_495.jpg,catdog_dataset3,dog-285_jpg.rf.86034312813250dabd203b5445eca7b2.jpg,1023983ad18cc499202d5a60214288d4
Data/catdog_dataset3/catdog_dataset3_496/catdog_dataset3_496.jpg,catdog_dataset3_496.jpg,catdog_dataset3,dog-285_jpg.rf.d134d5a9447477f1adc93479edb79457.jpg,6202c20d84c7bd4f9bb843aa0ea9b3f7
Data/catdog_dataset3/catdog_dataset3_497/catdog_dataset3_497.jpg,catdog_dataset3_497.jpg,catdog_dataset3,dog-286_jpg.rf.0681fcbbc8d21ac41533c7bc05cef0ae.jpg,d23d4c7fc96135b328ce61741ff9fc37
Data/catdog_dataset3/catdog_dataset3_498/catdog_dataset3_498.jpg,catdog_dataset3_498.jpg,catdog_dataset3,dog-286_jpg.rf.5091bc0550ee74b437e2f07714560a70.jpg,5a83e4cbf133f547678f65ca348e8255
Data/catdog_dataset3/catdog_dataset3_499/catdog_dataset3_499.jpg,catdog_dataset3_499.jpg,catdog_dataset3,dog-286_jpg.rf.8e55af6e3eb8d3069fc081ded1c6eb7c.jpg,15e51a99fed5612b737236cb8706fd17
Data/catdog_dataset3/catdog_dataset3_5/catdog_dataset3_5.jpg,catdog_dataset3_5.jpg,catdog_dataset3,dog-115_jpg.rf.260479e52be73a9c58e35b1293864b0d.jpg,0b4e82eb6bf571009f1b88f21bf6d111
Data/catdog_dataset3/catdog_dataset3_50/catdog_dataset3_50.jpg,catdog_dataset3_50.jpg,catdog_dataset3,dog-45_jpg.rf.398cdf9a379fd4e5251e5bb8c9ad3c80.jpg,7cf59a2c38e9ed5653bd3dd3871fe407
Data/catdog_dataset3/catdog_dataset3_500/catdog_dataset3_500.jpg,catdog_dataset3_500.jpg,catdog_dataset3,dog-287_jpg.rf.8c08e58dbff6ffc3c5d23d35cc79bbbd.jpg,fc407d44444fb47b2ec24d4c48b9dce6
Data/catdog_dataset3/catdog_dataset3_501/catdog_dataset3_501.jpg,catdog_dataset3_501.jpg,catdog_dataset3,dog-287_jpg.rf.a24c0f6b257e645b52c09a405fb93d11.jpg,1cd384506c3c066e5683dbc1c21b7d0c
Data/catdog_dataset3/catdog_dataset3_502/catdog_dataset3_502.jpg,catdog_dataset3_502.jpg,catdog_dataset3,dog-287_jpg.rf.a8ccc34a7b87819541421e491e34b1c9.jpg,82610e7c24cf9f317105f2cf21fe813f
Data/catdog_dataset3/catdog_dataset3_503/catdog_dataset3_503.jpg,catdog_dataset3_503.jpg,catdog_dataset3,dog-288_jpg.rf.85bf84a2ac62984f4ff6b875c16327fc.jpg,f2838b5e615391f9b332cf64f5e3dce8
Data/catdog_dataset3/catdog_dataset3_504/catdog_dataset3_504.jpg,catdog_dataset3_504.jpg,catdog_dataset3,dog-288_jpg.rf.b30c479f0dad91d823b4cd8eb0a224cd.jpg,1ec79f1a7bfbc37331e908de0ad7512e
Data/catdog_dataset3/catdog_dataset3_505/catdog_dataset3_505.jpg,catdog_dataset3_505.jpg,catdog_dataset3,dog-288_jpg.rf.e8cb87d2f3c10c7f20740057dc794cfc.jpg,49f018bb094ef812474da0ddbccb3c06
Data/catdog_dataset3/catdog_dataset3_506/catdog_dataset3_506.jpg,catdog_dataset3_506.jpg,catdog_dataset3,dog-291_jpg.rf.969c6c0d2f15b524179584c1bb1dbacd.jpg,fef347f1b9461b9360c98478cc984d3a
Data/catdog_dataset3/catdog_dataset3_507/catdog_dataset3_507.jpg,catdog_dataset3_507.jpg,catdog_dataset3,dog-291_jpg.rf.e887069075ea41175e2399bce3d4d5dc.jpg,df5d2c5ac64e5038a7d31c276c37d95f
Data/catdog_dataset3/catdog_dataset3_508/catdog_dataset3_508.jpg,catdog_dataset3_508.jpg,catdog_dataset3,dog-291_jpg.rf.ff2227d58b10c4ddd4a798fbfa5c442d.jpg,7686ed0864224ba3f054a0c80c1ceb87
Data/catdog_dataset3/catdog_dataset3_509/catdog_dataset3_509.jpg,catdog_dataset3_509.jpg,catdog_dataset3,dog-292_jpg.rf.947a9ad873fcd12fe68f679a1a0254b9.jpg,655225ee333d1f1ab7ee616e5ce51b50
Data/catdog_dataset3/catdog_dataset3_51/catdog_dataset3_51.jpg,catdog_dataset3_51.jpg,catdog_dataset3,dog-465_jpg.rf.8853cc8710aa52782001985e01e93546.jpg,32ab367c1b12d12425632ca965b0720f
Data/catdog_dataset3/catdog_dataset3_510/catdog_dataset3_510.jpg,catdog_dataset3_510.jpg,catdog_dataset3,dog-292_jpg.rf.9699dd9ff59459fe41aedb090ab0dfd1.jpg,c7368ac347fdc4aa4dc6837cc329fcf0
Data/catdog_dataset3/catdog_dataset3_511/catdog_dataset3_511.jpg,catdog_dataset3_511.jpg,catdog_dataset3,dog-292_jpg.rf.b6baeadf1bd744d4c9dac3a6a933e5cf.jpg,6ea674654a7488e41b9c7dcdbdd19293
Data/catdog_dataset3/catdog_dataset3_512/catdog_dataset3_512.jpg,catdog_dataset3_512.jpg,catdog_dataset3,dog-293_jpg.rf.76c7109d37455fbd53847c6e4f4e165d.jpg,ce43f7f01837588d4a24e465fd9a8b3e
Data/catdog_dataset3/catdog_dataset3_513/catdog_dataset3_513.jpg,catdog_dataset3_513.jpg,catdog_dataset3,dog-293_jpg.rf.8ab123006b49e4f50cec0d17ee7b0791.jpg,c2fe0aa50dcc855664782804a227f1ee
Data/catdog_dataset3/catdog_dataset3_514/catdog_dataset3_514.jpg,catdog_dataset3_514.jpg,catdog_dataset3,dog-293_jpg.rf.eed93c4f56169922572a57decc92c9a3.jpg,4ee9171fa1bb6a3eb1cc31684f873794
Data/catdog_dataset3/catdog_dataset3_515/catdog_dataset3_515.jpg,catdog_dataset3_515.jpg,catdog_dataset3,dog-294_jpg.rf.485e1f22ec569b9279121ab3572c658c.jpg,51825c77e317cb8c49a96c974dfe0010
Data/catdog_dataset3/catdog_dataset3_516/catdog_dataset3_516.jpg,catdog_dataset3_516.jpg,catdog_dataset3,dog-294_jpg.rf.5a13561dbbb9bd0d8dfaf60e7c6ed983.jpg,b702cf30ac726192b78c105b7a8fb749
Data/catdog_dataset3/catdog_dataset3_517/catdog_dataset3_517.jpg,catdog_dataset3_517.jpg,catdog_dataset3,dog-294_jpg.rf.e40589312659bce05ec61ac3140a34c3.jpg,c255c400a066bed63638c3df0fd6fcf5
Data/catdog_dataset3/catdog_dataset3_518/catdog_dataset3_518.jpg,catdog_dataset3_518.jpg,catdog_dataset3,dog-29_jpg.rf.8940a5dfad8dbe97636bdc036486e731.jpg,bebf82d8a16f579f9b5d5c9a6486e1f1
Data/catdog_dataset3/catdog_dataset3_519/catdog_dataset3_519.jpg,catdog_dataset3_519.jpg,catdog_dataset3,dog-29_jpg.rf.a7be732daa34088bd55186967924b5d1.jpg,ba2cf6b60df75c7a9dcd18b56d11bc34
Data/catdog_dataset3/catdog_dataset3_52/catdog_dataset3_52.jpg,catdog_dataset3_52.jpg,catdog_dataset3,dog-476_jpg.rf.f18fa9f7741e8ebb17104f93bf0d7089.jpg,7018ca41f2773a15a03147fb98191b85
Data/catdog_dataset3/catdog_dataset3_520/catdog_dataset3_520.jpg,catdog_dataset3_520.jpg,catdog_dataset3,dog-29_jpg.rf.e00173f3cfd4badd0d3060ebe8491139.jpg,48132301881ddb93c4f9c99da203656a
Data/catdog_dataset3/catdog_dataset3_521/catdog_dataset3_521.jpg,catdog_dataset3_521.jpg,catdog_dataset3,dog-2_jpg.rf.87e49c2f6ad0ab84d785835b1ea5163e.jpg,94c8927279fdc598481f250cae62cf0b
Data/catdog_dataset3/catdog_dataset3_522/catdog_dataset3_522.jpg,catdog_dataset3_522.jpg,catdog_dataset3,dog-2_jpg.rf.a5a701c3cf3fe0846fdc5b593ff03e5d.jpg,9c4d7beefd65eebde007744e55d73e44
Data/catdog_dataset3/catdog_dataset3_523/catdog_dataset3_523.jpg,catdog_dataset3_523.jpg,catdog_dataset3,dog-2_jpg.rf.b378e62779a4015c203b82f4990c83c0.jpg,8c92fcf8c8d8589074393ff5af64f1f2
Data/catdog_dataset3/catdog_dataset3_524/catdog_dataset3_524.jpg,catdog_dataset3_524.jpg,catdog_dataset3,dog-302_jpg.rf.026739f97f1ad6e13e5f6aea01e0fba9.jpg,9d3fc4f476acabffa044e7c727f0ecca
Data/catdog_dataset3/catdog_dataset3_525/catdog_dataset3_525.jpg,catdog_dataset3_525.jpg,catdog_dataset3,dog-302_jpg.rf.35942060d29776f88254180b2a1ce678.jpg,05af78a3d1cc2d4a761a075b18f94d87
Data/catdog_dataset3/catdog_dataset3_526/catdog_dataset3_526.jpg,catdog_dataset3_526.jpg,catdog_dataset3,dog-302_jpg.rf.35a49433fe46ba4c7a1fcd43d9ee611e.jpg,ca77881343f122970a9012ccdc5dad78
Data/catdog_dataset3/catdog_dataset3_527/catdog_dataset3_527.jpg,catdog_dataset3_527.jpg,catdog_dataset3,dog-305_jpg.rf.1cf56efeabeaf7cde8faa4c32fbe25ef.jpg,8bdeaf86b642164b4c1bcb2ccc41da28
Data/catdog_dataset3/catdog_dataset3_528/catdog_dataset3_528.jpg,catdog_dataset3_528.jpg,catdog_dataset3,dog-305_jpg.rf.2192d6e47cb0db2f291b71c489c0e57b.jpg,f427e89618fe4ffb3ad7c9d751d8749b
Data/catdog_dataset3/catdog_dataset3_529/catdog_dataset3_529.jpg,catdog_dataset3_529.jpg,catdog_dataset3,dog-305_jpg.rf.e428e62572cc1dab6348f11d82c8f41c.jpg,3e253dbb86de9c39aeb081e52300d4b4
Data/catdog_dataset3/catdog_dataset3_53/catdog_dataset3_53.jpg,catdog_dataset3_53.jpg,catdog_dataset3,dog-478_jpg.rf.8e13074e398d06d65b010b3b3c85794e.jpg,1293b2e62506e4dca08964b00e218d5d
Data/catdog_dataset3/catdog_dataset3_530/catdog_dataset3_530.jpg,catdog_dataset3_530.jpg,catdog_dataset3,dog-306_jpg.rf.0a6dc3ebc3b57938bda78c2b98bf85b8.jpg,79d5ef7f045fba3890eb1199205b1da9
Data/catdog_dataset3/catdog_dataset3_531/catdog_dataset3_531.jpg,catdog_dataset3_531.jpg,catdog_dataset3,dog-306_jpg.rf.8bb7d5c0e0f5d436c858ae00a8dfa628.jpg,ba3a764a398b574b20d2b8950b48c410
Data/catdog_dataset3/catdog_dataset3_532/catdog_dataset3_532.jpg,catdog_dataset3_532.jpg,catdog_dataset3,dog-306_jpg.rf.a24835e68af893ca9a3138ef604eb8e0.jpg,1f616f59d1072705a869061c7c7fd6f4
Data/catdog_dataset3/catdog_dataset3_533/catdog_dataset3_533.jpg,catdog_dataset3_533.jpg,catdog_dataset3,dog-309_jpg.rf.373f36d3e24dbec35e87a0f0cd91089f.jpg,3a9a3613321633daf1a9879c529635b4
Data/catdog_dataset3/catdog_dataset3_534/catdog_dataset3_534.jpg,catdog_dataset3_534.jpg,catdog_dataset3,dog-309_jpg.rf.76bfd04180f3e852cde4f0b051de5e50.jpg,31daa882a37bfee572a70ce9178e1f3f
Data/catdog_dataset3/catdog_dataset3_535/catdog_dataset3_535.jpg,catdog_dataset3_535.jpg,catdog_dataset3,dog-309_jpg.rf.cbf7c70f1add7fad0ca3be68a7da938b.jpg,07535bfdbba364332a5752e6436d4aba
Data/catdog_dataset3/catdog_dataset3_536/catdog_dataset3_536.jpg,catdog_dataset3_536.jpg,catdog_dataset3,dog-30_jpg.rf.2abec3ad420d7121b0bb55f5e8664e26.jpg,547d29902c5cf9e74626379f237104e0
Data/catdog_dataset3/catdog_dataset3_537/catdog_dataset3_537.jpg,catdog_dataset3_537.jpg,catdog_dataset3,dog-30_jpg.rf.6cf1dc97be4b83918b6d7910d358c24f.jpg,b98e03c0e2cb52d92ec0a10ec5ee4141
Data/catdog_dataset3/catdog_dataset3_538/catdog_dataset3_538.jpg,catdog_dataset3_538.jpg,catdog_dataset3,dog-30_jpg.rf.b0db1a617f4f3388bb22b2859423aa4b.jpg,a75f2f967ce59db4a6317dabf3f67584
Data/catdog_dataset3/catdog_dataset3_539/catdog_dataset3_539.jpg,catdog_dataset3_539.jpg,catdog_dataset3,dog-310_jpg.rf.77e946ce43b26c1fd20583811e7e70d0.jpg,71b2f69ee0ff2eb98f054a16b9494be6
Data/catdog_dataset3/catdog_dataset3_54/catdog_dataset3_54.jpg,catdog_dataset3_54.jpg,catdog_dataset3,dog-479_jpg.rf.70b570bb964553f40704eef6f27f898b.jpg,be1e19ce0c8eba079bbead3dadc76c66
Data/catdog_dataset3/catdog_dataset3_540/catdog_dataset3_540.jpg,catdog_dataset3_540.jpg,catdog_dataset3,dog-310_jpg.rf.88f4f82c6718830912e1698013c551b8.jpg,1a7092661489b5f123dd85c3cfb8112b
Data/catdog_dataset3/catdog_dataset3_541/catdog_dataset3_541.jpg,catdog_dataset3_541.jpg,catdog_dataset3,dog-310_jpg.rf.e3a02b5e0f2475205986f1402b38f4be.jpg,74193fe434a4dc4e3ae30dff03d79fad
Data/catdog_dataset3/catdog_dataset3_542/catdog_dataset3_542.jpg,catdog_dataset3_542.jpg,catdog_dataset3,dog-311_jpg.rf.1ba28cda9288b164a8ecd480d765fe15.jpg,461296290cea2db745d74309dd029ab7
Data/catdog_dataset3/catdog_dataset3_543/catdog_dataset3_543.jpg,catdog_dataset3_543.jpg,catdog_dataset3,dog-311_jpg.rf.20ec6587c6d2b0b45a7ae2221dacf0e3.jpg,3837ee317e2313b415bdd4ce2615cb5d
Data/catdog_dataset3/catdog_dataset3_544/catdog_dataset3_544.jpg,catdog_dataset3_544.jpg,catdog_dataset3,dog-311_jpg.rf.c6cc52ecad54f6313a706359c81da112.jpg,47bb697d9d95312be2c41a96e0fb2ba1
Data/catdog_dataset3/catdog_dataset3_545/catdog_dataset3_545.jpg,catdog_dataset3_545.jpg,catdog_dataset3,dog-312_jpg.rf.1028d67819073a6029308fda3eed201e.jpg,9b45a37ee7f5774149991a0ca794dba4
Data/catdog_dataset3/catdog_dataset3_546/catdog_dataset3_546.jpg,catdog_dataset3_546.jpg,catdog_dataset3,dog-312_jpg.rf.1131c601278b252e46ef1a5ab32e09e3.jpg,72952afb5c54a2b795467d123b6e16fe
Data/catdog_dataset3/catdog_dataset3_547/catdog_dataset3_547.jpg,catdog_dataset3_547.jpg,catdog_dataset3,dog-312_jpg.rf.dfb89c3872e34ed83cec0645e5be77d5.jpg,100527c65c94beb09893c1d3a1148db2
Data/catdog_dataset3/catdog_dataset3_548/catdog_dataset3_548.jpg,catdog_dataset3_548.jpg,catdog_dataset3,dog-313_jpg.rf.0daea6e418ee8779e4650a6cefde72dc.jpg,84d98306e6dd32917189838da549d464
Data/catdog_dataset3/catdog_dataset3_549/catdog_dataset3_549.jpg,catdog_dataset3_549.jpg,catdog_dataset3,dog-313_jpg.rf.61b3bdd585989549c019ee5a837ae569.jpg,f17f63ff430efc0a093d8fcf072fac5d
Data/catdog_dataset3/catdog_dataset3_55/catdog_dataset3_55.jpg,catdog_dataset3_55.jpg,catdog_dataset3,dog-60_jpg.rf.defc753c05f0433a93c0e66c7ff90810.jpg,14c149bb5b85fb869ef06d9ead932a15
Data/catdog_dataset3/catdog_dataset3_550/catdog_dataset3_550.jpg,catdog_dataset3_550.jpg,catdog_dataset3,dog-313_jpg.rf.78cb903353b4017ca7ab08e2f8cabe1e.jpg,c386d3d5180f6a4ea9667d640688935c
Data/catdog_dataset3/catdog_dataset3_551/catdog_dataset3_551.jpg,catdog_dataset3_551.jpg,catdog_dataset3,dog-315_jpg.rf.1beb09edeaec97cfe438d985026d2cce.jpg,ea313ee1f54bf6adb2ba9c7f586e9812
Data/catdog_dataset3/catdog_dataset3_552/catdog_dataset3_552.jpg,catdog_dataset3_552.jpg,catdog_dataset3,dog-315_jpg.rf.3157ff7383e5374cab93ab144f0a4486.jpg,d927a35280d740ff42e01a6eb75b10b8
Data/catdog_dataset3/catdog_dataset3_553/catdog_dataset3_553.jpg,catdog_dataset3_553.jpg,catdog_dataset3,dog-315_jpg.rf.d193cbe06136e30940951b5a56cfabc5.jpg,798ae098cab6e1a2c697a127791714e4
Data/catdog_dataset3/catdog_dataset3_554/catdog_dataset3_554.jpg,catdog_dataset3_554.jpg,catdog_dataset3,dog-316_jpg.rf.6a82d7e4054ab51a321bd868b67531a8.jpg,b954b1c02718b2792ee171927e6cf137
Data/catdog_dataset3/catdog_dataset3_555/catdog_dataset3_555.jpg,catdog_dataset3_555.jpg,catdog_dataset3,dog-316_jpg.rf.74bf7649ba08f17fc0ae85205ee920ae.jpg,af5f9ecb62080f5acdc28edbcb560300
Data/catdog_dataset3/catdog_dataset3_556/catdog_dataset3_556.jpg,catdog_dataset3_556.jpg,catdog_dataset3,dog-316_jpg.rf.a3cc3ad803fa94e63e3061c6564dc0d8.jpg,d69d9b40ef65c46b6f3a2e400f7dc07e
Data/catdog_dataset3/catdog_dataset3_557/catdog_dataset3_557.jpg,catdog_dataset3_557.jpg,catdog_dataset3,dog-318_jpg.rf.34f7065a845e10a5c41795ef7e6528ff.jpg,d830904713d84ca46e6378a3cb1e5592
Data/catdog_dataset3/catdog_dataset3_558/catdog_dataset3_558.jpg,catdog_dataset3_558.jpg,catdog_dataset3,dog-318_jpg.rf.4919df4074d6ca2f84bd097ca9c0e1c0.jpg,693a1da4a1f2a233523c9e4426c17b9e
Data/catdog_dataset3/catdog_dataset3_559/catdog_dataset3_559.jpg,catdog_dataset3_559.jpg,catdog_dataset3,dog-318_jpg.rf.5d6b88711bc723014a1215049d906c2d.jpg,c4ded8a57cb924a5485e16835193c87a
Data/catdog_dataset3/catdog_dataset3_56/catdog_dataset3_56.jpg,catdog_dataset3_56.jpg,catdog_dataset3,dog-62_jpg.rf.51ff4f4acc7a03f0f4be7b57398f0b07.jpg,5a952aa911077fac6d44be327ca51a95
Data/catdog_dataset3/catdog_dataset3_560/catdog_dataset3_560.jpg,catdog_dataset3_560.jpg,catdog_dataset3,dog-319_jpg.rf.28319c843c8800d291db90880edff4ce.jpg,79a013ff8b73efc812c10eacba245cdd
Data/catdog_dataset3/catdog_dataset3_561/catdog_dataset3_561.jpg,catdog_dataset3_561.jpg,catdog_dataset3,dog-319_jpg.rf.36ca4182b64667de5e2d918eb5e8dd73.jpg,23bb7a5f3c5b7f2134ff8aa22ebb0a14
Data/catdog_dataset3/catdog_dataset3_562/catdog_dataset3_562.jpg,catdog_dataset3_562.jpg,catdog_dataset3,dog-319_jpg.rf.a7558a662b102031764bb2c5495cb1b9.jpg,9e181905436227c5882bdc59cd6a905d
Data/catdog_dataset3/catdog_dataset3_563/catdog_dataset3_563.jpg,catdog_dataset3_563.jpg,catdog_dataset3,dog-31_jpg.rf.25485ba67657159bf815769b2c988a9a.jpg,4ad6609e0fc39ea5e0fd22ccc82acb98
Data/catdog_dataset3/catdog_dataset3_564/catdog_dataset3_564.jpg,catdog_dataset3_564.jpg,catdog_dataset3,dog-31_jpg.rf.3032befddf9e93eab1267bb81cc9514f.jpg,b2f6e5ddb605e36daf67c29702bf8252
Data/catdog_dataset3/catdog_dataset3_565/catdog_dataset3_565.jpg,catdog_dataset3_565.jpg,catdog_dataset3,dog-31_jpg.rf.9356384b05c0d0dcfc10823a9af48740.jpg,de39388d58c5d2d8a43bde57619b2fa2
Data/catdog_dataset3/catdog_dataset3_566/catdog_dataset3_566.jpg,catdog_dataset3_566.jpg,catdog_dataset3,dog-320_jpg.rf.4fdf2fc8695452f195b9642117ca69aa.jpg,22a27cc6e24f82b0c0ab444c081f72ff
Data/catdog_dataset3/catdog_dataset3_567/catdog_dataset3_567.jpg,catdog_dataset3_567.jpg,catdog_dataset3,dog-320_jpg.rf.54c1e4dd819b6cace7ca60b20b25747b.jpg,1ef93e0ba3ee706c713fd2f714012f42
Data/catdog_dataset3/catdog_dataset3_568/catdog_dataset3_568.jpg,catdog_dataset3_568.jpg,catdog_dataset3,dog-320_jpg.rf.af96dea60569ab5a8d0df63a59cf2d76.jpg,776258bd2d52118fc4094be33ea787ac
Data/catdog_dataset3/catdog_dataset3_569/catdog_dataset3_569.jpg,catdog_dataset3_569.jpg,catdog_dataset3,dog-323_jpg.rf.061471d555bf9e1daf0211b6a343e4b4.jpg,14c755c9408ffee88d355cbd8ec4c1e2
Data/catdog_dataset3/catdog_dataset3_57/catdog_dataset3_57.jpg,catdog_dataset3_57.jpg,catdog_dataset3,dog-73_jpg.rf.9f4eefd83cb1b1c4ea123fb42567b31c.jpg,d1fba3fb8a028774036158bdfc9b90f9
Data/catdog_dataset3/catdog_dataset3_570/catdog_dataset3_570.jpg,catdog_dataset3_570.jpg,catdog_dataset3,dog-323_jpg.rf.3673a8a8ba727416a68b730b4b292d4a.jpg,5f4d513741302efd5757e51a961bfd97
Data/catdog_dataset3/catdog_dataset3_571/catdog_dataset3_571.jpg,catdog_dataset3_571.jpg,catdog_dataset3,cat-16_jpg.rf.3a39ce134f9a5dea409085288484f4d7.jpg,6193a184d2e7d455ac15f238af5681c6
Data/catdog_dataset3/catdog_dataset3_572/catdog_dataset3_572.jpg,catdog_dataset3_572.jpg,catdog_dataset3,cat-33_jpg.rf.196472b52b2cd837c89fd6dc30005c85.jpg,2c5187ed35d2844480d1bec05a8fcfc2
Data/catdog_dataset3/catdog_dataset3_573/catdog_dataset3_573.jpg,catdog_dataset3_573.jpg,catdog_dataset3,cat-3500_jpg.rf.22d67daea086eadff8019e46462ca9cd.jpg,24e89b001f8ef1020bfc27239c30e52a
Data/catdog_dataset3/catdog_dataset3_574/catdog_dataset3_574.jpg,catdog_dataset3_574.jpg,catdog_dataset3,cat-3504_jpg.rf.6113410253526d6a50b25b53331444af.jpg,e22f22054a07843809e37adc1280f3f2
Data/catdog_dataset3/catdog_dataset3_575/catdog_dataset3_575.jpg,catdog_dataset3_575.jpg,catdog_dataset3,cat-3517_jpg.rf.fb496931b6ce0373af73e956c56eeb31.jpg,9e065366eb3090cec04efe76fbd22ae6
Data/catdog_dataset3/catdog_dataset3_576/catdog_dataset3_576.jpg,catdog_dataset3_576.jpg,catdog_dataset3,cat-3531_jpg.rf.d2d6fd9e239cd36b8b344179aebdf0f5.jpg,ff71ae5b607047eb88003ac133615d3d
Data/catdog_dataset3/catdog_dataset3_577/catdog_dataset3_577.jpg,catdog_dataset3_577.jpg,catdog_dataset3,cat-3541_jpg.rf.0f8068e253fb270a1016e6fa82a608e3.jpg,27a829734ae7b7c407dd5a4c0d464507
Data/catdog_dataset3/catdog_dataset3_578/catdog_dataset3_578.jpg,catdog_dataset3_578.jpg,catdog_dataset3,cat-3551_jpg.rf.5afa39325e0d8323212b69d880ffa4d7.jpg,81fbf8d77ba275a887c0ab5bb3547e3a
Data/catdog_dataset3/catdog_dataset3_579/catdog_dataset3_579.jpg,catdog_dataset3_579.jpg,catdog_dataset3,cat-3556_jpg.rf.d265d8b8643053fb23fb7b73a8731790.jpg,25997cab3f4304b5b3eb8299c1210db2
Data/catdog_dataset3/catdog_dataset3_58/catdog_dataset3_58.jpg,catdog_dataset3_58.jpg,catdog_dataset3,dog-94_jpg.rf.c356a9d2602c90c87bd597dc785d83c7.jpg,ac52dc7a9a26179d745b38afaad553d1
Data/catdog_dataset3/catdog_dataset3_580/catdog_dataset3_580.jpg,catdog_dataset3_580.jpg,catdog_dataset3,cat-3571_jpg.rf.85bec11c8cbad4708468793ff81c8865.jpg,3ebb941d21dbb5a5011eed4d031046e4
Data/catdog_dataset3/catdog_dataset3_581/catdog_dataset3_581.jpg,catdog_dataset3_581.jpg,catdog_dataset3,cat-3576_jpg.rf.5874f4e8ab98d7df78095e700c71de2e.jpg,4e1528ed58e3829a4ab426d68db42463
Data/catdog_dataset3/catdog_dataset3_582/catdog_dataset3_582.jpg,catdog_dataset3_582.jpg,catdog_dataset3,cat-3578_jpg.rf.b67252747eea32ccd94746132c791ff0.jpg,96664f25a90a730880207c8072fd95cf
Data/catdog_dataset3/catdog_dataset3_583/catdog_dataset3_583.jpg,catdog_dataset3_583.jpg,catdog_dataset3,cat-3588_jpg.rf.27276eea1574c4c961f84abacd5c9a8b.jpg,4682ee6ba6be2677b841aa446df00644
Data/catdog_dataset3/catdog_dataset3_584/catdog_dataset3_584.jpg,catdog_dataset3_584.jpg,catdog_dataset3,cat-3624_jpg.rf.806521a6314b80cae6e4957e9ffcaa45.jpg,7eb3f4c2346c0f99ed29d54d45f86561
Data/catdog_dataset3/catdog_dataset3_585/catdog_dataset3_585.jpg,catdog_dataset3_585.jpg,catdog_dataset3,cat-3633_jpg.rf.ba35e07435414e0c0557921e1d1d072f.jpg,741e9d0320eccba849af2d55c2c09b88
Data/catdog_dataset3/catdog_dataset3_586/catdog_dataset3_586.jpg,catdog_dataset3_586.jpg,catdog_dataset3,cat-3634_jpg.rf.b7ead2eff4c6af3a6363d627749847aa.jpg,092355d030f333ae00b0d492e69e672b
Data/catdog_dataset3/catdog_dataset3_587/catdog_dataset3_587.jpg,catdog_dataset3_587.jpg,catdog_dataset3,cat-3666_jpg.rf.e0edfcca56cba6e3f24ebb53842de554.jpg,a1afacdd5d9571416fce92ad72b31616
Data/catdog_dataset3/catdog_dataset3_588/catdog_dataset3_588.jpg,catdog_dataset3_588.jpg,catdog_dataset3,cat-3683_jpg.rf.a854f2e9111596631d62fcd1c482af40.jpg,4cde35ced73f1b9300704777753357ab
Data/catdog_dataset3/catdog_dataset3_589/catdog_dataset3_589.jpg,catdog_dataset3_589.jpg,catdog_dataset3,cat-3686_jpg.rf.ccf3248b2b169fa3da23133a20bb31fb.jpg,a7118159be536da7ab2b8d43f49887c5
Data/catdog_dataset3/catdog_dataset3_59/catdog_dataset3_59.jpg,catdog_dataset3_59.jpg,catdog_dataset3,cat-3605_jpg.rf.606682b0fa963692abaff88c4f438ae8.jpg,af2ec40ff3a84fa136c86d27af1a1973
Data/catdog_dataset3/catdog_dataset3_590/catdog_dataset3_590.jpg,catdog_dataset3_590.jpg,catdog_dataset3,cat-3709_jpg.rf.3ca17d5f199978b2f232f67a40ad1a2e.jpg,093b9c9109422a33611451cf0fe5fa13
Data/catdog_dataset3/catdog_dataset3_591/catdog_dataset3_591.jpg,catdog_dataset3_591.jpg,catdog_dataset3,cat-3715_jpg.rf.de018016051f800334329b8437cef8f0.jpg,8147ca1874b3947c1c5121c004e20c49
Data/catdog_dataset3/catdog_dataset3_592/catdog_dataset3_592.jpg,catdog_dataset3_592.jpg,catdog_dataset3,cat-3724_jpg.rf.59acf2ce7a25f00799d5ee2ad7244786.jpg,1d1d835c51136448cedae70d41eb0362
Data/catdog_dataset3/catdog_dataset3_593/catdog_dataset3_593.jpg,catdog_dataset3_593.jpg,catdog_dataset3,cat-3730_jpg.rf.ba319ee2367733b06045aa15f5acd78a.jpg,5a258ac79b57c586b6f88e0e5b58f92b
Data/catdog_dataset3/catdog_dataset3_594/catdog_dataset3_594.jpg,catdog_dataset3_594.jpg,catdog_dataset3,cat-3739_jpg.rf.4f9c8d23749f9f9e82f4a209e2352fb8.jpg,6ab62470eac2f2dbf3df01eebeac1849
Data/catdog_dataset3/catdog_dataset3_595/catdog_dataset3_595.jpg,catdog_dataset3_595.jpg,catdog_dataset3,cat-3744_jpg.rf.652ea1525a89a5a6b24eef5796f3b923.jpg,e2ab88e5d866de8a42ec30ce8ee25476
Data/catdog_dataset3/catdog_dataset3_596/catdog_dataset3_596.jpg,catdog_dataset3_596.jpg,catdog_dataset3,cat-3770_jpg.rf.55598a58886b65c5d4f6efbfb4cd0511.jpg,393d163faa2f38ca5bc94889b37abb47
Data/catdog_dataset3/catdog_dataset3_597/catdog_dataset3_597.jpg,catdog_dataset3_597.jpg,catdog_dataset3,cat-3771_jpg.rf.080c36eec27a48802b1e353de7199dd9.jpg,d1aac61b3c6fe8677a900cd11b40372d
Data/catdog_dataset3/catdog_dataset3_598/catdog_dataset3_598.jpg,catdog_dataset3_598.jpg,catdog_dataset3,cat-3778_jpg.rf.c5da63ea94cf2e5dfb7ecd2848c50023.jpg,f23d4f6c3d6d9569de67f5eda8afc532
Data/catdog_dataset3/catdog_dataset3_599/catdog_dataset3_599.jpg,catdog_dataset3_599.jpg,catdog_dataset3,cat-3790_jpg.rf.8e48a91ee8851d306544e669d29d627a.jpg,0dcbb46d0d8dd4ef3aaa241ce0565d16
Data/catdog_dataset3/catdog_dataset3_6/catdog_dataset3_6.jpg,catdog_dataset3_6.jpg,catdog_dataset3,dog-126_jpg.rf.6650a5abb4f8f2583572c4733fc6d07e.jpg,a3e0f951d6b1dc473dd628c51ecc9a31
Data/catdog_dataset3/catdog_dataset3_60/catdog_dataset3_60.jpg,catdog_dataset3_60.jpg,catdog_dataset3,cat-3605_jpg.rf.cc203475f6aedbaa94cdef111d832a25.jpg,f47434d2e301c6e810b7bd1a93815d9e
Data/catdog_dataset3/catdog_dataset3_600/catdog_dataset3_600.jpg,catdog_dataset3_600.jpg,catdog_dataset3,cat-3793_jpg.rf.903594bc2195d748e2f0c1a7c0a0ce85.jpg,bf738a497ea25eea1305afe93bf8ec7b
Data/catdog_dataset3/catdog_dataset3_601/catdog_dataset3_601.jpg,catdog_dataset3_601.jpg,catdog_dataset3,cat-3798_jpg.rf.586c6fe9def462e2d661507620b2f293.jpg,f79e09f86c278a47ca940af9f7b54b23
Data/catdog_dataset3/catdog_dataset3_602/catdog_dataset3_602.jpg,catdog_dataset3_602.jpg,catdog_dataset3,cat-3804_jpg.rf.213754b9f57191de0c335baba5e59021.jpg,bbd9a31d21ea4b6486943df77c8ac90f
Data/catdog_dataset3/catdog_dataset3_603/catdog_dataset3_603.jpg,catdog_dataset3_603.jpg,catdog_dataset3,cat-3811_jpg.rf.2517a2a42a0fa7bb4110887fcda688e4.jpg,1e1b03321115a30c6d7df5ff9ca23666
Data/catdog_dataset3/catdog_dataset3_604/catdog_dataset3_604.jpg,catdog_dataset3_604.jpg,catdog_dataset3,cat-3818_jpg.rf.3377a1980e00fa6e9b88f37ee9e9e5a6.jpg,0c461d53a0e29eaad8359d388d930a47
Data/catdog_dataset3/catdog_dataset3_605/catdog_dataset3_605.jpg,catdog_dataset3_605.jpg,catdog_dataset3,cat-3835_jpg.rf.1db61287156b7c77903d684e4eda7a00.jpg,42516fe8308f531d200b339aa45bae6b
Data/catdog_dataset3/catdog_dataset3_606/catdog_dataset3_606.jpg,catdog_dataset3_606.jpg,catdog_dataset3,cat-3838_jpg.rf.51550a1c463776f528dc34265bd230f6.jpg,f01c833c2668d13bebedf8584cbe5804
Data/catdog_dataset3/catdog_dataset3_607/catdog_dataset3_607.jpg,catdog_dataset3_607.jpg,catdog_dataset3,cat-3845_jpg.rf.b573d59b13bd2e83f7cbe481ca949c0b.jpg,78b226dfc0ac507d2d2d5c286399bb39
Data/catdog_dataset3/catdog_dataset3_608/catdog_dataset3_608.jpg,catdog_dataset3_608.jpg,catdog_dataset3,cat-3863_jpg.rf.0a5c033ff711be16bd4200c46907f142.jpg,25a614bf77d670799038ef457e0e6c39
Data/catdog_dataset3/catdog_dataset3_609/catdog_dataset3_609.jpg,catdog_dataset3_609.jpg,catdog_dataset3,cat-3866_jpg.rf.c42c5c07abcdb8dc1616c5bcbb1c6fa4.jpg,dd9cf854f116943376a53b52ea2a82a2
Data/catdog_dataset3/catdog_dataset3_61/catdog_dataset3_61.jpg,catdog_dataset3_61.jpg,catdog_dataset3,cat-3605_jpg.rf.ee48e694c3fd765b00d0feeb27069428.jpg,e539bdc81d83768efb90ebbd45daceb3
Data/catdog_dataset3/catdog_dataset3_610/catdog_dataset3_610.jpg,catdog_dataset3_610.jpg,catdog_dataset3,cat-3888_jpg.rf.0c13951b0f7e1590a2f8ce85ed19de8f.jpg,c3018da306a085d13bc706ab3885fc1c
Data/catdog_dataset3/catdog_dataset3_611/catdog_dataset3_611.jpg,catdog_dataset3_611.jpg,catdog_dataset3,cat-3921_jpg.rf.04430dbf68cd38c21f4f0383ea6a155a.jpg,9c1a3b5698f98e20109012031a41e60b
Data/catdog_dataset3/catdog_dataset3_612/catdog_dataset3_612.jpg,catdog_dataset3_612.jpg,catdog_dataset3,cat-3927_jpg.rf.831ffbaff8b73c9793df6c0e1b7174ee.jpg,4f0e9cc24c66cfec3d9d5948528b5827
Data/catdog_dataset3/catdog_dataset3_613/catdog_dataset3_613.jpg,catdog_dataset3_613.jpg,catdog_dataset3,cat-3929_jpg.rf.37420fb2f7a8e5d09758ca50588bb16d.jpg,5f42ce69da8000a98e7bf38313f39531
Data/catdog_dataset3/catdog_dataset3_614/catdog_dataset3_614.jpg,catdog_dataset3_614.jpg,catdog_dataset3,cat-3954_jpg.rf.a9a8745c028d69f0499cc31705f248dc.jpg,8fd00fa7129a8d349591b58e4c3f62c5
Data/catdog_dataset3/catdog_dataset3_615/catdog_dataset3_615.jpg,catdog_dataset3_615.jpg,catdog_dataset3,cat-3960_jpg.rf.5eb2be8e689d660bee91030cc805c137.jpg,cefabca4d90ae2e0386bb3875dace1a0
Data/catdog_dataset3/catdog_dataset3_616/catdog_dataset3_616.jpg,catdog_dataset3_616.jpg,catdog_dataset3,cat-3962_jpg.rf.7edd231548dd092e27be308d4494f663.jpg,fa2b4ac1f0d71c62b52017ac72419b74
Data/catdog_dataset3/catdog_dataset3_617/catdog_dataset3_617.jpg,catdog_dataset3_617.jpg,catdog_dataset3,cat-3968_jpg.rf.96f37ed9f6eb488bd0724043dd23bb84.jpg,5cc570d9f80a586c9c2b426a19470f10
Data/catdog_dataset3/catdog_dataset3_618/catdog_dataset3_618.jpg,catdog_dataset3_618.jpg,catdog_dataset3,cat-3983_jpg.rf.e57cb8437f1dc0fba84f26300ba376b6.jpg,5ddf6346957787ce9ad636d2f82f8eb2
Data/catdog_dataset3/catdog_dataset3_619/catdog_dataset3_619.jpg,catdog_dataset3_619.jpg,catdog_dataset3,cat-3989_jpg.rf.438af9a32a5f32890a6b542aefd58793.jpg,777b31d38362675bb4de9d00e27613b1
Data/catdog_dataset3/catdog_dataset3_62/catdog_dataset3_62.jpg,catdog_dataset3_62.jpg,catdog_dataset3,cat-3672_jpg.rf.0a416f4658995cb678ae06f61b5fab9e.jpg,474ad830312a764dfcbbdb9bcb646af2
Data/catdog_dataset3/catdog_dataset3_620/catdog_dataset3_620.jpg,catdog_dataset3_620.jpg,catdog_dataset3,cat-3992_jpg.rf.44dbe4e9b597a810fa2d5810b2b7a0c9.jpg,5b6810c8b0bcc21b988d3834fe964569
Data/catdog_dataset3/catdog_dataset3_621/catdog_dataset3_621.jpg,catdog_dataset3_621.jpg,catdog_dataset3,cat-3994_jpg.rf.6cda46d0ed7b0cdbad483ec066468e16.jpg,ce6549247edf8924c55b4db4aa045635
Data/catdog_dataset3/catdog_dataset3_622/catdog_dataset3_622.jpg,catdog_dataset3_622.jpg,catdog_dataset3,cat-43_jpg.rf.d398fc107aaa803148c95b4e18071c82.jpg,29c549f20a7c1dc392697203da975af2
Data/catdog_dataset3/catdog_dataset3_623/catdog_dataset3_623.jpg,catdog_dataset3_623.jpg,catdog_dataset3,cat-10_jpg.rf.10b950dc99b60b8075fe6f5d922f0e21.jpg,fe7cfac39df1d5bcd5c58c40bc4d9b48
Data/catdog_dataset3/catdog_dataset3_624/catdog_dataset3_624.jpg,catdog_dataset3_624.jpg,catdog_dataset3,cat-10_jpg.rf.8db77dd766648f888493f0dcd32b889c.jpg,8390686518451dc1dfb6c1e6104d153e
Data/catdog_dataset3/catdog_dataset3_625/catdog_dataset3_625.jpg,catdog_dataset3_625.jpg,catdog_dataset3,cat-10_jpg.rf.be6382f6b1617c922e81c6ce5f00f1ac.jpg,40a4ededebeadfa290163ea5a0895c71
Data/catdog_dataset3/catdog_dataset3_626/catdog_dataset3_626.jpg,catdog_dataset3_626.jpg,catdog_dataset3,cat-11_jpg.rf.448f2132dde389ed501066e42de7c479.jpg,e5579436ed8656556cf5d0c641434e8a
Data/catdog_dataset3/catdog_dataset3_627/catdog_dataset3_627.jpg,catdog_dataset3_627.jpg,catdog_dataset3,cat-11_jpg.rf.d7f566e3a4001dd624a04830769fee25.jpg,63fa13d957c009acf637b7e8713cdc77
Data/catdog_dataset3/catdog_dataset3_628/catdog_dataset3_628.jpg,catdog_dataset3_628.jpg,catdog_dataset3,cat-11_jpg.rf.ddffefae0c600e659716c1640b39d339.jpg,e4a35dad0ed9f2a98e2140e802d896ea
Data/catdog_dataset3/catdog_dataset3_629/catdog_dataset3_629.jpg,catdog_dataset3_629.jpg,catdog_dataset3,cat-12_jpg.rf.0f5bfb16794c2875106fb5f51456cb6f.jpg,31a91c1857a56a07a7f5610e560a11b2
Data/catdog_dataset3/catdog_dataset3_63/catdog_dataset3_63.jpg,catdog_dataset3_63.jpg,catdog_dataset3,cat-3672_jpg.rf.0ddb8a1c049027eb2921f7f18083adb5.jpg,4be587df831ebb8377bdf213a886da03
Data/catdog_dataset3/catdog_dataset3_630/catdog_dataset3_630.jpg,catdog_dataset3_630.jpg,catdog_dataset3,cat-12_jpg.rf.4c79fb05c0073bc6f44fce702f31461e.jpg,17dadab4d8d4ab9bd18ec189516a5fed
Data/catdog_dataset3/catdog_dataset3_631/catdog_dataset3_631.jpg,catdog_dataset3_631.jpg,catdog_dataset3,cat-12_jpg.rf.98358ea6474341c90815bbeb4502ae29.jpg,10e909ce9918d223c3c47c531f2ee1f8
Data/catdog_dataset3/catdog_dataset3_632/catdog_dataset3_632.jpg,catdog_dataset3_632.jpg,catdog_dataset3,cat-13_jpg.rf.0855c43b518870bab5c47b0e9125ac5d.jpg,f4011ba559cccee71ed8fa34bb0b25fe
Data/catdog_dataset3/catdog_dataset3_633/catdog_dataset3_633.jpg,catdog_dataset3_633.jpg,catdog_dataset3,cat-13_jpg.rf.85f30f58fd18139e4f37f8eb38d094d8.jpg,67ab014497ab2516f2826c67a2f21cbd
Data/catdog_dataset3/catdog_dataset3_634/catdog_dataset3_634.jpg,catdog_dataset3_634.jpg,catdog_dataset3,cat-13_jpg.rf.dc74cc626676ce5719c79ac6ab17e3a4.jpg,fc0e0cdbbf8cf3fdc5ce5cf530a22f84
Data/catdog_dataset3/catdog_dataset3_635/catdog_dataset3_635.jpg,catdog_dataset3_635.jpg,catdog_dataset3,cat-14_jpg.rf.360c99e310e2f68e20dc8ca8514e3fa8.jpg,4486a71bef6d3a7adeeb1f60adf458ff
Data/catdog_dataset3/catdog_dataset3_636/catdog_dataset3_636.jpg,catdog_dataset3_636.jpg,catdog_dataset3,cat-14_jpg.rf.76c930af48131ffaa04ad94a0aea50a0.jpg,b11333344a87d0b36c5a4e38841cb7c9
Data/catdog_dataset3/catdog_dataset3_637/catdog_dataset3_637.jpg,catdog_dataset3_637.jpg,catdog_dataset3,cat-14_jpg.rf.bcbdce3fbb02809b3a797ac733cdbd27.jpg,516f6aab179f5f0eaa4a5098aff4dbb2
Data/catdog_dataset3/catdog_dataset3_638/catdog_dataset3_638.jpg,catdog_dataset3_638.jpg,catdog_dataset3,cat-15_jpg.rf.04bbc17867d1a5215097f4b3f25ca02d.jpg,7f66317f43eaf9731a5f57945cd6840c
Data/catdog_dataset3/catdog_dataset3_639/catdog_dataset3_639.jpg,catdog_dataset3_639.jpg,catdog_dataset3,cat-15_jpg.rf.40c597dbc825996d3ea634ed75645189.jpg,c13e486cbb4d46bc56fd607a82e36bfe
Data/catdog_dataset3/catdog_dataset3_64/catdog_dataset3_64.jpg,catdog_dataset3_64.jpg,catdog_dataset3,cat-3672_jpg.rf.8784327865a372baaf2ad63abaf480ad.jpg,186d27ea299c0f9866d14030175ab1c6
Data/catdog_dataset3/catdog_dataset3_640/catdog_dataset3_640.jpg,catdog_dataset3_640.jpg,catdog_dataset3,cat-15_jpg.rf.a0f59df7024fbbc226884f98a10e3449.jpg,0255c525bfe74f6b2ee4559d6cf9a743
Data/catdog_dataset3/catdog_dataset3_641/catdog_dataset3_641.jpg,catdog_dataset3_641.jpg,catdog_dataset3,cat-17_jpg.rf.04e55ca6305757c6abce547709cddf08.jpg,aee9a831290df752ef9d23a927c0bbb2
Data/catdog_dataset3/catdog_dataset3_642/catdog_dataset3_642.jpg,catdog_dataset3_642.jpg,catdog_dataset3,cat-17_jpg.rf.1208ae169a0ae8a73219a20e4163a8cc.jpg,efd34d9cdf09d9d678a197a2a27e0a70
Data/catdog_dataset3/catdog_dataset3_643/catdog_dataset3_643.jpg,catdog_dataset3_643.jpg,catdog_dataset3,cat-17_jpg.rf.54f9543297b890ecdb2f13daf45a868a.jpg,66ca8df0bbf1462dc5c6f03506d07211
Data/catdog_dataset3/catdog_dataset3_644/catdog_dataset3_644.jpg,catdog_dataset3_644.jpg,catdog_dataset3,cat-20_jpg.rf.2d2235ac8f67627f28f3c63d1df79e58.jpg,1b8ab6e8730b433450247ecd90dc5b3e
Data/catdog_dataset3/catdog_dataset3_645/catdog_dataset3_645.jpg,catdog_dataset3_645.jpg,catdog_dataset3,cat-20_jpg.rf.43706676ecc8f7cdda081b4920a7f812.jpg,d5570d398b72c0823a0758402d95eb8f
Data/catdog_dataset3/catdog_dataset3_646/catdog_dataset3_646.jpg,catdog_dataset3_646.jpg,catdog_dataset3,cat-20_jpg.rf.ac44d33c16b99543360e3dbbbafdd18e.jpg,ae29d6dd72fb802612b0521607d0707e
Data/catdog_dataset3/catdog_dataset3_647/catdog_dataset3_647.jpg,catdog_dataset3_647.jpg,catdog_dataset3,cat-22_jpg.rf.51f8b4464fc6994239aefb2b016be49a.jpg,44ec077f34064152103b5390e9cb249d
Data/catdog_dataset3/catdog_dataset3_648/catdog_dataset3_648.jpg,catdog_dataset3_648.jpg,catdog_dataset3,cat-22_jpg.rf.c43630b18af7fc332a09190198cf1771.jpg,57071fa23be928d332f4db36a01f8da3
Data/catdog_dataset3/catdog_dataset3_649/catdog_dataset3_649.jpg,catdog_dataset3_649.jpg,catdog_dataset3,cat-22_jpg.rf.d51e65ef5ecf1ba947f649b01faedb55.jpg,139c52f2d91a4e0c3453278de1b2398f
Data/catdog_dataset3/catdog_dataset3_65/catdog_dataset3_65.jpg,catdog_dataset3_65.jpg,catdog_dataset3,cat-3705_jpg.rf.1e45d1dff3a828263a2f59cffe22315f.jpg,5de771bc04aa42941b8d3d15a9cc01ab
Data/catdog_dataset3/catdog_dataset3_650/catdog_dataset3_650.jpg,catdog_dataset3_650.jpg,catdog_dataset3,cat-23_jpg.rf.5202eaf383997f738d8b20dc2e3004c2.jpg,8712c1e01fa5cfbb7709620fef413b7c
Data/catdog_dataset3/catdog_dataset3_651/catdog_dataset3_651.jpg,catdog_dataset3_651.jpg,catdog_dataset3,cat-23_jpg.rf.6b5044fcee9818dcd0af66ed61570019.jpg,7e38bf2a9195d99034c1b27fb0cc4c6b
Data/catdog_dataset3/catdog_dataset3_652/catdog_dataset3_652.jpg,catdog_dataset3_652.jpg,catdog_dataset3,cat-23_jpg.rf.8c6e1cdcab8e2bfaad611a61cc83b21f.jpg,0a639c8ee48f5eab421ac14e69f7e0d5
Data/catdog_dataset3/catdog_dataset3_653/catdog_dataset3_653.jpg,catdog_dataset3_653.jpg,catdog_dataset3,cat-24_jpg.rf.22207edca99456dcbfb0ddc9854650da.jpg,58856980fb8c6aeb9b51500a00ec03f1
Data/catdog_dataset3/catdog_dataset3_654/catdog_dataset3_654.jpg,catdog_dataset3_654.jpg,catdog_dataset3,cat-24_jpg.rf.b633a79f8ce593bcf8c358a4d4afab0a.jpg,4e5d81665573f9d9216969791717ae9e
Data/catdog_dataset3/catdog_dataset3_655/catdog_dataset3_655.jpg,catdog_dataset3_655.jpg,catdog_dataset3,cat-24_jpg.rf.f9e9c06bcd13deb5e37cbd0920d3cc47.jpg,618f6aec4cfc0bb98a0f59309b8fd662
Data/catdog_dataset3/catdog_dataset3_656/catdog_dataset3_656.jpg,catdog_dataset3_656.jpg,catdog_dataset3,cat-25_jpg.rf.6965bf7743a539364c8c42f99ab4691d.jpg,9e93102c0c21590f18dcd16d98c9cb0f
Data/catdog_dataset3/catdog_dataset3_657/catdog_dataset3_657.jpg,catdog_dataset3_657.jpg,catdog_dataset3,cat-25_jpg.rf.8efdc515168197d0e1b827687e9c69b4.jpg,cdf7f9038d9b26097b433e2c2668095d
Data/catdog_dataset3/catdog_dataset3_658/catdog_dataset3_658.jpg,catdog_dataset3_658.jpg,catdog_dataset3,cat-25_jpg.rf.d18fa9560e8cd559360ddfe1a55de108.jpg,d0e74236f19ca82a27eb06bdacf50b7d
Data/catdog_dataset3/catdog_dataset3_659/catdog_dataset3_659.jpg,catdog_dataset3_659.jpg,catdog_dataset3,cat-26_jpg.rf.4e93eecb288e0dd5dd7e51639605b5ae.jpg,423120fc3111349816625419e2ac1e1d
Data/catdog_dataset3/catdog_dataset3_66/catdog_dataset3_66.jpg,catdog_dataset3_66.jpg,catdog_dataset3,cat-3705_jpg.rf.9a58d5013f67cc8f16f79a31935dbcbd.jpg,4ecd36bcee352ef1f0fe4bf91b1d8e71
Data/catdog_dataset3/catdog_dataset3_660/catdog_dataset3_660.jpg,catdog_dataset3_660.jpg,catdog_dataset3,cat-26_jpg.rf.6c239393c3c158da783f607b974037c3.jpg,02f27a72e531ce21e2217dd7e41fcd33
Data/catdog_dataset3/catdog_dataset3_661/catdog_dataset3_661.jpg,catdog_dataset3_661.jpg,catdog_dataset3,cat-26_jpg.rf.8c991bbaeffda9451445b965bc4ca6aa.jpg,71844fa64fbad433566e1819d0a9c1c7
Data/catdog_dataset3/catdog_dataset3_662/catdog_dataset3_662.jpg,catdog_dataset3_662.jpg,catdog_dataset3,cat-29_jpg.rf.0b9d6fd91ccc891eca38c5f40b00e4fa.jpg,9a28dc471b53466cd9b8d89adabed88e
Data/catdog_dataset3/catdog_dataset3_663/catdog_dataset3_663.jpg,catdog_dataset3_663.jpg,catdog_dataset3,cat-29_jpg.rf.97ec9da30b4e1343c438610b759a8d76.jpg,eb4ffaef53f06db06b256b1a96f47181
Data/catdog_dataset3/catdog_dataset3_664/catdog_dataset3_664.jpg,catdog_dataset3_664.jpg,catdog_dataset3,cat-29_jpg.rf.9b03651136be010a2c6c5901dc1f1c85.jpg,30139e0e73d7e84e537b5d14f95877d1
Data/catdog_dataset3/catdog_dataset3_665/catdog_dataset3_665.jpg,catdog_dataset3_665.jpg,catdog_dataset3,cat-2_jpg.rf.546f3278b8ea2a32507e0d2539dae90f.jpg,473903ac758061e0f52b94a3f0109479
Data/catdog_dataset3/catdog_dataset3_666/catdog_dataset3_666.jpg,catdog_dataset3_666.jpg,catdog_dataset3,cat-2_jpg.rf.6aaf33d066cec765010afa0929dca9e2.jpg,dc19a04fe44e71e5bab2b16bf1b15403
Data/catdog_dataset3/catdog_dataset3_667/catdog_dataset3_667.jpg,catdog_dataset3_667.jpg,catdog_dataset3,cat-2_jpg.rf.89bfe7eeced7a8e48580c4729769156e.jpg,d2aa95788e5db4e2b21d5c34ee410836
Data/catdog_dataset3/catdog_dataset3_668/catdog_dataset3_668.jpg,catdog_dataset3_668.jpg,catdog_dataset3,cat-30_jpg.rf.2435001f1db10fb823cc1fb71f255aab.jpg,89035348d549995f2a62aa5a155a2558
Data/catdog_dataset3/catdog_dataset3_669/catdog_dataset3_669.jpg,catdog_dataset3_669.jpg,catdog_dataset3,cat-30_jpg.rf.89df0191f6a999f1ee6efb4b33ce9acd.jpg,adaa90ad1a1609f8dd4071808f7ca327
Data/catdog_dataset3/catdog_dataset3_67/catdog_dataset3_67.jpg,catdog_dataset3_67.jpg,catdog_dataset3,cat-3705_jpg.rf.bdf313754165c46cba362c6f50384df0.jpg,78cc610ec61ae712f8aabb0b2bd0ca1d
Data/catdog_dataset3/catdog_dataset3_670/catdog_dataset3_670.jpg,catdog_dataset3_670.jpg,catdog_dataset3,cat-30_jpg.rf.e566e7def42364c05e93a90cbc8c0815.jpg,dab275ea2baf21876800d8275324636e
Data/catdog_dataset3/catdog_dataset3_671/catdog_dataset3_671.jpg,catdog_dataset3_671.jpg,catdog_dataset3,cat-32_jpg.rf.3709f7a3604b55c68a7520a3e97a741d.jpg,dc27cf21d785f0f38c040f5d70507731
Data/catdog_dataset3/catdog_dataset3_672/catdog_dataset3_672.jpg,catdog_dataset3_672.jpg,catdog_dataset3,cat-32_jpg.rf.49deb31690a0532b4679cdf8d564b430.jpg,a749bcb39631d0a86ae1e73cbddabb43
Data/catdog_dataset3/catdog_dataset3_673/catdog_dataset3_673.jpg,catdog_dataset3_673.jpg,catdog_dataset3,cat-32_jpg.rf.74bc6473937620b659664945566c389d.jpg,bab70302db71d3a94cdbeeef96e523e0
Data/catdog_dataset3/catdog_dataset3_674/catdog_dataset3_674.jpg,catdog_dataset3_674.jpg,catdog_dataset3,cat-3501_jpg.rf.63dbdafb73790098d97534dcda7ed3b2.jpg,453827c044947fd78be7ea8ad26c6d20
Data/catdog_dataset3/catdog_dataset3_675/catdog_dataset3_675.jpg,catdog_dataset3_675.jpg,catdog_dataset3,cat-3501_jpg.rf.a5d3da4c86e37fa54b9bc76b03ef233b.jpg,c7507dbecd4186cd7c9bad5fe9a4f310
Data/catdog_dataset3/catdog_dataset3_676/catdog_dataset3_676.jpg,catdog_dataset3_676.jpg,catdog_dataset3,cat-3501_jpg.rf.cfa9022a877a3da84aacd65ba4639bd5.jpg,f039c23357fb9b3fefc23a7d175f589b
Data/catdog_dataset3/catdog_dataset3_677/catdog_dataset3_677.jpg,catdog_dataset3_677.jpg,catdog_dataset3,cat-3503_jpg.rf.8749bc9339276f72c626cb460d9a5f68.jpg,233118122133af2e7aca745f2f8a9267
Data/catdog_dataset3/catdog_dataset3_678/catdog_dataset3_678.jpg,catdog_dataset3_678.jpg,catdog_dataset3,cat-3503_jpg.rf.c598246720038d9357d2b8200dee2d94.jpg,b52d4c213c2cc770764a8612e541c94c
Data/catdog_dataset3/catdog_dataset3_679/catdog_dataset3_679.jpg,catdog_dataset3_679.jpg,catdog_dataset3,cat-3503_jpg.rf.cfc0ddb4dec158481cfa2a94264c3d29.jpg,3b32e48b57c918fc837ebe36df34ce3c
Data/catdog_dataset3/catdog_dataset3_68/catdog_dataset3_68.jpg,catdog_dataset3_68.jpg,catdog_dataset3,dog-100_jpg.rf.5fa0f5a793ec9d068b7ab5344803d7e2.jpg,bbf6f927153f14162dda6b766b26286b
Data/catdog_dataset3/catdog_dataset3_680/catdog_dataset3_680.jpg,catdog_dataset3_680.jpg,catdog_dataset3,cat-3506_jpg.rf.066d3979e995d9d0de0c8beef15c7768.jpg,2c26f5298655ebc2d1b099a20ba44f2c
Data/catdog_dataset3/catdog_dataset3_681/catdog_dataset3_681.jpg,catdog_dataset3_681.jpg,catdog_dataset3,cat-3506_jpg.rf.77dacd153698082521ae674eb86bb085.jpg,d22e566ad931c439fd3ca2519a974e50
Data/catdog_dataset3/catdog_dataset3_682/catdog_dataset3_682.jpg,catdog_dataset3_682.jpg,catdog_dataset3,cat-3506_jpg.rf.ee3535b3988e09e863bc13d936835634.jpg,aaa39b8f1275c290cee0736e751543bc
Data/catdog_dataset3/catdog_dataset3_683/catdog_dataset3_683.jpg,catdog_dataset3_683.jpg,catdog_dataset3,cat-3508_jpg.rf.346501a61a7ccfeb660cfda1c796b979.jpg,25ec13ef50e1bf9a8caaf8c662dc8ca8
Data/catdog_dataset3/catdog_dataset3_684/catdog_dataset3_684.jpg,catdog_dataset3_684.jpg,catdog_dataset3,cat-3508_jpg.rf.899bc7beee1ac3e86b6927955eba8c29.jpg,dbf156bee7e7857dc57285a40242f8be
Data/catdog_dataset3/catdog_dataset3_685/catdog_dataset3_685.jpg,catdog_dataset3_685.jpg,catdog_dataset3,cat-3508_jpg.rf.e34b55f7e245890199cfe14c51ce6574.jpg,d0f3cd6bb1413da28cdd47f75f4e870a
Data/catdog_dataset3/catdog_dataset3_686/catdog_dataset3_686.jpg,catdog_dataset3_686.jpg,catdog_dataset3,cat-3511_jpg.rf.6c3f98688a5d01d0870cc4efc189161e.jpg,b10d01cd0b727db27ff9860ec4a79791
Data/catdog_dataset3/catdog_dataset3_687/catdog_dataset3_687.jpg,catdog_dataset3_687.jpg,catdog_dataset3,cat-3511_jpg.rf.6e9aa976cc10b1f602133cdf8c0cc671.jpg,e55cbe0f3432f471e31baafba71d7dbf
Data/catdog_dataset3/catdog_dataset3_688/catdog_dataset3_688.jpg,catdog_dataset3_688.jpg,catdog_dataset3,cat-3511_jpg.rf.c0f1149e1ea2109fb0647cc0a6b93da5.jpg,bcdb2083cf9a23493d736a7c025755c1
Data/catdog_dataset3/catdog_dataset3_689/catdog_dataset3_689.jpg,catdog_dataset3_689.jpg,catdog_dataset3,cat-3512_jpg.rf.12f4a72f9df6c8e1041ba293e779dddd.jpg,ff11e36d7a930c07593cbe94f58aca59
Data/catdog_dataset3/catdog_dataset3_69/catdog_dataset3_69.jpg,catdog_dataset3_69.jpg,catdog_dataset3,dog-100_jpg.rf.efa88fd94f82e5819f7aaaccaa2358c9.jpg,f73295dc86ddc7b027f8be0e21504ab5
Data/catdog_dataset3/catdog_dataset3_690/catdog_dataset3_690.jpg,catdog_dataset3_690.jpg,catdog_dataset3,cat-3512_jpg.rf.6f01fb21483f4bc7c1a7168ac7be1cd8.jpg,c15d129142270d5adae01cef7d9994ed
Data/catdog_dataset3/catdog_dataset3_691/catdog_dataset3_691.jpg,catdog_dataset3_691.jpg,catdog_dataset3,cat-3512_jpg.rf.91590f0dfbc2d970a3213f98b7d447a4.jpg,1f8e7b6612c1955cc3f9878faa0f999b
Data/catdog_dataset3/catdog_dataset3_692/catdog_dataset3_692.jpg,catdog_dataset3_692.jpg,catdog_dataset3,cat-3515_jpg.rf.82dd2b07c8fdf1c12e87aa43128bbeac.jpg,70a3d31bfe4920ce8e79e13298263ad8
Data/catdog_dataset3/catdog_dataset3_693/catdog_dataset3_693.jpg,catdog_dataset3_693.jpg,catdog_dataset3,cat-3515_jpg.rf.92aa5b16f72a2b20d52a8369f0af37ed.jpg,837d12d606acf5b222747254d3ebb151
Data/catdog_dataset3/catdog_dataset3_694/catdog_dataset3_694.jpg,catdog_dataset3_694.jpg,catdog_dataset3,cat-3515_jpg.rf.c87efadaab33a948b4a8f169b5a8592d.jpg,17bbe9ddacf04950a241d6c74707e0b9
Data/catdog_dataset3/catdog_dataset3_695/catdog_dataset3_695.jpg,catdog_dataset3_695.jpg,catdog_dataset3,cat-3519_jpg.rf.3c18500d04d43e6e25efe8c2f9fbc123.jpg,2f02a43aeb53dcc1d1862cb51e5cab46
Data/catdog_dataset3/catdog_dataset3_696/catdog_dataset3_696.jpg,catdog_dataset3_696.jpg,catdog_dataset3,cat-3519_jpg.rf.939fe522088960e5f8ac60e10c584072.jpg,c8e0f27d164d82fa006d7d3a33553654
Data/catdog_dataset3/catdog_dataset3_697/catdog_dataset3_697.jpg,catdog_dataset3_697.jpg,catdog_dataset3,cat-3519_jpg.rf.bf040bcdc3e01f69bc1ba19f3107192f.jpg,7dc5814973b6ce41ccb11f0a857a7225
Data/catdog_dataset3/catdog_dataset3_698/catdog_dataset3_698.jpg,catdog_dataset3_698.jpg,catdog_dataset3,cat-3520_jpg.rf.6093bc4fd41861ac8568cda5fae96422.jpg,c80d625fe59c2814aa803df8eb3d0c08
Data/catdog_dataset3/catdog_dataset3_699/catdog_dataset3_699.jpg,catdog_dataset3_699.jpg,catdog_dataset3,cat-3520_jpg.rf.91e466ae08795c0acb36d16d07cc8a3d.jpg,8cd58533f54b4b2f4abd47dd79ab60ca
Data/catdog_dataset3/catdog_dataset3_7/catdog_dataset3_7.jpg,catdog_dataset3_7.jpg,catdog_dataset3,dog-12_jpg.rf.3c4bf9eb039880e5601e65e2dd284938.jpg,1906f6df255d95f0a8a60ef744a44b60
Data/catdog_dataset3/catdog_dataset3_70/catdog_dataset3_70.jpg,catdog_dataset3_70.jpg,catdog_dataset3,dog-100_jpg.rf.f3d48a7ed4886e6995246234e33b06f2.jpg,71173bbf2faf284b0975bfd6c814dfd7
Data/catdog_dataset3/catdog_dataset3_700/catdog_dataset3_700.jpg,catdog_dataset3_700.jpg,catdog_dataset3,cat-3520_jpg.rf.e652feef2bef8d817fde36bd712212d8.jpg,db99478be1f2c673cb6e0a96fa209cf3
Data/catdog_dataset3/catdog_dataset3_701/catdog_dataset3_701.jpg,catdog_dataset3_701.jpg,catdog_dataset3,cat-3521_jpg.rf.108cfd91431ced3d501e997af7f88b48.jpg,1e62a0ffad21e99d581e00761a23e436
Data/catdog_dataset3/catdog_dataset3_702/catdog_dataset3_702.jpg,catdog_dataset3_702.jpg,catdog_dataset3,cat-3521_jpg.rf.402d19c65e40a7983aa200fdf81c143f.jpg,ea4ab8df84072cd847aa79986f1fbdaa
Data/catdog_dataset3/catdog_dataset3_703/catdog_dataset3_703.jpg,catdog_dataset3_703.jpg,catdog_dataset3,cat-3521_jpg.rf.54684af514d4f1b9e5721b94459998c5.jpg,59b6030bfe0228500b2a217a88f63f97
Data/catdog_dataset3/catdog_dataset3_704/catdog_dataset3_704.jpg,catdog_dataset3_704.jpg,catdog_dataset3,cat-3522_jpg.rf.4d4b81cdc7d0a2e69629108949ee2cc0.jpg,f914b2eb7c2016b1dd053439fc825ec9
Data/catdog_dataset3/catdog_dataset3_705/catdog_dataset3_705.jpg,catdog_dataset3_705.jpg,catdog_dataset3,cat-3522_jpg.rf.aaa8beb54fefb7625a7028b30757f847.jpg,38f37bbe01a780bee1b1dd12ab6b9126
Data/catdog_dataset3/catdog_dataset3_706/catdog_dataset3_706.jpg,catdog_dataset3_706.jpg,catdog_dataset3,cat-3522_jpg.rf.ddf000254142a6f2427201fb78c45e14.jpg,0db3a97acbbc8f3630b6081ab64fab4c
Data/catdog_dataset3/catdog_dataset3_707/catdog_dataset3_707.jpg,catdog_dataset3_707.jpg,catdog_dataset3,cat-3524_jpg.rf.23f2949a0041b6f64784b0eb0861f9d4.jpg,33469667944cc3a9cd3438594be4231f
Data/catdog_dataset3/catdog_dataset3_708/catdog_dataset3_708.jpg,catdog_dataset3_708.jpg,catdog_dataset3,cat-3524_jpg.rf.24e3604259506eea067478087548dee2.jpg,b5d79373d0521d95d88932230edabf40
Data/catdog_dataset3/catdog_dataset3_709/catdog_dataset3_709.jpg,catdog_dataset3_709.jpg,catdog_dataset3,cat-3524_jpg.rf.f0a06e7f8c79e50f84b344e861483bb3.jpg,6d9c04974f9f5b2b6972d84b97055484
Data/catdog_dataset3/catdog_dataset3_71/catdog_dataset3_71.jpg,catdog_dataset3_71.jpg,catdog_dataset3,dog-101_jpg.rf.1108364cf99e6d7628da1d15b133dcdd.jpg,e7e19b934edc73acbbf4948ea2cdd7b8
Data/catdog_dataset3/catdog_dataset3_710/catdog_dataset3_710.jpg,catdog_dataset3_710.jpg,catdog_dataset3,cat-3525_jpg.rf.47c7ef5a3ec4900588c3e1fcaaf8bc17.jpg,5987e795106a50e150eeb317392d2eb2
Data/catdog_dataset3/catdog_dataset3_711/catdog_dataset3_711.jpg,catdog_dataset3_711.jpg,catdog_dataset3,cat-3525_jpg.rf.ca147d14486ed76a4c3f7b9734f77e4a.jpg,d0014007181fe1ebeaf421054c0c0e39
Data/catdog_dataset3/catdog_dataset3_712/catdog_dataset3_712.jpg,catdog_dataset3_712.jpg,catdog_dataset3,cat-3525_jpg.rf.ebd010e1d578bc4469e2ac4d2c334d14.jpg,f98c3ee5a84c4ea5275c3a535297e3f2
Data/catdog_dataset3/catdog_dataset3_713/catdog_dataset3_713.jpg,catdog_dataset3_713.jpg,catdog_dataset3,cat-3526_jpg.rf.058432f5204063c83e76b185632c159e.jpg,e01a9b35931a45bb85c5683731b3ab65
Data/catdog_dataset3/catdog_dataset3_714/catdog_dataset3_714.jpg,catdog_dataset3_714.jpg,catdog_dataset3,cat-3526_jpg.rf.132ee07e1d8cbdf428c0cb558d39d4e8.jpg,874754b6911e6ba641e86e1d64027d90
Data/catdog_dataset3/catdog_dataset3_715/catdog_dataset3_715.jpg,catdog_dataset3_715.jpg,catdog_dataset3,cat-3526_jpg.rf.54a608383d5f73caa389169e06bfa68c.jpg,44a2e187b69af682aa292adf28183340
Data/catdog_dataset3/catdog_dataset3_716/catdog_dataset3_716.jpg,catdog_dataset3_716.jpg,catdog_dataset3,cat-3527_jpg.rf.1cac47de9e06d735efe3afb3029ba2fe.jpg,86af5fc4cd696481bbfad493966ad21b
Data/catdog_dataset3/catdog_dataset3_717/catdog_dataset3_717.jpg,catdog_dataset3_717.jpg,catdog_dataset3,cat-3527_jpg.rf.aaac9162da42a6ef1b28d47d9f3e54f9.jpg,8c1928ca9039da445a372ce33265940c
Data/catdog_dataset3/catdog_dataset3_718/catdog_dataset3_718.jpg,catdog_dataset3_718.jpg,catdog_dataset3,cat-3527_jpg.rf.e5f915cbf5781f67685d36febee43068.jpg,1f49f231032e46621ea78d0b347dcb49
Data/catdog_dataset3/catdog_dataset3_719/catdog_dataset3_719.jpg,catdog_dataset3_719.jpg,catdog_dataset3,cat-3528_jpg.rf.7a2f8143a5c80ff66adafca42db4239c.jpg,556afe9317f758cff272fa71e02dbb67
Data/catdog_dataset3/catdog_dataset3_72/catdog_dataset3_72.jpg,catdog_dataset3_72.jpg,catdog_dataset3,dog-101_jpg.rf.926307fe6f012bff440a634c568562be.jpg,2f9c50dee83bb25f0438f1b639e40b3d
Data/catdog_dataset3/catdog_dataset3_720/catdog_dataset3_720.jpg,catdog_dataset3_720.jpg,catdog_dataset3,cat-3528_jpg.rf.cb11ac9165456dfbe35f7a06324e0a1d.jpg,18984ada488b28ac292500b14d3bc885
Data/catdog_dataset3/catdog_dataset3_721/catdog_dataset3_721.jpg,catdog_dataset3_721.jpg,catdog_dataset3,cat-3528_jpg.rf.f5325b405570b3195416e893936f3a60.jpg,03334e94263207e1aab26681eb6def46
Data/catdog_dataset3/catdog_dataset3_722/catdog_dataset3_722.jpg,catdog_dataset3_722.jpg,catdog_dataset3,cat-3529_jpg.rf.5915bc7239abe26d6cc45e690c999a52.jpg,f83dd32991706eb188acff69725206e3
Data/catdog_dataset3/catdog_dataset3_723/catdog_dataset3_723.jpg,catdog_dataset3_723.jpg,catdog_dataset3,cat-3529_jpg.rf.708e03d4d5a9d1b4d676a57bdb1e2fed.jpg,68f48bc6052c2ecb786131cda2866639
Data/catdog_dataset3/catdog_dataset3_724/catdog_dataset3_724.jpg,catdog_dataset3_724.jpg,catdog_dataset3,cat-3529_jpg.rf.b6786d338b87f56a76358ac0afc00daf.jpg,9933df30acb2cce00876e0149b64459d
Data/catdog_dataset3/catdog_dataset3_725/catdog_dataset3_725.jpg,catdog_dataset3_725.jpg,catdog_dataset3,cat-3530_jpg.rf.093c2d101308112447ab96a4c6f282be.jpg,9faabeaecfcfe9ea9432d2b09dee724e
Data/catdog_dataset3/catdog_dataset3_726/catdog_dataset3_726.jpg,catdog_dataset3_726.jpg,catdog_dataset3,cat-3530_jpg.rf.127b7baea6de7b34db4ecf7fd58a36c8.jpg,3f5d52663d442ec3dc0307a7e0f606d4
Data/catdog_dataset3/catdog_dataset3_727/catdog_dataset3_727.jpg,catdog_dataset3_727.jpg,catdog_dataset3,cat-3530_jpg.rf.c9b6b884cd17613c427230a97baf2340.jpg,b26a6ff057aeda5a8ec943d639db8d07
Data/catdog_dataset3/catdog_dataset3_728/catdog_dataset3_728.jpg,catdog_dataset3_728.jpg,catdog_dataset3,cat-3532_jpg.rf.21929cd15969064ce731956dcba6f925.jpg,9d1c656fd36283885052ed5a01aa90ce
Data/catdog_dataset3/catdog_dataset3_729/catdog_dataset3_729.jpg,catdog_dataset3_729.jpg,catdog_dataset3,cat-3532_jpg.rf.9fb84ad1b9171c445db00aff592c9644.jpg,e8dba86e9fcb1df528f15a2f7b7c015c
Data/catdog_dataset3/catdog_dataset3_73/catdog_dataset3_73.jpg,catdog_dataset3_73.jpg,catdog_dataset3,dog-101_jpg.rf.e28eca11a6cca2debac1270114fa44a8.jpg,773c1b7404c61ebe166bf505a5622eac
Data/catdog_dataset3/catdog_dataset3_730/catdog_dataset3_730.jpg,catdog_dataset3_730.jpg,catdog_dataset3,cat-3532_jpg.rf.cdb5e311ae4150185a7bc1c6b34fdad3.jpg,39d9798a4ead18c29a8ee4f2b9605005
Data/catdog_dataset3/catdog_dataset3_731/catdog_dataset3_731.jpg,catdog_dataset3_731.jpg,catdog_dataset3,cat-3533_jpg.rf.17b9e812e45bfc810b59066ad1bb919d.jpg,faa2e38076fc679fc7cbbffce17639df
Data/catdog_dataset3/catdog_dataset3_732/catdog_dataset3_732.jpg,catdog_dataset3_732.jpg,catdog_dataset3,cat-3533_jpg.rf.55847eb0064a477d21411d9e782752a2.jpg,c66e48ade13938599de7b47c51d059ed
Data/catdog_dataset3/catdog_dataset3_733/catdog_dataset3_733.jpg,catdog_dataset3_733.jpg,catdog_dataset3,cat-3533_jpg.rf.77732b26261ee5e6cd2fe1c0daf6f691.jpg,fd83f9d96b57574cd545e468d99508ff
Data/catdog_dataset3/catdog_dataset3_734/catdog_dataset3_734.jpg,catdog_dataset3_734.jpg,catdog_dataset3,cat-3534_jpg.rf.0b750933736e6d383b59467ad6d036e7.jpg,fd3d8b5168c85fc95f27464f7ca3a4eb
Data/catdog_dataset3/catdog_dataset3_735/catdog_dataset3_735.jpg,catdog_dataset3_735.jpg,catdog_dataset3,cat-3534_jpg.rf.72c6f5dacd9d49624ea0bac2607a47b5.jpg,7ac18dbfad603a2a406b7c80bbe8706a
Data/catdog_dataset3/catdog_dataset3_736/catdog_dataset3_736.jpg,catdog_dataset3_736.jpg,catdog_dataset3,cat-3534_jpg.rf.7b4e7803d010844959af5a18156b0379.jpg,98d861e503281c1e26511f516e94cac9
Data/catdog_dataset3/catdog_dataset3_737/catdog_dataset3_737.jpg,catdog_dataset3_737.jpg,catdog_dataset3,cat-3536_jpg.rf.08f619a5666982522439646432827b3b.jpg,d5269bfe9e6f9019a261a80f2734ca9b
Data/catdog_dataset3/catdog_dataset3_738/catdog_dataset3_738.jpg,catdog_dataset3_738.jpg,catdog_dataset3,cat-3536_jpg.rf.8b0ba8189ecc2ba25814a3e2e8addcad.jpg,d454a1339a6a9d50086a8b7c2b7353e8
Data/catdog_dataset3/catdog_dataset3_739/catdog_dataset3_739.jpg,catdog_dataset3_739.jpg,catdog_dataset3,cat-3536_jpg.rf.bccf9537e95cbd3696ea80320a5e6290.jpg,6b5343eb4e3d2b969abc18046866c25d
Data/catdog_dataset3/catdog_dataset3_74/catdog_dataset3_74.jpg,catdog_dataset3_74.jpg,catdog_dataset3,dog-102_jpg.rf.21623a2367e38e662bc8eabc9a4de68d.jpg,81786638c5e8d149b7b68d514b5998e7
Data/catdog_dataset3/catdog_dataset3_740/catdog_dataset3_740.jpg,catdog_dataset3_740.jpg,catdog_dataset3,cat-3537_jpg.rf.3528e0d95db332f7993789f215c3aeff.jpg,2817d9304ab6fb6c81efec579961763a
Data/catdog_dataset3/catdog_dataset3_741/catdog_dataset3_741.jpg,catdog_dataset3_741.jpg,catdog_dataset3,cat-3537_jpg.rf.6272756739ef243721d186cce60a7f64.jpg,bf7c733c225b867c8aa20020fa958757
Data/catdog_dataset3/catdog_dataset3_742/catdog_dataset3_742.jpg,catdog_dataset3_742.jpg,catdog_dataset3,cat-3537_jpg.rf.6de562a5cae2e6ccad2cc5b23e2eb366.jpg,179bc6a720c6cf8a14cdce498baa0091
Data/catdog_dataset3/catdog_dataset3_743/catdog_dataset3_743.jpg,catdog_dataset3_743.jpg,catdog_dataset3,cat-3538_jpg.rf.19ed81b6940eebaa070583a81f1a101d.jpg,82fecf275b3c733e2c0dd966ffcc78c8
Data/catdog_dataset3/catdog_dataset3_744/catdog_dataset3_744.jpg,catdog_dataset3_744.jpg,catdog_dataset3,cat-3538_jpg.rf.319ba82c60b73c714867eded6f659128.jpg,5114dea955681249e84a309382d59b36
Data/catdog_dataset3/catdog_dataset3_745/catdog_dataset3_745.jpg,catdog_dataset3_745.jpg,catdog_dataset3,cat-3538_jpg.rf.7bb5123c493a58fceb5b039db18ea3b1.jpg,238f38d6e88c46b47c6d12fd85671e29
Data/catdog_dataset3/catdog_dataset3_746/catdog_dataset3_746.jpg,catdog_dataset3_746.jpg,catdog_dataset3,cat-3539_jpg.rf.75357db6febcd3a7453006c6c7f51055.jpg,959738cadb83b8a8d5e13d2ac657b974
Data/catdog_dataset3/catdog_dataset3_747/catdog_dataset3_747.jpg,catdog_dataset3_747.jpg,catdog_dataset3,cat-3539_jpg.rf.c3677f936b886b1f246a858a8e3d4b55.jpg,478db4d7db09dbb8c61faf09d17cb4bc
Data/catdog_dataset3/catdog_dataset3_748/catdog_dataset3_748.jpg,catdog_dataset3_748.jpg,catdog_dataset3,cat-3539_jpg.rf.f78df3d98a0bcf7572b3bfba359643f8.jpg,9b13e20c43679ec9dc07886396466eb6
Data/catdog_dataset3/catdog_dataset3_749/catdog_dataset3_749.jpg,catdog_dataset3_749.jpg,catdog_dataset3,cat-3540_jpg.rf.98a1bea632922293b5d9838d5e4b93a6.jpg,a9fc67bcbfa62e750f843f8034c44737
Data/catdog_dataset3/catdog_dataset3_75/catdog_dataset3_75.jpg,catdog_dataset3_75.jpg,catdog_dataset3,dog-102_jpg.rf.461ae161340b4d9d1f29dedc08722402.jpg,70186f391f737628ee0a05474f184b68
Data/catdog_dataset3/catdog_dataset3_750/catdog_dataset3_750.jpg,catdog_dataset3_750.jpg,catdog_dataset3,cat-3540_jpg.rf.f2466638f2a4e840d69f52d3d348d246.jpg,2657298833c650d1ae8ae11db7d52d0c
Data/catdog_dataset3/catdog_dataset3_751/catdog_dataset3_751.jpg,catdog_dataset3_751.jpg,catdog_dataset3,cat-3540_jpg.rf.fa1fd4ccd37912be2bdab2f8e48ee211.jpg,9fceec5064264bd27344145c6ed84ec3
Data/catdog_dataset3/catdog_dataset3_752/catdog_dataset3_752.jpg,catdog_dataset3_752.jpg,catdog_dataset3,cat-3542_jpg.rf.354e223eb50bb0c3e8263547b26f6fcb.jpg,88881e79499fd032e6b55c28eee451d9
Data/catdog_dataset3/catdog_dataset3_753/catdog_dataset3_753.jpg,catdog_dataset3_753.jpg,catdog_dataset3,cat-3542_jpg.rf.6d4c392a7ab08ce92424dd9397b72701.jpg,f7f82719799f3e4d519f68739ed599a0
Data/catdog_dataset3/catdog_dataset3_754/catdog_dataset3_754.jpg,catdog_dataset3_754.jpg,catdog_dataset3,cat-3542_jpg.rf.bfe4232abe1daf816f7033656639ced9.jpg,138e571cc409a9c2278ca86f36a8514b
Data/catdog_dataset3/catdog_dataset3_755/catdog_dataset3_755.jpg,catdog_dataset3_755.jpg,catdog_dataset3,cat-3543_jpg.rf.51896c8bf3e65d867ddb871dbd6189ef.jpg,5bfeb74b3b78d4ff4b586c63ef8cbdf3
Data/catdog_dataset3/catdog_dataset3_756/catdog_dataset3_756.jpg,catdog_dataset3_756.jpg,catdog_dataset3,cat-3543_jpg.rf.93c389d7a90da7eb235f9467fca0d595.jpg,a43a2794060020612263823f892e49ec
Data/catdog_dataset3/catdog_dataset3_757/catdog_dataset3_757.jpg,catdog_dataset3_757.jpg,catdog_dataset3,cat-3543_jpg.rf.c162af897529318871879e241246b2f3.jpg,2d4f46bdfae3039e9beeaf52c64f8837
Data/catdog_dataset3/catdog_dataset3_758/catdog_dataset3_758.jpg,catdog_dataset3_758.jpg,catdog_dataset3,cat-3544_jpg.rf.565107e2b1778a2438340d618c2a8143.jpg,34b1685b50842a7ff813bdaf029e60a7
Data/catdog_dataset3/catdog_dataset3_759/catdog_dataset3_759.jpg,catdog_dataset3_759.jpg,catdog_dataset3,cat-3544_jpg.rf.a49aab5ad348341fe3124dad0fd7defc.jpg,0c3abe89094412f5d2bdd6f9cbc225ca
Data/catdog_dataset3/catdog_dataset3_76/catdog_dataset3_76.jpg,catdog_dataset3_76.jpg,catdog_dataset3,dog-102_jpg.rf.ed7e3306b439e50c80c56be19124e331.jpg,b2e581755483ac117afec6aebc429f70
Data/catdog_dataset3/catdog_dataset3_760/catdog_dataset3_760.jpg,catdog_dataset3_760.jpg,catdog_dataset3,cat-3544_jpg.rf.c5075df1e98ab645754d8829bc8d543b.jpg,d446d2824a00993785dc4999ae7fa449
Data/catdog_dataset3/catdog_dataset3_761/catdog_dataset3_761.jpg,catdog_dataset3_761.jpg,catdog_dataset3,cat-3545_jpg.rf.592c7c37ea20510b13451629f57da498.jpg,4a319e06ddfad5d3906d9a1b5696ef98
Data/catdog_dataset3/catdog_dataset3_762/catdog_dataset3_762.jpg,catdog_dataset3_762.jpg,catdog_dataset3,cat-3545_jpg.rf.aeea357a5040c3c8b471e7722dd6e042.jpg,5ad4c9960034e2e6be40f3f3bd60e375
Data/catdog_dataset3/catdog_dataset3_763/catdog_dataset3_763.jpg,catdog_dataset3_763.jpg,catdog_dataset3,cat-3545_jpg.rf.bc5575e2088c9a7d18ed8857c690e94d.jpg,32c145b0f5b7c1cadf6d80b155d2ce1f
Data/catdog_dataset3/catdog_dataset3_764/catdog_dataset3_764.jpg,catdog_dataset3_764.jpg,catdog_dataset3,cat-3546_jpg.rf.0d80d4a5273ba759ef3de9ee07b6b1e0.jpg,24619c669ea1d617be27931580bf7e86
Data/catdog_dataset3/catdog_dataset3_765/catdog_dataset3_765.jpg,catdog_dataset3_765.jpg,catdog_dataset3,cat-3546_jpg.rf.647f9e84a7a754c290e068978481bac1.jpg,2964385cd62ce6135cc1671802336062
Data/catdog_dataset3/catdog_dataset3_766/catdog_dataset3_766.jpg,catdog_dataset3_766.jpg,catdog_dataset3,cat-3546_jpg.rf.e00c41335b7208b83d5bb4406c97f143.jpg,7d1adde0162050c4fecbda906a5f3855
Data/catdog_dataset3/catdog_dataset3_767/catdog_dataset3_767.jpg,catdog_dataset3_767.jpg,catdog_dataset3,cat-3548_jpg.rf.20038db7a3c8e80149e2633c0ec48f4d.jpg,fc19221e5d45219586c2918a60c6f48c
Data/catdog_dataset3/catdog_dataset3_768/catdog_dataset3_768.jpg,catdog_dataset3_768.jpg,catdog_dataset3,cat-3548_jpg.rf.b6cf36e9963301acc179f18e53fe1c1a.jpg,d53753363e23b285918b33534034802f
Data/catdog_dataset3/catdog_dataset3_769/catdog_dataset3_769.jpg,catdog_dataset3_769.jpg,catdog_dataset3,cat-3548_jpg.rf.c9da9e5f47965c6bbb32c50f8ad37eb0.jpg,916f146efa7aa46786e1aebca3f46c96
Data/catdog_dataset3/catdog_dataset3_77/catdog_dataset3_77.jpg,catdog_dataset3_77.jpg,catdog_dataset3,dog-105_jpg.rf.4067e83e107b942d64d7f106fb944d94.jpg,5f8bbbfd4973c1f892a9a9f8943a1959
Data/catdog_dataset3/catdog_dataset3_770/catdog_dataset3_770.jpg,catdog_dataset3_770.jpg,catdog_dataset3,cat-3549_jpg.rf.36bc54bb3dd6c72c66caa7344a468531.jpg,153d40e81cdd53de01fa1bb3aed254b7
Data/catdog_dataset3/catdog_dataset3_771/catdog_dataset3_771.jpg,catdog_dataset3_771.jpg,catdog_dataset3,cat-3549_jpg.rf.b867de8ba4c8a9fe097919c9a736871b.jpg,d094160cfe6dc437e69ae125348a4a0a
Data/catdog_dataset3/catdog_dataset3_772/catdog_dataset3_772.jpg,catdog_dataset3_772.jpg,catdog_dataset3,cat-3549_jpg.rf.ba033bbadd9d023ef1fd0dff5b131680.jpg,9bde7f4beb297a273cc37f5517788a8a
Data/catdog_dataset3/catdog_dataset3_773/catdog_dataset3_773.jpg,catdog_dataset3_773.jpg,catdog_dataset3,cat-3550_jpg.rf.0e0fe1af99464b1f4e75d431da7fdd44.jpg,b7ca82c485edb5e40f879589ba7d686c
Data/catdog_dataset3/catdog_dataset3_774/catdog_dataset3_774.jpg,catdog_dataset3_774.jpg,catdog_dataset3,cat-3550_jpg.rf.3310a7d0bcf4316196aeed4f99ee4798.jpg,7b285e76ea71d6ff735900e3fd75385b
Data/catdog_dataset3/catdog_dataset3_775/catdog_dataset3_775.jpg,catdog_dataset3_775.jpg,catdog_dataset3,cat-3550_jpg.rf.bf7124285cdb533da883715340ecc654.jpg,636610dc31d4c7dd98443059a0892ba7
Data/catdog_dataset3/catdog_dataset3_776/catdog_dataset3_776.jpg,catdog_dataset3_776.jpg,catdog_dataset3,cat-3552_jpg.rf.20ab4b726d95a646a8caf6682db4209f.jpg,a603f12eff6eb21c4909886a80e54548
Data/catdog_dataset3/catdog_dataset3_777/catdog_dataset3_777.jpg,catdog_dataset3_777.jpg,catdog_dataset3,cat-3552_jpg.rf.3d1bbe496786e2d89ea3c45136fd57b0.jpg,52eac77ca8ebe73d4c7fe92dc67677fd
Data/catdog_dataset3/catdog_dataset3_778/catdog_dataset3_778.jpg,catdog_dataset3_778.jpg,catdog_dataset3,cat-3552_jpg.rf.888fe302bb1d504b8df0f2603fd44c84.jpg,95a0ebb20df188be95fbac72351e9581
Data/catdog_dataset3/catdog_dataset3_779/catdog_dataset3_779.jpg,catdog_dataset3_779.jpg,catdog_dataset3,cat-3553_jpg.rf.e4358531ec99bee627661a9bf6a00f3e.jpg,c330f7b85366e53e55d4eee69e8a5c70
Data/catdog_dataset3/catdog_dataset3_78/catdog_dataset3_78.jpg,catdog_dataset3_78.jpg,catdog_dataset3,dog-105_jpg.rf.a93c69c34636ac7cf1a17bcd7380b0b7.jpg,4f4e8c576e5cf5e5db02c5852a364d0c
Data/catdog_dataset3/catdog_dataset3_780/catdog_dataset3_780.jpg,catdog_dataset3_780.jpg,catdog_dataset3,cat-3553_jpg.rf.ef1f3bc481d1611dc42d19ad37e1093d.jpg,6fb3393dbafc9a3cee6f0eb44a7802f1
Data/catdog_dataset3/catdog_dataset3_781/catdog_dataset3_781.jpg,catdog_dataset3_781.jpg,catdog_dataset3,cat-3553_jpg.rf.f0ea9c1a7bd9c6662e353aa4eb7ceb4c.jpg,b32c78c105e180ec75c52f5c19367852
Data/catdog_dataset3/catdog_dataset3_782/catdog_dataset3_782.jpg,catdog_dataset3_782.jpg,catdog_dataset3,cat-3554_jpg.rf.a7240874c0b160dec09efb122c145b9f.jpg,ffc6c1b15d0817d76bf15d387dd2ee23
Data/catdog_dataset3/catdog_dataset3_783/catdog_dataset3_783.jpg,catdog_dataset3_783.jpg,catdog_dataset3,cat-3554_jpg.rf.ee4ecb09b46ad6db4fef4f3c2bbf5a17.jpg,258120e72decfef781f329ea0891e03f
Data/catdog_dataset3/catdog_dataset3_784/catdog_dataset3_784.jpg,catdog_dataset3_784.jpg,catdog_dataset3,cat-3554_jpg.rf.f1cd57b9689afa3e4129dfccac865b4e.jpg,37f81cd8894d59c9d0a89296ed6f4730
Data/catdog_dataset3/catdog_dataset3_785/catdog_dataset3_785.jpg,catdog_dataset3_785.jpg,catdog_dataset3,cat-3557_jpg.rf.0f40e19b3bf43641c054a167d1b0bc96.jpg,92a2a02e079025efb95586357b702d2d
Data/catdog_dataset3/catdog_dataset3_786/catdog_dataset3_786.jpg,catdog_dataset3_786.jpg,catdog_dataset3,cat-3557_jpg.rf.72fa10ffee5d554af74c18fc20e727be.jpg,88bab581f5d7cbbd80fcaa48f5731b35
Data/catdog_dataset3/catdog_dataset3_787/catdog_dataset3_787.jpg,catdog_dataset3_787.jpg,catdog_dataset3,cat-3557_jpg.rf.8d854a309ef9fc718c7c4244b1340ffd.jpg,5d3e01ad7a87c8650c6f0edccc502320
Data/catdog_dataset3/catdog_dataset3_788/catdog_dataset3_788.jpg,catdog_dataset3_788.jpg,catdog_dataset3,cat-3558_jpg.rf.4e90db34b3c82eb84b1c9b049a4902eb.jpg,019aa3e8cd1857046ab654f1264ae276
Data/catdog_dataset3/catdog_dataset3_789/catdog_dataset3_789.jpg,catdog_dataset3_789.jpg,catdog_dataset3,cat-3558_jpg.rf.8a1f83ea5750ce18a108a111826a013e.jpg,934851828582b5131a406515acbbf3cc
Data/catdog_dataset3/catdog_dataset3_79/catdog_dataset3_79.jpg,catdog_dataset3_79.jpg,catdog_dataset3,dog-105_jpg.rf.d59fa6a722a6a20f7fcb7b9296b47460.jpg,24ad0b745d1820b59d892d3b6b99de99
Data/catdog_dataset3/catdog_dataset3_790/catdog_dataset3_790.jpg,catdog_dataset3_790.jpg,catdog_dataset3,cat-3558_jpg.rf.e6b09c1db574542d4a1f2d35e1c457c0.jpg,7f1ce65d4beb0764777f4a373a39a305
Data/catdog_dataset3/catdog_dataset3_791/catdog_dataset3_791.jpg,catdog_dataset3_791.jpg,catdog_dataset3,cat-3559_jpg.rf.410561762e95cf0ba7e24fb240f9cf9b.jpg,fb3f0cc79cd81047d2c2e1b3a124f557
Data/catdog_dataset3/catdog_dataset3_792/catdog_dataset3_792.jpg,catdog_dataset3_792.jpg,catdog_dataset3,cat-3559_jpg.rf.9c62ec908e9425293ed38c01bf503498.jpg,d8fe45b545efc030fb5331f4bd413ced
Data/catdog_dataset3/catdog_dataset3_793/catdog_dataset3_793.jpg,catdog_dataset3_793.jpg,catdog_dataset3,cat-3559_jpg.rf.db597985781c22ca9b9a644f4e1a8d3b.jpg,a8e292342d1dbd392a1bb021b5394a59
Data/catdog_dataset3/catdog_dataset3_794/catdog_dataset3_794.jpg,catdog_dataset3_794.jpg,catdog_dataset3,cat-3560_jpg.rf.0cf7cdd7a97d130a5282d2d3a6073336.jpg,3850a54a4110bbb17d39cc15bae810db
Data/catdog_dataset3/catdog_dataset3_795/catdog_dataset3_795.jpg,catdog_dataset3_795.jpg,catdog_dataset3,cat-3560_jpg.rf.ceb401ffe0b122c2b21886f56eada7ad.jpg,84522044f935852a0dbc9d197f1d1b56
Data/catdog_dataset3/catdog_dataset3_796/catdog_dataset3_796.jpg,catdog_dataset3_796.jpg,catdog_dataset3,cat-3560_jpg.rf.deb6a13d4e79dbd17c4e964bca30dd33.jpg,cb20539a58609866c37230afcb5941a5
Data/catdog_dataset3/catdog_dataset3_797/catdog_dataset3_797.jpg,catdog_dataset3_797.jpg,catdog_dataset3,cat-3564_jpg.rf.bde2e0f64e55f80c6d811c4f755ec866.jpg,078bbeaec3aff3ac39dd65753a8491d5
Data/catdog_dataset3/catdog_dataset3_798/catdog_dataset3_798.jpg,catdog_dataset3_798.jpg,catdog_dataset3,cat-3564_jpg.rf.d4aad1f2f8bc3ddbbd2b21fa0d774223.jpg,2181fd5e3b671574c6a8127005677749
Data/catdog_dataset3/catdog_dataset3_799/catdog_dataset3_799.jpg,catdog_dataset3_799.jpg,catdog_dataset3,cat-3564_jpg.rf.eb2116511be876751be57e873c64b83f.jpg,ab2f112ffb4f2bd7d9a597133072a24e
Data/catdog_dataset3/catdog_dataset3_8/catdog_dataset3_8.jpg,catdog_dataset3_8.jpg,catdog_dataset3,dog-139_jpg.rf.dfdbd4fb9f19aa1a870cc69a7384fb72.jpg,28c6ca4a8bd90f5fdc3540a4ebaa6dcf
Data/catdog_dataset3/catdog_dataset3_80/catdog_dataset3_80.jpg,catdog_dataset3_80.jpg,catdog_dataset3,dog-106_jpg.rf.51aef630625b34cfb67ce68e45840520.jpg,750f1452f522daeb494ffd722250a263
Data/catdog_dataset3/catdog_dataset3_800/catdog_dataset3_800.jpg,catdog_dataset3_800.jpg,catdog_dataset3,cat-3565_jpg.rf.00341ae3183c48333af166151a1761ec.jpg,ffc3c00e8e604954baa3fce4081525b9
Data/catdog_dataset3/catdog_dataset3_801/catdog_dataset3_801.jpg,catdog_dataset3_801.jpg,catdog_dataset3,cat-3565_jpg.rf.9e00d6b599e053e9eca677151b61ce96.jpg,2cda8f509dfce22cf5d4ffd72afacdac
Data/catdog_dataset3/catdog_dataset3_802/catdog_dataset3_802.jpg,catdog_dataset3_802.jpg,catdog_dataset3,cat-3565_jpg.rf.be3cc66a6548b109ef6bd58f25ab7a02.jpg,c5356c213c4ee32c397edf4b58c539cb
Data/catdog_dataset3/catdog_dataset3_803/catdog_dataset3_803.jpg,catdog_dataset3_803.jpg,catdog_dataset3,cat-3566_jpg.rf.4faabbab521c7c7d71ee78152344b21b.jpg,f0f63305794f853c98dbe09aac58dc34
Data/catdog_dataset3/catdog_dataset3_804/catdog_dataset3_804.jpg,catdog_dataset3_804.jpg,catdog_dataset3,cat-3566_jpg.rf.b624b3f141a23a53fcb56baa21ae0c4c.jpg,5cdbfb415dddc2ef4eddc391772735c2
Data/catdog_dataset3/catdog_dataset3_805/catdog_dataset3_805.jpg,catdog_dataset3_805.jpg,catdog_dataset3,cat-3566_jpg.rf.fc6aa0aa7eeaff057196210bf0857b9b.jpg,2db6aaf2923ff47ac1da9b5c9a80a1b4
Data/catdog_dataset3/catdog_dataset3_806/catdog_dataset3_806.jpg,catdog_dataset3_806.jpg,catdog_dataset3,cat-3567_jpg.rf.0dc38d584fdd92333280d758c2026638.jpg,94a588a3d8e7d2157960e5934eda6277
Data/catdog_dataset3/catdog_dataset3_807/catdog_dataset3_807.jpg,catdog_dataset3_807.jpg,catdog_dataset3,cat-3567_jpg.rf.0df1a7c724b3d038139acba362f6ceb8.jpg,2c6ee6fac59a5c88ac9030bffb480443
Data/catdog_dataset3/catdog_dataset3_808/catdog_dataset3_808.jpg,catdog_dataset3_808.jpg,catdog_dataset3,cat-3567_jpg.rf.e0398c987d3c79f1b4e22dac32f32066.jpg,af97b6ceea35d2554dd15eda905ae5cb
Data/catdog_dataset3/catdog_dataset3_809/catdog_dataset3_809.jpg,catdog_dataset3_809.jpg,catdog_dataset3,cat-3569_jpg.rf.23cd357b2c3038930d7e3aa2724cdd09.jpg,596ce55cfb6bc5a84c9430d3c77fc8a5
Data/catdog_dataset3/catdog_dataset3_81/catdog_dataset3_81.jpg,catdog_dataset3_81.jpg,catdog_dataset3,dog-106_jpg.rf.795366601cdbac8843b6b67bcd58ad46.jpg,2e8355dbe651626068ee2a312d8a1449
Data/catdog_dataset3/catdog_dataset3_810/catdog_dataset3_810.jpg,catdog_dataset3_810.jpg,catdog_dataset3,cat-3569_jpg.rf.35557b6221d9e128848afb5bff6e06cb.jpg,70968332d6789ac4aeab5cdae903c88e
Data/catdog_dataset3/catdog_dataset3_811/catdog_dataset3_811.jpg,catdog_dataset3_811.jpg,catdog_dataset3,cat-3569_jpg.rf.744ed8745192d0d411429f2f0a3c9b72.jpg,7a9ed6d10c6594b9b5f1089a85a67e7d
Data/catdog_dataset3/catdog_dataset3_812/catdog_dataset3_812.jpg,catdog_dataset3_812.jpg,catdog_dataset3,cat-3570_jpg.rf.8a197750a78d892fc19f3289739e5d28.jpg,faa016e48c0d724f7d5fd6b969f9cd6b
Data/catdog_dataset3/catdog_dataset3_813/catdog_dataset3_813.jpg,catdog_dataset3_813.jpg,catdog_dataset3,cat-3570_jpg.rf.8bb1c47089ca0fb65e0b96105d4e7a9b.jpg,bfc7fe721cdb81462c726fb19f168b9f
Data/catdog_dataset3/catdog_dataset3_814/catdog_dataset3_814.jpg,catdog_dataset3_814.jpg,catdog_dataset3,cat-3570_jpg.rf.ca41aad26030fb2917c545ade9e267de.jpg,957f79245a829e4e79b30de8718d40da
Data/catdog_dataset3/catdog_dataset3_815/catdog_dataset3_815.jpg,catdog_dataset3_815.jpg,catdog_dataset3,cat-3572_jpg.rf.6a12ef9a61a4b046870a4cb3761b963b.jpg,0b047e3114779b6a85615967ba67034c
Data/catdog_dataset3/catdog_dataset3_816/catdog_dataset3_816.jpg,catdog_dataset3_816.jpg,catdog_dataset3,cat-3572_jpg.rf.a5f831333f52422fc0423657e0824912.jpg,4f0091ab7bc567570b7c31cf68d97bcc
Data/catdog_dataset3/catdog_dataset3_817/catdog_dataset3_817.jpg,catdog_dataset3_817.jpg,catdog_dataset3,cat-3572_jpg.rf.b9d452dd043ea8ea11d0c70a47a01cc4.jpg,8946e21b5c2c614189065728beab14a5
Data/catdog_dataset3/catdog_dataset3_818/catdog_dataset3_818.jpg,catdog_dataset3_818.jpg,catdog_dataset3,cat-3573_jpg.rf.318214e3d4d0c315e582aafcdd6c0240.jpg,6d9763ad532f17594e8af2b2250359a5
Data/catdog_dataset3/catdog_dataset3_819/catdog_dataset3_819.jpg,catdog_dataset3_819.jpg,catdog_dataset3,cat-3573_jpg.rf.92247bfb0a2d6587447b3de92b0e36ad.jpg,23b10ad2eb75fd67530ee4ecfc56c9bc
Data/catdog_dataset3/catdog_dataset3_82/catdog_dataset3_82.jpg,catdog_dataset3_82.jpg,catdog_dataset3,dog-106_jpg.rf.b5bf4efe778188234cafa357076bc71d.jpg,d14ec28d504eb3323dcca721d4a0fbb1
Data/catdog_dataset3/catdog_dataset3_820/catdog_dataset3_820.jpg,catdog_dataset3_820.jpg,catdog_dataset3,cat-3573_jpg.rf.9294183e3f9a206c7158f8f4b2b326f9.jpg,85184f556999af92757b37cc29a56663
Data/catdog_dataset3/catdog_dataset3_821/catdog_dataset3_821.jpg,catdog_dataset3_821.jpg,catdog_dataset3,cat-3574_jpg.rf.6c36a9724be26e9b96fd3a128f8ad6e2.jpg,5dcc94f8db4375f93309084aaeded211
Data/catdog_dataset3/catdog_dataset3_822/catdog_dataset3_822.jpg,catdog_dataset3_822.jpg,catdog_dataset3,cat-3574_jpg.rf.bb8b804f72e0c87e80155eacbd3defdb.jpg,fcb2ba58f29785070c47b53f77abd78d
Data/catdog_dataset3/catdog_dataset3_823/catdog_dataset3_823.jpg,catdog_dataset3_823.jpg,catdog_dataset3,cat-3574_jpg.rf.d9d57e4d6503dedd431903b8f443d2e7.jpg,aaac51ab3ec1a7f6236be46370c915d3
Data/catdog_dataset3/catdog_dataset3_824/catdog_dataset3_824.jpg,catdog_dataset3_824.jpg,catdog_dataset3,cat-3575_jpg.rf.35ef2b0521a36adf7681c75c12c0c1d0.jpg,072c38ca464e5326fc8b2da060243dc2
Data/catdog_dataset3/catdog_dataset3_825/catdog_dataset3_825.jpg,catdog_dataset3_825.jpg,catdog_dataset3,cat-3575_jpg.rf.c239f4e0c10aaa5e0368506d96fd6b5d.jpg,0cc9aae0aa4013f740b0dc2ad11bdbe8
Data/catdog_dataset3/catdog_dataset3_826/catdog_dataset3_826.jpg,catdog_dataset3_826.jpg,catdog_dataset3,cat-3575_jpg.rf.dd8c6b1e97e0074ec267e3ffd92dd6d0.jpg,798264b35471eac458253ce12a467142
Data/catdog_dataset3/catdog_dataset3_827/catdog_dataset3_827.jpg,catdog_dataset3_827.jpg,catdog_dataset3,cat-3577_jpg.rf.025dd7d6864d4aa764ca0bae46b4405d.jpg,8a49d9c82305e43920a6c1abfdd9609c
Data/catdog_dataset3/catdog_dataset3_828/catdog_dataset3_828.jpg,catdog_dataset3_828.jpg,catdog_dataset3,cat-3577_jpg.rf.870aa108063710627ad7ed77e49fb75d.jpg,a48ecf1e5354d64c51040446daa9e308
Data/catdog_dataset3/catdog_dataset3_829/catdog_dataset3_829.jpg,catdog_dataset3_829.jpg,catdog_dataset3,cat-3577_jpg.rf.d016d6686e49776e5dcee16fc28739c8.jpg,c513d7699c025b5fb067af09999f5424
Data/catdog_dataset3/catdog_dataset3_83/catdog_dataset3_83.jpg,catdog_dataset3_83.jpg,catdog_dataset3,dog-107_jpg.rf.908dc04bb0013c5946b08decddf31dcf.jpg,767bcdb693c79edd6f36e17a455d9e6c
Data/catdog_dataset3/catdog_dataset3_830/catdog_dataset3_830.jpg,catdog_dataset3_830.jpg,catdog_dataset3,cat-3580_jpg.rf.21daab155d03019544bb276299ec9285.jpg,e5c56620276ffd6cee585fcebfe0ae14
Data/catdog_dataset3/catdog_dataset3_831/catdog_dataset3_831.jpg,catdog_dataset3_831.jpg,catdog_dataset3,cat-3580_jpg.rf.2ef19d29923dc1ab91cbf4e866e2ad07.jpg,165f7e3062d64000982f73577054776d
Data/catdog_dataset3/catdog_dataset3_832/catdog_dataset3_832.jpg,catdog_dataset3_832.jpg,catdog_dataset3,cat-3580_jpg.rf.5d753b1a3f60510a6db9fa9ef334e51c.jpg,e9ec11ae0f07f387bef908de46a04794
Data/catdog_dataset3/catdog_dataset3_833/catdog_dataset3_833.jpg,catdog_dataset3_833.jpg,catdog_dataset3,cat-3582_jpg.rf.16fceb20d7150ed00254c29884446485.jpg,b19b9842619206da419ea9ab1a224531
Data/catdog_dataset3/catdog_dataset3_834/catdog_dataset3_834.jpg,catdog_dataset3_834.jpg,catdog_dataset3,cat-3582_jpg.rf.ea6390ac08b5212b6c07c5cd0ad94fe7.jpg,c5cb82a4ac1ddaf78c0d1214cc7fa8cd
Data/catdog_dataset3/catdog_dataset3_835/catdog_dataset3_835.jpg,catdog_dataset3_835.jpg,catdog_dataset3,cat-3582_jpg.rf.ef7288d05272200a4344338454bb56cc.jpg,ed8df6e93329002a7a160e37bd48068c
Data/catdog_dataset3/catdog_dataset3_836/catdog_dataset3_836.jpg,catdog_dataset3_836.jpg,catdog_dataset3,cat-3583_jpg.rf.1194447f2fe67553d6606fc279058171.jpg,6e39d4f206defe4cc601d63dd992f1df
Data/catdog_dataset3/catdog_dataset3_837/catdog_dataset3_837.jpg,catdog_dataset3_837.jpg,catdog_dataset3,cat-3583_jpg.rf.d643ad8e8d5df263268d8e4648b0f62d.jpg,b9837cc41ca01e99732c013ffbda1547
Data/catdog_dataset3/catdog_dataset3_838/catdog_dataset3_838.jpg,catdog_dataset3_838.jpg,catdog_dataset3,cat-3583_jpg.rf.fb05edb19117f18216c291d5bb3bb4c4.jpg,7a4626115b6bcfa08286e57094166caa
Data/catdog_dataset3/catdog_dataset3_839/catdog_dataset3_839.jpg,catdog_dataset3_839.jpg,catdog_dataset3,cat-3584_jpg.rf.3b9c719da72f8224caa85028768479ab.jpg,a5d8e77aa058b8018f001445f4983dff
Data/catdog_dataset3/catdog_dataset3_84/catdog_dataset3_84.jpg,catdog_dataset3_84.jpg,catdog_dataset3,dog-107_jpg.rf.e2bcd79d9b45010fd084cf2e2c9cf200.jpg,ce125d8aa7486fce652596ed3aebf43d
Data/catdog_dataset3/catdog_dataset3_840/catdog_dataset3_840.jpg,catdog_dataset3_840.jpg,catdog_dataset3,cat-3584_jpg.rf.c9677531a9edc15f41065e52c6ece97d.jpg,b77a0fbb7249e305b9edf0500b645f73
Data/catdog_dataset3/catdog_dataset3_841/catdog_dataset3_841.jpg,catdog_dataset3_841.jpg,catdog_dataset3,cat-3584_jpg.rf.f4ee4a00ff40909b0f36b1acc681c3f7.jpg,a167ea24c48a6566289cd236362a38b6
Data/catdog_dataset3/catdog_dataset3_842/catdog_dataset3_842.jpg,catdog_dataset3_842.jpg,catdog_dataset3,cat-3586_jpg.rf.8a3fee6a25d597e167c863ac618edf69.jpg,05d0575b07c9e6aa5ca231c7eb9085f4
Data/catdog_dataset3/catdog_dataset3_843/catdog_dataset3_843.jpg,catdog_dataset3_843.jpg,catdog_dataset3,cat-3586_jpg.rf.900342e10d8325298b0328b5361e91cb.jpg,1738ec2fde1945994c185dc1ba82a313
Data/catdog_dataset3/catdog_dataset3_844/catdog_dataset3_844.jpg,catdog_dataset3_844.jpg,catdog_dataset3,cat-3586_jpg.rf.b88d198d7de3fabd7943ffc5bce62f2c.jpg,b24bf244bf38c039ef6072a2f169a537
Data/catdog_dataset3/catdog_dataset3_845/catdog_dataset3_845.jpg,catdog_dataset3_845.jpg,catdog_dataset3,cat-3587_jpg.rf.15709480730d0ad085d08b696f6e6c0f.jpg,215272bc224a8b595ef60ef8662122ff
Data/catdog_dataset3/catdog_dataset3_846/catdog_dataset3_846.jpg,catdog_dataset3_846.jpg,catdog_dataset3,cat-3587_jpg.rf.7500524690dd1e98f2c5ff7781ca325f.jpg,ed658b342fb075b4fc60a772e7d22af3
Data/catdog_dataset3/catdog_dataset3_847/catdog_dataset3_847.jpg,catdog_dataset3_847.jpg,catdog_dataset3,cat-3587_jpg.rf.a6dd3f337989689827a4f71c451bfb87.jpg,8b99d521e9a4dfb79dc80588d95e6a8b
Data/catdog_dataset3/catdog_dataset3_848/catdog_dataset3_848.jpg,catdog_dataset3_848.jpg,catdog_dataset3,cat-3592_jpg.rf.82fe226c0cbb0170a20a4979cfd68273.jpg,27b7fbeb02136a0750fca2dc7c8ecab4
Data/catdog_dataset3/catdog_dataset3_849/catdog_dataset3_849.jpg,catdog_dataset3_849.jpg,catdog_dataset3,cat-3592_jpg.rf.88b07e7764aa925c32d8bab9520bc3d3.jpg,a3ef3a31beba010fa8ababa193b95466
Data/catdog_dataset3/catdog_dataset3_85/catdog_dataset3_85.jpg,catdog_dataset3_85.jpg,catdog_dataset3,dog-107_jpg.rf.e432d79847feceb23a33ac26bac9ceba.jpg,c5c5dc7a53aa5f11a3845e5b70af5caa
Data/catdog_dataset3/catdog_dataset3_850/catdog_dataset3_850.jpg,catdog_dataset3_850.jpg,catdog_dataset3,cat-3592_jpg.rf.e34886759933f21c3ffea83198e0c6dc.jpg,9f37b885a94f543cf2f62702e616e0c2
Data/catdog_dataset3/catdog_dataset3_851/catdog_dataset3_851.jpg,catdog_dataset3_851.jpg,catdog_dataset3,cat-3593_jpg.rf.55b12acc11d0012c8e8b318555a8b7bb.jpg,e060ee0415259fd18ee857cd64e976a3
Data/catdog_dataset3/catdog_dataset3_852/catdog_dataset3_852.jpg,catdog_dataset3_852.jpg,catdog_dataset3,cat-3593_jpg.rf.7447640cc00c277963da96d049eb70bb.jpg,004b0253a36fd77ae6b36fc04b784aef
Data/catdog_dataset3/catdog_dataset3_853/catdog_dataset3_853.jpg,catdog_dataset3_853.jpg,catdog_dataset3,cat-3593_jpg.rf.c8e1475bab86863ccc14ea3bd2b27c47.jpg,eedccf4dc08d5fd13248cbe771ec9d54
Data/catdog_dataset3/catdog_dataset3_854/catdog_dataset3_854.jpg,catdog_dataset3_854.jpg,catdog_dataset3,cat-3594_jpg.rf.362283b68836021556551818afd67b82.jpg,353ea01d0266ae5c12b1aed4003ae0dc
Data/catdog_dataset3/catdog_dataset3_855/catdog_dataset3_855.jpg,catdog_dataset3_855.jpg,catdog_dataset3,cat-3594_jpg.rf.5fa015d9bac8e4f2d2ea0b58d7a00195.jpg,63b864f7144b86400ae28d7a43f52055
Data/catdog_dataset3/catdog_dataset3_856/catdog_dataset3_856.jpg,catdog_dataset3_856.jpg,catdog_dataset3,cat-3594_jpg.rf.f01d9d2f017101cd9b2a9fee3129a263.jpg,b3857b840675ae93a3e46a71f6314a8a
Data/catdog_dataset3/catdog_dataset3_857/catdog_dataset3_857.jpg,catdog_dataset3_857.jpg,catdog_dataset3,cat-3595_jpg.rf.520b9b32f97ce989fd551f296e741039.jpg,c826a09b7aa2ef6573c25d40af1a1e8f
Data/catdog_dataset3/catdog_dataset3_858/catdog_dataset3_858.jpg,catdog_dataset3_858.jpg,catdog_dataset3,cat-3595_jpg.rf.5c1c2f20872c49e866e2ab0b0171e072.jpg,5393b6d2687cc529c2d3e1ae8b72c98c
Data/catdog_dataset3/catdog_dataset3_859/catdog_dataset3_859.jpg,catdog_dataset3_859.jpg,catdog_dataset3,cat-3595_jpg.rf.a531b8e2d3815c636711bb81dc0d037c.jpg,e7eeadbb0ed6059c8f1c8eaf1ad0012d
Data/catdog_dataset3/catdog_dataset3_86/catdog_dataset3_86.jpg,catdog_dataset3_86.jpg,catdog_dataset3,dog-109_jpg.rf.2e32a3949ea528f8a9061af0dde6fc6c.jpg,b3deed4142fb787b10e82442b07d1f42
Data/catdog_dataset3/catdog_dataset3_860/catdog_dataset3_860.jpg,catdog_dataset3_860.jpg,catdog_dataset3,cat-3596_jpg.rf.57c37dbb3563250743d6f8498f8a1e5f.jpg,b94d5bba588157ef932eb23b00d3bff2
Data/catdog_dataset3/catdog_dataset3_861/catdog_dataset3_861.jpg,catdog_dataset3_861.jpg,catdog_dataset3,cat-3596_jpg.rf.bc5e4cf4986fa89921578d024fb7dec5.jpg,376f380051a02a81560e4face38b06d0
Data/catdog_dataset3/catdog_dataset3_862/catdog_dataset3_862.jpg,catdog_dataset3_862.jpg,catdog_dataset3,cat-3596_jpg.rf.c166f4c262e0d5efd9d3fa057b4e02ed.jpg,53e3ec465139e7f07126e87691ea18e1
Data/catdog_dataset3/catdog_dataset3_863/catdog_dataset3_863.jpg,catdog_dataset3_863.jpg,catdog_dataset3,cat-3597_jpg.rf.beee0285dc9d7f5bef8c9cc3989ece35.jpg,bb158606bba75779629dd36819008ad7
Data/catdog_dataset3/catdog_dataset3_864/catdog_dataset3_864.jpg,catdog_dataset3_864.jpg,catdog_dataset3,cat-3597_jpg.rf.c43c32e51c3baa7c3f7acdd2810a3f6e.jpg,e413940fa1a73eadd41451c6f45f2def
Data/catdog_dataset3/catdog_dataset3_865/catdog_dataset3_865.jpg,catdog_dataset3_865.jpg,catdog_dataset3,cat-3597_jpg.rf.cadc2bcdb55aac2b0b91be4f4c6ffa79.jpg,d7fe12c969e62d94843f6f1be2254b45
Data/catdog_dataset3/catdog_dataset3_866/catdog_dataset3_866.jpg,catdog_dataset3_866.jpg,catdog_dataset3,cat-3598_jpg.rf.01b1ced9d14cf798b5a32f0c787b08e7.jpg,45db8cc2bfa583e4ef28f5ebf92fc4e7
Data/catdog_dataset3/catdog_dataset3_867/catdog_dataset3_867.jpg,catdog_dataset3_867.jpg,catdog_dataset3,cat-3598_jpg.rf.887cc36e508209169812ffa43a5ff90a.jpg,c5076d33e197ba5cddbdf66212526205
Data/catdog_dataset3/catdog_dataset3_868/catdog_dataset3_868.jpg,catdog_dataset3_868.jpg,catdog_dataset3,cat-3598_jpg.rf.c27460827a4e3a849c792bda534e1b02.jpg,627c2ef3f2c56653e5ada3a5d9bd822d
Data/catdog_dataset3/catdog_dataset3_869/catdog_dataset3_869.jpg,catdog_dataset3_869.jpg,catdog_dataset3,cat-3599_jpg.rf.36169f43f0a961153278faf5c5ea34a2.jpg,839f50f71b804902f24dea861792daf2
Data/catdog_dataset3/catdog_dataset3_87/catdog_dataset3_87.jpg,catdog_dataset3_87.jpg,catdog_dataset3,dog-109_jpg.rf.4d1a8351c9a1f42d637be5c2d7b0aabf.jpg,dc60b389f3bde569448d07d1a0610a7e
Data/catdog_dataset3/catdog_dataset3_870/catdog_dataset3_870.jpg,catdog_dataset3_870.jpg,catdog_dataset3,cat-3599_jpg.rf.ee6173808e9a721ed484d0fa37c86a77.jpg,f1ac0896eda38ab2dceaeb51dec6bd61
Data/catdog_dataset3/catdog_dataset3_871/catdog_dataset3_871.jpg,catdog_dataset3_871.jpg,catdog_dataset3,cat-3599_jpg.rf.f3dce7f27ed61512b2c7710fe6d7b03e.jpg,7f518b6674a772beaaac7463c35c3ca4
Data/catdog_dataset3/catdog_dataset3_872/catdog_dataset3_872.jpg,catdog_dataset3_872.jpg,catdog_dataset3,cat-35_jpg.rf.4169bfc36500e83fa8dc80ef20cf76e0.jpg,af8c97d941bfb24d0dcac5bd51cf9f50
Data/catdog_dataset3/catdog_dataset3_873/catdog_dataset3_873.jpg,catdog_dataset3_873.jpg,catdog_dataset3,cat-35_jpg.rf.9db2f2ae45b89641083255cc0da70778.jpg,04f68e4e7d4c8a79437b9258e1207a4f
Data/catdog_dataset3/catdog_dataset3_874/catdog_dataset3_874.jpg,catdog_dataset3_874.jpg,catdog_dataset3,cat-35_jpg.rf.db7926371306da3b552870b261bd64d0.jpg,12729decd22d75b430e6075b14d9bbc6
Data/catdog_dataset3/catdog_dataset3_875/catdog_dataset3_875.jpg,catdog_dataset3_875.jpg,catdog_dataset3,cat-3600_jpg.rf.18cc9ff26f0520c3aebfb1da6e223b23.jpg,38be839e4863a58fc7d74c10fc74437e
Data/catdog_dataset3/catdog_dataset3_876/catdog_dataset3_876.jpg,catdog_dataset3_876.jpg,catdog_dataset3,cat-3600_jpg.rf.49d789f3317a30ce9e9d0450b24272a2.jpg,4e0427c9ca217b8302c41b7ae73302b8
Data/catdog_dataset3/catdog_dataset3_877/catdog_dataset3_877.jpg,catdog_dataset3_877.jpg,catdog_dataset3,cat-3600_jpg.rf.b793b344e11bab0e2ab58bfbd9e2aa7b.jpg,fc5c1d2a155b7e9c15e2d3e2c106525c
Data/catdog_dataset3/catdog_dataset3_878/catdog_dataset3_878.jpg,catdog_dataset3_878.jpg,catdog_dataset3,cat-3601_jpg.rf.042ac00b98b5757248a864b3e8649c02.jpg,4fcfcda636cb22c7f8543accb61c9ca4
Data/catdog_dataset3/catdog_dataset3_879/catdog_dataset3_879.jpg,catdog_dataset3_879.jpg,catdog_dataset3,cat-3601_jpg.rf.0e1d26043259462a46c2e855c5731b0d.jpg,3287a7eeb62cc4970b8266cbe445ec8f
Data/catdog_dataset3/catdog_dataset3_88/catdog_dataset3_88.jpg,catdog_dataset3_88.jpg,catdog_dataset3,dog-109_jpg.rf.fb15c55e20acb1f438b90072e87e53f0.jpg,2f016ea24df8669227da2c29d3403dd0
Data/catdog_dataset3/catdog_dataset3_880/catdog_dataset3_880.jpg,catdog_dataset3_880.jpg,catdog_dataset3,cat-3601_jpg.rf.91e3ba19b8189df0f512574136e0bb4e.jpg,c600467cff34e00f5313e891d53cb02d
Data/catdog_dataset3/catdog_dataset3_881/catdog_dataset3_881.jpg,catdog_dataset3_881.jpg,catdog_dataset3,cat-3602_jpg.rf.04bc4d24cb0d8516367a39f9005649ff.jpg,edc51a561243429e19dfb8617ded1a29
Data/catdog_dataset3/catdog_dataset3_882/catdog_dataset3_882.jpg,catdog_dataset3_882.jpg,catdog_dataset3,cat-3602_jpg.rf.2571a53bc72af427cdfc4ffe00dbf1fb.jpg,f66bbbc39f1f2824d00d337457f41773
Data/catdog_dataset3/catdog_dataset3_883/catdog_dataset3_883.jpg,catdog_dataset3_883.jpg,catdog_dataset3,cat-3602_jpg.rf.a55347bb4d7967138e69b31b2cb17843.jpg,7f218055cae8ae9d1259a65bed1d0990
Data/catdog_dataset3/catdog_dataset3_884/catdog_dataset3_884.jpg,catdog_dataset3_884.jpg,catdog_dataset3,cat-3603_jpg.rf.9fad95787387c17506d417771de7bae0.jpg,df8eea6c33c2a8c9075a2f857123d711
Data/catdog_dataset3/catdog_dataset3_885/catdog_dataset3_885.jpg,catdog_dataset3_885.jpg,catdog_dataset3,cat-3603_jpg.rf.a5a4eba15974d8474239f2aa4187cc99.jpg,13ad5c723cfc0714aa0c6bbed5e88cae
Data/catdog_dataset3/catdog_dataset3_886/catdog_dataset3_886.jpg,catdog_dataset3_886.jpg,catdog_dataset3,cat-3603_jpg.rf.a92ef85af5aad08edffbe3c0c5aea19b.jpg,94aa7e5d2e613ea7df67ee6a78c4fb7e
Data/catdog_dataset3/catdog_dataset3_887/catdog_dataset3_887.jpg,catdog_dataset3_887.jpg,catdog_dataset3,cat-3606_jpg.rf.2012f877299626340b8c660d09f8d77e.jpg,88b7bcc5649a66bc0c04e2a478baa9db
Data/catdog_dataset3/catdog_dataset3_888/catdog_dataset3_888.jpg,catdog_dataset3_888.jpg,catdog_dataset3,cat-3606_jpg.rf.25ca89ee546254726becb0b2c41f0421.jpg,45fa65ea92a136f9297bea3c80085c38
Data/catdog_dataset3/catdog_dataset3_889/catdog_dataset3_889.jpg,catdog_dataset3_889.jpg,catdog_dataset3,cat-3606_jpg.rf.3d17fbe9ea9dfe2da83c4a259dbbdf38.jpg,36db1216cd9ff594e0170a5c0e01fcfd
Data/catdog_dataset3/catdog_dataset3_89/catdog_dataset3_89.jpg,catdog_dataset3_89.jpg,catdog_dataset3,dog-10_jpg.rf.1b8bc2da1715e52c70ebb6017d45900a.jpg,1e018f3c53a862b5f9d7fd6718222978
Data/catdog_dataset3/catdog_dataset3_890/catdog_dataset3_890.jpg,catdog_dataset3_890.jpg,catdog_dataset3,cat-3607_jpg.rf.00dd369ca81a7c74bea440de3c5081bc.jpg,18f9d8ad7756c80260a5b40856a501ef
Data/catdog_dataset3/catdog_dataset3_891/catdog_dataset3_891.jpg,catdog_dataset3_891.jpg,catdog_dataset3,cat-3607_jpg.rf.ed78089db39ed962c008f232fd08905f.jpg,03c9356bdde227b88f8605eec8381340
Data/catdog_dataset3/catdog_dataset3_892/catdog_dataset3_892.jpg,catdog_dataset3_892.jpg,catdog_dataset3,cat-3607_jpg.rf.ef3aef960c9cb518279fef38448d7ccd.jpg,4efbeb92a014ac377bf3dbbb2b4435c7
Data/catdog_dataset3/catdog_dataset3_893/catdog_dataset3_893.jpg,catdog_dataset3_893.jpg,catdog_dataset3,cat-3608_jpg.rf.0573e051cbb17c2a737fdcf16e3b58e4.jpg,18d479b00766f49b0f837809341c0b6c
Data/catdog_dataset3/catdog_dataset3_894/catdog_dataset3_894.jpg,catdog_dataset3_894.jpg,catdog_dataset3,cat-3608_jpg.rf.72df563482d1a88c394aad6be74d75e3.jpg,022a9d43e17a2a4c6610156c0c60b284
Data/catdog_dataset3/catdog_dataset3_895/catdog_dataset3_895.jpg,catdog_dataset3_895.jpg,catdog_dataset3,cat-3608_jpg.rf.813fb80fe951b07de288e5ef4624dcd4.jpg,c5cb11ffb5c0630b58d5cca15c68df38
Data/catdog_dataset3/catdog_dataset3_896/catdog_dataset3_896.jpg,catdog_dataset3_896.jpg,catdog_dataset3,cat-3610_jpg.rf.258a750ac20fce1a24df8d0eee6db344.jpg,87d2d56983e0969a6446d2abf92106f5
Data/catdog_dataset3/catdog_dataset3_897/catdog_dataset3_897.jpg,catdog_dataset3_897.jpg,catdog_dataset3,cat-3610_jpg.rf.28a9a1b072560813b728a3fdb217ac66.jpg,d03f981c3b8e13c65be2b68f995d1e9d
Data/catdog_dataset3/catdog_dataset3_898/catdog_dataset3_898.jpg,catdog_dataset3_898.jpg,catdog_dataset3,cat-3610_jpg.rf.8a76b335e77b970f90deaf6b3afff5f4.jpg,f41a6916e3554cb5c4c19f1317a15f90
Data/catdog_dataset3/catdog_dataset3_899/catdog_dataset3_899.jpg,catdog_dataset3_899.jpg,catdog_dataset3,cat-3611_jpg.rf.918888a6aa145873758020965eb4a8f8.jpg,677e71e73dce660375046bacdbffbf5d
Data/catdog_dataset3/catdog_dataset3_9/catdog_dataset3_9.jpg,catdog_dataset3_9.jpg,catdog_dataset3,dog-143_jpg.rf.f38c80155f9617c17245a83bcb3051f9.jpg,70f7eef2f8f6c7802e4e841c589abde1
Data/catdog_dataset3/catdog_dataset3_90/catdog_dataset3_90.jpg,catdog_dataset3_90.jpg,catdog_dataset3,dog-10_jpg.rf.b42d9783f8e366873895c226f01885b2.jpg,68a8cc38a4a422d03e90f285ab1b852d
Data/catdog_dataset3/catdog_dataset3_900/catdog_dataset3_900.jpg,catdog_dataset3_900.jpg,catdog_dataset3,cat-3611_jpg.rf.c82b314a72e159a5d585ae2c70e5ef42.jpg,b53a865e08d552584c5fc03f5d66436c
Data/catdog_dataset3/catdog_dataset3_901/catdog_dataset3_901.jpg,catdog_dataset3_901.jpg,catdog_dataset3,cat-3611_jpg.rf.da9bc5d1cae42b3993e2e1c35d082d71.jpg,0ccf10bffdb62bb3f78f329b2c2a0704
Data/catdog_dataset3/catdog_dataset3_902/catdog_dataset3_902.jpg,catdog_dataset3_902.jpg,catdog_dataset3,cat-3613_jpg.rf.37b08821dea998dcd9e2cdca74ef04c1.jpg,e7eed497f0ccaa701a09515952af3b7a
Data/catdog_dataset3/catdog_dataset3_903/catdog_dataset3_903.jpg,catdog_dataset3_903.jpg,catdog_dataset3,cat-3613_jpg.rf.8815047543e73414369aee41d088c39f.jpg,756cf889c0b3561f73f2de5d04860aca
Data/catdog_dataset3/catdog_dataset3_904/catdog_dataset3_904.jpg,catdog_dataset3_904.jpg,catdog_dataset3,cat-3613_jpg.rf.b90b35d3f8f89c173c266a17d3945b0b.jpg,93fcd916f5999747aa90e394ed4b2952
Data/catdog_dataset3/catdog_dataset3_905/catdog_dataset3_905.jpg,catdog_dataset3_905.jpg,catdog_dataset3,cat-3614_jpg.rf.665f036a709d70da3e12eaf248330fc1.jpg,559a0e9fea5841346df2eee681f748ed
Data/catdog_dataset3/catdog_dataset3_906/catdog_dataset3_906.jpg,catdog_dataset3_906.jpg,catdog_dataset3,cat-3614_jpg.rf.85caa3c9055ab1863c8a73181e971aa0.jpg,509281a3954551b06875bd3ce3f1c1ac
Data/catdog_dataset3/catdog_dataset3_907/catdog_dataset3_907.jpg,catdog_dataset3_907.jpg,catdog_dataset3,cat-3614_jpg.rf.fd3eb2fdbe17fd2546907c127031c202.jpg,8f98c951c8cf4450ce31264b10da3cbc
Data/catdog_dataset3/catdog_dataset3_908/catdog_dataset3_908.jpg,catdog_dataset3_908.jpg,catdog_dataset3,cat-3616_jpg.rf.3d96c44e565299c3e5370c3d3159b3d3.jpg,38e37893c65b5d7979cf3360a1e0109a
Data/catdog_dataset3/catdog_dataset3_909/catdog_dataset3_909.jpg,catdog_dataset3_909.jpg,catdog_dataset3,cat-3616_jpg.rf.81538ab0b896df364a630e56cc2551dc.jpg,c7b74a2348563832cc16b22ac4d50b59
Data/catdog_dataset3/catdog_dataset3_91/catdog_dataset3_91.jpg,catdog_dataset3_91.jpg,catdog_dataset3,dog-10_jpg.rf.d205d1dfff226321bbe3551c7b769cb9.jpg,b95162f31d505f4b88ae0390ad73838f
Data/catdog_dataset3/catdog_dataset3_910/catdog_dataset3_910.jpg,catdog_dataset3_910.jpg,catdog_dataset3,cat-3616_jpg.rf.9539d2505f858ff5f3d1409cb407518d.jpg,26fe3f4ca765e73ce0fd5b4999cb4db3
Data/catdog_dataset3/catdog_dataset3_911/catdog_dataset3_911.jpg,catdog_dataset3_911.jpg,catdog_dataset3,cat-3617_jpg.rf.3bf40a9e176d95ffab58dcdc1761816d.jpg,2b48b32956bdc8dafcf28acc2566dddc
Data/catdog_dataset3/catdog_dataset3_912/catdog_dataset3_912.jpg,catdog_dataset3_912.jpg,catdog_dataset3,cat-3617_jpg.rf.66faf4a2f3422c2d36f9066998b9396a.jpg,178aa2fb787896739414371958f0098d
Data/catdog_dataset3/catdog_dataset3_913/catdog_dataset3_913.jpg,catdog_dataset3_913.jpg,catdog_dataset3,cat-3617_jpg.rf.ef23163a81286e5a71cff7e89fe3463b.jpg,4c0ae565c6ba11423a42936ea07e3fc5
Data/catdog_dataset3/catdog_dataset3_914/catdog_dataset3_914.jpg,catdog_dataset3_914.jpg,catdog_dataset3,cat-3618_jpg.rf.3150f5d002acaefb2adb88e3d8f332a9.jpg,a7a2c25466312d423d1162878da66ca0
Data/catdog_dataset3/catdog_dataset3_915/catdog_dataset3_915.jpg,catdog_dataset3_915.jpg,catdog_dataset3,cat-3618_jpg.rf.386c83fb85824e66b4bf36dca415eeda.jpg,66a0255144db05d2e3e96b1127abc432
Data/catdog_dataset3/catdog_dataset3_916/catdog_dataset3_916.jpg,catdog_dataset3_916.jpg,catdog_dataset3,cat-3618_jpg.rf.72805ff5add70b848d26142fb189afd7.jpg,211f8efb4d7e823ad2ab620b3a66d19a
Data/catdog_dataset3/catdog_dataset3_917/catdog_dataset3_917.jpg,catdog_dataset3_917.jpg,catdog_dataset3,cat-3619_jpg.rf.174210f36c3e87b23b826c0671d13a5c.jpg,32fe43230d9f54f487bd47449ec55fcf
Data/catdog_dataset3/catdog_dataset3_918/catdog_dataset3_918.jpg,catdog_dataset3_918.jpg,catdog_dataset3,cat-3619_jpg.rf.8d3d6c2b84101ceae88b04c80be57128.jpg,9d702fba005a0ba3114a21b8c96ecc7c
Data/catdog_dataset3/catdog_dataset3_919/catdog_dataset3_919.jpg,catdog_dataset3_919.jpg,catdog_dataset3,cat-3619_jpg.rf.f561ac45a059710bdb9d6754a9a66ca5.jpg,4368c29e937161823de8905cfbd95146
Data/catdog_dataset3/catdog_dataset3_92/catdog_dataset3_92.jpg,catdog_dataset3_92.jpg,catdog_dataset3,dog-110_jpg.rf.369dfc3005d5b769fedbc4f2a46c1e49.jpg,882243a97eda8511e705d03c55bfe19f
Data/catdog_dataset3/catdog_dataset3_920/catdog_dataset3_920.jpg,catdog_dataset3_920.jpg,catdog_dataset3,cat-3622_jpg.rf.0a3aca27fb6b82fd1249cf7cac22ad8a.jpg,31c0796270c91b3b2161812004ffec06
Data/catdog_dataset3/catdog_dataset3_921/catdog_dataset3_921.jpg,catdog_dataset3_921.jpg,catdog_dataset3,cat-3622_jpg.rf.0b8390e0f5e88322feb466214d935ea0.jpg,8f3e598a0b6641051e214cbe91ba25e0
Data/catdog_dataset3/catdog_dataset3_922/catdog_dataset3_922.jpg,catdog_dataset3_922.jpg,catdog_dataset3,cat-3622_jpg.rf.9c65c0d1e89b719524feb4e9a67171b4.jpg,0dc7986de70b6fe1daf8048e7ff015d9
Data/catdog_dataset3/catdog_dataset3_923/catdog_dataset3_923.jpg,catdog_dataset3_923.jpg,catdog_dataset3,cat-3623_jpg.rf.33be69dac4000c690473afae09cf32cd.jpg,9de201a526acdcd3521d4222b476e959
Data/catdog_dataset3/catdog_dataset3_924/catdog_dataset3_924.jpg,catdog_dataset3_924.jpg,catdog_dataset3,cat-3623_jpg.rf.d09e4ade6f148fa78e31c00e716f7b55.jpg,8bc26574fb10622409ef6ee08001c6a7
Data/catdog_dataset3/catdog_dataset3_925/catdog_dataset3_925.jpg,catdog_dataset3_925.jpg,catdog_dataset3,cat-3623_jpg.rf.eeee8a96fa70880d4302952c84054e98.jpg,1b5600d79e109a30dbb979677e2c3ab7
Data/catdog_dataset3/catdog_dataset3_926/catdog_dataset3_926.jpg,catdog_dataset3_926.jpg,catdog_dataset3,cat-3625_jpg.rf.225f9b6c577384713f730b02ae941e92.jpg,144c004c5d913f9ec62a104f74722364
Data/catdog_dataset3/catdog_dataset3_927/catdog_dataset3_927.jpg,catdog_dataset3_927.jpg,catdog_dataset3,cat-3625_jpg.rf.3aef49c59dff33140d5eb3cb76f8eeb9.jpg,91ce6b0965070cf1937c7941f548121c
Data/catdog_dataset3/catdog_dataset3_928/catdog_dataset3_928.jpg,catdog_dataset3_928.jpg,catdog_dataset3,cat-3625_jpg.rf.a2d9bc8eca7854297a6d480c3b5e6d42.jpg,367878fc679936e44e16ea5bcee4968d
Data/catdog_dataset3/catdog_dataset3_929/catdog_dataset3_929.jpg,catdog_dataset3_929.jpg,catdog_dataset3,cat-3626_jpg.rf.0b103242af17f7e9b8692956675e0f6b.jpg,caa64c5601a0306fa6e11edd21dd4031
Data/catdog_dataset3/catdog_dataset3_93/catdog_dataset3_93.jpg,catdog_dataset3_93.jpg,catdog_dataset3,dog-110_jpg.rf.71a8a8626dd32233ad86a88bacad3531.jpg,5b8e42a517ac74a633ee220fb376378d
Data/catdog_dataset3/catdog_dataset3_930/catdog_dataset3_930.jpg,catdog_dataset3_930.jpg,catdog_dataset3,cat-3626_jpg.rf.1f1e01ec0c5d62893a73b5ac36959794.jpg,7b82b8d6ddb3418fdf64e2a5d82da3a5
Data/catdog_dataset3/catdog_dataset3_931/catdog_dataset3_931.jpg,catdog_dataset3_931.jpg,catdog_dataset3,cat-3626_jpg.rf.844cfec54169081acf5c5e0164038ab5.jpg,22250a6b1ce087209f12fe04e1586a1f
Data/catdog_dataset3/catdog_dataset3_932/catdog_dataset3_932.jpg,catdog_dataset3_932.jpg,catdog_dataset3,cat-3627_jpg.rf.3cb0c8117c5f72125f297bfb8292c50d.jpg,1fda4434423ffde0ab69a10bb15b5651
Data/catdog_dataset3/catdog_dataset3_933/catdog_dataset3_933.jpg,catdog_dataset3_933.jpg,catdog_dataset3,cat-3627_jpg.rf.3dae4d793c2401d8274f0f5a7ccb4247.jpg,212a4119f905c23ac37a2f65827304fe
Data/catdog_dataset3/catdog_dataset3_934/catdog_dataset3_934.jpg,catdog_dataset3_934.jpg,catdog_dataset3,cat-3627_jpg.rf.88a6a6696a8c507443fbc5c091c6ab55.jpg,e62b1a5f9f4f7f693db32297892cf3ba
Data/catdog_dataset3/catdog_dataset3_935/catdog_dataset3_935.jpg,catdog_dataset3_935.jpg,catdog_dataset3,cat-3628_jpg.rf.1eb229d89d1953fb54cab4c446fa126f.jpg,e40288f322fe35e0cd8da855f446790a
Data/catdog_dataset3/catdog_dataset3_936/catdog_dataset3_936.jpg,catdog_dataset3_936.jpg,catdog_dataset3,cat-3628_jpg.rf.419abb7d78286db1100c0c8f15b105b2.jpg,585acd6de2b4582501d21e7b447d6497
Data/catdog_dataset3/catdog_dataset3_937/catdog_dataset3_937.jpg,catdog_dataset3_937.jpg,catdog_dataset3,cat-3628_jpg.rf.a974befd827c1bb903bca93ff29708c1.jpg,15c3569440b58f081355923fb12e91b8
Data/catdog_dataset3/catdog_dataset3_938/catdog_dataset3_938.jpg,catdog_dataset3_938.jpg,catdog_dataset3,cat-3629_jpg.rf.08f229fe6620fa557ccb9fac5101fd37.jpg,491065c6457c4bfaa11001e86f1cc46e
Data/catdog_dataset3/catdog_dataset3_939/catdog_dataset3_939.jpg,catdog_dataset3_939.jpg,catdog_dataset3,cat-3629_jpg.rf.b71328e1890d51238ba1f96e5c96ea89.jpg,e18bde0be8f4c94ffb5be84d0e122e2d
Data/catdog_dataset3/catdog_dataset3_94/catdog_dataset3_94.jpg,catdog_dataset3_94.jpg,catdog_dataset3,dog-110_jpg.rf.fff4434d60bcc128310128e56feb2e77.jpg,5fa362e70254c78acd490e25bfc35a5d
Data/catdog_dataset3/catdog_dataset3_940/catdog_dataset3_940.jpg,catdog_dataset3_940.jpg,catdog_dataset3,cat-3629_jpg.rf.c6c2b50727a7e2b34152d500ca442d2f.jpg,500554ae4fb3de0f489674f769d2100b
Data/catdog_dataset3/catdog_dataset3_941/catdog_dataset3_941.jpg,catdog_dataset3_941.jpg,catdog_dataset3,cat-3630_jpg.rf.4e459ce20523edfa4c59d2ff92ed4f20.jpg,b4034e7334dbc5061b7f73aa00a56e73
Data/catdog_dataset3/catdog_dataset3_942/catdog_dataset3_942.jpg,catdog_dataset3_942.jpg,catdog_dataset3,cat-3630_jpg.rf.52e9318e1e37d8e93d8ce07fe05d01fe.jpg,fed18ccdaf95d0f660adbccc54ea5354
Data/catdog_dataset3/catdog_dataset3_943/catdog_dataset3_943.jpg,catdog_dataset3_943.jpg,catdog_dataset3,cat-3630_jpg.rf.f7912a1c02e759bae5d7b93b11c8bca5.jpg,1d4ea99340fdab3c6401fd2c787fd438
Data/catdog_dataset3/catdog_dataset3_944/catdog_dataset3_944.jpg,catdog_dataset3_944.jpg,catdog_dataset3,cat-3635_jpg.rf.92b1d0649d6af3bb0a989618dfadd600.jpg,189e6fba3b9934697c2812aef2a8fd01
Data/catdog_dataset3/catdog_dataset3_945/catdog_dataset3_945.jpg,catdog_dataset3_945.jpg,catdog_dataset3,cat-3635_jpg.rf.c112ff58029339d0850960f960d00a44.jpg,6980388c907120d339fc57514d1b008f
Data/catdog_dataset3/catdog_dataset3_946/catdog_dataset3_946.jpg,catdog_dataset3_946.jpg,catdog_dataset3,cat-3635_jpg.rf.ffb47d68dd28922dde1471d4b1b4e76d.jpg,11aeb1769787e489e0de7b3171ffd0e8
Data/catdog_dataset3/catdog_dataset3_947/catdog_dataset3_947.jpg,catdog_dataset3_947.jpg,catdog_dataset3,cat-3636_jpg.rf.0b94b3be74d94a054af2d082187cb7bf.jpg,7f0927148ad2d111040b47516a86a8d8
Data/catdog_dataset3/catdog_dataset3_948/catdog_dataset3_948.jpg,catdog_dataset3_948.jpg,catdog_dataset3,cat-3636_jpg.rf.1d53c84376a305223a2d07042ab9f031.jpg,8abde70ede011adbecd0c7a0ae8a2715
Data/catdog_dataset3/catdog_dataset3_949/catdog_dataset3_949.jpg,catdog_dataset3_949.jpg,catdog_dataset3,cat-3636_jpg.rf.4a9341f1f26c4198dcd93d507fe07860.jpg,d517de2f9128e23dfc522e725a964365
Data/catdog_dataset3/catdog_dataset3_95/catdog_dataset3_95.jpg,catdog_dataset3_95.jpg,catdog_dataset3,dog-111_jpg.rf.04fa86e246a76a42f4dff330d33e4164.jpg,f7e4993d09908cbbdc7a3f2256ead65a
Data/catdog_dataset3/catdog_dataset3_950/catdog_dataset3_950.jpg,catdog_dataset3_950.jpg,catdog_dataset3,cat-3637_jpg.rf.6132095dcb7c7e9a4eae485224080068.jpg,98e37e0ca40cbf38a8b807c35c1c9e73
Data/catdog_dataset3/catdog_dataset3_951/catdog_dataset3_951.jpg,catdog_dataset3_951.jpg,catdog_dataset3,cat-3637_jpg.rf.c6f46c626e0c19d5ee5c4dcec68f9e41.jpg,a7651f807d3f6d8dc555ed0a6a513e63
Data/catdog_dataset3/catdog_dataset3_952/catdog_dataset3_952.jpg,catdog_dataset3_952.jpg,catdog_dataset3,cat-3637_jpg.rf.f69e589136ae167f59dce972288e0350.jpg,8a12a8951ceeb3ef86282e05b8238c91
Data/catdog_dataset3/catdog_dataset3_953/catdog_dataset3_953.jpg,catdog_dataset3_953.jpg,catdog_dataset3,cat-3638_jpg.rf.416556bc91213f2b3538146f748b7955.jpg,a3ca857ad65989e90a16a2768c33783c
Data/catdog_dataset3/catdog_dataset3_954/catdog_dataset3_954.jpg,catdog_dataset3_954.jpg,catdog_dataset3,cat-3638_jpg.rf.6b80eec180105031beff4bd4872f2601.jpg,30e269f7d40889e3ccfc4582367a4572
Data/catdog_dataset3/catdog_dataset3_955/catdog_dataset3_955.jpg,catdog_dataset3_955.jpg,catdog_dataset3,cat-3638_jpg.rf.cb3f2b5ace168964de8b8945105322c0.jpg,53d7350e957392f361eb3af76322761c
Data/catdog_dataset3/catdog_dataset3_956/catdog_dataset3_956.jpg,catdog_dataset3_956.jpg,catdog_dataset3,cat-3639_jpg.rf.133bfcb0427eb1b939b783b9814b65d9.jpg,c50a06c54657c0f3a5aa98cdf40dd4bf
Data/catdog_dataset3/catdog_dataset3_957/catdog_dataset3_957.jpg,catdog_dataset3_957.jpg,catdog_dataset3,cat-3639_jpg.rf.1555a8ebf8df6f93c55fc59bbe47c97c.jpg,a61c49eefb5ef63c0f8f6c11b339ff89
Data/catdog_dataset3/catdog_dataset3_958/catdog_dataset3_958.jpg,catdog_dataset3_958.jpg,catdog_dataset3,cat-3639_jpg.rf.20101ec294303dac0707274a8ffd1968.jpg,767f932f4af03d51e8ebdda505a2deea
Data/catdog_dataset3/catdog_dataset3_959/catdog_dataset3_959.jpg,catdog_dataset3_959.jpg,catdog_dataset3,cat-3640_jpg.rf.022742b63863f543607cdc1dfc1d8e5b.jpg,f91fa4f84629f2d894bb4deea567b951
Data/catdog_dataset3/catdog_dataset3_96/catdog_dataset3_96.jpg,catdog_dataset3_96.jpg,catdog_dataset3,dog-111_jpg.rf.6442d757f26661389b8cb6b349d4c537.jpg,2e693acf9cf264f7600dad04cdd38d4e
Data/catdog_dataset3/catdog_dataset3_960/catdog_dataset3_960.jpg,catdog_dataset3_960.jpg,catdog_dataset3,cat-3640_jpg.rf.2f8b17dc5e1272f93da6cfbe7aaf4644.jpg,2b2ef0927182c23d296a97ff588c7c61
Data/catdog_dataset3/catdog_dataset3_961/catdog_dataset3_961.jpg,catdog_dataset3_961.jpg,catdog_dataset3,cat-3640_jpg.rf.bd2a3bb69caadfb9925ed5ca19a73642.jpg,0d8f6b9f71947e4fb902431f4d64915c
Data/catdog_dataset3/catdog_dataset3_962/catdog_dataset3_962.jpg,catdog_dataset3_962.jpg,catdog_dataset3,cat-3641_jpg.rf.02972a72837e6ab68ac373cd42853f41.jpg,d1d5343a8ac1d774eab4e299f4039e51
Data/catdog_dataset3/catdog_dataset3_963/catdog_dataset3_963.jpg,catdog_dataset3_963.jpg,catdog_dataset3,cat-3641_jpg.rf.d8be736922551df651eeedc8bd6cb62c.jpg,13c18ceea24e86701e1fe8aed244b075
Data/catdog_dataset3/catdog_dataset3_964/catdog_dataset3_964.jpg,catdog_dataset3_964.jpg,catdog_dataset3,cat-3641_jpg.rf.e4ccba7315a2ee68cc888a64cb377f7f.jpg,0f7524c7c56258bec63c8a3fa23f4125
Data/catdog_dataset3/catdog_dataset3_965/catdog_dataset3_965.jpg,catdog_dataset3_965.jpg,catdog_dataset3,cat-3643_jpg.rf.24a89941e0288be9ab250d19c6b5daba.jpg,2ebd5497383eb1074cdf9c79bf9c4c4f
Data/catdog_dataset3/catdog_dataset3_966/catdog_dataset3_966.jpg,catdog_dataset3_966.jpg,catdog_dataset3,cat-3643_jpg.rf.aec71836123549e349072e51f4956868.jpg,d2b42cdbb164a5a90fd6e5db028eb6e0
Data/catdog_dataset3/catdog_dataset3_967/catdog_dataset3_967.jpg,catdog_dataset3_967.jpg,catdog_dataset3,cat-3643_jpg.rf.d284c9b19da014108da30f654504a325.jpg,59b5323df87b61b7aa8ef7ed2eed1634
Data/catdog_dataset3/catdog_dataset3_968/catdog_dataset3_968.jpg,catdog_dataset3_968.jpg,catdog_dataset3,cat-3644_jpg.rf.48465807209b793b7deadc2cb2804487.jpg,6a9e7c3491760bf5d5472dcd3c7f75d4
Data/catdog_dataset3/catdog_dataset3_969/catdog_dataset3_969.jpg,catdog_dataset3_969.jpg,catdog_dataset3,cat-3644_jpg.rf.5049fc6d0f8c97e898d57b62e5964ca3.jpg,765b7f37406171ec1e78affef9bc8879
Data/catdog_dataset3/catdog_dataset3_97/catdog_dataset3_97.jpg,catdog_dataset3_97.jpg,catdog_dataset3,dog-111_jpg.rf.8b04a0828f34366dfffd2235d2fed054.jpg,9626bfdcf54a8b1266186cc10e6e0d52
Data/catdog_dataset3/catdog_dataset3_970/catdog_dataset3_970.jpg,catdog_dataset3_970.jpg,catdog_dataset3,cat-3644_jpg.rf.b3342f66f6f7dc3063989df5797dbdcf.jpg,6825e2dffa5d4157c3aff1ff604312aa
Data/catdog_dataset3/catdog_dataset3_971/catdog_dataset3_971.jpg,catdog_dataset3_971.jpg,catdog_dataset3,cat-3646_jpg.rf.2bc8ce18efc8c86b404f55881b1251b3.jpg,a855fd4612e01fd55c172087f6cf6dbe
Data/catdog_dataset3/catdog_dataset3_972/catdog_dataset3_972.jpg,catdog_dataset3_972.jpg,catdog_dataset3,cat-3646_jpg.rf.2cbebd4c3981a29ac2ed03f5e708de05.jpg,7e17e1270f233dfacd71b2827f896c24
Data/catdog_dataset3/catdog_dataset3_973/catdog_dataset3_973.jpg,catdog_dataset3_973.jpg,catdog_dataset3,cat-3646_jpg.rf.dfdf5e8638ab4b53bed0c4596316ea1b.jpg,b77de0f611027c5be299b0dd02d9b4aa
Data/catdog_dataset3/catdog_dataset3_974/catdog_dataset3_974.jpg,catdog_dataset3_974.jpg,catdog_dataset3,cat-3647_jpg.rf.5351ab37acbe9f099319948021304c7f.jpg,967637943d598213c332084cd99ea47a
Data/catdog_dataset3/catdog_dataset3_975/catdog_dataset3_975.jpg,catdog_dataset3_975.jpg,catdog_dataset3,cat-3647_jpg.rf.79d33ed6a81d6bd15e7d85bc93c882e4.jpg,911e7613291227e64e827f97bfa88134
Data/catdog_dataset3/catdog_dataset3_976/catdog_dataset3_976.jpg,catdog_dataset3_976.jpg,catdog_dataset3,cat-3647_jpg.rf.eda0d0625ab00d25ed44b5ab8ddde956.jpg,1fe35081010cb2cb055bf42a31830780
Data/catdog_dataset3/catdog_dataset3_977/catdog_dataset3_977.jpg,catdog_dataset3_977.jpg,catdog_dataset3,cat-3648_jpg.rf.57e5b0c3e8e69c7d7c2d8e0654a939bb.jpg,a75759aa8c9b3758a4bba66b2735150d
Data/catdog_dataset3/catdog_dataset3_978/catdog_dataset3_978.jpg,catdog_dataset3_978.jpg,catdog_dataset3,cat-3648_jpg.rf.62a0dbe2ab1d52eb0d74df5da3d87761.jpg,f80a6396498d61e682cf4979e2c38b55
Data/catdog_dataset3/catdog_dataset3_979/catdog_dataset3_979.jpg,catdog_dataset3_979.jpg,catdog_dataset3,cat-3648_jpg.rf.a6be1d1c75f6ef35217c15e14c4eeec5.jpg,60919acefcb5170be2333335da46f24c
Data/catdog_dataset3/catdog_dataset3_98/catdog_dataset3_98.jpg,catdog_dataset3_98.jpg,catdog_dataset3,dog-112_jpg.rf.58c1baffeab1e3ae656fbb711249d4f0.jpg,b4d74aed85a62509fc93ab322691fe30
Data/catdog_dataset3/catdog_dataset3_980/catdog_dataset3_980.jpg,catdog_dataset3_980.jpg,catdog_dataset3,cat-3649_jpg.rf.34e7959bfd8970665df2c60790e4a3a1.jpg,e1fa6042057fa0b38c081816eb4bd11c
Data/catdog_dataset3/catdog_dataset3_981/catdog_dataset3_981.jpg,catdog_dataset3_981.jpg,catdog_dataset3,cat-3649_jpg.rf.b1450bd2952d23f958405c1b9d572527.jpg,adc50f12fc4975b1e1986761bfde38f9
Data/catdog_dataset3/catdog_dataset3_982/catdog_dataset3_982.jpg,catdog_dataset3_982.jpg,catdog_dataset3,cat-3649_jpg.rf.bbcafd5e031c291a6e66ae40b28077c2.jpg,88efa6e91ffa27e075f298035a9b52a1
Data/catdog_dataset3/catdog_dataset3_983/catdog_dataset3_983.jpg,catdog_dataset3_983.jpg,catdog_dataset3,cat-3650_jpg.rf.5697289e09f0320d2695faecbcbc4d60.jpg,34c0bd201778fd13d0cf633a5d0ef85d
Data/catdog_dataset3/catdog_dataset3_984/catdog_dataset3_984.jpg,catdog_dataset3_984.jpg,catdog_dataset3,cat-3650_jpg.rf.d4e1ba16463a4e0147e07a3192db62c8.jpg,fa51f146013bfdc45bd22d40969afe93
Data/catdog_dataset3/catdog_dataset3_985/catdog_dataset3_985.jpg,catdog_dataset3_985.jpg,catdog_dataset3,cat-3650_jpg.rf.dada3fbf0c8f9203491e0c300bd49a95.jpg,0345d539c0052f776618fd24b58cca1d
Data/catdog_dataset3/catdog_dataset3_986/catdog_dataset3_986.jpg,catdog_dataset3_986.jpg,catdog_dataset3,cat-3651_jpg.rf.62826a1b588b369b41e75711b69c7e64.jpg,66138d27860d67138dfb9a9a85fd2339
Data/catdog_dataset3/catdog_dataset3_987/catdog_dataset3_987.jpg,catdog_dataset3_987.jpg,catdog_dataset3,cat-3651_jpg.rf.90fdd43f7f532530a2133f72e05d92fa.jpg,fc485d8530ca1cfec9d1d447027dcec3
Data/catdog_dataset3/catdog_dataset3_988/catdog_dataset3_988.jpg,catdog_dataset3_988.jpg,catdog_dataset3,cat-3651_jpg.rf.a4efe95de4c28ca8818f17052ebd22ca.jpg,fb8d6a1e7b6f5eb151407275c39232da
Data/catdog_dataset3/catdog_dataset3_989/catdog_dataset3_989.jpg,catdog_dataset3_989.jpg,catdog_dataset3,cat-3653_jpg.rf.3b3266dfde9fb17507fb80ec7469071d.jpg,b2d7a381518a36222c6af558ea9016a5
Data/catdog_dataset3/catdog_dataset3_99/catdog_dataset3_99.jpg,catdog_dataset3_99.jpg,catdog_dataset3,dog-112_jpg.rf.78a5e525395a81bbeb0bf363c200f980.jpg,4b1b08dcca8f8aa45e62c4e124804357
Data/catdog_dataset3/catdog_dataset3_990/catdog_dataset3_990.jpg,catdog_dataset3_990.jpg,catdog_dataset3,cat-3653_jpg.rf.971387b2efbff4dfe0b68d4d6550b91e.jpg,5e004d256b0c7a96e1d061f583ad8c6f
Data/catdog_dataset3/catdog_dataset3_991/catdog_dataset3_991.jpg,catdog_dataset3_991.jpg,catdog_dataset3,cat-3653_jpg.rf.ca6e31134de116acd1c37ac519edb555.jpg,118e873af051fc8e21e88344641f9dea
Data/catdog_dataset3/catdog_dataset3_992/catdog_dataset3_992.jpg,catdog_dataset3_992.jpg,catdog_dataset3,cat-3654_jpg.rf.050b249eaca943b4c69cc6c7c15b491c.jpg,4104852e74f18843daab51499df8b7e7
Data/catdog_dataset3/catdog_dataset3_993/catdog_dataset3_993.jpg,catdog_dataset3_993.jpg,catdog_dataset3,cat-3654_jpg.rf.224ff30532839b139d3b0a00430730e6.jpg,580eabd82d9da4825b1e77d812da5109
Data/catdog_dataset3/catdog_dataset3_994/catdog_dataset3_994.jpg,catdog_dataset3_994.jpg,catdog_dataset3,cat-3654_jpg.rf.cbdf349a92e6d5e0f48c01e659f38e98.jpg,741f48f76c53a80ef7b39c564e8c8f27
Data/catdog_dataset3/catdog_dataset3_995/catdog_dataset3_995.jpg,catdog_dataset3_995.jpg,catdog_dataset3,cat-3655_jpg.rf.084e3fc23bdc053e55481d1bfd0ec4bb.jpg,c645a09418459efc230caa00a08d2a38
Data/catdog_dataset3/catdog_dataset3_996/catdog_dataset3_996.jpg,catdog_dataset3_996.jpg,catdog_dataset3,cat-3655_jpg.rf.42a4a71b735c57d9cf12e7636694250e.jpg,79d533ce117e271670be524251d814eb
Data/catdog_dataset3/catdog_dataset3_997/catdog_dataset3_997.jpg,catdog_dataset3_997.jpg,catdog_dataset3,cat-3655_jpg.rf.e606386ccdb2bea9b572ed9f1b5f2a43.jpg,607a8db46d7d613aeaba4ad65efd8592
Data/catdog_dataset3/catdog_dataset3_998/catdog_dataset3_998.jpg,catdog_dataset3_998.jpg,catdog_dataset3,cat-3657_jpg.rf.3c0c307763931334b87bc3ad672ce822.jpg,e2b8459a940ebb60cf6260f828fa08a9
Data/catdog_dataset3/catdog_dataset3_999/catdog_dataset3_999.jpg,catdog_dataset3_999.jpg,catdog_dataset3,cat-3657_jpg.rf.3f73961ef6e3335b1a24a9f8550c1183.jpg,98b4266fe2904bfbd4502e9484cd5c32
Data/catdog_dataset4/catdog_dataset4_1/catdog_dataset4_1.jpg,catdog_dataset4_1.jpg,catdog_dataset4,Abyssinian_108_jpg.rf.7558951b130eac4f8967af862671a93a.jpg,2cbc427c50e1824c930b25dbed2de0f6
Data/catdog_dataset4/catdog_dataset4_10/catdog_dataset4_10.jpg,catdog_dataset4_10.jpg,catdog_dataset4,Abyssinian_19_jpg.rf.6a192f6e4dfd585c99b9d89bda9587ed.jpg,89495f5cc626cf602a32fb01355eef5c
Data/catdog_dataset4/catdog_dataset4_100/catdog_dataset4_100.jpg,catdog_dataset4_100.jpg,catdog_dataset4,Siamese_178_jpg.rf.4de1c505bc2a2c7996c33cfa49578c29.jpg,49142b6cfdb98545e7ae816ab1a3b4a7
Data/catdog_dataset4/catdog_dataset4_1000/catdog_dataset4_1000.jpg,catdog_dataset4_1000.jpg,catdog_dataset4,British_Shorthair_156_jpg.rf.cf275a6b4352397e833adf019bcf6488.jpg,d42411d42861082ba64d38d8a27c960d
Data/catdog_dataset4/catdog_dataset4_1001/catdog_dataset4_1001.jpg,catdog_dataset4_1001.jpg,catdog_dataset4,British_Shorthair_156_jpg.rf.d5ccc3b2668ff4d8d0b845072f275454.jpg,90c10265f7022e25f8e762e917bd9834
Data/catdog_dataset4/catdog_dataset4_1002/catdog_dataset4_1002.jpg,catdog_dataset4_1002.jpg,catdog_dataset4,British_Shorthair_158_jpg.rf.00e6030ae8ea141961685ea9019c2fcb.jpg,b61d60e5cfe4a26de1ada92446bbf7ac
Data/catdog_dataset4/catdog_dataset4_1003/catdog_dataset4_1003.jpg,catdog_dataset4_1003.jpg,catdog_dataset4,British_Shorthair_158_jpg.rf.074097a41b771c16bf344ea0a333df65.jpg,14da6d00cdb9e59875206821f2226171
Data/catdog_dataset4/catdog_dataset4_1004/catdog_dataset4_1004.jpg,catdog_dataset4_1004.jpg,catdog_dataset4,British_Shorthair_158_jpg.rf.20966e1232be54e7a6b3bd7df004c7af.jpg,27871e48b32e1b9d4f5bfa9ae77864c4
Data/catdog_dataset4/catdog_dataset4_1005/catdog_dataset4_1005.jpg,catdog_dataset4_1005.jpg,catdog_dataset4,British_Shorthair_159_jpg.rf.3b4f1c533a7ed6d8a6176481b698c09e.jpg,dc647e629cc5f9759f2a86a3b40612d2
Data/catdog_dataset4/catdog_dataset4_1006/catdog_dataset4_1006.jpg,catdog_dataset4_1006.jpg,catdog_dataset4,British_Shorthair_159_jpg.rf.88d16b366275e66bff25ae40c46bce0d.jpg,d409be45f9c42760d3f6b7b1fc6ecffb
Data/catdog_dataset4/catdog_dataset4_1007/catdog_dataset4_1007.jpg,catdog_dataset4_1007.jpg,catdog_dataset4,British_Shorthair_159_jpg.rf.c25fffd5f6a9ec6ac8ebe92e5f167256.jpg,119ba4c7c24ed4a73cee2a38b523cd01
Data/catdog_dataset4/catdog_dataset4_1008/catdog_dataset4_1008.jpg,catdog_dataset4_1008.jpg,catdog_dataset4,British_Shorthair_160_jpg.rf.26a67a8493b28f8094d403af71b7b16b.jpg,696e9fd38a6c52ab94a0e322fcd59f19
Data/catdog_dataset4/catdog_dataset4_1009/catdog_dataset4_1009.jpg,catdog_dataset4_1009.jpg,catdog_dataset4,British_Shorthair_160_jpg.rf.40eb18743798eb2c04086008d96a935b.jpg,42f2783be8679d8d4e4e8e86b42f0993
Data/catdog_dataset4/catdog_dataset4_101/catdog_dataset4_101.jpg,catdog_dataset4_101.jpg,catdog_dataset4,Siamese_17_jpg.rf.208688044ca01665533e363e9111fb61.jpg,a7448a2c90b403fdcdfb89610ad79664
Data/catdog_dataset4/catdog_dataset4_1010/catdog_dataset4_1010.jpg,catdog_dataset4_1010.jpg,catdog_dataset4,British_Shorthair_160_jpg.rf.ab8eae2d62a7f95243ed13cf7e57f2aa.jpg,d8939c53f685f650861bbb4f2fa208d9
Data/catdog_dataset4/catdog_dataset4_1011/catdog_dataset4_1011.jpg,catdog_dataset4_1011.jpg,catdog_dataset4,British_Shorthair_162_jpg.rf.1834cc72fbfba9a606e1e601ed2dd7cf.jpg,0cc13047574fb75af99826916bfe56de
Data/catdog_dataset4/catdog_dataset4_1012/catdog_dataset4_1012.jpg,catdog_dataset4_1012.jpg,catdog_dataset4,British_Shorthair_162_jpg.rf.e9babfb8909959507c0287df53152684.jpg,8102b594a3794c1bfd78ccc407008c06
Data/catdog_dataset4/catdog_dataset4_1013/catdog_dataset4_1013.jpg,catdog_dataset4_1013.jpg,catdog_dataset4,British_Shorthair_162_jpg.rf.faa0edb4273f49476d2112e3c5a667cc.jpg,19360940d73d98fee1d3ec963ed1c287
Data/catdog_dataset4/catdog_dataset4_1014/catdog_dataset4_1014.jpg,catdog_dataset4_1014.jpg,catdog_dataset4,British_Shorthair_163_jpg.rf.3efe05270eb6ae5f8aaf7335dcccd76c.jpg,0798615794b91296b7e07c3b23fe81aa
Data/catdog_dataset4/catdog_dataset4_1015/catdog_dataset4_1015.jpg,catdog_dataset4_1015.jpg,catdog_dataset4,British_Shorthair_163_jpg.rf.ce329e21f4ef5a35d282971109fbf4ed.jpg,ac9a5a0a5bada0d55e87a42727246076
Data/catdog_dataset4/catdog_dataset4_1016/catdog_dataset4_1016.jpg,catdog_dataset4_1016.jpg,catdog_dataset4,British_Shorthair_163_jpg.rf.ce3d6678b459098910078762ff9b537e.jpg,e028a8cb0dd57f022ddafc23515df902
Data/catdog_dataset4/catdog_dataset4_1017/catdog_dataset4_1017.jpg,catdog_dataset4_1017.jpg,catdog_dataset4,British_Shorthair_164_jpg.rf.099d42e1629ff6ba443ae1d3aaf1eabc.jpg,a21465ae0f843925953a80f762eb15e8
Data/catdog_dataset4/catdog_dataset4_1018/catdog_dataset4_1018.jpg,catdog_dataset4_1018.jpg,catdog_dataset4,British_Shorthair_164_jpg.rf.60783d87479bd0fb031d6f0dc304e07b.jpg,fd91df281cfd5dc491ffde05a9661e0b
Data/catdog_dataset4/catdog_dataset4_1019/catdog_dataset4_1019.jpg,catdog_dataset4_1019.jpg,catdog_dataset4,British_Shorthair_164_jpg.rf.d993f6fcaad6f1da1d21a0a441310ea6.jpg,8bc668d665e284aeb6a15788a45a2e32
Data/catdog_dataset4/catdog_dataset4_102/catdog_dataset4_102.jpg,catdog_dataset4_102.jpg,catdog_dataset4,Siamese_187_jpg.rf.e24a61f503496e2d812734fbfe698d03.jpg,1cb33d512409c25ae320d88f841bc73c
Data/catdog_dataset4/catdog_dataset4_1020/catdog_dataset4_1020.jpg,catdog_dataset4_1020.jpg,catdog_dataset4,British_Shorthair_166_jpg.rf.0376ee787ad3a6fe761a3fec7d397e48.jpg,d117462cf55c9bd7500bd9166c13046a
Data/catdog_dataset4/catdog_dataset4_1021/catdog_dataset4_1021.jpg,catdog_dataset4_1021.jpg,catdog_dataset4,British_Shorthair_166_jpg.rf.2dd3d51d49755d6decf9c04df755741b.jpg,fd1002b25810b0370b0e359a2beae28d
Data/catdog_dataset4/catdog_dataset4_1022/catdog_dataset4_1022.jpg,catdog_dataset4_1022.jpg,catdog_dataset4,British_Shorthair_166_jpg.rf.621fc7cf86a1ad288f77c6a5cf82beff.jpg,c5f9b9c159045c8623b7132f269761e6
Data/catdog_dataset4/catdog_dataset4_1023/catdog_dataset4_1023.jpg,catdog_dataset4_1023.jpg,catdog_dataset4,British_Shorthair_167_jpg.rf.28117b4788cf0b52dbfe7aeda5c33d79.jpg,8876f36ac5202e565c15697337cdee67
Data/catdog_dataset4/catdog_dataset4_1024/catdog_dataset4_1024.jpg,catdog_dataset4_1024.jpg,catdog_dataset4,British_Shorthair_167_jpg.rf.725b529d7f5e9abd606f128d738358a1.jpg,29d807a8d5293d16c8550159af723f27
Data/catdog_dataset4/catdog_dataset4_1025/catdog_dataset4_1025.jpg,catdog_dataset4_1025.jpg,catdog_dataset4,British_Shorthair_167_jpg.rf.91ee0f6e1599f23fc9ec397994f89fdc.jpg,85801e73af3cd55ea356593a728b0eb0
Data/catdog_dataset4/catdog_dataset4_1026/catdog_dataset4_1026.jpg,catdog_dataset4_1026.jpg,catdog_dataset4,British_Shorthair_16_jpg.rf.1b8b4229e51db4ed8cfda71f032d82be.jpg,2c4483eddfbb82c9b87107c88574ded9
Data/catdog_dataset4/catdog_dataset4_1027/catdog_dataset4_1027.jpg,catdog_dataset4_1027.jpg,catdog_dataset4,British_Shorthair_16_jpg.rf.91bb7ad4e08674fe0428271bdcfd3def.jpg,e02e25d3bf2efac10595aa54fbeefdea
Data/catdog_dataset4/catdog_dataset4_1028/catdog_dataset4_1028.jpg,catdog_dataset4_1028.jpg,catdog_dataset4,British_Shorthair_16_jpg.rf.e55d4b9019c56a4f3879d5bfd45d279f.jpg,c1cc56772e35158fe710d59ca27e4ce3
Data/catdog_dataset4/catdog_dataset4_1029/catdog_dataset4_1029.jpg,catdog_dataset4_1029.jpg,catdog_dataset4,British_Shorthair_170_jpg.rf.4e07c957247df14ee3b3bc3d9cbe9486.jpg,c9b7272db783ebbaa0ec01d62e9d2041
Data/catdog_dataset4/catdog_dataset4_103/catdog_dataset4_103.jpg,catdog_dataset4_103.jpg,catdog_dataset4,Siamese_188_jpg.rf.dfc7f4225fa895f8fd3a404a38626510.jpg,a809a84f61cedfb92a487945831534b4
Data/catdog_dataset4/catdog_dataset4_1030/catdog_dataset4_1030.jpg,catdog_dataset4_1030.jpg,catdog_dataset4,British_Shorthair_170_jpg.rf.749fd5ebc44bec7de88be4ba27a89390.jpg,0bdc7a36d4a79a35b135146ae2dd368e
Data/catdog_dataset4/catdog_dataset4_1031/catdog_dataset4_1031.jpg,catdog_dataset4_1031.jpg,catdog_dataset4,British_Shorthair_170_jpg.rf.a289ff521e432ce80d623af1ce425920.jpg,89d5173dff449dde99b7abc7c962c7ac
Data/catdog_dataset4/catdog_dataset4_1032/catdog_dataset4_1032.jpg,catdog_dataset4_1032.jpg,catdog_dataset4,British_Shorthair_172_jpg.rf.0dadd7c86e8b21d25506569185cb061a.jpg,a666fecb5c185240053a456d59bd9edf
Data/catdog_dataset4/catdog_dataset4_1033/catdog_dataset4_1033.jpg,catdog_dataset4_1033.jpg,catdog_dataset4,British_Shorthair_172_jpg.rf.2cd4e90d2f32c47387e287ac42d3dacf.jpg,e3408b908b6f8939565b59eefed64c92
Data/catdog_dataset4/catdog_dataset4_1034/catdog_dataset4_1034.jpg,catdog_dataset4_1034.jpg,catdog_dataset4,British_Shorthair_172_jpg.rf.9d44ff375b3360b9268581d6279b2907.jpg,68862c92ff5d3c24855ceffad07d35c9
Data/catdog_dataset4/catdog_dataset4_1035/catdog_dataset4_1035.jpg,catdog_dataset4_1035.jpg,catdog_dataset4,British_Shorthair_174_jpg.rf.0ba1869551fe6456ed031aaf53cd78ba.jpg,e513072b2239fe948c100b6596be5ec7
Data/catdog_dataset4/catdog_dataset4_1036/catdog_dataset4_1036.jpg,catdog_dataset4_1036.jpg,catdog_dataset4,British_Shorthair_174_jpg.rf.b3a66b2cccf83e15831ce57691c24f9e.jpg,1f0b82c14c1ce627cede63ea584c02a4
Data/catdog_dataset4/catdog_dataset4_1037/catdog_dataset4_1037.jpg,catdog_dataset4_1037.jpg,catdog_dataset4,British_Shorthair_174_jpg.rf.c18ddc0864822de27292d08f811f002e.jpg,e62e58e3104d84b693360d6f693d0822
Data/catdog_dataset4/catdog_dataset4_1038/catdog_dataset4_1038.jpg,catdog_dataset4_1038.jpg,catdog_dataset4,British_Shorthair_176_jpg.rf.679304b4c303d9b7c629efb061913aba.jpg,1fc84f1321b615a625b9fb2cb4ef1880
Data/catdog_dataset4/catdog_dataset4_1039/catdog_dataset4_1039.jpg,catdog_dataset4_1039.jpg,catdog_dataset4,British_Shorthair_176_jpg.rf.7e2666dd95397771572c55b71b71da6d.jpg,df480f26fad1ce3dcf2de77fe2261c2e
Data/catdog_dataset4/catdog_dataset4_104/catdog_dataset4_104.jpg,catdog_dataset4_104.jpg,catdog_dataset4,Siamese_198_jpg.rf.8d0b7db60d2fa19f864804dcd29a2e0e.jpg,34760eedeacefe694c96a32d4cd4db2b
Data/catdog_dataset4/catdog_dataset4_1040/catdog_dataset4_1040.jpg,catdog_dataset4_1040.jpg,catdog_dataset4,British_Shorthair_176_jpg.rf.cde494114e5fc4ec58dfd662cd15bf2e.jpg,839c6987e456869334a843b654d63830
Data/catdog_dataset4/catdog_dataset4_1041/catdog_dataset4_1041.jpg,catdog_dataset4_1041.jpg,catdog_dataset4,British_Shorthair_177_jpg.rf.06332f2f4d24007f3fe321f420bc9965.jpg,a073c6112ab7577b6e4656b46c7572e1
Data/catdog_dataset4/catdog_dataset4_1042/catdog_dataset4_1042.jpg,catdog_dataset4_1042.jpg,catdog_dataset4,British_Shorthair_177_jpg.rf.247a07767f16f63cb9d659285353b94e.jpg,2c9915c7810b7c2057a2c6ffbe1bbb18
Data/catdog_dataset4/catdog_dataset4_1043/catdog_dataset4_1043.jpg,catdog_dataset4_1043.jpg,catdog_dataset4,British_Shorthair_177_jpg.rf.6f8ac8b10e3d52722b1dd33c1e66aba1.jpg,f3ca3be27bc05181254301f7016a585f
Data/catdog_dataset4/catdog_dataset4_1044/catdog_dataset4_1044.jpg,catdog_dataset4_1044.jpg,catdog_dataset4,British_Shorthair_178_jpg.rf.5d9cae01cc1bbc3d427b7c81f2705cd1.jpg,368ccbf9b0172e2206d6d3f1a93932ef
Data/catdog_dataset4/catdog_dataset4_1045/catdog_dataset4_1045.jpg,catdog_dataset4_1045.jpg,catdog_dataset4,British_Shorthair_178_jpg.rf.bcf5f698d97765b6068d63a6db0d0745.jpg,c975c9ece51f53c5f80609b3e39a64bb
Data/catdog_dataset4/catdog_dataset4_1046/catdog_dataset4_1046.jpg,catdog_dataset4_1046.jpg,catdog_dataset4,British_Shorthair_178_jpg.rf.eb55754d3fd25562659b0b91875d8c7e.jpg,91e9a1eb54934d8502b532da8277befb
Data/catdog_dataset4/catdog_dataset4_1047/catdog_dataset4_1047.jpg,catdog_dataset4_1047.jpg,catdog_dataset4,British_Shorthair_179_jpg.rf.3e9b4c8465dda9a639359fce6af27ddf.jpg,c282ff709bc06c89f818a0ed0d47e16b
Data/catdog_dataset4/catdog_dataset4_1048/catdog_dataset4_1048.jpg,catdog_dataset4_1048.jpg,catdog_dataset4,British_Shorthair_179_jpg.rf.a34f4b5e8539098f7ac09c8d4b2d16f8.jpg,48bdf07345c33f807e7e3d92071ad7a1
Data/catdog_dataset4/catdog_dataset4_1049/catdog_dataset4_1049.jpg,catdog_dataset4_1049.jpg,catdog_dataset4,British_Shorthair_179_jpg.rf.e70e6691f6b029e0f21f8e927df87563.jpg,c10be8d49c15a4ff5245a56549de8d28
Data/catdog_dataset4/catdog_dataset4_105/catdog_dataset4_105.jpg,catdog_dataset4_105.jpg,catdog_dataset4,Siamese_199_jpg.rf.3d137ab5365cba89175df4ce5517b9d5.jpg,098bc34bc1be526f6383043fd07b8a58
Data/catdog_dataset4/catdog_dataset4_1050/catdog_dataset4_1050.jpg,catdog_dataset4_1050.jpg,catdog_dataset4,British_Shorthair_17_jpg.rf.34502442c9baaebb00a6cdd368cff41f.jpg,65c8b77ad8131abdb90e195df67a0696
Data/catdog_dataset4/catdog_dataset4_1051/catdog_dataset4_1051.jpg,catdog_dataset4_1051.jpg,catdog_dataset4,British_Shorthair_17_jpg.rf.d0303260eed86da8cffa2edc9e89d9d9.jpg,9fa79da9b90937a2cd8b86394dd48ed1
Data/catdog_dataset4/catdog_dataset4_1052/catdog_dataset4_1052.jpg,catdog_dataset4_1052.jpg,catdog_dataset4,British_Shorthair_17_jpg.rf.daf8c4aefc1878f35cc03b7036d54f43.jpg,9f6068232a1f3b56cb49ecc1a446cbdc
Data/catdog_dataset4/catdog_dataset4_1053/catdog_dataset4_1053.jpg,catdog_dataset4_1053.jpg,catdog_dataset4,British_Shorthair_180_jpg.rf.2e86c1c2832bf7e2505989a76a1f9ff8.jpg,6278d4c3529d165c0300cf9ad2e5d4b9
Data/catdog_dataset4/catdog_dataset4_1054/catdog_dataset4_1054.jpg,catdog_dataset4_1054.jpg,catdog_dataset4,British_Shorthair_180_jpg.rf.46bc64b8ae69ef86fb5a1d410f550bab.jpg,5e63850b0d6516ad88b55ea89c1201bf
Data/catdog_dataset4/catdog_dataset4_1055/catdog_dataset4_1055.jpg,catdog_dataset4_1055.jpg,catdog_dataset4,British_Shorthair_180_jpg.rf.95546ac456dd1390ccc9106b27f31cc0.jpg,15298fc71772ae5662297ce111278434
Data/catdog_dataset4/catdog_dataset4_1056/catdog_dataset4_1056.jpg,catdog_dataset4_1056.jpg,catdog_dataset4,British_Shorthair_182_jpg.rf.5431dbbdbd225d586a28a30e7b5bec69.jpg,26972758a51f2d9ed8598341bd8e1054
Data/catdog_dataset4/catdog_dataset4_1057/catdog_dataset4_1057.jpg,catdog_dataset4_1057.jpg,catdog_dataset4,British_Shorthair_182_jpg.rf.c868a85408050b1bd60ee40b97ab5a5a.jpg,281a237dd9860d6a0a69c728c4fd7801
Data/catdog_dataset4/catdog_dataset4_1058/catdog_dataset4_1058.jpg,catdog_dataset4_1058.jpg,catdog_dataset4,British_Shorthair_182_jpg.rf.ef403ee5c8c0cac7d52dc0f57e72dbc8.jpg,b580b1b95e14b5f34764042cebe44ce4
Data/catdog_dataset4/catdog_dataset4_1059/catdog_dataset4_1059.jpg,catdog_dataset4_1059.jpg,catdog_dataset4,British_Shorthair_183_jpg.rf.a6311346c2d2a949ef4fba2cfa81de28.jpg,5d9f5b053e070ad7396d830f1fed19cd
Data/catdog_dataset4/catdog_dataset4_106/catdog_dataset4_106.jpg,catdog_dataset4_106.jpg,catdog_dataset4,Sphynx_112_jpg.rf.6c400b6302e471f8936a89f6e1394f83.jpg,eb52f3735658835095ad93eaa86df86d
Data/catdog_dataset4/catdog_dataset4_1060/catdog_dataset4_1060.jpg,catdog_dataset4_1060.jpg,catdog_dataset4,British_Shorthair_183_jpg.rf.ab2b3c86d4229af079ed08a6f47cb6d7.jpg,022032cc49dde3f05ff61bd7c2e0237e
Data/catdog_dataset4/catdog_dataset4_1061/catdog_dataset4_1061.jpg,catdog_dataset4_1061.jpg,catdog_dataset4,British_Shorthair_183_jpg.rf.dca3a91f879df0f6cddfc8320627103a.jpg,9e2e71a12450abd50b84c95d2cf30e96
Data/catdog_dataset4/catdog_dataset4_1062/catdog_dataset4_1062.jpg,catdog_dataset4_1062.jpg,catdog_dataset4,British_Shorthair_185_jpg.rf.6fc0dacf448f7f01a254e570eb722b02.jpg,17a4c602a4d33997d123bae36c2c89f2
Data/catdog_dataset4/catdog_dataset4_1063/catdog_dataset4_1063.jpg,catdog_dataset4_1063.jpg,catdog_dataset4,British_Shorthair_185_jpg.rf.9703e2647d6bb7c741ba0f7645f39224.jpg,e547b1f578440a4a61a547160eeb1574
Data/catdog_dataset4/catdog_dataset4_1064/catdog_dataset4_1064.jpg,catdog_dataset4_1064.jpg,catdog_dataset4,British_Shorthair_185_jpg.rf.d4d74bd6e64c50f66e1560863e69ebeb.jpg,5e9c3469f3f238511537cd581cbd45c7
Data/catdog_dataset4/catdog_dataset4_1065/catdog_dataset4_1065.jpg,catdog_dataset4_1065.jpg,catdog_dataset4,British_Shorthair_186_jpg.rf.6807630d4b78461fef08b338c27fd4a7.jpg,4f1d4bbffefee3300977cbef43c4637f
Data/catdog_dataset4/catdog_dataset4_1066/catdog_dataset4_1066.jpg,catdog_dataset4_1066.jpg,catdog_dataset4,British_Shorthair_186_jpg.rf.765882f3acdcaa6d9910c48731f12e35.jpg,1cd296919a036ca1c10ff5a8d4e9ae9e
Data/catdog_dataset4/catdog_dataset4_1067/catdog_dataset4_1067.jpg,catdog_dataset4_1067.jpg,catdog_dataset4,British_Shorthair_186_jpg.rf.f37d3e81a832133270f3c9d2197bbd25.jpg,d9a2d035ff2455ed42b39e688d7f00ea
Data/catdog_dataset4/catdog_dataset4_1068/catdog_dataset4_1068.jpg,catdog_dataset4_1068.jpg,catdog_dataset4,British_Shorthair_187_jpg.rf.322f7c5c91f83941ebc5da267a0d3aa4.jpg,71ebfeb5ca9c34646bd3041ad76ed1b1
Data/catdog_dataset4/catdog_dataset4_1069/catdog_dataset4_1069.jpg,catdog_dataset4_1069.jpg,catdog_dataset4,British_Shorthair_187_jpg.rf.8a02cecc6e4259cbbd825069e0121171.jpg,d1310b2a3807eebfc389ccb00283d94f
Data/catdog_dataset4/catdog_dataset4_107/catdog_dataset4_107.jpg,catdog_dataset4_107.jpg,catdog_dataset4,Sphynx_128_jpg.rf.69f9401e93f4b09ef98001fbaab3084c.jpg,5206e7b55e10c83c90fef37f5da85340
Data/catdog_dataset4/catdog_dataset4_1070/catdog_dataset4_1070.jpg,catdog_dataset4_1070.jpg,catdog_dataset4,British_Shorthair_187_jpg.rf.f33f7355a4351bcd29ed3163b551adca.jpg,61f2101148f390ec34ca4aebd8697668
Data/catdog_dataset4/catdog_dataset4_1071/catdog_dataset4_1071.jpg,catdog_dataset4_1071.jpg,catdog_dataset4,British_Shorthair_188_jpg.rf.1d5ef2213f8858d4b10b56ce72a20d33.jpg,9ce177f4f575cb5f2e638a3512a21782
Data/catdog_dataset4/catdog_dataset4_1072/catdog_dataset4_1072.jpg,catdog_dataset4_1072.jpg,catdog_dataset4,British_Shorthair_188_jpg.rf.3e5f2f873a39b05d0ed6c43f14e26ccf.jpg,bf16b9c81339c3a9afcdaf5b6151b7f3
Data/catdog_dataset4/catdog_dataset4_1073/catdog_dataset4_1073.jpg,catdog_dataset4_1073.jpg,catdog_dataset4,British_Shorthair_188_jpg.rf.5a8ae3961f1fa5f0d56207e1e3f12d87.jpg,df4b2b595ab81211503b7f2e48b703b3
Data/catdog_dataset4/catdog_dataset4_1074/catdog_dataset4_1074.jpg,catdog_dataset4_1074.jpg,catdog_dataset4,British_Shorthair_18_jpg.rf.132b6fbc1c5fb4c03fc411691ce5e5aa.jpg,150649fbc77021f858ef70460f22aa80
Data/catdog_dataset4/catdog_dataset4_1075/catdog_dataset4_1075.jpg,catdog_dataset4_1075.jpg,catdog_dataset4,British_Shorthair_18_jpg.rf.1b8589fa8f0222269519603101a4050a.jpg,c5a9a4bd3031278a80680d054b72e890
Data/catdog_dataset4/catdog_dataset4_1076/catdog_dataset4_1076.jpg,catdog_dataset4_1076.jpg,catdog_dataset4,British_Shorthair_18_jpg.rf.f503cb84c1d923426009040c4c6941f7.jpg,de10c8a94d2a4a726bf3f82bd59681c4
Data/catdog_dataset4/catdog_dataset4_1077/catdog_dataset4_1077.jpg,catdog_dataset4_1077.jpg,catdog_dataset4,British_Shorthair_195_jpg.rf.8f26f6dfb793e1b435b6c64473e16adf.jpg,f7b589c80548022ef3b1d456d01fde6c
Data/catdog_dataset4/catdog_dataset4_1078/catdog_dataset4_1078.jpg,catdog_dataset4_1078.jpg,catdog_dataset4,British_Shorthair_195_jpg.rf.907b2d62a10e78e19a9ebf69914ac654.jpg,b35963657b97a940c4ae40572dbe842c
Data/catdog_dataset4/catdog_dataset4_1079/catdog_dataset4_1079.jpg,catdog_dataset4_1079.jpg,catdog_dataset4,British_Shorthair_195_jpg.rf.d99a81314caa827b530a013bbaa2b437.jpg,93b6de60917172c2f3b2b3fd64efb322
Data/catdog_dataset4/catdog_dataset4_108/catdog_dataset4_108.jpg,catdog_dataset4_108.jpg,catdog_dataset4,Sphynx_12_jpg.rf.9d160f84a8a2dd2b740888fcec198794.jpg,1de19792c08c751df01fb65468038a8b
Data/catdog_dataset4/catdog_dataset4_1080/catdog_dataset4_1080.jpg,catdog_dataset4_1080.jpg,catdog_dataset4,British_Shorthair_196_jpg.rf.17b9395e3d20f8a5a7a9d99f49a98351.jpg,4914345fa4ebb18d1911257aff47a1ab
Data/catdog_dataset4/catdog_dataset4_1081/catdog_dataset4_1081.jpg,catdog_dataset4_1081.jpg,catdog_dataset4,British_Shorthair_196_jpg.rf.913b5842ae43c42e737331c0c70fb248.jpg,49ca06774674c8112fbba1261dbcaa0c
Data/catdog_dataset4/catdog_dataset4_1082/catdog_dataset4_1082.jpg,catdog_dataset4_1082.jpg,catdog_dataset4,British_Shorthair_196_jpg.rf.f2a1209f8503025834ee496cff4f235f.jpg,93d29e96893263f30006ff27fac26081
Data/catdog_dataset4/catdog_dataset4_1083/catdog_dataset4_1083.jpg,catdog_dataset4_1083.jpg,catdog_dataset4,British_Shorthair_197_jpg.rf.0dc923e50373adf3c5669b8d7cd64f1e.jpg,dfddda45cd96bf5eed6651b7db7e779f
Data/catdog_dataset4/catdog_dataset4_1084/catdog_dataset4_1084.jpg,catdog_dataset4_1084.jpg,catdog_dataset4,British_Shorthair_197_jpg.rf.7543ddf06820bf30c3180f3b4440e999.jpg,e98989628d3c19470b7a5d2c7648a3da
Data/catdog_dataset4/catdog_dataset4_1085/catdog_dataset4_1085.jpg,catdog_dataset4_1085.jpg,catdog_dataset4,British_Shorthair_197_jpg.rf.fb90e56604bdd765f5c40c564feedc95.jpg,e8687dee29dc80242a6e3e901ee2ce84
Data/catdog_dataset4/catdog_dataset4_1086/catdog_dataset4_1086.jpg,catdog_dataset4_1086.jpg,catdog_dataset4,British_Shorthair_198_jpg.rf.66751e3012fe3b2a098dde3457d241c1.jpg,8833e61f2c8eb8f4a3cfe0b88a60d529
Data/catdog_dataset4/catdog_dataset4_1087/catdog_dataset4_1087.jpg,catdog_dataset4_1087.jpg,catdog_dataset4,British_Shorthair_198_jpg.rf.72d27921f2b3584eec58ef89d6648f22.jpg,9be35e2859c95d06a19c4f5c73922c87
Data/catdog_dataset4/catdog_dataset4_1088/catdog_dataset4_1088.jpg,catdog_dataset4_1088.jpg,catdog_dataset4,British_Shorthair_198_jpg.rf.d51a14aa7de261f9822edc05a7f408c5.jpg,37ef4a217e5f9131fd7ea8f262c9053e
Data/catdog_dataset4/catdog_dataset4_1089/catdog_dataset4_1089.jpg,catdog_dataset4_1089.jpg,catdog_dataset4,British_Shorthair_199_jpg.rf.52b66a6e0bc0c51ee4f418db0425e234.jpg,0f09cf66c96535499227eacf601061f7
Data/catdog_dataset4/catdog_dataset4_109/catdog_dataset4_109.jpg,catdog_dataset4_109.jpg,catdog_dataset4,Sphynx_136_jpg.rf.53413d20c815baef90eb2d6fbf81b17f.jpg,3f3f03b752dcb99b78ae021b515aa8e9
Data/catdog_dataset4/catdog_dataset4_1090/catdog_dataset4_1090.jpg,catdog_dataset4_1090.jpg,catdog_dataset4,British_Shorthair_199_jpg.rf.7d406233bea9ad43ad753f0c78b3b784.jpg,c8b1cd0829fe94d4fa1814f60fa79764
Data/catdog_dataset4/catdog_dataset4_1091/catdog_dataset4_1091.jpg,catdog_dataset4_1091.jpg,catdog_dataset4,British_Shorthair_199_jpg.rf.c3073fc50a77d3c8bb6cc7bba117441e.jpg,9b27635c13e7d352381ddb6b27202733
Data/catdog_dataset4/catdog_dataset4_1092/catdog_dataset4_1092.jpg,catdog_dataset4_1092.jpg,catdog_dataset4,British_Shorthair_201_jpg.rf.408194719417aa08588c345e3fef064c.jpg,1a808949cdad563bc91362e808446e50
Data/catdog_dataset4/catdog_dataset4_1093/catdog_dataset4_1093.jpg,catdog_dataset4_1093.jpg,catdog_dataset4,British_Shorthair_201_jpg.rf.5e849d17e5c22b0fa6d00456576ebc9c.jpg,893abdd1fcf82602fb16e094268946c5
Data/catdog_dataset4/catdog_dataset4_1094/catdog_dataset4_1094.jpg,catdog_dataset4_1094.jpg,catdog_dataset4,British_Shorthair_201_jpg.rf.a1e1901cdd8a64e8ca15bb21f30325ab.jpg,6e305f2bbb0a78bf1709e453aafc572a
Data/catdog_dataset4/catdog_dataset4_1095/catdog_dataset4_1095.jpg,catdog_dataset4_1095.jpg,catdog_dataset4,British_Shorthair_203_jpg.rf.06d879a1d1091d4f50bcba20abd92899.jpg,a97fd8d95016c9da45cab3a1ca7f65c5
Data/catdog_dataset4/catdog_dataset4_1096/catdog_dataset4_1096.jpg,catdog_dataset4_1096.jpg,catdog_dataset4,British_Shorthair_203_jpg.rf.c2599a30d5697e38eca6869884d8b451.jpg,779635b20c9bf43fe79deefa9d1fcfe6
Data/catdog_dataset4/catdog_dataset4_1097/catdog_dataset4_1097.jpg,catdog_dataset4_1097.jpg,catdog_dataset4,British_Shorthair_203_jpg.rf.d41f324451c9af4520ccbdf298033781.jpg,dedca48501592e7647453eac1b2ade67
Data/catdog_dataset4/catdog_dataset4_1098/catdog_dataset4_1098.jpg,catdog_dataset4_1098.jpg,catdog_dataset4,British_Shorthair_205_jpg.rf.0dcf1072ba70819895d0819022170797.jpg,0836f03dadf13dde69c7759e9867cba2
Data/catdog_dataset4/catdog_dataset4_1099/catdog_dataset4_1099.jpg,catdog_dataset4_1099.jpg,catdog_dataset4,British_Shorthair_205_jpg.rf.dadf1a96a94e9fc7995faccb64f9d23e.jpg,e3dfd391a7e4422b6315bdb1881101fe
Data/catdog_dataset4/catdog_dataset4_11/catdog_dataset4_11.jpg,catdog_dataset4_11.jpg,catdog_dataset4,Bengal_117_jpg.rf.44c6aa603f03f7d178574f724589eb29.jpg,6c8a4a99242dbad0bc356777f6cfd00b
Data/catdog_dataset4/catdog_dataset4_110/catdog_dataset4_110.jpg,catdog_dataset4_110.jpg,catdog_dataset4,Sphynx_150_jpg.rf.d007f98312651fbdcf8c1f86e6ec72dc.jpg,1b12ee479e01b4af6be1d1aaea8d7e91
Data/catdog_dataset4/catdog_dataset4_1100/catdog_dataset4_1100.jpg,catdog_dataset4_1100.jpg,catdog_dataset4,British_Shorthair_205_jpg.rf.df76eeb743c71f8dbf21f33009301eb4.jpg,9d98856c3d1761984fe78bf0ad16c92b
Data/catdog_dataset4/catdog_dataset4_111/catdog_dataset4_111.jpg,catdog_dataset4_111.jpg,catdog_dataset4,Sphynx_188_jpg.rf.e7eef8f2ca764b67b744c9564cb7538a.jpg,3ac14a257dec559edc8d2ca39bf8a933
Data/catdog_dataset4/catdog_dataset4_112/catdog_dataset4_112.jpg,catdog_dataset4_112.jpg,catdog_dataset4,Sphynx_18_jpg.rf.76967c6f61bdffad13181f052f494ee7.jpg,ca9f187415e7c8aac8bbab4dda5a520c
Data/catdog_dataset4/catdog_dataset4_113/catdog_dataset4_113.jpg,catdog_dataset4_113.jpg,catdog_dataset4,Sphynx_193_jpg.rf.c284e9559656b49ff494fa1b0f3ec5b0.jpg,414b40f558fbd9c6865de0b9d3defca6
Data/catdog_dataset4/catdog_dataset4_114/catdog_dataset4_114.jpg,catdog_dataset4_114.jpg,catdog_dataset4,Sphynx_195_jpg.rf.c6d043f7acefc6e2a2ec3a8fcf2a7c0e.jpg,3b7e011d379bd0d03604e75f6cd0ba0f
Data/catdog_dataset4/catdog_dataset4_115/catdog_dataset4_115.jpg,catdog_dataset4_115.jpg,catdog_dataset4,Sphynx_197_jpg.rf.a57e1648acdc3a6e09a64c0f2fb89208.jpg,310c3f2f28da8d238285d30032e90b71
Data/catdog_dataset4/catdog_dataset4_116/catdog_dataset4_116.jpg,catdog_dataset4_116.jpg,catdog_dataset4,Sphynx_199_jpg.rf.63e934cb8db5bca31d8458d8b82256b8.jpg,0b24e64d82ae13565373d640e677f78a
Data/catdog_dataset4/catdog_dataset4_117/catdog_dataset4_117.jpg,catdog_dataset4_117.jpg,catdog_dataset4,Abyssinian_100_jpg.rf.24534cc50c954d03b4c67bffd3281d3a.jpg,74526989bfb1b376fc4943ef1684389b
Data/catdog_dataset4/catdog_dataset4_118/catdog_dataset4_118.jpg,catdog_dataset4_118.jpg,catdog_dataset4,Abyssinian_100_jpg.rf.9b0f9ab81bd9d29919e83aef5f912f02.jpg,63bc8a63fbedb65f81bed69ae019d9e0
Data/catdog_dataset4/catdog_dataset4_119/catdog_dataset4_119.jpg,catdog_dataset4_119.jpg,catdog_dataset4,Abyssinian_100_jpg.rf.ed6defb835a31bcabe712aa57915e870.jpg,aeca0fa670e755f2ff8e73c53fbf4a84
Data/catdog_dataset4/catdog_dataset4_12/catdog_dataset4_12.jpg,catdog_dataset4_12.jpg,catdog_dataset4,Bengal_127_jpg.rf.98f54511cb5137cf06c97feb42a49b1d.jpg,8582fdff06314d76ff22bddf44a5698f
Data/catdog_dataset4/catdog_dataset4_120/catdog_dataset4_120.jpg,catdog_dataset4_120.jpg,catdog_dataset4,Abyssinian_101_jpg.rf.38c11b3540e9feee9c480e3268c3f6ab.jpg,2f38ce25e94def29372ba41f1d01027d
Data/catdog_dataset4/catdog_dataset4_121/catdog_dataset4_121.jpg,catdog_dataset4_121.jpg,catdog_dataset4,Abyssinian_101_jpg.rf.5c624675c16ddf26126f57aa7db7b173.jpg,3ae9dfc13d29e8367efec3ec3ea3f738
Data/catdog_dataset4/catdog_dataset4_122/catdog_dataset4_122.jpg,catdog_dataset4_122.jpg,catdog_dataset4,Abyssinian_101_jpg.rf.7d3c508ecdf2806efda2332f3a055d42.jpg,cd3f5a2425cf4ba8b7006c863a068d16
Data/catdog_dataset4/catdog_dataset4_123/catdog_dataset4_123.jpg,catdog_dataset4_123.jpg,catdog_dataset4,Abyssinian_102_jpg.rf.387c7d09b896f94fbb8f57b1d78fb833.jpg,4f12fc52b8cf51cd8bfdc3ddef8cefdf
Data/catdog_dataset4/catdog_dataset4_124/catdog_dataset4_124.jpg,catdog_dataset4_124.jpg,catdog_dataset4,Abyssinian_102_jpg.rf.3e4d396a080c7d72974e331754cee742.jpg,4e2a8b724dfe2e36aec7d29e710d4223
Data/catdog_dataset4/catdog_dataset4_125/catdog_dataset4_125.jpg,catdog_dataset4_125.jpg,catdog_dataset4,Abyssinian_102_jpg.rf.f7ef884669ea02eaebe28d3804e6f8b3.jpg,07e8052f40e4f6957758ee4fb5131018
Data/catdog_dataset4/catdog_dataset4_126/catdog_dataset4_126.jpg,catdog_dataset4_126.jpg,catdog_dataset4,Abyssinian_103_jpg.rf.3e9770609fa056bc52789750c2d39414.jpg,a1dd8f025f763de27a4ce38cc7d5fd10
Data/catdog_dataset4/catdog_dataset4_127/catdog_dataset4_127.jpg,catdog_dataset4_127.jpg,catdog_dataset4,Abyssinian_103_jpg.rf.830eaec439f766f4661052fd14fc7eaf.jpg,aabb48322a888ff84d21d3d7d141d80b
Data/catdog_dataset4/catdog_dataset4_128/catdog_dataset4_128.jpg,catdog_dataset4_128.jpg,catdog_dataset4,Abyssinian_103_jpg.rf.eaecb3e9d2747575dc21f44c59f00472.jpg,4eb7e262b4f0a869e6764f768a02cbc9
Data/catdog_dataset4/catdog_dataset4_129/catdog_dataset4_129.jpg,catdog_dataset4_129.jpg,catdog_dataset4,Abyssinian_104_jpg.rf.55c9465dc8efb5d4fe33dff2dbb5d569.jpg,069adf658d3f8dd5dc38a0bb04df8b77
Data/catdog_dataset4/catdog_dataset4_13/catdog_dataset4_13.jpg,catdog_dataset4_13.jpg,catdog_dataset4,Bengal_128_jpg.rf.8741cb32272ae4b81fe8d1104c47a56b.jpg,f7bbf39e776acce95b005b1ea137f6a4
Data/catdog_dataset4/catdog_dataset4_130/catdog_dataset4_130.jpg,catdog_dataset4_130.jpg,catdog_dataset4,Abyssinian_104_jpg.rf.6fa72254a5d0acc24136093bfabc64cd.jpg,85abcc4497678161494681093e7eef4c
Data/catdog_dataset4/catdog_dataset4_131/catdog_dataset4_131.jpg,catdog_dataset4_131.jpg,catdog_dataset4,Abyssinian_104_jpg.rf.ab9ed9f5483444432cce9706810c8106.jpg,1a4c9f118dd7066d5ed1699502296800
Data/catdog_dataset4/catdog_dataset4_132/catdog_dataset4_132.jpg,catdog_dataset4_132.jpg,catdog_dataset4,Abyssinian_105_jpg.rf.393287b9c7664f4dbcdbf11bba5e03c8.jpg,a2fc5d691d2f43d9a1e1011de0caa705
Data/catdog_dataset4/catdog_dataset4_133/catdog_dataset4_133.jpg,catdog_dataset4_133.jpg,catdog_dataset4,Abyssinian_105_jpg.rf.dd8ac2d9744e63be82ffe0f96882cd7f.jpg,28895d8ea3fdb4e32269b529fd9536aa
Data/catdog_dataset4/catdog_dataset4_134/catdog_dataset4_134.jpg,catdog_dataset4_134.jpg,catdog_dataset4,Abyssinian_105_jpg.rf.f721f1e75289e391a934bd24155814df.jpg,b01ce5a67cd36793a745197e4c6ad87d
Data/catdog_dataset4/catdog_dataset4_135/catdog_dataset4_135.jpg,catdog_dataset4_135.jpg,catdog_dataset4,Abyssinian_106_jpg.rf.05a3cb8022a6651a85b81cbe85e1996e.jpg,184700ddd3082635934ff47f823e3e06
Data/catdog_dataset4/catdog_dataset4_136/catdog_dataset4_136.jpg,catdog_dataset4_136.jpg,catdog_dataset4,Abyssinian_106_jpg.rf.868a58809d86389c866c2f5b2a31318c.jpg,9ab4ceff1e09d2e60fa13cfd913436c0
Data/catdog_dataset4/catdog_dataset4_137/catdog_dataset4_137.jpg,catdog_dataset4_137.jpg,catdog_dataset4,Abyssinian_106_jpg.rf.bafc6c224d425bd2d21e8eca0abd2f87.jpg,db3da75e9cc4da037a952f946e307f2f
Data/catdog_dataset4/catdog_dataset4_138/catdog_dataset4_138.jpg,catdog_dataset4_138.jpg,catdog_dataset4,Abyssinian_107_jpg.rf.ad795c8881259f620cd4c43657fc19b6.jpg,308c2df71cbc404dbd626324a39540e0
Data/catdog_dataset4/catdog_dataset4_139/catdog_dataset4_139.jpg,catdog_dataset4_139.jpg,catdog_dataset4,Abyssinian_107_jpg.rf.be9199055d546c018aa6f35ba728bb83.jpg,69b774216c0af8827521cd589976f1ae
Data/catdog_dataset4/catdog_dataset4_14/catdog_dataset4_14.jpg,catdog_dataset4_14.jpg,catdog_dataset4,Bengal_12_jpg.rf.1a783aa97bbeaebaee98aa594e1e3a83.jpg,b71cfc658064a87ccbc59fb9421877ce
Data/catdog_dataset4/catdog_dataset4_140/catdog_dataset4_140.jpg,catdog_dataset4_140.jpg,catdog_dataset4,Abyssinian_107_jpg.rf.fdfb7b59a3165292e4c6990aed7d398d.jpg,f90de6c3683be6123e219cfbc8441a46
Data/catdog_dataset4/catdog_dataset4_141/catdog_dataset4_141.jpg,catdog_dataset4_141.jpg,catdog_dataset4,Abyssinian_110_jpg.rf.1b96d27523b393c19b92c5e13575553b.jpg,aee580309b021a89c49b372853425674
Data/catdog_dataset4/catdog_dataset4_142/catdog_dataset4_142.jpg,catdog_dataset4_142.jpg,catdog_dataset4,Abyssinian_110_jpg.rf.214da77ec96cff64bdd2e6034bfc140e.jpg,0e683d8cbc8bf1412fad4cb7d0bd4859
Data/catdog_dataset4/catdog_dataset4_143/catdog_dataset4_143.jpg,catdog_dataset4_143.jpg,catdog_dataset4,Abyssinian_110_jpg.rf.c93a29bb5a95365180bf95444ee35b51.jpg,2b2309886d5fb40ec20feaee4e0b0a0d
Data/catdog_dataset4/catdog_dataset4_144/catdog_dataset4_144.jpg,catdog_dataset4_144.jpg,catdog_dataset4,Abyssinian_114_jpg.rf.bcca65f299be12ff2b37955f693fd3db.jpg,b119d06fb5e4d2925b69cfd9b02ef7db
Data/catdog_dataset4/catdog_dataset4_145/catdog_dataset4_145.jpg,catdog_dataset4_145.jpg,catdog_dataset4,Abyssinian_114_jpg.rf.bcdd7617d423659cd59358450a16afde.jpg,7eae9c44883474ee58625f30414352ed
Data/catdog_dataset4/catdog_dataset4_146/catdog_dataset4_146.jpg,catdog_dataset4_146.jpg,catdog_dataset4,Abyssinian_114_jpg.rf.e65ffca91357781bf7b11fce49545755.jpg,d44a3a821e21a00d637f862f9d1f342a
Data/catdog_dataset4/catdog_dataset4_147/catdog_dataset4_147.jpg,catdog_dataset4_147.jpg,catdog_dataset4,Abyssinian_115_jpg.rf.43545ca59b76f64c563fd4a4f622d796.jpg,ddd8136732b24a6080a147ea8290f8eb
Data/catdog_dataset4/catdog_dataset4_148/catdog_dataset4_148.jpg,catdog_dataset4_148.jpg,catdog_dataset4,Abyssinian_115_jpg.rf.4b627fb5e9f68339f8e48bae60afcc5e.jpg,b50c3da6c331883d1bfebb27b5cff62c
Data/catdog_dataset4/catdog_dataset4_149/catdog_dataset4_149.jpg,catdog_dataset4_149.jpg,catdog_dataset4,Abyssinian_115_jpg.rf.b07f74ca95ca9009adf2fc8e4ef29167.jpg,ff52aca434ac11fcdd23117221e36ac0
Data/catdog_dataset4/catdog_dataset4_15/catdog_dataset4_15.jpg,catdog_dataset4_15.jpg,catdog_dataset4,Bengal_137_jpg.rf.bf3c482060b86db6f27ae795add1e570.jpg,75ccbd2812483365449af0e9370b554b
Data/catdog_dataset4/catdog_dataset4_150/catdog_dataset4_150.jpg,catdog_dataset4_150.jpg,catdog_dataset4,Abyssinian_117_jpg.rf.843aa368def8ffaa6011f976ae6ba582.jpg,ea3f573dc882ab692250d9137eeae280
Data/catdog_dataset4/catdog_dataset4_151/catdog_dataset4_151.jpg,catdog_dataset4_151.jpg,catdog_dataset4,Abyssinian_117_jpg.rf.d04b6d466a634ba337eb4aeb0587f57b.jpg,c83ee92b5c2cf9b1e0f25e1f233a5443
Data/catdog_dataset4/catdog_dataset4_152/catdog_dataset4_152.jpg,catdog_dataset4_152.jpg,catdog_dataset4,Abyssinian_117_jpg.rf.d29851879297b378dfc5ab8e15f54ec4.jpg,6ef2ee577ed67d240ec5c5a8dfe0cfde
Data/catdog_dataset4/catdog_dataset4_153/catdog_dataset4_153.jpg,catdog_dataset4_153.jpg,catdog_dataset4,Abyssinian_118_jpg.rf.17c995fc013978996404927587a0d69f.jpg,6cfdfe1918714fe99c94294d535eba39
Data/catdog_dataset4/catdog_dataset4_154/catdog_dataset4_154.jpg,catdog_dataset4_154.jpg,catdog_dataset4,Abyssinian_118_jpg.rf.2a47292ce7e64139abfb887fd64761b0.jpg,1ea7558a817349928536d6f609f38ee0
Data/catdog_dataset4/catdog_dataset4_155/catdog_dataset4_155.jpg,catdog_dataset4_155.jpg,catdog_dataset4,Abyssinian_118_jpg.rf.d464b87c738b07e977c4866b7dc92127.jpg,72ca862ed2a7ff3bdb3ca1b3d7a7fabd
Data/catdog_dataset4/catdog_dataset4_156/catdog_dataset4_156.jpg,catdog_dataset4_156.jpg,catdog_dataset4,Abyssinian_119_jpg.rf.47379a349b5bec64ff9f62266dc4c85e.jpg,1d56d9774367b6213cff7dd0b4d3bb67
Data/catdog_dataset4/catdog_dataset4_157/catdog_dataset4_157.jpg,catdog_dataset4_157.jpg,catdog_dataset4,Abyssinian_119_jpg.rf.5d8c405fa7e59908db1131c2648c3b6c.jpg,d439e07791d14b249040cee828ee402e
Data/catdog_dataset4/catdog_dataset4_158/catdog_dataset4_158.jpg,catdog_dataset4_158.jpg,catdog_dataset4,Abyssinian_119_jpg.rf.e25ae0373cbe255f2920eef70cc315ce.jpg,d439fb5e2bbc76e8b8fde9c36bf61374
Data/catdog_dataset4/catdog_dataset4_159/catdog_dataset4_159.jpg,catdog_dataset4_159.jpg,catdog_dataset4,Abyssinian_11_jpg.rf.02a44bcff4b6bedc19c630dd7d4dcb13.jpg,a3f78dc84d5006c7406bfc57765dd830
Data/catdog_dataset4/catdog_dataset4_16/catdog_dataset4_16.jpg,catdog_dataset4_16.jpg,catdog_dataset4,Bengal_142_jpg.rf.1ad7afbbdc936c18cd2681246246d226.jpg,50f9eac9b414e0a71646454921719337
Data/catdog_dataset4/catdog_dataset4_160/catdog_dataset4_160.jpg,catdog_dataset4_160.jpg,catdog_dataset4,Abyssinian_11_jpg.rf.105838dbceb4e73038fc9145b8e3a4cc.jpg,bf8b01b47ad91d61288537e4781883aa
Data/catdog_dataset4/catdog_dataset4_161/catdog_dataset4_161.jpg,catdog_dataset4_161.jpg,catdog_dataset4,Abyssinian_11_jpg.rf.84591cc83ffe55852a1c359bb2d09bc6.jpg,e818e8b41ee2f8063db46195f2255f71
Data/catdog_dataset4/catdog_dataset4_162/catdog_dataset4_162.jpg,catdog_dataset4_162.jpg,catdog_dataset4,Abyssinian_121_jpg.rf.17788501e712a43afdb74996d742adb3.jpg,cb7a1fdc9d74ec760dc40166f3fd88b4
Data/catdog_dataset4/catdog_dataset4_163/catdog_dataset4_163.jpg,catdog_dataset4_163.jpg,catdog_dataset4,Abyssinian_121_jpg.rf.33da838e838c0f938215a5db41e689d2.jpg,be5c82c7f3dfc0504eb5e412d9ba99c5
Data/catdog_dataset4/catdog_dataset4_164/catdog_dataset4_164.jpg,catdog_dataset4_164.jpg,catdog_dataset4,Abyssinian_121_jpg.rf.6582eb822ed7fce367db3cd7f1a45be5.jpg,b0a37c6125ecd541a53f246598f82152
Data/catdog_dataset4/catdog_dataset4_165/catdog_dataset4_165.jpg,catdog_dataset4_165.jpg,catdog_dataset4,Abyssinian_124_jpg.rf.3aa1409723559b56a1b9f0988f6e1157.jpg,482d106e73a343d46d614cc7f254e786
Data/catdog_dataset4/catdog_dataset4_166/catdog_dataset4_166.jpg,catdog_dataset4_166.jpg,catdog_dataset4,Abyssinian_124_jpg.rf.47c8824e5cee305f82afa41ec4298666.jpg,1dc38523355af9e9690b39ba317d8d38
Data/catdog_dataset4/catdog_dataset4_167/catdog_dataset4_167.jpg,catdog_dataset4_167.jpg,catdog_dataset4,Abyssinian_124_jpg.rf.b23863d7e78f823d34f0357ba5521e4b.jpg,99f71ee1004ba8525374ac1d9f1c0b22
Data/catdog_dataset4/catdog_dataset4_168/catdog_dataset4_168.jpg,catdog_dataset4_168.jpg,catdog_dataset4,Abyssinian_125_jpg.rf.86171567297af0a8f91d765875229216.jpg,018fc7581015a6e354a070ca9f37775a
Data/catdog_dataset4/catdog_dataset4_169/catdog_dataset4_169.jpg,catdog_dataset4_169.jpg,catdog_dataset4,Abyssinian_125_jpg.rf.a28efb42848fad5bb817e229713972de.jpg,62ca8950068b396043f0bb7c9b8e633a
Data/catdog_dataset4/catdog_dataset4_17/catdog_dataset4_17.jpg,catdog_dataset4_17.jpg,catdog_dataset4,Bengal_159_jpg.rf.f4682ff98c133620540c5abfbc8afbd2.jpg,3fdbe50a18fa004a6556fcc62a1e0b82
Data/catdog_dataset4/catdog_dataset4_170/catdog_dataset4_170.jpg,catdog_dataset4_170.jpg,catdog_dataset4,Abyssinian_125_jpg.rf.c7e997b9d1ab319bc93a7329a797bcf8.jpg,6bcc3f39245de5932ffbbec918b3dde0
Data/catdog_dataset4/catdog_dataset4_171/catdog_dataset4_171.jpg,catdog_dataset4_171.jpg,catdog_dataset4,Abyssinian_126_jpg.rf.6a5225f9fa472298aec252a81113ae75.jpg,89262ad7868aebc4485c6b00c3624131
Data/catdog_dataset4/catdog_dataset4_172/catdog_dataset4_172.jpg,catdog_dataset4_172.jpg,catdog_dataset4,Abyssinian_126_jpg.rf.716f5424295ccd9fc834b56c472e836c.jpg,23e6083293b86a8fe826e57a59f84fd5
Data/catdog_dataset4/catdog_dataset4_173/catdog_dataset4_173.jpg,catdog_dataset4_173.jpg,catdog_dataset4,Abyssinian_126_jpg.rf.da13987ed0ec273f7830a27ed657b590.jpg,987a57d765c30eae7d2e1c9514e77c8a
Data/catdog_dataset4/catdog_dataset4_174/catdog_dataset4_174.jpg,catdog_dataset4_174.jpg,catdog_dataset4,Abyssinian_127_jpg.rf.6e016d82a63a7420190d61cc28366b68.jpg,b9080ff8bc426383eb5ccd8044946ba3
Data/catdog_dataset4/catdog_dataset4_175/catdog_dataset4_175.jpg,catdog_dataset4_175.jpg,catdog_dataset4,Abyssinian_127_jpg.rf.d9bb2c8f47be4f2aa26e2f5bbed52d0a.jpg,a8618c193233eab580e0cfbcf7091ab4
Data/catdog_dataset4/catdog_dataset4_176/catdog_dataset4_176.jpg,catdog_dataset4_176.jpg,catdog_dataset4,Abyssinian_127_jpg.rf.f87c7ceecc048b18a07fe542f38b6017.jpg,7be117f2b4b5a6bc67dfda84c90a52d3
Data/catdog_dataset4/catdog_dataset4_177/catdog_dataset4_177.jpg,catdog_dataset4_177.jpg,catdog_dataset4,Abyssinian_128_jpg.rf.06e833176ea0fac6c92db99c02007421.jpg,5cad68c6805e0776343f65a87fef20f3
Data/catdog_dataset4/catdog_dataset4_178/catdog_dataset4_178.jpg,catdog_dataset4_178.jpg,catdog_dataset4,Abyssinian_128_jpg.rf.76544212b0142eda155a7c39713aa64a.jpg,18c0690f4c6ff8d50881d2e38cf35832
Data/catdog_dataset4/catdog_dataset4_179/catdog_dataset4_179.jpg,catdog_dataset4_179.jpg,catdog_dataset4,Abyssinian_128_jpg.rf.ea56fa8eabb9359019b8448c7d39ebdf.jpg,d05e994b482bbab84342d9fee6b64599
Data/catdog_dataset4/catdog_dataset4_18/catdog_dataset4_18.jpg,catdog_dataset4_18.jpg,catdog_dataset4,Bengal_162_jpg.rf.538c86c42899eda7fb1b028c00dbf9e7.jpg,eef1363f1f8ebbce6835dccd00d9d44e
Data/catdog_dataset4/catdog_dataset4_180/catdog_dataset4_180.jpg,catdog_dataset4_180.jpg,catdog_dataset4,Abyssinian_129_jpg.rf.0ce37373ab02bd540cc74b8fce5f6316.jpg,53154f7c152b12de7ee86fd1691747fd
Data/catdog_dataset4/catdog_dataset4_181/catdog_dataset4_181.jpg,catdog_dataset4_181.jpg,catdog_dataset4,Abyssinian_129_jpg.rf.1db9ffc2c5b334c650482b57a2987500.jpg,0b519d9addbb85b8dce2c908f52f8242
Data/catdog_dataset4/catdog_dataset4_182/catdog_dataset4_182.jpg,catdog_dataset4_182.jpg,catdog_dataset4,Abyssinian_129_jpg.rf.a33ff5b57e26c54d33e1a6d38cacd531.jpg,6358f7e093a70d84e07fa46afc35e3ba
Data/catdog_dataset4/catdog_dataset4_183/catdog_dataset4_183.jpg,catdog_dataset4_183.jpg,catdog_dataset4,Abyssinian_130_jpg.rf.21c8c1a08a3d1632584eda5333945983.jpg,29d671af0f4a9480564733d3c921461d
Data/catdog_dataset4/catdog_dataset4_184/catdog_dataset4_184.jpg,catdog_dataset4_184.jpg,catdog_dataset4,Abyssinian_130_jpg.rf.7e8d555487abf9850192c5f0a961e798.jpg,c82ebb58dc3e61cb96a568c8ed85d987
Data/catdog_dataset4/catdog_dataset4_185/catdog_dataset4_185.jpg,catdog_dataset4_185.jpg,catdog_dataset4,Abyssinian_130_jpg.rf.8bdb53ed55f408b81a40b51a17e0f9c3.jpg,f6c632ce6aeae024dd3af3c3fd55acc7
Data/catdog_dataset4/catdog_dataset4_186/catdog_dataset4_186.jpg,catdog_dataset4_186.jpg,catdog_dataset4,Abyssinian_131_jpg.rf.54531572a0dcd587181c0af20f8dcf2c.jpg,d19d5902d3b53c65d7d879c013f723a8
Data/catdog_dataset4/catdog_dataset4_187/catdog_dataset4_187.jpg,catdog_dataset4_187.jpg,catdog_dataset4,Abyssinian_131_jpg.rf.8e42d63e7950e5d9f0ddd4b3d43e2b65.jpg,7ce183708e8440267f6b34236640a511
Data/catdog_dataset4/catdog_dataset4_188/catdog_dataset4_188.jpg,catdog_dataset4_188.jpg,catdog_dataset4,Abyssinian_131_jpg.rf.f3b53a0583be337b64fced36c9fb0f05.jpg,9120504377c22f44b405871717021336
Data/catdog_dataset4/catdog_dataset4_189/catdog_dataset4_189.jpg,catdog_dataset4_189.jpg,catdog_dataset4,Abyssinian_134_jpg.rf.16818668a2959e2b28ee4822cc239506.jpg,9e99edd82987c397dc098381fca084cd
Data/catdog_dataset4/catdog_dataset4_19/catdog_dataset4_19.jpg,catdog_dataset4_19.jpg,catdog_dataset4,Bengal_166_jpg.rf.11e4a0586c9b034c80f261152cee1d4a.jpg,981168293240a2eab81a3cf883b2c5c9
Data/catdog_dataset4/catdog_dataset4_190/catdog_dataset4_190.jpg,catdog_dataset4_190.jpg,catdog_dataset4,Abyssinian_134_jpg.rf.cd670cb0dda9d57bb157018318dbe50b.jpg,618af03cd2e0bd8251eb8166bb54ebee
Data/catdog_dataset4/catdog_dataset4_191/catdog_dataset4_191.jpg,catdog_dataset4_191.jpg,catdog_dataset4,Abyssinian_134_jpg.rf.db18609d6206906ad693937abe0c85d1.jpg,b9d79a8e76f1441b72c6a4ff0414d643
Data/catdog_dataset4/catdog_dataset4_192/catdog_dataset4_192.jpg,catdog_dataset4_192.jpg,catdog_dataset4,Abyssinian_135_jpg.rf.26f62ac1b76ee8b40cc3dfca07a92193.jpg,407fed34821aed6b2653aca522ff8802
Data/catdog_dataset4/catdog_dataset4_193/catdog_dataset4_193.jpg,catdog_dataset4_193.jpg,catdog_dataset4,Abyssinian_135_jpg.rf.4be0621e6db8113441c25590edba9188.jpg,b5c141a32fc6a1a7789f386a7e7d828d
Data/catdog_dataset4/catdog_dataset4_194/catdog_dataset4_194.jpg,catdog_dataset4_194.jpg,catdog_dataset4,Abyssinian_135_jpg.rf.5ba50597f475cc5d78fe879404074ede.jpg,3eec4de8047411a7f83be5987c3ada19
Data/catdog_dataset4/catdog_dataset4_195/catdog_dataset4_195.jpg,catdog_dataset4_195.jpg,catdog_dataset4,Abyssinian_136_jpg.rf.a5f00da596219eca409a2e9e85df2c32.jpg,a9560bf1b0def20fccc7a86177d9f9a1
Data/catdog_dataset4/catdog_dataset4_196/catdog_dataset4_196.jpg,catdog_dataset4_196.jpg,catdog_dataset4,Abyssinian_136_jpg.rf.b4d70e9342e29b33e96ee9a2567c9321.jpg,23ac9d7d5193e9e39e4df8a0e0933326
Data/catdog_dataset4/catdog_dataset4_197/catdog_dataset4_197.jpg,catdog_dataset4_197.jpg,catdog_dataset4,Abyssinian_136_jpg.rf.fa91e781db03b509afd219e03a148e88.jpg,4dba3b10bc97b683d247340d2c531f76
Data/catdog_dataset4/catdog_dataset4_198/catdog_dataset4_198.jpg,catdog_dataset4_198.jpg,catdog_dataset4,Abyssinian_138_jpg.rf.085bb339c7198c6e26f129f37058e373.jpg,3daaceb06803c1a260845b68d7bddb5c
Data/catdog_dataset4/catdog_dataset4_199/catdog_dataset4_199.jpg,catdog_dataset4_199.jpg,catdog_dataset4,Abyssinian_138_jpg.rf.bbbaeb0ac205e656b52d482b00120133.jpg,24ce3a4f5f61ce0ad5e5f0d603dd1e4a
Data/catdog_dataset4/catdog_dataset4_2/catdog_dataset4_2.jpg,catdog_dataset4_2.jpg,catdog_dataset4,Abyssinian_111_jpg.rf.5c8afd1aa48a99af9d00c965396f9388.jpg,0643e8a794495d6da5d4d922648a737d
Data/catdog_dataset4/catdog_dataset4_20/catdog_dataset4_20.jpg,catdog_dataset4_20.jpg,catdog_dataset4,Bengal_16_jpg.rf.92182dbf10b571e9cd9efbd58aea83ac.jpg,2c9bb8a55925c4747f9f0936d6503599
Data/catdog_dataset4/catdog_dataset4_200/catdog_dataset4_200.jpg,catdog_dataset4_200.jpg,catdog_dataset4,Abyssinian_138_jpg.rf.e5f0c06eee9b2deb4a5333a8ee1d65b5.jpg,0794a69be9d9ae40d95e96b85b42c58c
Data/catdog_dataset4/catdog_dataset4_201/catdog_dataset4_201.jpg,catdog_dataset4_201.jpg,catdog_dataset4,Abyssinian_139_jpg.rf.1b87d47de2c4eebe28d9f1b34ea73648.jpg,f758df8889fc215a93ef090cfc619f2a
Data/catdog_dataset4/catdog_dataset4_202/catdog_dataset4_202.jpg,catdog_dataset4_202.jpg,catdog_dataset4,Abyssinian_139_jpg.rf.4440c305f2b6816c9a0af7f76fe8f793.jpg,db2fbe4b4677084bd99c0e9553efef4b
Data/catdog_dataset4/catdog_dataset4_203/catdog_dataset4_203.jpg,catdog_dataset4_203.jpg,catdog_dataset4,Abyssinian_139_jpg.rf.99de4adb82e30561292da5ba8e7aed7e.jpg,81b198c31cc7938e6851e1a7f272a0b9
Data/catdog_dataset4/catdog_dataset4_204/catdog_dataset4_204.jpg,catdog_dataset4_204.jpg,catdog_dataset4,Abyssinian_13_jpg.rf.096bb74d3f544b276cb838d74a1ce568.jpg,44f344ed63ea3c08c52abee527f2054d
Data/catdog_dataset4/catdog_dataset4_205/catdog_dataset4_205.jpg,catdog_dataset4_205.jpg,catdog_dataset4,Abyssinian_13_jpg.rf.45d675a1cfaa928e5fe2876e00d4f361.jpg,e92dd42551e233b2c518f431032aaacb
Data/catdog_dataset4/catdog_dataset4_206/catdog_dataset4_206.jpg,catdog_dataset4_206.jpg,catdog_dataset4,Abyssinian_13_jpg.rf.f4bda977c36f6ee1ba5b0eee7c012ebe.jpg,fb785266bfeada2c13afbd49f132803e
Data/catdog_dataset4/catdog_dataset4_207/catdog_dataset4_207.jpg,catdog_dataset4_207.jpg,catdog_dataset4,Abyssinian_140_jpg.rf.0b2bf423d2cff6bf839a334c2e1c8604.jpg,1d863a67196db6f010f5df1cb8787275
Data/catdog_dataset4/catdog_dataset4_208/catdog_dataset4_208.jpg,catdog_dataset4_208.jpg,catdog_dataset4,Abyssinian_140_jpg.rf.43a73714e5f3e32c5aaca4ab543d4710.jpg,fad65d583ca984a9c14ccd376f5d4c6e
Data/catdog_dataset4/catdog_dataset4_209/catdog_dataset4_209.jpg,catdog_dataset4_209.jpg,catdog_dataset4,Abyssinian_140_jpg.rf.850380582b0cc9c32c793daa5b91467c.jpg,f9ca2f6a72095ab58bd6c84f25de5949
Data/catdog_dataset4/catdog_dataset4_21/catdog_dataset4_21.jpg,catdog_dataset4_21.jpg,catdog_dataset4,Bengal_174_jpg.rf.8911ba561b03bbe1d198199b6bf1483a.jpg,459d6a1f4853fdd63adf1039a682bf7f
Data/catdog_dataset4/catdog_dataset4_210/catdog_dataset4_210.jpg,catdog_dataset4_210.jpg,catdog_dataset4,Abyssinian_142_jpg.rf.15b29090fa30a971a9b464f7a8265ab1.jpg,a5977c06def18b5695b56d6075e57cdc
Data/catdog_dataset4/catdog_dataset4_211/catdog_dataset4_211.jpg,catdog_dataset4_211.jpg,catdog_dataset4,Abyssinian_142_jpg.rf.3b591d5a7647476b851aaa475e85d4dc.jpg,0a1a61ecdc0914ff5465adcc79ed1cac
Data/catdog_dataset4/catdog_dataset4_212/catdog_dataset4_212.jpg,catdog_dataset4_212.jpg,catdog_dataset4,Abyssinian_142_jpg.rf.d07c1ca6deb680e37ea1dd1a66e81344.jpg,e2507b47a55c9a7530bf3dffa582daaa
Data/catdog_dataset4/catdog_dataset4_213/catdog_dataset4_213.jpg,catdog_dataset4_213.jpg,catdog_dataset4,Abyssinian_144_jpg.rf.1054b02f09dc89c93eaa653c858bf4f3.jpg,3bc1de84b7f47f6878a07571af4cbc84
Data/catdog_dataset4/catdog_dataset4_214/catdog_dataset4_214.jpg,catdog_dataset4_214.jpg,catdog_dataset4,Abyssinian_144_jpg.rf.4c45538391d6c06877bdcc3524e70225.jpg,3515e9dba2e7950ab9434d064ba97c99
Data/catdog_dataset4/catdog_dataset4_215/catdog_dataset4_215.jpg,catdog_dataset4_215.jpg,catdog_dataset4,Abyssinian_144_jpg.rf.aa194ae2c01be3d69998e1b95b31bb4c.jpg,a5d0311ef8478cf088a1f71d3000f5a8
Data/catdog_dataset4/catdog_dataset4_216/catdog_dataset4_216.jpg,catdog_dataset4_216.jpg,catdog_dataset4,Abyssinian_145_jpg.rf.2054809d00aa726d6a96dc912b6ceb4b.jpg,990063d85d9f5953bad10eb170bb0721
Data/catdog_dataset4/catdog_dataset4_217/catdog_dataset4_217.jpg,catdog_dataset4_217.jpg,catdog_dataset4,Abyssinian_145_jpg.rf.540e4ddf0692e808f690e44f02dce598.jpg,d5d8b53de36ed94771701e6e363d413e
Data/catdog_dataset4/catdog_dataset4_218/catdog_dataset4_218.jpg,catdog_dataset4_218.jpg,catdog_dataset4,Abyssinian_145_jpg.rf.9256ef8fb7e902f75c58b2883e02bc39.jpg,0df1fb2fe3fb1ecdb24bf3b98bc956e4
Data/catdog_dataset4/catdog_dataset4_219/catdog_dataset4_219.jpg,catdog_dataset4_219.jpg,catdog_dataset4,Abyssinian_146_jpg.rf.0c8cc2525cff93c4b2f86a9e1f623ad4.jpg,b3865dc937f6c60f42eb72047e7db7cf
Data/catdog_dataset4/catdog_dataset4_22/catdog_dataset4_22.jpg,catdog_dataset4_22.jpg,catdog_dataset4,Birman_105_jpg.rf.963ee386655004debde9b1457deb92ab.jpg,cc14f6f07bde30d8adc24cbb7515c9b0
Data/catdog_dataset4/catdog_dataset4_220/catdog_dataset4_220.jpg,catdog_dataset4_220.jpg,catdog_dataset4,Abyssinian_146_jpg.rf.56486aa37544b427942d1369f46f1922.jpg,5be9f51c311f4989a72a63bff708efaf
Data/catdog_dataset4/catdog_dataset4_221/catdog_dataset4_221.jpg,catdog_dataset4_221.jpg,catdog_dataset4,Abyssinian_146_jpg.rf.7e23bc4491ca4004d6f8f403d3bf1ac6.jpg,f2ac8b3276836844a11105593bc1b54a
Data/catdog_dataset4/catdog_dataset4_222/catdog_dataset4_222.jpg,catdog_dataset4_222.jpg,catdog_dataset4,Abyssinian_148_jpg.rf.21f96ee1506e1581ceabff7c0d82945e.jpg,dec0802d37d26860b2a5680dc9a1d195
Data/catdog_dataset4/catdog_dataset4_223/catdog_dataset4_223.jpg,catdog_dataset4_223.jpg,catdog_dataset4,Abyssinian_148_jpg.rf.613b44bfdff1f488d3bbfd3959a842fe.jpg,5a37450cdd4a11bcb0875f27a96fc013
Data/catdog_dataset4/catdog_dataset4_224/catdog_dataset4_224.jpg,catdog_dataset4_224.jpg,catdog_dataset4,Abyssinian_148_jpg.rf.68e718d6a51e9cfe3beaf0f5412b1652.jpg,5ec3e3e364a8a7ae464888b26e516fcc
Data/catdog_dataset4/catdog_dataset4_225/catdog_dataset4_225.jpg,catdog_dataset4_225.jpg,catdog_dataset4,Abyssinian_149_jpg.rf.113ad8537b0a44997b7b9189baa7f3a3.jpg,3e1906224f90daf50ab26ae8e3f814b8
Data/catdog_dataset4/catdog_dataset4_226/catdog_dataset4_226.jpg,catdog_dataset4_226.jpg,catdog_dataset4,Abyssinian_149_jpg.rf.8ca49c060e9e31a7709953514b38e889.jpg,cd0e00921d81e9fe46d30f0317780552
Data/catdog_dataset4/catdog_dataset4_227/catdog_dataset4_227.jpg,catdog_dataset4_227.jpg,catdog_dataset4,Abyssinian_149_jpg.rf.93565fa7660434dcdcb9c26bd9df453e.jpg,c71c90fb25f06da795ae52fd3a3b38d2
Data/catdog_dataset4/catdog_dataset4_228/catdog_dataset4_228.jpg,catdog_dataset4_228.jpg,catdog_dataset4,Abyssinian_14_jpg.rf.070e8e265b7b50c3507de513e2ffcfbf.jpg,c167745e1c4ec68369b14e7ed0eaac2e
Data/catdog_dataset4/catdog_dataset4_229/catdog_dataset4_229.jpg,catdog_dataset4_229.jpg,catdog_dataset4,Abyssinian_14_jpg.rf.c1019b20c9d9cc85deb5a56fd66db92b.jpg,d0149de124e013dd5b52eb78e78dfa24
Data/catdog_dataset4/catdog_dataset4_23/catdog_dataset4_23.jpg,catdog_dataset4_23.jpg,catdog_dataset4,Birman_114_jpg.rf.46bedcd39cff1f18af91dbc6f66170aa.jpg,44b17ea47669a1beb6ccabc6b9351856
Data/catdog_dataset4/catdog_dataset4_230/catdog_dataset4_230.jpg,catdog_dataset4_230.jpg,catdog_dataset4,Abyssinian_14_jpg.rf.c8fb9b81d95c850f581b5b0a66739fad.jpg,cc7b622f8a0b5af117f35f6bf23c7e8b
Data/catdog_dataset4/catdog_dataset4_231/catdog_dataset4_231.jpg,catdog_dataset4_231.jpg,catdog_dataset4,Abyssinian_150_jpg.rf.120ad0f246349d1d53239a766a2cb695.jpg,1e88d4acb73fb83f168e8bee8e525617
Data/catdog_dataset4/catdog_dataset4_232/catdog_dataset4_232.jpg,catdog_dataset4_232.jpg,catdog_dataset4,Abyssinian_150_jpg.rf.2cb0e757535da60bf0edec386b72bdb7.jpg,8893364bae6b2cffc0e062578a8abc09
Data/catdog_dataset4/catdog_dataset4_233/catdog_dataset4_233.jpg,catdog_dataset4_233.jpg,catdog_dataset4,Abyssinian_150_jpg.rf.524176aa8da5b12706f2523054db63bc.jpg,18d3958f826d6cb1007366e6afb774e6
Data/catdog_dataset4/catdog_dataset4_234/catdog_dataset4_234.jpg,catdog_dataset4_234.jpg,catdog_dataset4,Abyssinian_152_jpg.rf.1469eb2998c871ae263d091eed105063.jpg,ec20754be499566432f900a6e5bb632b
Data/catdog_dataset4/catdog_dataset4_235/catdog_dataset4_235.jpg,catdog_dataset4_235.jpg,catdog_dataset4,Abyssinian_152_jpg.rf.6d173a4423b620fd1fc26d9eb1872780.jpg,34c23ce4400aca279d5aceb97210a4bd
Data/catdog_dataset4/catdog_dataset4_236/catdog_dataset4_236.jpg,catdog_dataset4_236.jpg,catdog_dataset4,Abyssinian_152_jpg.rf.6e32c93479ff87184b1e94314fdf7fa9.jpg,9ac23353f59a82161a252df46ea30651
Data/catdog_dataset4/catdog_dataset4_237/catdog_dataset4_237.jpg,catdog_dataset4_237.jpg,catdog_dataset4,Abyssinian_153_jpg.rf.275ce3c8e0c7bc7df142f561811fe0b6.jpg,d5b08cb442f77746a93149d40cfb493e
Data/catdog_dataset4/catdog_dataset4_238/catdog_dataset4_238.jpg,catdog_dataset4_238.jpg,catdog_dataset4,Abyssinian_153_jpg.rf.4a162797ebc631ea831f85ed5ca81841.jpg,ba0fdc33b417080e387b5415c4012c5b
Data/catdog_dataset4/catdog_dataset4_239/catdog_dataset4_239.jpg,catdog_dataset4_239.jpg,catdog_dataset4,Abyssinian_153_jpg.rf.f17ea0b23002b3834d15691473db2599.jpg,eec0921fdb3db0f17da7287446d55c46
Data/catdog_dataset4/catdog_dataset4_24/catdog_dataset4_24.jpg,catdog_dataset4_24.jpg,catdog_dataset4,Birman_140_jpg.rf.c437ea4d2786478e7ac2ede2f798bdb7.jpg,550d8beb33028ef1af3d25e29831f8b8
Data/catdog_dataset4/catdog_dataset4_240/catdog_dataset4_240.jpg,catdog_dataset4_240.jpg,catdog_dataset4,Abyssinian_157_jpg.rf.3220b438a2f4f9f61c6ca607b9a3fb75.jpg,b6246a43e81cb9fb6f8dbd8ffe5fa5d2
Data/catdog_dataset4/catdog_dataset4_241/catdog_dataset4_241.jpg,catdog_dataset4_241.jpg,catdog_dataset4,Abyssinian_157_jpg.rf.891512b2555b8e5720b6d7410da0d928.jpg,fe6125d48621f9686e55bc5a464f5133
Data/catdog_dataset4/catdog_dataset4_242/catdog_dataset4_242.jpg,catdog_dataset4_242.jpg,catdog_dataset4,Abyssinian_157_jpg.rf.f6cd97a90d359e013515e74ccb0a00c3.jpg,8d0900d5a0846973986d8ee9197091dc
Data/catdog_dataset4/catdog_dataset4_243/catdog_dataset4_243.jpg,catdog_dataset4_243.jpg,catdog_dataset4,Abyssinian_158_jpg.rf.770c9cd9ddaece781317de5b10457b0c.jpg,206fefcc9ce8ae55f91ab450e9fc214d
Data/catdog_dataset4/catdog_dataset4_244/catdog_dataset4_244.jpg,catdog_dataset4_244.jpg,catdog_dataset4,Abyssinian_158_jpg.rf.d286006bb86d0d22233d3bc673c62957.jpg,d006ab485aeeb78fc7c8946cacbdd080
Data/catdog_dataset4/catdog_dataset4_245/catdog_dataset4_245.jpg,catdog_dataset4_245.jpg,catdog_dataset4,Abyssinian_158_jpg.rf.ec0c04e625a649576d53f5d07f13d233.jpg,3c95b8dfee2e6c042d95e5b56ab168e9
Data/catdog_dataset4/catdog_dataset4_246/catdog_dataset4_246.jpg,catdog_dataset4_246.jpg,catdog_dataset4,Abyssinian_159_jpg.rf.6b063d070a7b07fb2a8bf6f642222495.jpg,5f8aa8fe7a9409dd08f6f8407994aaf1
Data/catdog_dataset4/catdog_dataset4_247/catdog_dataset4_247.jpg,catdog_dataset4_247.jpg,catdog_dataset4,Abyssinian_159_jpg.rf.897e57b43b063b5f12295ae08a8fa2c5.jpg,790deafe69ddc9821058d5aa7f31b821
Data/catdog_dataset4/catdog_dataset4_248/catdog_dataset4_248.jpg,catdog_dataset4_248.jpg,catdog_dataset4,Abyssinian_159_jpg.rf.e8620e7aa237bf15cddb833fd20e5db0.jpg,534451cbcd2fe554558feeb9c7fedf15
Data/catdog_dataset4/catdog_dataset4_249/catdog_dataset4_249.jpg,catdog_dataset4_249.jpg,catdog_dataset4,Abyssinian_160_jpg.rf.3dcd453ead429d4c8fd5c7be4a99cf74.jpg,21745f6cad3fcb2725cee103b74c7365
Data/catdog_dataset4/catdog_dataset4_25/catdog_dataset4_25.jpg,catdog_dataset4_25.jpg,catdog_dataset4,Birman_143_jpg.rf.6383930d7fef3ce43950872ac90712da.jpg,012f7f254c6e9414aaec11c6ec0c3ff6
Data/catdog_dataset4/catdog_dataset4_250/catdog_dataset4_250.jpg,catdog_dataset4_250.jpg,catdog_dataset4,Abyssinian_160_jpg.rf.ab25b7f281e914f57e73e50e24de5bda.jpg,fc76c32b2416da3bd7bf077da7767b10
Data/catdog_dataset4/catdog_dataset4_251/catdog_dataset4_251.jpg,catdog_dataset4_251.jpg,catdog_dataset4,Abyssinian_160_jpg.rf.ce209303ed4384b536ad116a8866ff41.jpg,f99598eb33968c91156ea15a4e09aa76
Data/catdog_dataset4/catdog_dataset4_252/catdog_dataset4_252.jpg,catdog_dataset4_252.jpg,catdog_dataset4,Abyssinian_161_jpg.rf.25b93e472200ce0e2537c58bb2364c80.jpg,7f3316e921460120163e74a2d0073176
Data/catdog_dataset4/catdog_dataset4_253/catdog_dataset4_253.jpg,catdog_dataset4_253.jpg,catdog_dataset4,Abyssinian_161_jpg.rf.25e97cebb46680b4a40d6b14a2354023.jpg,c2bd25f284033ed7738647ba4d0cd53d
Data/catdog_dataset4/catdog_dataset4_254/catdog_dataset4_254.jpg,catdog_dataset4_254.jpg,catdog_dataset4,Abyssinian_161_jpg.rf.44ca1910468d6661073cd03b379ddcbc.jpg,d24020c659e06c258a818322192ec718
Data/catdog_dataset4/catdog_dataset4_255/catdog_dataset4_255.jpg,catdog_dataset4_255.jpg,catdog_dataset4,Abyssinian_165_jpg.rf.5bf4ac6428a50299b9f1d741d44ff22d.jpg,06b2d8ef2633f548ba1a96b235ba6e52
Data/catdog_dataset4/catdog_dataset4_256/catdog_dataset4_256.jpg,catdog_dataset4_256.jpg,catdog_dataset4,Abyssinian_165_jpg.rf.a1fecc2c8dbfe94e91511ef2e15c42bd.jpg,b468828c42d2dfa2354b7fbe355ea3bb
Data/catdog_dataset4/catdog_dataset4_257/catdog_dataset4_257.jpg,catdog_dataset4_257.jpg,catdog_dataset4,Abyssinian_165_jpg.rf.ad3dac8ad126810edf3aa1d9481c470c.jpg,ae01e3f6205fd1176573d588f0aa85ba
Data/catdog_dataset4/catdog_dataset4_258/catdog_dataset4_258.jpg,catdog_dataset4_258.jpg,catdog_dataset4,Abyssinian_167_jpg.rf.352c9b8e08d8d804d08c10468cd5ab35.jpg,5f7e363d1910ce136700911c1e2ff5c7
Data/catdog_dataset4/catdog_dataset4_259/catdog_dataset4_259.jpg,catdog_dataset4_259.jpg,catdog_dataset4,Abyssinian_167_jpg.rf.5a428c77d6012f55bbc60bc3c3a0c047.jpg,3ede7f027ccbbea0f84cab38cf7ea4c0
Data/catdog_dataset4/catdog_dataset4_26/catdog_dataset4_26.jpg,catdog_dataset4_26.jpg,catdog_dataset4,Birman_144_jpg.rf.3f25173f8fbcb930fa2c315ed8d1fc11.jpg,e4e62e4e3231d9dee9e013e644799026
Data/catdog_dataset4/catdog_dataset4_260/catdog_dataset4_260.jpg,catdog_dataset4_260.jpg,catdog_dataset4,Abyssinian_167_jpg.rf.d68fa6c8fa9cfea86bc3ba85db666f3e.jpg,ff4a44e19875dfc3ac26774285eb3939
Data/catdog_dataset4/catdog_dataset4_261/catdog_dataset4_261.jpg,catdog_dataset4_261.jpg,catdog_dataset4,Abyssinian_168_jpg.rf.0a1dab4e84c81e9d1f32eb9dc17c7fec.jpg,08ccdf9318bc0113d813a8cc0675c5be
Data/catdog_dataset4/catdog_dataset4_262/catdog_dataset4_262.jpg,catdog_dataset4_262.jpg,catdog_dataset4,Abyssinian_168_jpg.rf.55b837e85198e5b0729c41c215a5e55b.jpg,1e4b0c961275fc8c1b06a055f064b5aa
Data/catdog_dataset4/catdog_dataset4_263/catdog_dataset4_263.jpg,catdog_dataset4_263.jpg,catdog_dataset4,Abyssinian_168_jpg.rf.e7fba34d7ccc755102fcdf1d55495579.jpg,47d3b1c610a0a74d740ae3488ba939e9
Data/catdog_dataset4/catdog_dataset4_264/catdog_dataset4_264.jpg,catdog_dataset4_264.jpg,catdog_dataset4,Abyssinian_169_jpg.rf.4e17506a44cc6159588d1239b0fde23e.jpg,13f8426d49a5c05df1a622306c119f4e
Data/catdog_dataset4/catdog_dataset4_265/catdog_dataset4_265.jpg,catdog_dataset4_265.jpg,catdog_dataset4,Abyssinian_169_jpg.rf.7e0b5c5d4f4c2f24a5f53e8fcc6e95e1.jpg,0f134afdeb80d0d70d72688c86e25837
Data/catdog_dataset4/catdog_dataset4_266/catdog_dataset4_266.jpg,catdog_dataset4_266.jpg,catdog_dataset4,Abyssinian_169_jpg.rf.cad67df9255ce874d25205c9214ee68a.jpg,5d94e2e612a9f5b92ac2f300e752674e
Data/catdog_dataset4/catdog_dataset4_267/catdog_dataset4_267.jpg,catdog_dataset4_267.jpg,catdog_dataset4,Abyssinian_16_jpg.rf.4a7c7d58a255e61d35b21dcf0166ad7a.jpg,47aa4180da6b4992032fb8fdcd2c5240
Data/catdog_dataset4/catdog_dataset4_268/catdog_dataset4_268.jpg,catdog_dataset4_268.jpg,catdog_dataset4,Abyssinian_16_jpg.rf.55e56bd7300399b95e326768bcf2c1a9.jpg,c124bc485ba4f31cbabadd6277132575
Data/catdog_dataset4/catdog_dataset4_269/catdog_dataset4_269.jpg,catdog_dataset4_269.jpg,catdog_dataset4,Abyssinian_16_jpg.rf.a00b3888284b43c62a1eed505a198044.jpg,330e239a993161b79dcb1f9f067f53d6
Data/catdog_dataset4/catdog_dataset4_27/catdog_dataset4_27.jpg,catdog_dataset4_27.jpg,catdog_dataset4,Birman_146_jpg.rf.6655f7b5e680c98a1137b682b43faf74.jpg,9703b3a81b20d5886652ca6850cfa6a2
Data/catdog_dataset4/catdog_dataset4_270/catdog_dataset4_270.jpg,catdog_dataset4_270.jpg,catdog_dataset4,Abyssinian_170_jpg.rf.265da87bcf6c2b6b160a64c68ac2732b.jpg,235ea5188437029187c6925ca536f296
Data/catdog_dataset4/catdog_dataset4_271/catdog_dataset4_271.jpg,catdog_dataset4_271.jpg,catdog_dataset4,Abyssinian_170_jpg.rf.2f47b926245e7dcdda64b760d1662517.jpg,2645a6de7a20c73029bafbbc701f4e32
Data/catdog_dataset4/catdog_dataset4_272/catdog_dataset4_272.jpg,catdog_dataset4_272.jpg,catdog_dataset4,Abyssinian_170_jpg.rf.fae0bb1d4acedf80f507935892b907c9.jpg,8f5f8acb244fb0e27403e24fd1fd2bf4
Data/catdog_dataset4/catdog_dataset4_273/catdog_dataset4_273.jpg,catdog_dataset4_273.jpg,catdog_dataset4,Abyssinian_172_jpg.rf.5d3b1562787a773961d505515ced935d.jpg,7a8ae5f97bd256508130f34910c8822e
Data/catdog_dataset4/catdog_dataset4_274/catdog_dataset4_274.jpg,catdog_dataset4_274.jpg,catdog_dataset4,Abyssinian_172_jpg.rf.a9f26cc35c683d69c9c5e6b9b09707e7.jpg,2cd49966bc013bf2c5964e43400c85f6
Data/catdog_dataset4/catdog_dataset4_275/catdog_dataset4_275.jpg,catdog_dataset4_275.jpg,catdog_dataset4,Abyssinian_172_jpg.rf.fde2d16a450caaf126bc640a1d95ddc8.jpg,ed0a219cc7a4a87df543053ead44931c
Data/catdog_dataset4/catdog_dataset4_276/catdog_dataset4_276.jpg,catdog_dataset4_276.jpg,catdog_dataset4,Abyssinian_173_jpg.rf.81abaecb4969150f3f3cebbcc74a651f.jpg,19e73e29f48050ce153f394e3c02ce89
Data/catdog_dataset4/catdog_dataset4_277/catdog_dataset4_277.jpg,catdog_dataset4_277.jpg,catdog_dataset4,Abyssinian_173_jpg.rf.a84bc139eb38910d7836de1deda9edd8.jpg,2910c2dccdbb9333eb1cb50df3aff039
Data/catdog_dataset4/catdog_dataset4_278/catdog_dataset4_278.jpg,catdog_dataset4_278.jpg,catdog_dataset4,Abyssinian_173_jpg.rf.a8ef4cb4abe98a61de2e3c54b412bc88.jpg,1bc3ba94dd1cf4b10886e66c22f941b3
Data/catdog_dataset4/catdog_dataset4_279/catdog_dataset4_279.jpg,catdog_dataset4_279.jpg,catdog_dataset4,Abyssinian_174_jpg.rf.29ac6c02d49d054839d8f97480e693a5.jpg,0615bd337f07f686d5f9e472d5a81658
Data/catdog_dataset4/catdog_dataset4_28/catdog_dataset4_28.jpg,catdog_dataset4_28.jpg,catdog_dataset4,Birman_15_jpg.rf.89ce2929fe541c9346d9ccf13892b7cb.jpg,031612fd760ef4953aa7d35cd8b629d7
Data/catdog_dataset4/catdog_dataset4_280/catdog_dataset4_280.jpg,catdog_dataset4_280.jpg,catdog_dataset4,Abyssinian_174_jpg.rf.76218620e3f40de27b2d5839422246d8.jpg,af0c690ae9c27eb1287117715e16f296
Data/catdog_dataset4/catdog_dataset4_281/catdog_dataset4_281.jpg,catdog_dataset4_281.jpg,catdog_dataset4,Abyssinian_174_jpg.rf.b9ff74b100e4fead744f8c12623334bf.jpg,5cd23bda2ef6e6f69be4539d2c2b5764
Data/catdog_dataset4/catdog_dataset4_282/catdog_dataset4_282.jpg,catdog_dataset4_282.jpg,catdog_dataset4,Abyssinian_176_jpg.rf.5a8559b12de45ac90acdfbb6b69cbc16.jpg,5305bb9c8c8496758e43d89de6874827
Data/catdog_dataset4/catdog_dataset4_283/catdog_dataset4_283.jpg,catdog_dataset4_283.jpg,catdog_dataset4,Abyssinian_176_jpg.rf.8ed5b2bada167f0d03a412820280db4f.jpg,b253d0800bd707bd9a778b69df83dd6a
Data/catdog_dataset4/catdog_dataset4_284/catdog_dataset4_284.jpg,catdog_dataset4_284.jpg,catdog_dataset4,Abyssinian_176_jpg.rf.b9513f1fa5ca8f87f6b170d03d3fa5c5.jpg,d137d564fa36e6a7643ecca022e34df2
Data/catdog_dataset4/catdog_dataset4_285/catdog_dataset4_285.jpg,catdog_dataset4_285.jpg,catdog_dataset4,Abyssinian_177_jpg.rf.010ccf48557fbf7f3cf733befeefe82e.jpg,08780e71d30197b670317c7511124a92
Data/catdog_dataset4/catdog_dataset4_286/catdog_dataset4_286.jpg,catdog_dataset4_286.jpg,catdog_dataset4,Abyssinian_177_jpg.rf.3affb10059a35830ee17672ce484dc94.jpg,cae6ebda7b3681b8e2cdb6f55f77705a
Data/catdog_dataset4/catdog_dataset4_287/catdog_dataset4_287.jpg,catdog_dataset4_287.jpg,catdog_dataset4,Abyssinian_177_jpg.rf.3e8ae5cbef629e7e30d953bdd6cee0f7.jpg,a8766d5bdb8df24d62784f1a79a43586
Data/catdog_dataset4/catdog_dataset4_288/catdog_dataset4_288.jpg,catdog_dataset4_288.jpg,catdog_dataset4,Abyssinian_178_jpg.rf.2453a32c3b14f41e2b942de754815200.jpg,9ca314b54ac59e38b6eeeeb863781ce3
Data/catdog_dataset4/catdog_dataset4_289/catdog_dataset4_289.jpg,catdog_dataset4_289.jpg,catdog_dataset4,Abyssinian_178_jpg.rf.376daa90f1f70474a524bbc2797eddb5.jpg,799160de067c4ea4d7b432e0c6bb1df7
Data/catdog_dataset4/catdog_dataset4_29/catdog_dataset4_29.jpg,catdog_dataset4_29.jpg,catdog_dataset4,Birman_170_jpg.rf.00b38f07131cd122f023155f980511b4.jpg,f056ae523a6daf00a320f249be7f4390
Data/catdog_dataset4/catdog_dataset4_290/catdog_dataset4_290.jpg,catdog_dataset4_290.jpg,catdog_dataset4,Abyssinian_178_jpg.rf.7cf4936c7a6bb1c9f4ab0c3074d1b3b1.jpg,3bdeb49df4724e9f9b7926451f77c65f
Data/catdog_dataset4/catdog_dataset4_291/catdog_dataset4_291.jpg,catdog_dataset4_291.jpg,catdog_dataset4,Abyssinian_17_jpg.rf.445509e2e7d967af21b91a61b5bd2e6b.jpg,b7187ff15c2e177f33b266d80da6aafa
Data/catdog_dataset4/catdog_dataset4_292/catdog_dataset4_292.jpg,catdog_dataset4_292.jpg,catdog_dataset4,Abyssinian_17_jpg.rf.7ba610e1f1c255a6ee09dcd4266e34ba.jpg,f8c1e85a289ebdbf4802cfc2f69b504a
Data/catdog_dataset4/catdog_dataset4_293/catdog_dataset4_293.jpg,catdog_dataset4_293.jpg,catdog_dataset4,Abyssinian_17_jpg.rf.8ea33e31480c3d47a8e6d9e9f96172d7.jpg,b1de639fe08bce7d30fb84a5c685355f
Data/catdog_dataset4/catdog_dataset4_294/catdog_dataset4_294.jpg,catdog_dataset4_294.jpg,catdog_dataset4,Abyssinian_180_jpg.rf.2e13339462e1d4730194311ce8b358a4.jpg,f0bb8bc878d90d6f10d0284ec61448bc
Data/catdog_dataset4/catdog_dataset4_295/catdog_dataset4_295.jpg,catdog_dataset4_295.jpg,catdog_dataset4,Abyssinian_180_jpg.rf.4f54493aff283cb51f2795f9a2575c34.jpg,25dcec1d935a48acfbd4ca71400516b4
Data/catdog_dataset4/catdog_dataset4_296/catdog_dataset4_296.jpg,catdog_dataset4_296.jpg,catdog_dataset4,Abyssinian_180_jpg.rf.61eadee50db12c15441fa75198264a4b.jpg,eeda16adce2e64b680c5f207512fdf70
Data/catdog_dataset4/catdog_dataset4_297/catdog_dataset4_297.jpg,catdog_dataset4_297.jpg,catdog_dataset4,Abyssinian_181_jpg.rf.cffa4de8e90504b6d0645fd189df1610.jpg,1125d3837b5ce7a741c7c55a6b948134
Data/catdog_dataset4/catdog_dataset4_298/catdog_dataset4_298.jpg,catdog_dataset4_298.jpg,catdog_dataset4,Abyssinian_181_jpg.rf.e05277171a3fad5b873c6349add36498.jpg,a872bbd423353cbc7ab8fb3e7818c69f
Data/catdog_dataset4/catdog_dataset4_299/catdog_dataset4_299.jpg,catdog_dataset4_299.jpg,catdog_dataset4,Abyssinian_181_jpg.rf.fb34187113dff5b750c3f695114d38a4.jpg,804e5528d90a7fffa049d141fdfbb980
Data/catdog_dataset4/catdog_dataset4_3/catdog_dataset4_3.jpg,catdog_dataset4_3.jpg,catdog_dataset4,Abyssinian_120_jpg.rf.80bcc9fe8c68856e1526564af903e123.jpg,db55ac30dbcf6b58a92a02149074cb46
Data/catdog_dataset4/catdog_dataset4_30/catdog_dataset4_30.jpg,catdog_dataset4_30.jpg,catdog_dataset4,Birman_174_jpg.rf.de2402e865e9d7cf5001f3b36a5173c3.jpg,eb0e223c3aeca66538f20bb0006adb04
Data/catdog_dataset4/catdog_dataset4_300/catdog_dataset4_300.jpg,catdog_dataset4_300.jpg,catdog_dataset4,Abyssinian_182_jpg.rf.15c0ef0cd5faf7035045daea09fda7eb.jpg,79be611e0a00c0ef6f887e93dcf88946
Data/catdog_dataset4/catdog_dataset4_301/catdog_dataset4_301.jpg,catdog_dataset4_301.jpg,catdog_dataset4,Abyssinian_182_jpg.rf.b0d262e8c8ea14844d1341167b5c46d6.jpg,194e1929a947fa496cbf0a57ddd96569
Data/catdog_dataset4/catdog_dataset4_302/catdog_dataset4_302.jpg,catdog_dataset4_302.jpg,catdog_dataset4,Abyssinian_182_jpg.rf.c293bc6082d7d77c4090b5270a419aef.jpg,fc1fad988b363f0765eb6f38be4aaf09
Data/catdog_dataset4/catdog_dataset4_303/catdog_dataset4_303.jpg,catdog_dataset4_303.jpg,catdog_dataset4,Abyssinian_18_jpg.rf.b9b97bd04239d7a66b07010b0756a8af.jpg,87cc714e361390b9675e13bd103fed42
Data/catdog_dataset4/catdog_dataset4_304/catdog_dataset4_304.jpg,catdog_dataset4_304.jpg,catdog_dataset4,Abyssinian_18_jpg.rf.b9ccf452d401a1164267e1d989e78b7a.jpg,99a523512ea70d0e3b6527cd5b82e5ed
Data/catdog_dataset4/catdog_dataset4_305/catdog_dataset4_305.jpg,catdog_dataset4_305.jpg,catdog_dataset4,Abyssinian_18_jpg.rf.f5a3513d401dd46d5768965b37f4c991.jpg,d3ecbaa4b9830ecda2473f03c1b2bd4c
Data/catdog_dataset4/catdog_dataset4_306/catdog_dataset4_306.jpg,catdog_dataset4_306.jpg,catdog_dataset4,Abyssinian_191_jpg.rf.353182a2ccd9dace0814f18237989cf2.jpg,b0b485f6840606f311afe6ff94d54c38
Data/catdog_dataset4/catdog_dataset4_307/catdog_dataset4_307.jpg,catdog_dataset4_307.jpg,catdog_dataset4,Abyssinian_191_jpg.rf.67ff88f224e9925482fff0f5c52dac41.jpg,fb9e0fbee93b6bc6e53e32293a9fb0e8
Data/catdog_dataset4/catdog_dataset4_308/catdog_dataset4_308.jpg,catdog_dataset4_308.jpg,catdog_dataset4,Abyssinian_191_jpg.rf.e655efc18729c9824967639beb17b435.jpg,337bc8b7d863b0442b21934ec026df43
Data/catdog_dataset4/catdog_dataset4_309/catdog_dataset4_309.jpg,catdog_dataset4_309.jpg,catdog_dataset4,Abyssinian_192_jpg.rf.106985750ab08934e0fbf251a7520319.jpg,606ed2840e70f3ecea2d26f56873e90b
Data/catdog_dataset4/catdog_dataset4_31/catdog_dataset4_31.jpg,catdog_dataset4_31.jpg,catdog_dataset4,Birman_186_jpg.rf.c3cea1472c6ff772f381c7c4c1f24137.jpg,793c75aba8a58cbde517352803717b55
Data/catdog_dataset4/catdog_dataset4_310/catdog_dataset4_310.jpg,catdog_dataset4_310.jpg,catdog_dataset4,Abyssinian_192_jpg.rf.74a1f6abdc1d746c757ffcd914c81a29.jpg,1952b83d16bb580fd1fa5be69f6c6d59
Data/catdog_dataset4/catdog_dataset4_311/catdog_dataset4_311.jpg,catdog_dataset4_311.jpg,catdog_dataset4,Abyssinian_192_jpg.rf.d67340a87fe29989f4b8285546f92a9a.jpg,c5a06af2d6b20775238910f852b75796
Data/catdog_dataset4/catdog_dataset4_312/catdog_dataset4_312.jpg,catdog_dataset4_312.jpg,catdog_dataset4,Abyssinian_193_jpg.rf.a469b98bf4d98ffe331a5d5b73b7cc22.jpg,8a376048cc4183c752f580518b233967
Data/catdog_dataset4/catdog_dataset4_313/catdog_dataset4_313.jpg,catdog_dataset4_313.jpg,catdog_dataset4,Abyssinian_193_jpg.rf.d22e9dc63fec5e86244a619c6e34ec31.jpg,648da2d0cb6c92860fc760e0ffe6fc9f
Data/catdog_dataset4/catdog_dataset4_314/catdog_dataset4_314.jpg,catdog_dataset4_314.jpg,catdog_dataset4,Abyssinian_193_jpg.rf.e24692bd6a86bef2340a407dbba59ee3.jpg,ad558ed293d446d492255f9e53771713
Data/catdog_dataset4/catdog_dataset4_315/catdog_dataset4_315.jpg,catdog_dataset4_315.jpg,catdog_dataset4,Abyssinian_195_jpg.rf.889c15c2c5e17ec000de6430b4263c6d.jpg,bc9eb1350dc69c2f2aceda210bbc438a
Data/catdog_dataset4/catdog_dataset4_316/catdog_dataset4_316.jpg,catdog_dataset4_316.jpg,catdog_dataset4,Abyssinian_195_jpg.rf.afe95798b4058b5a2c10362fd63db5c7.jpg,194941884011d89eec38e4e95dc5b0d8
Data/catdog_dataset4/catdog_dataset4_317/catdog_dataset4_317.jpg,catdog_dataset4_317.jpg,catdog_dataset4,Abyssinian_195_jpg.rf.d2311e9d95b7bfe53d492dfbf7fcc986.jpg,a8937ffd20f37350ef5d5359305bcc8e
Data/catdog_dataset4/catdog_dataset4_318/catdog_dataset4_318.jpg,catdog_dataset4_318.jpg,catdog_dataset4,Abyssinian_196_jpg.rf.3e8f145c997dc831c9f46b50f318eaf6.jpg,4d9af5d7fdc895fb3e635b736f5cf853
Data/catdog_dataset4/catdog_dataset4_319/catdog_dataset4_319.jpg,catdog_dataset4_319.jpg,catdog_dataset4,Abyssinian_196_jpg.rf.82f6a3ee306efb34f1b651c5b301b2b8.jpg,1c0004fdf9278a4ffd6e51770d006660
Data/catdog_dataset4/catdog_dataset4_32/catdog_dataset4_32.jpg,catdog_dataset4_32.jpg,catdog_dataset4,Bombay_101_jpg.rf.86ac0f19e6214ff0da42b6b0d9314265.jpg,9af6d3c4ed638e2353bd6e22c1fc7f0a
Data/catdog_dataset4/catdog_dataset4_320/catdog_dataset4_320.jpg,catdog_dataset4_320.jpg,catdog_dataset4,Abyssinian_196_jpg.rf.fb399d93831e2073550fde100ed141f7.jpg,a85b65406c48ac85ecc3d1f3e74b9862
Data/catdog_dataset4/catdog_dataset4_321/catdog_dataset4_321.jpg,catdog_dataset4_321.jpg,catdog_dataset4,Abyssinian_1_jpg.rf.84a6c4185c55c3f4c437d5d2c4859fd1.jpg,897e84231e191adfee23c90b61d94226
Data/catdog_dataset4/catdog_dataset4_322/catdog_dataset4_322.jpg,catdog_dataset4_322.jpg,catdog_dataset4,Abyssinian_1_jpg.rf.f06785eb8901e9bc8e2bd121c84e91ab.jpg,5c0ef3118bb0dba411061e8bd19f7722
Data/catdog_dataset4/catdog_dataset4_323/catdog_dataset4_323.jpg,catdog_dataset4_323.jpg,catdog_dataset4,Abyssinian_1_jpg.rf.f814b3ee1552bcda87c16a1721b17ddd.jpg,0ef276af0aed63a37dc11cd8b00cd8c7
Data/catdog_dataset4/catdog_dataset4_324/catdog_dataset4_324.jpg,catdog_dataset4_324.jpg,catdog_dataset4,Bengal_100_jpg.rf.69321e2abc4aca54061823fc5013d60a.jpg,42bb250d13bd74fbc612d73a4079d2ce
Data/catdog_dataset4/catdog_dataset4_325/catdog_dataset4_325.jpg,catdog_dataset4_325.jpg,catdog_dataset4,Bengal_100_jpg.rf.770f4bd59a978a4edc3f9ea29c39bc84.jpg,8079fc7e6fe9308ecc6c4b03fb629278
Data/catdog_dataset4/catdog_dataset4_326/catdog_dataset4_326.jpg,catdog_dataset4_326.jpg,catdog_dataset4,Bengal_100_jpg.rf.98b8bcef443b714551f6997cff91fa49.jpg,f9bfd8849838bae0f4cf80b00e93c472
Data/catdog_dataset4/catdog_dataset4_327/catdog_dataset4_327.jpg,catdog_dataset4_327.jpg,catdog_dataset4,Bengal_102_jpg.rf.139a4ea475da9ac56cc3e2619251199a.jpg,896141e6d9e9ef4ddb3fa7e0d389fc1a
Data/catdog_dataset4/catdog_dataset4_328/catdog_dataset4_328.jpg,catdog_dataset4_328.jpg,catdog_dataset4,Bengal_102_jpg.rf.2003b53783e4af6619df7c310ad7917a.jpg,f43c9a24ef5c0c4b5cdadf6481e2776e
Data/catdog_dataset4/catdog_dataset4_329/catdog_dataset4_329.jpg,catdog_dataset4_329.jpg,catdog_dataset4,Bengal_102_jpg.rf.72a91133297c31db68f8a1dc68a75eb5.jpg,6442489c4251d9f24105cbf313356321
Data/catdog_dataset4/catdog_dataset4_33/catdog_dataset4_33.jpg,catdog_dataset4_33.jpg,catdog_dataset4,Bombay_102_jpg.rf.6eb6c39424bd6537105f3cb6d799c5d9.jpg,167e07e5b38da780146c8f846decaa59
Data/catdog_dataset4/catdog_dataset4_330/catdog_dataset4_330.jpg,catdog_dataset4_330.jpg,catdog_dataset4,Bengal_103_jpg.rf.077594b6876897ad122764e2b3fe1301.jpg,1bbd7396628f91ce70b450ffd05652f1
Data/catdog_dataset4/catdog_dataset4_331/catdog_dataset4_331.jpg,catdog_dataset4_331.jpg,catdog_dataset4,Bengal_103_jpg.rf.8a18c430b99a3b0bbf39d55cc2f10375.jpg,114c33fb39cfaf066c1721f079cac297
Data/catdog_dataset4/catdog_dataset4_332/catdog_dataset4_332.jpg,catdog_dataset4_332.jpg,catdog_dataset4,Bengal_103_jpg.rf.9a48c98f6efd3ecaee54aac0893b5e16.jpg,a8c1c1eaa6e12e5b34e3194ea6c8b9c8
Data/catdog_dataset4/catdog_dataset4_333/catdog_dataset4_333.jpg,catdog_dataset4_333.jpg,catdog_dataset4,Bengal_105_jpg.rf.4d66f7a80c3c75b2cbed650a769a03cc.jpg,7bc81deb707a822841f5f975bb21568b
Data/catdog_dataset4/catdog_dataset4_334/catdog_dataset4_334.jpg,catdog_dataset4_334.jpg,catdog_dataset4,Bengal_105_jpg.rf.d4dad55462361543ac9151b25b2a964f.jpg,128c8d635dfb0aaeffdd51744661e472
Data/catdog_dataset4/catdog_dataset4_335/catdog_dataset4_335.jpg,catdog_dataset4_335.jpg,catdog_dataset4,Bengal_105_jpg.rf.f73e8806b2ec0e535a584e502032013e.jpg,fbd878060d923446ac321ea110884101
Data/catdog_dataset4/catdog_dataset4_336/catdog_dataset4_336.jpg,catdog_dataset4_336.jpg,catdog_dataset4,Bengal_106_jpg.rf.5d42f5f910e5e99a544d4b4f710c487e.jpg,2542652fd466a2aa8302b744c425a8d6
Data/catdog_dataset4/catdog_dataset4_337/catdog_dataset4_337.jpg,catdog_dataset4_337.jpg,catdog_dataset4,Bengal_106_jpg.rf.71f967126fb97ec058167c2e7f97cb33.jpg,9947a711677d5af109d2bb4a2d30b76c
Data/catdog_dataset4/catdog_dataset4_338/catdog_dataset4_338.jpg,catdog_dataset4_338.jpg,catdog_dataset4,Bengal_106_jpg.rf.e5dcd5cde80faf62b7fdd70d17decc28.jpg,ddefa1e15a9475a2fc499db60a713e35
Data/catdog_dataset4/catdog_dataset4_339/catdog_dataset4_339.jpg,catdog_dataset4_339.jpg,catdog_dataset4,Bengal_107_jpg.rf.4f8804b88dd4f48ce0c1c35899da1285.jpg,ce9000e0bc599fc7a8fac52d604ddd45
Data/catdog_dataset4/catdog_dataset4_34/catdog_dataset4_34.jpg,catdog_dataset4_34.jpg,catdog_dataset4,Bombay_109_jpg.rf.bf40fdf33123a33239b2d22f5df0af5a.jpg,d32ead00bb2c82e2f52d96a08998e335
Data/catdog_dataset4/catdog_dataset4_340/catdog_dataset4_340.jpg,catdog_dataset4_340.jpg,catdog_dataset4,Bengal_107_jpg.rf.84a5cc70980e89e081e4893d716a2ebf.jpg,49f1ec0ab239d0828ea89fc985caeabb
Data/catdog_dataset4/catdog_dataset4_341/catdog_dataset4_341.jpg,catdog_dataset4_341.jpg,catdog_dataset4,Bengal_107_jpg.rf.87db208c28412fc0abb22b7c07f7ce4d.jpg,4c2e20bc06b24db35cbe4ccbc67af8ba
Data/catdog_dataset4/catdog_dataset4_342/catdog_dataset4_342.jpg,catdog_dataset4_342.jpg,catdog_dataset4,Bengal_109_jpg.rf.30ccd3f160512f744e778ded3be39141.jpg,34963c3902ab7a9ed294c2c36a3d0a6a
Data/catdog_dataset4/catdog_dataset4_343/catdog_dataset4_343.jpg,catdog_dataset4_343.jpg,catdog_dataset4,Bengal_109_jpg.rf.9ea7bbb2711afbe732612298032d3823.jpg,6b45287907c1f7f0943160dc1e6fb5ee
Data/catdog_dataset4/catdog_dataset4_344/catdog_dataset4_344.jpg,catdog_dataset4_344.jpg,catdog_dataset4,Bengal_109_jpg.rf.ea0c1d9c04d7eb7f82ab0a4d61ab63b6.jpg,ad1594ef241353e9ecc2ad7d65a37985
Data/catdog_dataset4/catdog_dataset4_345/catdog_dataset4_345.jpg,catdog_dataset4_345.jpg,catdog_dataset4,Bengal_10_jpg.rf.43d817da9b6e0676c50b2e5d6cddfb62.jpg,9fb0e776ec599fff50a5323d37d101ab
Data/catdog_dataset4/catdog_dataset4_346/catdog_dataset4_346.jpg,catdog_dataset4_346.jpg,catdog_dataset4,Bengal_10_jpg.rf.4fd9a4eb67ce4a0f5ff9c8258cf932de.jpg,ac42bd278da744f34d400b04fcb71ee2
Data/catdog_dataset4/catdog_dataset4_347/catdog_dataset4_347.jpg,catdog_dataset4_347.jpg,catdog_dataset4,Bengal_10_jpg.rf.782ecc0ce657033cf55fc9f62dfd1c49.jpg,3b1343ba0ff949d44d60ec11431fb9c1
Data/catdog_dataset4/catdog_dataset4_348/catdog_dataset4_348.jpg,catdog_dataset4_348.jpg,catdog_dataset4,Bengal_110_jpg.rf.2f752e630a486a1eb7f1e02e69bd3c5c.jpg,65bbe876b97efb2a952e2a686e1a9ee8
Data/catdog_dataset4/catdog_dataset4_349/catdog_dataset4_349.jpg,catdog_dataset4_349.jpg,catdog_dataset4,Bengal_110_jpg.rf.3fd14eb1d3a34b1a74531b49f53fad7e.jpg,4eb2a45e0721e679845a3f324b6c181a
Data/catdog_dataset4/catdog_dataset4_35/catdog_dataset4_35.jpg,catdog_dataset4_35.jpg,catdog_dataset4,Bombay_10_jpg.rf.71f0a24f4b249996bd69b0d30a46064a.jpg,c76619df4e114eda7833d77e1999480a
Data/catdog_dataset4/catdog_dataset4_350/catdog_dataset4_350.jpg,catdog_dataset4_350.jpg,catdog_dataset4,Bengal_110_jpg.rf.75fb303682480d79a84a05fa7c4a3616.jpg,7c8f762009ed4c3a6259620b130401e6
Data/catdog_dataset4/catdog_dataset4_351/catdog_dataset4_351.jpg,catdog_dataset4_351.jpg,catdog_dataset4,Bengal_113_jpg.rf.0c06662f27b07bec284b095265b8dd2d.jpg,882a265907d89203e1866889c9578ac2
Data/catdog_dataset4/catdog_dataset4_352/catdog_dataset4_352.jpg,catdog_dataset4_352.jpg,catdog_dataset4,Bengal_113_jpg.rf.94061d1638c79fad84defc9b399ee4c8.jpg,7a5b27e7052df1bb5691b5c3419be203
Data/catdog_dataset4/catdog_dataset4_353/catdog_dataset4_353.jpg,catdog_dataset4_353.jpg,catdog_dataset4,Bengal_113_jpg.rf.f7e3bb7038430b05db405ab70190e274.jpg,de329049a82c6862032be9802d94d75e
Data/catdog_dataset4/catdog_dataset4_354/catdog_dataset4_354.jpg,catdog_dataset4_354.jpg,catdog_dataset4,Bengal_114_jpg.rf.17691456f626429b85f67e9d8d582b55.jpg,d31334946dd5e034ccbfcd99660de54d
Data/catdog_dataset4/catdog_dataset4_355/catdog_dataset4_355.jpg,catdog_dataset4_355.jpg,catdog_dataset4,Bengal_114_jpg.rf.6aa5c368da5afe3fa2b86894c4285313.jpg,53d15fb110d0813ad65baa5197393f75
Data/catdog_dataset4/catdog_dataset4_356/catdog_dataset4_356.jpg,catdog_dataset4_356.jpg,catdog_dataset4,Bengal_114_jpg.rf.d5dc32002485b38110a86f8a191421b4.jpg,c1da9ebb669359ae05b02fd3be1961b5
Data/catdog_dataset4/catdog_dataset4_357/catdog_dataset4_357.jpg,catdog_dataset4_357.jpg,catdog_dataset4,Bengal_116_jpg.rf.32ab40380f504ee0ce520fd1d7a18083.jpg,5756e6fcdec5d687629277268eb69212
Data/catdog_dataset4/catdog_dataset4_358/catdog_dataset4_358.jpg,catdog_dataset4_358.jpg,catdog_dataset4,Bengal_116_jpg.rf.94dff63987d687ad38c3ed87a4134805.jpg,b1b4b4271d28ae7b343e537fef1686f9
Data/catdog_dataset4/catdog_dataset4_359/catdog_dataset4_359.jpg,catdog_dataset4_359.jpg,catdog_dataset4,Bengal_116_jpg.rf.c093bf01194b764357d2177710fe3ee6.jpg,d18ed85a147893baed9e939590bbd7c7
Data/catdog_dataset4/catdog_dataset4_36/catdog_dataset4_36.jpg,catdog_dataset4_36.jpg,catdog_dataset4,Bombay_113_jpg.rf.17aeeaea38d3a65ce38a04ffcf2972a9.jpg,3b09516e010d9fd4154758ad57c3ddba
Data/catdog_dataset4/catdog_dataset4_360/catdog_dataset4_360.jpg,catdog_dataset4_360.jpg,catdog_dataset4,Bengal_118_jpg.rf.1385c040eeb488c17ba110c695dc1e2d.jpg,aa9574ef888c0d9539b9add228d66c5a
Data/catdog_dataset4/catdog_dataset4_361/catdog_dataset4_361.jpg,catdog_dataset4_361.jpg,catdog_dataset4,Bengal_118_jpg.rf.26daf486bf477729e8d761f333f9976f.jpg,28cde58c2c14c82a12b67c2e6d6679b6
Data/catdog_dataset4/catdog_dataset4_362/catdog_dataset4_362.jpg,catdog_dataset4_362.jpg,catdog_dataset4,Bengal_118_jpg.rf.b91a52453ef1f649f418c73a4ccd6099.jpg,48e2f3e1d947e9c29467b183aee2070e
Data/catdog_dataset4/catdog_dataset4_363/catdog_dataset4_363.jpg,catdog_dataset4_363.jpg,catdog_dataset4,Bengal_119_jpg.rf.50e19579a8f2af7da82475e129a52c94.jpg,763da8d17e4aeab359591cb785a734ad
Data/catdog_dataset4/catdog_dataset4_364/catdog_dataset4_364.jpg,catdog_dataset4_364.jpg,catdog_dataset4,Bengal_119_jpg.rf.e884a01841ab4cd2448351647dff751f.jpg,8554003878d9bc8c3df50eea6422c4fa
Data/catdog_dataset4/catdog_dataset4_365/catdog_dataset4_365.jpg,catdog_dataset4_365.jpg,catdog_dataset4,Bengal_119_jpg.rf.eae2972d598ce31548da481e1181d288.jpg,0d5c39ed703680b1f26fc6c641f2ca58
Data/catdog_dataset4/catdog_dataset4_366/catdog_dataset4_366.jpg,catdog_dataset4_366.jpg,catdog_dataset4,Bengal_11_jpg.rf.127aabc8e339dd541edf71551cd43a6f.jpg,4ed6936555ad393bd9ca39b5af719d97
Data/catdog_dataset4/catdog_dataset4_367/catdog_dataset4_367.jpg,catdog_dataset4_367.jpg,catdog_dataset4,Bengal_11_jpg.rf.71865061845b0b7bf80a690907ca72ad.jpg,a21b1c35de83119a61f60d9cc114c226
Data/catdog_dataset4/catdog_dataset4_368/catdog_dataset4_368.jpg,catdog_dataset4_368.jpg,catdog_dataset4,Bengal_11_jpg.rf.c5407ad4d5f01d061bb4d7e225085821.jpg,488134001ffee120b5918d5b5d2cd2c6
Data/catdog_dataset4/catdog_dataset4_369/catdog_dataset4_369.jpg,catdog_dataset4_369.jpg,catdog_dataset4,Bengal_120_jpg.rf.121084497eb80ca1a9e74e7ea2eea161.jpg,bd969c7a74084c7cca6eb98fed2d689f
Data/catdog_dataset4/catdog_dataset4_37/catdog_dataset4_37.jpg,catdog_dataset4_37.jpg,catdog_dataset4,Bombay_119_jpg.rf.51a20168e8a9df92846b964f9a878d05.jpg,b43e44051a6798a41cb90b7733f3cd7f
Data/catdog_dataset4/catdog_dataset4_370/catdog_dataset4_370.jpg,catdog_dataset4_370.jpg,catdog_dataset4,Bengal_120_jpg.rf.812a6204f6643b57c36affe110140514.jpg,78f4383555b95fdeb206e7c3709de61a
Data/catdog_dataset4/catdog_dataset4_371/catdog_dataset4_371.jpg,catdog_dataset4_371.jpg,catdog_dataset4,Bengal_120_jpg.rf.81ec1f614a054b07b02ab24458d89329.jpg,c202b67bf7900f4792a0fd10734cbd80
Data/catdog_dataset4/catdog_dataset4_372/catdog_dataset4_372.jpg,catdog_dataset4_372.jpg,catdog_dataset4,Bengal_121_jpg.rf.28f0ddbc5e46f4339cd48b74f09afa61.jpg,0c08bd01ace09c8a755fd0d71e0a9dd8
Data/catdog_dataset4/catdog_dataset4_373/catdog_dataset4_373.jpg,catdog_dataset4_373.jpg,catdog_dataset4,Bengal_121_jpg.rf.41689ec452f75504eebf5ddcd9d5f70a.jpg,5f296bcf919166f162f827103905dddd
Data/catdog_dataset4/catdog_dataset4_374/catdog_dataset4_374.jpg,catdog_dataset4_374.jpg,catdog_dataset4,Bengal_121_jpg.rf.430f5ab25df6434f1a17326d30300177.jpg,bad49fb708632216a8398a5963305bf2
Data/catdog_dataset4/catdog_dataset4_375/catdog_dataset4_375.jpg,catdog_dataset4_375.jpg,catdog_dataset4,Bengal_122_jpg.rf.221b28f430e7eec5ee7b048efb25e119.jpg,7cdc02faf516c8b0674b56633d126731
Data/catdog_dataset4/catdog_dataset4_376/catdog_dataset4_376.jpg,catdog_dataset4_376.jpg,catdog_dataset4,Bengal_122_jpg.rf.361db6d0393e69658676bc68687fb0e1.jpg,1639bc5b0922984053570e40bcf7437e
Data/catdog_dataset4/catdog_dataset4_377/catdog_dataset4_377.jpg,catdog_dataset4_377.jpg,catdog_dataset4,Bengal_122_jpg.rf.ce01f9f971659c4266c1f0e564fe989b.jpg,cdb2d4801d0ff8814c4bea9f6d7610d9
Data/catdog_dataset4/catdog_dataset4_378/catdog_dataset4_378.jpg,catdog_dataset4_378.jpg,catdog_dataset4,Bengal_123_jpg.rf.063875a2ff9683c94cfb45a323242a56.jpg,97aefbf69e90b247e234613b26ac47ae
Data/catdog_dataset4/catdog_dataset4_379/catdog_dataset4_379.jpg,catdog_dataset4_379.jpg,catdog_dataset4,Bengal_123_jpg.rf.67afce492a3058316705a1a609bcb67f.jpg,ce3840ecba6e5427e96c4da9cc371860
Data/catdog_dataset4/catdog_dataset4_38/catdog_dataset4_38.jpg,catdog_dataset4_38.jpg,catdog_dataset4,Bombay_120_jpg.rf.a3faf2afcfe6566e0142e6a65653bc67.jpg,67575438dc14efc7835bd975288177ee
Data/catdog_dataset4/catdog_dataset4_380/catdog_dataset4_380.jpg,catdog_dataset4_380.jpg,catdog_dataset4,Bengal_123_jpg.rf.e6f9ae5765cec1e1e09bbe185df344bc.jpg,4e94389612d4df327c29b4d2b7c38ef4
Data/catdog_dataset4/catdog_dataset4_381/catdog_dataset4_381.jpg,catdog_dataset4_381.jpg,catdog_dataset4,Bengal_124_jpg.rf.94f6d4684934b3e62a56feec6d2e85a8.jpg,3d3d49ed7a7a2824b55901e336943623
Data/catdog_dataset4/catdog_dataset4_382/catdog_dataset4_382.jpg,catdog_dataset4_382.jpg,catdog_dataset4,Bengal_124_jpg.rf.db38d31fe42deed42d606667e164a9db.jpg,65e81ee1bcb69bba95303578eb2cbbe5
Data/catdog_dataset4/catdog_dataset4_383/catdog_dataset4_383.jpg,catdog_dataset4_383.jpg,catdog_dataset4,Bengal_124_jpg.rf.f08280533927653f4fa15e4336bffc16.jpg,55dd5d8e4292de59ed95a864c94c0f1c
Data/catdog_dataset4/catdog_dataset4_384/catdog_dataset4_384.jpg,catdog_dataset4_384.jpg,catdog_dataset4,Bengal_126_jpg.rf.2131fcf85c9f538d58f9a02af4594ac5.jpg,e2a2f289053ed37144c0868f315a22c1
Data/catdog_dataset4/catdog_dataset4_385/catdog_dataset4_385.jpg,catdog_dataset4_385.jpg,catdog_dataset4,Bengal_126_jpg.rf.c2f26656c5a42c798a56d8aaaaf9add4.jpg,78517073d632468a8f037b05104aa68c
Data/catdog_dataset4/catdog_dataset4_386/catdog_dataset4_386.jpg,catdog_dataset4_386.jpg,catdog_dataset4,Bengal_126_jpg.rf.cd47a7eb7ab3c534171dad88951b1a74.jpg,acd419758aef593d4af409bf5d4615ff
Data/catdog_dataset4/catdog_dataset4_387/catdog_dataset4_387.jpg,catdog_dataset4_387.jpg,catdog_dataset4,Bengal_130_jpg.rf.0c16b37209fafa869b5abdd5edec41d0.jpg,65522f136404647e0311fd38bd65d283
Data/catdog_dataset4/catdog_dataset4_388/catdog_dataset4_388.jpg,catdog_dataset4_388.jpg,catdog_dataset4,Bengal_130_jpg.rf.22de097bc432abe2d0023b48a8d5985c.jpg,a41a2f1d9b306ebab0a2db5b61a31d8a
Data/catdog_dataset4/catdog_dataset4_389/catdog_dataset4_389.jpg,catdog_dataset4_389.jpg,catdog_dataset4,Bengal_130_jpg.rf.434fcbceab34356865a2fffb70e93209.jpg,a3699deede15c0b8fed4aa5c48118217
Data/catdog_dataset4/catdog_dataset4_39/catdog_dataset4_39.jpg,catdog_dataset4_39.jpg,catdog_dataset4,Bombay_151_jpg.rf.a76e66280716535d2c86a05110d13f6b.jpg,49f8a336c12337c37694d612b7633ee9
Data/catdog_dataset4/catdog_dataset4_390/catdog_dataset4_390.jpg,catdog_dataset4_390.jpg,catdog_dataset4,Bengal_131_jpg.rf.94464c3139f2a757d7ba3ace299f8122.jpg,c86acee8cdeb1993fb3eb76ce1484793
Data/catdog_dataset4/catdog_dataset4_391/catdog_dataset4_391.jpg,catdog_dataset4_391.jpg,catdog_dataset4,Bengal_131_jpg.rf.9bcb3c3b2d742a110ca56b407a283bc0.jpg,88cac75e71bfc891ab1132009ffc7714
Data/catdog_dataset4/catdog_dataset4_392/catdog_dataset4_392.jpg,catdog_dataset4_392.jpg,catdog_dataset4,Bengal_131_jpg.rf.d03c6cac8a3704b7000ace50f5c8b806.jpg,6ff427cf3d0cbaa3ebbace8a6e6b27b5
Data/catdog_dataset4/catdog_dataset4_393/catdog_dataset4_393.jpg,catdog_dataset4_393.jpg,catdog_dataset4,Bengal_132_jpg.rf.2463b8de488ba09ee3f451c2b8097098.jpg,9203c50672a9e61eb8b6d1b30aa6b174
Data/catdog_dataset4/catdog_dataset4_394/catdog_dataset4_394.jpg,catdog_dataset4_394.jpg,catdog_dataset4,Bengal_132_jpg.rf.66a224730850dd74650f468995b0ed8b.jpg,0879f970a0523c0076efe2043a5121c8
Data/catdog_dataset4/catdog_dataset4_395/catdog_dataset4_395.jpg,catdog_dataset4_395.jpg,catdog_dataset4,Bengal_132_jpg.rf.7f7702d21ea12987515013061daaa9c0.jpg,6eb9e5e43926d2d707ef921ca32b98a9
Data/catdog_dataset4/catdog_dataset4_396/catdog_dataset4_396.jpg,catdog_dataset4_396.jpg,catdog_dataset4,Bengal_133_jpg.rf.02bf543813f07b655eeae38022d51670.jpg,6510103b3baab19d49fbe9084db7ab49
Data/catdog_dataset4/catdog_dataset4_397/catdog_dataset4_397.jpg,catdog_dataset4_397.jpg,catdog_dataset4,Bengal_133_jpg.rf.533fb4c5d25e7559685eecfa2fa59083.jpg,09bea465eef6e4c880f7bfdac4740fbe
Data/catdog_dataset4/catdog_dataset4_398/catdog_dataset4_398.jpg,catdog_dataset4_398.jpg,catdog_dataset4,Bengal_133_jpg.rf.54db59938ad14ab665838922b0fe80b8.jpg,2e62f53ccf3d25275103547fd23a1f17
Data/catdog_dataset4/catdog_dataset4_399/catdog_dataset4_399.jpg,catdog_dataset4_399.jpg,catdog_dataset4,Bengal_135_jpg.rf.60c44b49fb2a4c87bc9d16d090003da8.jpg,f696b0832d03fe99d77368a7b2c82a8a
Data/catdog_dataset4/catdog_dataset4_4/catdog_dataset4_4.jpg,catdog_dataset4_4.jpg,catdog_dataset4,Abyssinian_122_jpg.rf.56c8ec424ad81d6da35ec4d95ebaf6cf.jpg,26391894786e2a320d6e222f5dd0b63b
Data/catdog_dataset4/catdog_dataset4_40/catdog_dataset4_40.jpg,catdog_dataset4_40.jpg,catdog_dataset4,Bombay_160_jpg.rf.a9bb2aafbcdd65be21a03ac471636a35.jpg,76e6a33cc9edaaaf273ca89cd959208b
Data/catdog_dataset4/catdog_dataset4_400/catdog_dataset4_400.jpg,catdog_dataset4_400.jpg,catdog_dataset4,Bengal_135_jpg.rf.6b3822d48706a0e3122bcac8b0c37f27.jpg,73d1502d3b75455d55ff5e95ff286e02
Data/catdog_dataset4/catdog_dataset4_401/catdog_dataset4_401.jpg,catdog_dataset4_401.jpg,catdog_dataset4,Bengal_135_jpg.rf.808d8ac6e06e343e4df59c61924f02ab.jpg,5fcc2e1f7cc17b39678418225d9f6063
Data/catdog_dataset4/catdog_dataset4_402/catdog_dataset4_402.jpg,catdog_dataset4_402.jpg,catdog_dataset4,Bengal_139_jpg.rf.24014e5b20cb6d2b667b3e79f7d8e176.jpg,d995d91f411c17dba615904762a14630
Data/catdog_dataset4/catdog_dataset4_403/catdog_dataset4_403.jpg,catdog_dataset4_403.jpg,catdog_dataset4,Bengal_139_jpg.rf.3d4586e3a692f9bfcb299bc7a9c135b8.jpg,687705ea20acf08b474aa80aec3ecb53
Data/catdog_dataset4/catdog_dataset4_404/catdog_dataset4_404.jpg,catdog_dataset4_404.jpg,catdog_dataset4,Bengal_139_jpg.rf.bfb48d0c56173471832d845b136a945a.jpg,affbd032d26c520671571454d68c836b
Data/catdog_dataset4/catdog_dataset4_405/catdog_dataset4_405.jpg,catdog_dataset4_405.jpg,catdog_dataset4,Bengal_13_jpg.rf.111b5e5432eb09a4897699963280e2a2.jpg,8e5a1a526ce676505cc03f57e0034163
Data/catdog_dataset4/catdog_dataset4_406/catdog_dataset4_406.jpg,catdog_dataset4_406.jpg,catdog_dataset4,Bengal_13_jpg.rf.bcedc40f9db76aa6a2714dad0bf4865d.jpg,84d21307a33191dd24332f9d41848fc1
Data/catdog_dataset4/catdog_dataset4_407/catdog_dataset4_407.jpg,catdog_dataset4_407.jpg,catdog_dataset4,Bengal_13_jpg.rf.e0c347176dfcf37213d0f70439492b9e.jpg,d1a71fbd589c60204944835afbd0a16a
Data/catdog_dataset4/catdog_dataset4_408/catdog_dataset4_408.jpg,catdog_dataset4_408.jpg,catdog_dataset4,Bengal_140_jpg.rf.4493e5b97cf463dea417a379a41eadd0.jpg,a5433d4d08be26c434c458aba59c5df9
Data/catdog_dataset4/catdog_dataset4_409/catdog_dataset4_409.jpg,catdog_dataset4_409.jpg,catdog_dataset4,Bengal_140_jpg.rf.7982977bc68b04efc58cba71c6ca75af.jpg,ae6ad0373de2adfd8aa4303ee4ab1fed
Data/catdog_dataset4/catdog_dataset4_41/catdog_dataset4_41.jpg,catdog_dataset4_41.jpg,catdog_dataset4,Bombay_167_jpg.rf.3db7e4555c4a8c47afa1e76cf83fa44a.jpg,5f3b4af8a79cbd32ad3f7eccc052e87e
Data/catdog_dataset4/catdog_dataset4_410/catdog_dataset4_410.jpg,catdog_dataset4_410.jpg,catdog_dataset4,Bengal_140_jpg.rf.eeaac3af6cc247f5b056a7f8d1c666f2.jpg,b8b17281ba500fbd9c7d7b4b26b1afbf
Data/catdog_dataset4/catdog_dataset4_411/catdog_dataset4_411.jpg,catdog_dataset4_411.jpg,catdog_dataset4,Bengal_141_jpg.rf.100a15fdf9492c8843ec6c76792d0ece.jpg,b7448d31f9c99720256bcf9378dadd1d
Data/catdog_dataset4/catdog_dataset4_412/catdog_dataset4_412.jpg,catdog_dataset4_412.jpg,catdog_dataset4,Bengal_141_jpg.rf.57fc759137b0881abde35aaf1925f909.jpg,8589187ef075f532cd4751372545f833
Data/catdog_dataset4/catdog_dataset4_413/catdog_dataset4_413.jpg,catdog_dataset4_413.jpg,catdog_dataset4,Bengal_141_jpg.rf.7b9e8a82cb91b39079aab4768ed9ea6a.jpg,bd8f749264cd2bd341208a2a7913091e
Data/catdog_dataset4/catdog_dataset4_414/catdog_dataset4_414.jpg,catdog_dataset4_414.jpg,catdog_dataset4,Bengal_144_jpg.rf.7751477dd5b16fc91a0a6b2076393cae.jpg,19b38ae4989593208675b0ed70ebc63f
Data/catdog_dataset4/catdog_dataset4_415/catdog_dataset4_415.jpg,catdog_dataset4_415.jpg,catdog_dataset4,Bengal_144_jpg.rf.d2ca7beabc1315cb2c249d969d13260d.jpg,b590b4e2018dc2fb96f87ece79e4128e
Data/catdog_dataset4/catdog_dataset4_416/catdog_dataset4_416.jpg,catdog_dataset4_416.jpg,catdog_dataset4,Bengal_144_jpg.rf.db26a396e007c04f4227600fc6243136.jpg,51581a95546aa975549f9d8728167ce9
Data/catdog_dataset4/catdog_dataset4_417/catdog_dataset4_417.jpg,catdog_dataset4_417.jpg,catdog_dataset4,Bengal_147_jpg.rf.2258e31ec8ca9c53dbc919d815aeff90.jpg,f86e82091f7ff720dcb7c98216f03329
Data/catdog_dataset4/catdog_dataset4_418/catdog_dataset4_418.jpg,catdog_dataset4_418.jpg,catdog_dataset4,Bengal_147_jpg.rf.2666eeae9ea12c64dc6ea924091ce802.jpg,6e8767010736db0ca311a408cc22078e
Data/catdog_dataset4/catdog_dataset4_419/catdog_dataset4_419.jpg,catdog_dataset4_419.jpg,catdog_dataset4,Bengal_147_jpg.rf.76a7e4d50e87f0baadbc3ce597ffa3aa.jpg,1abf60ae9851a1c277a6b808861cb794
Data/catdog_dataset4/catdog_dataset4_42/catdog_dataset4_42.jpg,catdog_dataset4_42.jpg,catdog_dataset4,Bombay_174_jpg.rf.66b1727ec45d845f027f2c7c0a7b5433.jpg,ef5015a835fc4baaef14d2320220844d
Data/catdog_dataset4/catdog_dataset4_420/catdog_dataset4_420.jpg,catdog_dataset4_420.jpg,catdog_dataset4,Bengal_148_jpg.rf.5747dca9d1a58fc0aabfa7c7dd02f941.jpg,b3ba9c373767feee2f360cc34a49fe31
Data/catdog_dataset4/catdog_dataset4_421/catdog_dataset4_421.jpg,catdog_dataset4_421.jpg,catdog_dataset4,Bengal_148_jpg.rf.60c665391d57a9e257b0b575c82d2b93.jpg,91927ad87eaed48069fc03c5d6e69b82
Data/catdog_dataset4/catdog_dataset4_422/catdog_dataset4_422.jpg,catdog_dataset4_422.jpg,catdog_dataset4,Bengal_148_jpg.rf.e74f6c5800db37aef2eef803ce2b96e7.jpg,988e47044e455cef14d24d85b6f9ea5d
Data/catdog_dataset4/catdog_dataset4_423/catdog_dataset4_423.jpg,catdog_dataset4_423.jpg,catdog_dataset4,Bengal_14_jpg.rf.29e61598fffcea1e069490e274b17231.jpg,95327af3dd6fd385e900970cb32bb39a
Data/catdog_dataset4/catdog_dataset4_424/catdog_dataset4_424.jpg,catdog_dataset4_424.jpg,catdog_dataset4,Bengal_14_jpg.rf.4e33262bfc6a76e951e2469e38f1e0a5.jpg,c6e736549c04536276b2f493696bde81
Data/catdog_dataset4/catdog_dataset4_425/catdog_dataset4_425.jpg,catdog_dataset4_425.jpg,catdog_dataset4,Bengal_14_jpg.rf.968777e76c0a5f8aae9d12093c228cc6.jpg,48a085def29df047a822dfc96dad6094
Data/catdog_dataset4/catdog_dataset4_426/catdog_dataset4_426.jpg,catdog_dataset4_426.jpg,catdog_dataset4,Bengal_150_jpg.rf.0f47c8914fd49d9b84730bb185d7c148.jpg,9c79afa39a15f97325f600f17dfa4c9c
Data/catdog_dataset4/catdog_dataset4_427/catdog_dataset4_427.jpg,catdog_dataset4_427.jpg,catdog_dataset4,Bengal_150_jpg.rf.17f30055976936aecdef8c885c8e67c7.jpg,8cbbf6a6ba51ded67f7cc590c64935bb
Data/catdog_dataset4/catdog_dataset4_428/catdog_dataset4_428.jpg,catdog_dataset4_428.jpg,catdog_dataset4,Bengal_150_jpg.rf.c2fdeb3f7471671c7f04699f5c18d27a.jpg,1872476fc257990d1c6a4930b8cd0ee6
Data/catdog_dataset4/catdog_dataset4_429/catdog_dataset4_429.jpg,catdog_dataset4_429.jpg,catdog_dataset4,Bengal_151_jpg.rf.0ec6ece5937b72fc06da01c89b7a4161.jpg,7d88220b6a210a4601d53670b2fed2ed
Data/catdog_dataset4/catdog_dataset4_43/catdog_dataset4_43.jpg,catdog_dataset4_43.jpg,catdog_dataset4,Bombay_18_jpg.rf.36cb5a874d1315e65a91621258095a2a.jpg,c2ecc3eeb5fac2fe1ec2fdb3b5e97263
Data/catdog_dataset4/catdog_dataset4_430/catdog_dataset4_430.jpg,catdog_dataset4_430.jpg,catdog_dataset4,Bengal_151_jpg.rf.aaee726dfdefe6038f3a0e7e1d079e36.jpg,3e03b51a145859dc8291ed1e2422e6c0
Data/catdog_dataset4/catdog_dataset4_431/catdog_dataset4_431.jpg,catdog_dataset4_431.jpg,catdog_dataset4,Bengal_151_jpg.rf.efcfefacc9b09748dc2938ef768e19c6.jpg,8bf84291d044a41d694eddf5de039f5c
Data/catdog_dataset4/catdog_dataset4_432/catdog_dataset4_432.jpg,catdog_dataset4_432.jpg,catdog_dataset4,Bengal_152_jpg.rf.89db4031b1bcbcd7b401df6ffdf48947.jpg,eb4e619de8e138c0856c07e4be2b8a43
Data/catdog_dataset4/catdog_dataset4_433/catdog_dataset4_433.jpg,catdog_dataset4_433.jpg,catdog_dataset4,Bengal_152_jpg.rf.dc491052713938eea53fb4da7af3e782.jpg,ba62bf69f5eaef8ede3a79fa805c3e89
Data/catdog_dataset4/catdog_dataset4_434/catdog_dataset4_434.jpg,catdog_dataset4_434.jpg,catdog_dataset4,Bengal_152_jpg.rf.ffa53143a2c0d9702494d1b23d453dce.jpg,83e67d7ffb8dd37f08cddc94a18fc172
Data/catdog_dataset4/catdog_dataset4_435/catdog_dataset4_435.jpg,catdog_dataset4_435.jpg,catdog_dataset4,Bengal_153_jpg.rf.1616d400d8d58817eb3bcf3344d82b01.jpg,27e5f27b39e86a2ac2e5a03b33a40fbc
Data/catdog_dataset4/catdog_dataset4_436/catdog_dataset4_436.jpg,catdog_dataset4_436.jpg,catdog_dataset4,Bengal_153_jpg.rf.8f905769a96552e40b5e0d3373ba9c65.jpg,1415f29f288d4b6dfe724c5f31bbd848
Data/catdog_dataset4/catdog_dataset4_437/catdog_dataset4_437.jpg,catdog_dataset4_437.jpg,catdog_dataset4,Bengal_153_jpg.rf.be7e62d94878274f8595953ad5bbdcdc.jpg,e893ab5ae33f477491968015dfa8e4f2
Data/catdog_dataset4/catdog_dataset4_438/catdog_dataset4_438.jpg,catdog_dataset4_438.jpg,catdog_dataset4,Bengal_155_jpg.rf.2f0780fc82a2f12cda6c62a0734e00ce.jpg,5df1de94e40134697909750e20703dfa
Data/catdog_dataset4/catdog_dataset4_439/catdog_dataset4_439.jpg,catdog_dataset4_439.jpg,catdog_dataset4,Bengal_155_jpg.rf.6b87698dbbcb2f51af02a2d6069bd6ce.jpg,ab9ebc3716c4edee745c46752b55f9fb
Data/catdog_dataset4/catdog_dataset4_44/catdog_dataset4_44.jpg,catdog_dataset4_44.jpg,catdog_dataset4,Bombay_193_jpg.rf.3e88c77bc2092fa06ae9b0bab4dde6ba.jpg,9c3b7ebe6814807e8c0abc602dfeae0f
Data/catdog_dataset4/catdog_dataset4_440/catdog_dataset4_440.jpg,catdog_dataset4_440.jpg,catdog_dataset4,Bengal_155_jpg.rf.bc3bccf230e8ce9ab47275ed19a868c2.jpg,ab0752ec44dbc82e58a7903756d7d5bc
Data/catdog_dataset4/catdog_dataset4_441/catdog_dataset4_441.jpg,catdog_dataset4_441.jpg,catdog_dataset4,Bengal_156_jpg.rf.057982261aa29b239944d291d80ead7f.jpg,80cbbc6e111d1530a59405f771ea73e9
Data/catdog_dataset4/catdog_dataset4_442/catdog_dataset4_442.jpg,catdog_dataset4_442.jpg,catdog_dataset4,Bengal_156_jpg.rf.719c7a5e46a44dfa075679a27a8159e0.jpg,5fee8da5bfe064802c090a6efd65e05e
Data/catdog_dataset4/catdog_dataset4_443/catdog_dataset4_443.jpg,catdog_dataset4_443.jpg,catdog_dataset4,Bengal_156_jpg.rf.a9dbc131ce570338516b453188e3ef74.jpg,b837c3aa8c337094cf0f069f7067feb4
Data/catdog_dataset4/catdog_dataset4_444/catdog_dataset4_444.jpg,catdog_dataset4_444.jpg,catdog_dataset4,Bengal_157_jpg.rf.1ddabc074f5bedfc6b620df6227d2c67.jpg,4e279699f895483efcd0837e2e936a84
Data/catdog_dataset4/catdog_dataset4_445/catdog_dataset4_445.jpg,catdog_dataset4_445.jpg,catdog_dataset4,Bengal_157_jpg.rf.3082b2a6ce09faff6780e4bf518e1e72.jpg,2988f8888deb60017e78e0ba1ad7f405
Data/catdog_dataset4/catdog_dataset4_446/catdog_dataset4_446.jpg,catdog_dataset4_446.jpg,catdog_dataset4,Bengal_157_jpg.rf.4e176ea87c869f0ab8fcb3bb159108b9.jpg,f57e4bb611422cdac4ea2022551c0e70
Data/catdog_dataset4/catdog_dataset4_447/catdog_dataset4_447.jpg,catdog_dataset4_447.jpg,catdog_dataset4,Bengal_158_jpg.rf.45093a0da26a5b2788aaa89b0fb223b0.jpg,86af30e460507c8bd4718a1e839d520f
Data/catdog_dataset4/catdog_dataset4_448/catdog_dataset4_448.jpg,catdog_dataset4_448.jpg,catdog_dataset4,Bengal_158_jpg.rf.dfaee4c5dc6d8cceb480453efa5cd22b.jpg,9959a3b7b0d1f456ac56cbfd00162872
Data/catdog_dataset4/catdog_dataset4_449/catdog_dataset4_449.jpg,catdog_dataset4_449.jpg,catdog_dataset4,Bengal_158_jpg.rf.e1c57d42fa42dc7872d483adb24c3eb3.jpg,64b0976366556fe14b611ce198c68a28
Data/catdog_dataset4/catdog_dataset4_45/catdog_dataset4_45.jpg,catdog_dataset4_45.jpg,catdog_dataset4,British_Shorthair_112_jpg.rf.f3d5f095468c2a848a2efa7d5af741e7.jpg,1265c738a231213574d8bfd969bef682
Data/catdog_dataset4/catdog_dataset4_450/catdog_dataset4_450.jpg,catdog_dataset4_450.jpg,catdog_dataset4,Bengal_15_jpg.rf.14296abad31c24c320f45eefb46bd2b8.jpg,485ad8a83f077f80065b52277d3f6a30
Data/catdog_dataset4/catdog_dataset4_451/catdog_dataset4_451.jpg,catdog_dataset4_451.jpg,catdog_dataset4,Bengal_15_jpg.rf.6e067a9a4ec945b91df1ae83ace67e43.jpg,1400b4c12f923dd7e8a546489f807857
Data/catdog_dataset4/catdog_dataset4_452/catdog_dataset4_452.jpg,catdog_dataset4_452.jpg,catdog_dataset4,Bengal_15_jpg.rf.c3327bb6baf3488b5b70feae39954c97.jpg,83befa7306469e6ad0705ae9b853349d
Data/catdog_dataset4/catdog_dataset4_453/catdog_dataset4_453.jpg,catdog_dataset4_453.jpg,catdog_dataset4,Bengal_161_jpg.rf.7ae3552353e7c14b3a3ee3bb4574b5cd.jpg,a45e2e279ae6ec065bfce101d9e12934
Data/catdog_dataset4/catdog_dataset4_454/catdog_dataset4_454.jpg,catdog_dataset4_454.jpg,catdog_dataset4,Bengal_161_jpg.rf.a41bec62b47ced92b6084f98e9513bee.jpg,42ccad0999deaf7cbe1f64d1b03cb802
Data/catdog_dataset4/catdog_dataset4_455/catdog_dataset4_455.jpg,catdog_dataset4_455.jpg,catdog_dataset4,Bengal_161_jpg.rf.f743d223e006091aa9c4dea5c354949e.jpg,8153c0fc5b59aa92a6c403298da9d35a
Data/catdog_dataset4/catdog_dataset4_456/catdog_dataset4_456.jpg,catdog_dataset4_456.jpg,catdog_dataset4,Bengal_163_jpg.rf.693587f08df763ae012c0fe420d0426d.jpg,9e9d4139dedc988056bdd86619e97333
Data/catdog_dataset4/catdog_dataset4_457/catdog_dataset4_457.jpg,catdog_dataset4_457.jpg,catdog_dataset4,Bengal_163_jpg.rf.afa973b117d4217db826cf95d2e34246.jpg,08a70605c070ea4e5f7264eb1c95dd84
Data/catdog_dataset4/catdog_dataset4_458/catdog_dataset4_458.jpg,catdog_dataset4_458.jpg,catdog_dataset4,Bengal_163_jpg.rf.de0a1d3a02461098a79f88125ceb13bf.jpg,bf7ee96980a2a3ada76354b5a9a147aa
Data/catdog_dataset4/catdog_dataset4_459/catdog_dataset4_459.jpg,catdog_dataset4_459.jpg,catdog_dataset4,Bengal_164_jpg.rf.935b767864f77c28752d66a9fc15e517.jpg,85fb0c9494eea2109f5953c2b6e1eacd
Data/catdog_dataset4/catdog_dataset4_46/catdog_dataset4_46.jpg,catdog_dataset4_46.jpg,catdog_dataset4,British_Shorthair_161_jpg.rf.ad71a09b65ddfc4f83821b2b98e91ba9.jpg,53932507f0999ba46788fb294ca5e428
Data/catdog_dataset4/catdog_dataset4_460/catdog_dataset4_460.jpg,catdog_dataset4_460.jpg,catdog_dataset4,Bengal_164_jpg.rf.d32ba91fd6a3f2fbaaef15b23817e8e5.jpg,abf3a171bc2fe207c7958abdb4126762
Data/catdog_dataset4/catdog_dataset4_461/catdog_dataset4_461.jpg,catdog_dataset4_461.jpg,catdog_dataset4,Bengal_164_jpg.rf.e6dc8585fac19ee19234d6613de3d6a7.jpg,a79baef76436b419382c32f182a9d328
Data/catdog_dataset4/catdog_dataset4_462/catdog_dataset4_462.jpg,catdog_dataset4_462.jpg,catdog_dataset4,Bengal_167_jpg.rf.985f867b86313084adc7546f029f6648.jpg,21635bf0e8c86b510f6b9804e4b80776
Data/catdog_dataset4/catdog_dataset4_463/catdog_dataset4_463.jpg,catdog_dataset4_463.jpg,catdog_dataset4,Bengal_167_jpg.rf.9f0650ab82e0c0cd94cfa1fd914dd0a2.jpg,39f3706b599fb99d1b386946d2344c3b
Data/catdog_dataset4/catdog_dataset4_464/catdog_dataset4_464.jpg,catdog_dataset4_464.jpg,catdog_dataset4,Bengal_167_jpg.rf.b745a891c2e5b2ab5400c02942e945fd.jpg,66324ea36e492e5b97fe98d504b5f68c
Data/catdog_dataset4/catdog_dataset4_465/catdog_dataset4_465.jpg,catdog_dataset4_465.jpg,catdog_dataset4,Bengal_168_jpg.rf.316ee7396e62d71342b4a32bcdf43e12.jpg,566e591f419ef8b7a2c252ba27cbab4f
Data/catdog_dataset4/catdog_dataset4_466/catdog_dataset4_466.jpg,catdog_dataset4_466.jpg,catdog_dataset4,Bengal_168_jpg.rf.6c53f59867b05762da5653238f20bee6.jpg,1e1e9092eba2fadd18e408fc975be256
Data/catdog_dataset4/catdog_dataset4_467/catdog_dataset4_467.jpg,catdog_dataset4_467.jpg,catdog_dataset4,Bengal_168_jpg.rf.7b27027a8e3d1bd9a298db29dfa80e19.jpg,6cdc80df7a7e9fec2d38b90f5cbd5114
Data/catdog_dataset4/catdog_dataset4_468/catdog_dataset4_468.jpg,catdog_dataset4_468.jpg,catdog_dataset4,Bengal_170_jpg.rf.54876d0b219e886730d20394af67d337.jpg,0b6df0150c8e7a62943713da8c2f1ea0
Data/catdog_dataset4/catdog_dataset4_469/catdog_dataset4_469.jpg,catdog_dataset4_469.jpg,catdog_dataset4,Bengal_170_jpg.rf.5fc17dba9925c82f5e676084b4ba8aa3.jpg,a0376eaa31ea450c3d665b9dbf3a8d08
Data/catdog_dataset4/catdog_dataset4_47/catdog_dataset4_47.jpg,catdog_dataset4_47.jpg,catdog_dataset4,British_Shorthair_168_jpg.rf.43d7c331e4c2658668b2e006efaa271b.jpg,f2990d69c2128e9417e9a979914bf5fe
Data/catdog_dataset4/catdog_dataset4_470/catdog_dataset4_470.jpg,catdog_dataset4_470.jpg,catdog_dataset4,Bengal_170_jpg.rf.b07f8b7e6547722afdf836983aa2bffe.jpg,02912c3b7e69c4500815832615f31c78
Data/catdog_dataset4/catdog_dataset4_471/catdog_dataset4_471.jpg,catdog_dataset4_471.jpg,catdog_dataset4,Bengal_171_jpg.rf.40de9e879d34e29e37475751e8adcda6.jpg,69abccd87c016159de8000d50fb8078f
Data/catdog_dataset4/catdog_dataset4_472/catdog_dataset4_472.jpg,catdog_dataset4_472.jpg,catdog_dataset4,Bengal_171_jpg.rf.6be640e5683afce57ad0b558713bdeed.jpg,5247e39d81fc7bc7ee11b4fc09556ac3
Data/catdog_dataset4/catdog_dataset4_473/catdog_dataset4_473.jpg,catdog_dataset4_473.jpg,catdog_dataset4,Bengal_171_jpg.rf.f161ca41601098fd5204ca59c716f84b.jpg,cbf9a89c594b9872c0517355202d71bd
Data/catdog_dataset4/catdog_dataset4_474/catdog_dataset4_474.jpg,catdog_dataset4_474.jpg,catdog_dataset4,Bengal_172_jpg.rf.76615271a6cb8f79bdfde655a1409ac2.jpg,615718a0519d628d5ce987271ab4b088
Data/catdog_dataset4/catdog_dataset4_475/catdog_dataset4_475.jpg,catdog_dataset4_475.jpg,catdog_dataset4,Bengal_172_jpg.rf.7f39d855438b1b311ecd0b6af6aa473e.jpg,48838644f54c21b2d209a9cf3555b680
Data/catdog_dataset4/catdog_dataset4_476/catdog_dataset4_476.jpg,catdog_dataset4_476.jpg,catdog_dataset4,Bengal_172_jpg.rf.d8c18afd614b675c8997833d60ccfd9f.jpg,33bf154d55ba965023d0e135ab840fe1
Data/catdog_dataset4/catdog_dataset4_477/catdog_dataset4_477.jpg,catdog_dataset4_477.jpg,catdog_dataset4,Bengal_175_jpg.rf.a4e5440b20941925d1f667fe3f4d8f8b.jpg,c6173dfea2416df08d700c2a05132da3
Data/catdog_dataset4/catdog_dataset4_478/catdog_dataset4_478.jpg,catdog_dataset4_478.jpg,catdog_dataset4,Bengal_175_jpg.rf.a98962e5c147db6b39e042b0199a9c30.jpg,4d83ecc59e9ac7760e263e5b5201f2f9
Data/catdog_dataset4/catdog_dataset4_479/catdog_dataset4_479.jpg,catdog_dataset4_479.jpg,catdog_dataset4,Bengal_175_jpg.rf.d3982535cacec5c4a1ee7976f7ed6409.jpg,d618c08385e857426d4a95ef176e3cc2
Data/catdog_dataset4/catdog_dataset4_48/catdog_dataset4_48.jpg,catdog_dataset4_48.jpg,catdog_dataset4,British_Shorthair_184_jpg.rf.1ddc9964edce56e77c8542469ede172b.jpg,67d457f87fca9b25a34a5cfcbdece9bc
Data/catdog_dataset4/catdog_dataset4_480/catdog_dataset4_480.jpg,catdog_dataset4_480.jpg,catdog_dataset4,Bengal_177_jpg.rf.537d7b231e4e25511129350cc6720924.jpg,480a540a71e9c2777001b938d284ea8b
Data/catdog_dataset4/catdog_dataset4_481/catdog_dataset4_481.jpg,catdog_dataset4_481.jpg,catdog_dataset4,Bengal_177_jpg.rf.616369f8631e813e605a03370de7450a.jpg,abd1b5008fc22e2e097b700d18f69ef3
Data/catdog_dataset4/catdog_dataset4_482/catdog_dataset4_482.jpg,catdog_dataset4_482.jpg,catdog_dataset4,Bengal_177_jpg.rf.648995c87ae1ab9102d73cddc60e35d7.jpg,d78e0249079a96a8036572f36ad6d062
Data/catdog_dataset4/catdog_dataset4_483/catdog_dataset4_483.jpg,catdog_dataset4_483.jpg,catdog_dataset4,Bengal_178_jpg.rf.04ad0336aa5eb8dfcdbc83f4d72dce22.jpg,267f70a4e4867ef4a7a36ffcd92bc924
Data/catdog_dataset4/catdog_dataset4_484/catdog_dataset4_484.jpg,catdog_dataset4_484.jpg,catdog_dataset4,Bengal_178_jpg.rf.6b833a1487eeb399ba53066f5f478e0c.jpg,2a8f8b1152b01bad4eefb3d813822805
Data/catdog_dataset4/catdog_dataset4_485/catdog_dataset4_485.jpg,catdog_dataset4_485.jpg,catdog_dataset4,Bengal_178_jpg.rf.8824f0e50ab65c8de74410834edd9fb0.jpg,760ee662752c885f68cb00908be57d99
Data/catdog_dataset4/catdog_dataset4_486/catdog_dataset4_486.jpg,catdog_dataset4_486.jpg,catdog_dataset4,Bengal_17_jpg.rf.7099211cc7c99e5e52e5c42bc4416dbe.jpg,c5297c0dbd9f200b88f4d908542f092d
Data/catdog_dataset4/catdog_dataset4_487/catdog_dataset4_487.jpg,catdog_dataset4_487.jpg,catdog_dataset4,Bengal_17_jpg.rf.a4568645c0d9e7d688da9d3d69f34317.jpg,b45334fafc5e574464c24dbd9a21bede
Data/catdog_dataset4/catdog_dataset4_488/catdog_dataset4_488.jpg,catdog_dataset4_488.jpg,catdog_dataset4,Bengal_17_jpg.rf.ba392964b6b11a1f2a8723ba83851f7a.jpg,388aa3f8e50f6848a866bd84b075ebf8
Data/catdog_dataset4/catdog_dataset4_489/catdog_dataset4_489.jpg,catdog_dataset4_489.jpg,catdog_dataset4,Bengal_182_jpg.rf.4acc70d3dd2c233fe8db66c8e5608519.jpg,3116ccf8bf8f8a2ebd761113e62be536
Data/catdog_dataset4/catdog_dataset4_49/catdog_dataset4_49.jpg,catdog_dataset4_49.jpg,catdog_dataset4,British_Shorthair_189_jpg.rf.541845f569c7919a9bb5d7c4c9486414.jpg,fac942bb7cb6f614d260bc376b870f7c
Data/catdog_dataset4/catdog_dataset4_490/catdog_dataset4_490.jpg,catdog_dataset4_490.jpg,catdog_dataset4,Bengal_182_jpg.rf.696b02ecf5a8b995768014e1cd82ad0e.jpg,a8c89ce1f52909501a7d7882838c9bf9
Data/catdog_dataset4/catdog_dataset4_491/catdog_dataset4_491.jpg,catdog_dataset4_491.jpg,catdog_dataset4,Bengal_182_jpg.rf.868deebf69d3b4493893b9027223993d.jpg,1c14d537a580adc4ae9b3da7da43a097
Data/catdog_dataset4/catdog_dataset4_492/catdog_dataset4_492.jpg,catdog_dataset4_492.jpg,catdog_dataset4,Bengal_184_jpg.rf.6d87c0b8e9d9313456254d835eda4b58.jpg,7262792739a9d03b4689246266909ce2
Data/catdog_dataset4/catdog_dataset4_493/catdog_dataset4_493.jpg,catdog_dataset4_493.jpg,catdog_dataset4,Bengal_184_jpg.rf.7b49fbd671736d6cd9595f75cada3c39.jpg,56bc48c36926fee9498aff1425cea899
Data/catdog_dataset4/catdog_dataset4_494/catdog_dataset4_494.jpg,catdog_dataset4_494.jpg,catdog_dataset4,Bengal_184_jpg.rf.fda8290a384e0914ae2992ca2011d7d3.jpg,67cc42062acaf645d89b5e7e4459ba56
Data/catdog_dataset4/catdog_dataset4_495/catdog_dataset4_495.jpg,catdog_dataset4_495.jpg,catdog_dataset4,Bengal_185_jpg.rf.2cd4f6f6c8bab23f673e4cbb5ea2bd11.jpg,33af78ffa40ea683cf5de92b5b754482
Data/catdog_dataset4/catdog_dataset4_496/catdog_dataset4_496.jpg,catdog_dataset4_496.jpg,catdog_dataset4,Bengal_185_jpg.rf.45444e9bebdcc0151c62863152ded28c.jpg,98a7ec8e727c96005b1e17776b018f10
Data/catdog_dataset4/catdog_dataset4_497/catdog_dataset4_497.jpg,catdog_dataset4_497.jpg,catdog_dataset4,Bengal_185_jpg.rf.5f83d0f9b474201a5c9b550d9e83f6a7.jpg,9056346ecf635474fe2ebc26b49e096d
Data/catdog_dataset4/catdog_dataset4_498/catdog_dataset4_498.jpg,catdog_dataset4_498.jpg,catdog_dataset4,Bengal_187_jpg.rf.61d2033cf8be1ebda99b3c4b24599f39.jpg,48ec78e11b51215598f1d0eb5824ba67
Data/catdog_dataset4/catdog_dataset4_499/catdog_dataset4_499.jpg,catdog_dataset4_499.jpg,catdog_dataset4,Bengal_187_jpg.rf.6d0da3812bd5c721144d38f2c6a9113a.jpg,ea9ab9bf730ef6680611f164545bd18b
Data/catdog_dataset4/catdog_dataset4_5/catdog_dataset4_5.jpg,catdog_dataset4_5.jpg,catdog_dataset4,Abyssinian_12_jpg.rf.7189e73ee0da16ba204d9198b133b328.jpg,b7bb7192908b6d97c87be748359a4ae6
Data/catdog_dataset4/catdog_dataset4_50/catdog_dataset4_50.jpg,catdog_dataset4_50.jpg,catdog_dataset4,British_Shorthair_193_jpg.rf.8eae424ad71f704a359bcc56e78132fb.jpg,8d17fc734115a1ca8bc1ed4896b66ae0
Data/catdog_dataset4/catdog_dataset4_500/catdog_dataset4_500.jpg,catdog_dataset4_500.jpg,catdog_dataset4,Bengal_187_jpg.rf.7404c1561e5e8ac5a3ea852d2ffeb955.jpg,8d39017bae905e57839c68e22e1afdaf
Data/catdog_dataset4/catdog_dataset4_501/catdog_dataset4_501.jpg,catdog_dataset4_501.jpg,catdog_dataset4,Bengal_188_jpg.rf.9aacca9d64f17adca01a001e6d1ce7d3.jpg,822fe6e12cb5f8cea321520d9f13b215
Data/catdog_dataset4/catdog_dataset4_502/catdog_dataset4_502.jpg,catdog_dataset4_502.jpg,catdog_dataset4,Bengal_188_jpg.rf.b202b4057377112b42e4f11e072aaef1.jpg,571e4826fafda2681e429089cfa705d8
Data/catdog_dataset4/catdog_dataset4_503/catdog_dataset4_503.jpg,catdog_dataset4_503.jpg,catdog_dataset4,Bengal_188_jpg.rf.bad2a090bbf6dc80d0acb6267e9b7ffd.jpg,668615251434281c341aa88c729882ca
Data/catdog_dataset4/catdog_dataset4_504/catdog_dataset4_504.jpg,catdog_dataset4_504.jpg,catdog_dataset4,Bengal_189_jpg.rf.5e6e45a2edfdbe268194a9836707654c.jpg,954237e3b784223132a3c01fd12a3719
Data/catdog_dataset4/catdog_dataset4_505/catdog_dataset4_505.jpg,catdog_dataset4_505.jpg,catdog_dataset4,Bengal_189_jpg.rf.a655a12e09e374356c35d9385284ed3a.jpg,e01c50eaf55da061887456bdd4a13a8a
Data/catdog_dataset4/catdog_dataset4_506/catdog_dataset4_506.jpg,catdog_dataset4_506.jpg,catdog_dataset4,Bengal_189_jpg.rf.d3eaaab8772d1fe1dd9059a302275a56.jpg,84b50a67b98fcf5be6e166dc929ff2fa
Data/catdog_dataset4/catdog_dataset4_507/catdog_dataset4_507.jpg,catdog_dataset4_507.jpg,catdog_dataset4,Bengal_190_jpg.rf.2926dcb0e872b518f5c9d1c0d17bb41a.jpg,cb4e5bfc7d00afe9906ac1e5b575427e
Data/catdog_dataset4/catdog_dataset4_508/catdog_dataset4_508.jpg,catdog_dataset4_508.jpg,catdog_dataset4,Bengal_190_jpg.rf.a77f55e738e715baf10960ce837c0654.jpg,f5043a34208e5de708b67716a57dbf5d
Data/catdog_dataset4/catdog_dataset4_509/catdog_dataset4_509.jpg,catdog_dataset4_509.jpg,catdog_dataset4,Bengal_190_jpg.rf.d29356d4f2b4eaaaadae5a5ed246c10b.jpg,565e805e05c007f6b38bd6f337245bfc
Data/catdog_dataset4/catdog_dataset4_51/catdog_dataset4_51.jpg,catdog_dataset4_51.jpg,catdog_dataset4,Egyptian_Mau_118_jpg.rf.b3f5f4627452c0a219ade4512326c9db.jpg,e620fdaaa101b1bc7461692bf9398043
Data/catdog_dataset4/catdog_dataset4_510/catdog_dataset4_510.jpg,catdog_dataset4_510.jpg,catdog_dataset4,Bengal_191_jpg.rf.1e7ca7c8863883ecd80d8a8be19e9dea.jpg,5a12555edfd4f10af133349e16b1b734
Data/catdog_dataset4/catdog_dataset4_511/catdog_dataset4_511.jpg,catdog_dataset4_511.jpg,catdog_dataset4,Bengal_191_jpg.rf.31e33395d8627dd58228d23ea0ffae64.jpg,12cd0625b7fa682ef09c9b1d99958442
Data/catdog_dataset4/catdog_dataset4_512/catdog_dataset4_512.jpg,catdog_dataset4_512.jpg,catdog_dataset4,Bengal_191_jpg.rf.4bf2351964a2bf0d72759e89978e8d24.jpg,8702a4f1aaf2cbd958b1753eece6d6a6
Data/catdog_dataset4/catdog_dataset4_513/catdog_dataset4_513.jpg,catdog_dataset4_513.jpg,catdog_dataset4,Birman_100_jpg.rf.162f9d7cd3ba953cf3a17f92de2c4fb6.jpg,d10321d1050a58199ba33855a6a9df8b
Data/catdog_dataset4/catdog_dataset4_514/catdog_dataset4_514.jpg,catdog_dataset4_514.jpg,catdog_dataset4,Birman_100_jpg.rf.3c6a8d2d99f380c5ea75f6e909b20ba0.jpg,7d8713eb36f0c561aad2e1102ce7eaac
Data/catdog_dataset4/catdog_dataset4_515/catdog_dataset4_515.jpg,catdog_dataset4_515.jpg,catdog_dataset4,Birman_100_jpg.rf.e29e92264af0c3a987d79264beba7af6.jpg,ec6fd8a9dcb5fc71cf30d1441c4ac0b1
Data/catdog_dataset4/catdog_dataset4_516/catdog_dataset4_516.jpg,catdog_dataset4_516.jpg,catdog_dataset4,Birman_101_jpg.rf.0051bfca5ea8dba5662bd5241b527209.jpg,67b2ca63a759fb39b4e3ccbae111d4bd
Data/catdog_dataset4/catdog_dataset4_517/catdog_dataset4_517.jpg,catdog_dataset4_517.jpg,catdog_dataset4,Birman_101_jpg.rf.4cef5188a9ea87b4fcbede6cd38a3990.jpg,78abcad3354c49fe5218e761f9d0a82d
Data/catdog_dataset4/catdog_dataset4_518/catdog_dataset4_518.jpg,catdog_dataset4_518.jpg,catdog_dataset4,Birman_101_jpg.rf.80d8f7739872b58f94e11c60d1a4e707.jpg,33b7f5035db1c478251a4f942381a1a4
Data/catdog_dataset4/catdog_dataset4_519/catdog_dataset4_519.jpg,catdog_dataset4_519.jpg,catdog_dataset4,Birman_102_jpg.rf.0dcc81f4e726c99c2336f8795776ef5b.jpg,c65d5f88a70ea7a3ccc634be483c11bb
Data/catdog_dataset4/catdog_dataset4_52/catdog_dataset4_52.jpg,catdog_dataset4_52.jpg,catdog_dataset4,Egyptian_Mau_128_jpg.rf.f5bb3fb6d67c50d28a9ec1f98cc931e2.jpg,9ca1a5c535543c7538d40cc11c6e8182
Data/catdog_dataset4/catdog_dataset4_520/catdog_dataset4_520.jpg,catdog_dataset4_520.jpg,catdog_dataset4,Birman_102_jpg.rf.86c3198423be58c09541a7c90643e447.jpg,51a6f007ca4f985a25b6f9fb3caa87f1
Data/catdog_dataset4/catdog_dataset4_521/catdog_dataset4_521.jpg,catdog_dataset4_521.jpg,catdog_dataset4,Birman_102_jpg.rf.a3dbc18a514a8ae2778922e1f88874e5.jpg,f8e75410abb68305b5ff20732f74ce44
Data/catdog_dataset4/catdog_dataset4_522/catdog_dataset4_522.jpg,catdog_dataset4_522.jpg,catdog_dataset4,Birman_104_jpg.rf.74bdd695e241ce0203cdea278f8100ce.jpg,9b69eca263ee8cf3062becbe87862bda
Data/catdog_dataset4/catdog_dataset4_523/catdog_dataset4_523.jpg,catdog_dataset4_523.jpg,catdog_dataset4,Birman_104_jpg.rf.9948580629c0b64c577c910025925864.jpg,c10c6e7ef9abd58134882a4e98b7be16
Data/catdog_dataset4/catdog_dataset4_524/catdog_dataset4_524.jpg,catdog_dataset4_524.jpg,catdog_dataset4,Birman_104_jpg.rf.fffc2b4accb5ff0dfd7953dd4e17a723.jpg,87cd62aed69362b884c63ee0fe356a08
Data/catdog_dataset4/catdog_dataset4_525/catdog_dataset4_525.jpg,catdog_dataset4_525.jpg,catdog_dataset4,Birman_109_jpg.rf.1c256ca9b0ad8d75ae288dace87cfa42.jpg,22e4312e46906b0dfca0477317583258
Data/catdog_dataset4/catdog_dataset4_526/catdog_dataset4_526.jpg,catdog_dataset4_526.jpg,catdog_dataset4,Birman_109_jpg.rf.a459eb76481493e43d504e0a15b799cb.jpg,871a301b4b68111b16cf7d4dc8cb8bfb
Data/catdog_dataset4/catdog_dataset4_527/catdog_dataset4_527.jpg,catdog_dataset4_527.jpg,catdog_dataset4,Birman_109_jpg.rf.beaf904f55879a02e8f94a717e4bc239.jpg,636b1de908323bcb467fcb168715f632
Data/catdog_dataset4/catdog_dataset4_528/catdog_dataset4_528.jpg,catdog_dataset4_528.jpg,catdog_dataset4,Birman_110_jpg.rf.7fff727162a03e68c17939c9c8e5f570.jpg,56a7a3ff448d82573d6d33446663cfca
Data/catdog_dataset4/catdog_dataset4_529/catdog_dataset4_529.jpg,catdog_dataset4_529.jpg,catdog_dataset4,Birman_110_jpg.rf.bd67f209bd2f9907b54544378bc41b21.jpg,95dd78286859bc038c71198ab4480fba
Data/catdog_dataset4/catdog_dataset4_53/catdog_dataset4_53.jpg,catdog_dataset4_53.jpg,catdog_dataset4,Egyptian_Mau_140_jpg.rf.d54650a100fef21c7ca42a95f6ea85b7.jpg,db68b0e54995db35122ef520549742bf
Data/catdog_dataset4/catdog_dataset4_530/catdog_dataset4_530.jpg,catdog_dataset4_530.jpg,catdog_dataset4,Birman_110_jpg.rf.e4c323ee0a243637aecd4ede5355026b.jpg,7f206421b62d98eb0e4e1f361b28cdfc
Data/catdog_dataset4/catdog_dataset4_531/catdog_dataset4_531.jpg,catdog_dataset4_531.jpg,catdog_dataset4,Birman_111_jpg.rf.c184fc4d7f72be2257cc7ded208d6c97.jpg,f7156744c4a6c99778f38a931a61d077
Data/catdog_dataset4/catdog_dataset4_532/catdog_dataset4_532.jpg,catdog_dataset4_532.jpg,catdog_dataset4,Birman_111_jpg.rf.dd44e2e1d9bded7300f4aad5adfa76ad.jpg,8eec1db9e8cdb5cbcfd3be3bb7c1fda5
Data/catdog_dataset4/catdog_dataset4_533/catdog_dataset4_533.jpg,catdog_dataset4_533.jpg,catdog_dataset4,Birman_111_jpg.rf.fcdc586ef0f737bafc27b16aeffcee0c.jpg,a043004b5e13d3a19049ecf795cd2de2
Data/catdog_dataset4/catdog_dataset4_534/catdog_dataset4_534.jpg,catdog_dataset4_534.jpg,catdog_dataset4,Birman_112_jpg.rf.83b146c80f1a58d2bd8a17d6d4021c5b.jpg,0f5a29edef9a502df331af0a1858ca53
Data/catdog_dataset4/catdog_dataset4_535/catdog_dataset4_535.jpg,catdog_dataset4_535.jpg,catdog_dataset4,Birman_112_jpg.rf.bc568f725530f117a1ffc2006d2ce6e5.jpg,a8b3e79b58d0e816f92d2f1f5f9191a1
Data/catdog_dataset4/catdog_dataset4_536/catdog_dataset4_536.jpg,catdog_dataset4_536.jpg,catdog_dataset4,Birman_112_jpg.rf.f2c2bbfa21588e9b6098a0cd6b4223cd.jpg,a6f707f0098f68f15915a41b838470d0
Data/catdog_dataset4/catdog_dataset4_537/catdog_dataset4_537.jpg,catdog_dataset4_537.jpg,catdog_dataset4,Birman_116_jpg.rf.1c749ba4fb79722f9a133afb6c927698.jpg,99ffbc6a4ff933155216ecaad7de2974
Data/catdog_dataset4/catdog_dataset4_538/catdog_dataset4_538.jpg,catdog_dataset4_538.jpg,catdog_dataset4,Birman_116_jpg.rf.392ade73e3218b82796475bf7db1142d.jpg,3f5a50fea9f053b77096fa455d9fd7d2
Data/catdog_dataset4/catdog_dataset4_539/catdog_dataset4_539.jpg,catdog_dataset4_539.jpg,catdog_dataset4,Birman_116_jpg.rf.6ffd7bee54cc6011fd799fa97f982d90.jpg,f5db80586e5dcd01a62a1252363507e8
Data/catdog_dataset4/catdog_dataset4_54/catdog_dataset4_54.jpg,catdog_dataset4_54.jpg,catdog_dataset4,Egyptian_Mau_151_jpg.rf.fcb5ec4ad6849fb9703da348db68f856.jpg,eeac3e48c114a07cd244a0d0889e3aff
Data/catdog_dataset4/catdog_dataset4_540/catdog_dataset4_540.jpg,catdog_dataset4_540.jpg,catdog_dataset4,Birman_117_jpg.rf.3f03542624bd9ca0e7aade361095f500.jpg,0faccda5c100ceeab8fa5e23440ef021
Data/catdog_dataset4/catdog_dataset4_541/catdog_dataset4_541.jpg,catdog_dataset4_541.jpg,catdog_dataset4,Birman_117_jpg.rf.4d1fe58adcd825797f0627b283587e19.jpg,d777a1691dcde74e6ab2fe78cda68f86
Data/catdog_dataset4/catdog_dataset4_542/catdog_dataset4_542.jpg,catdog_dataset4_542.jpg,catdog_dataset4,Birman_117_jpg.rf.51da7d89ab775a826cd09f332d48c152.jpg,aa7a05568ff1a3f854cd9e43c8585cd7
Data/catdog_dataset4/catdog_dataset4_543/catdog_dataset4_543.jpg,catdog_dataset4_543.jpg,catdog_dataset4,Birman_119_jpg.rf.56cae5f916069fa51062dea9b7dd6608.jpg,b45c589ab4459058bcc3d5849a328b4a
Data/catdog_dataset4/catdog_dataset4_544/catdog_dataset4_544.jpg,catdog_dataset4_544.jpg,catdog_dataset4,Birman_119_jpg.rf.7977ac83286ce8c812cfca9aaef4fa08.jpg,a17622c14ce3c5c958282c37f869b8d8
Data/catdog_dataset4/catdog_dataset4_545/catdog_dataset4_545.jpg,catdog_dataset4_545.jpg,catdog_dataset4,Birman_119_jpg.rf.a2a85ae1a1cb9874bcfea0942c465702.jpg,c9bf6e0fe40dc5814eabcfac63079146
Data/catdog_dataset4/catdog_dataset4_546/catdog_dataset4_546.jpg,catdog_dataset4_546.jpg,catdog_dataset4,Birman_11_jpg.rf.041f812264b4acd616de76e150589bc4.jpg,6d10dcb1a0b29bdbb4f3f07dffcb8712
Data/catdog_dataset4/catdog_dataset4_547/catdog_dataset4_547.jpg,catdog_dataset4_547.jpg,catdog_dataset4,Birman_11_jpg.rf.6383695c02dba4be671d55acded546b3.jpg,52777c5f43400521529f217c9ae20dd4
Data/catdog_dataset4/catdog_dataset4_548/catdog_dataset4_548.jpg,catdog_dataset4_548.jpg,catdog_dataset4,Birman_11_jpg.rf.fa22833241eb5cedfbec5d9364eb8bfd.jpg,e8a99d192c1c59c05374130d789a1655
Data/catdog_dataset4/catdog_dataset4_549/catdog_dataset4_549.jpg,catdog_dataset4_549.jpg,catdog_dataset4,Birman_121_jpg.rf.0d385a2a88d7e3d355be5728b6e60171.jpg,b876ec93b3faa45125947ea316f637a4
Data/catdog_dataset4/catdog_dataset4_55/catdog_dataset4_55.jpg,catdog_dataset4_55.jpg,catdog_dataset4,Egyptian_Mau_162_jpg.rf.743b6d417225a4a5ca46c9c8a1546ac0.jpg,1350d6404fe8948f52d276bf7f31a492
Data/catdog_dataset4/catdog_dataset4_550/catdog_dataset4_550.jpg,catdog_dataset4_550.jpg,catdog_dataset4,Birman_121_jpg.rf.1e1d28965083a3b3fa99eaae61836c1e.jpg,fead64b957fdb0c049e50404984aee71
Data/catdog_dataset4/catdog_dataset4_551/catdog_dataset4_551.jpg,catdog_dataset4_551.jpg,catdog_dataset4,Birman_121_jpg.rf.6b2207ff61607a64831de381de400cae.jpg,ba052d2ec64bb9149bdf4204b1ec2e03
Data/catdog_dataset4/catdog_dataset4_552/catdog_dataset4_552.jpg,catdog_dataset4_552.jpg,catdog_dataset4,Birman_122_jpg.rf.367f748704b316cf33b7bbebd78bd775.jpg,7a27ca614cc953a5a70c3fe124ef36ca
Data/catdog_dataset4/catdog_dataset4_553/catdog_dataset4_553.jpg,catdog_dataset4_553.jpg,catdog_dataset4,Birman_122_jpg.rf.d6d09ec81ca75346877b1a7d44038902.jpg,aa42d1623367d58ea6622604e84d78d3
Data/catdog_dataset4/catdog_dataset4_554/catdog_dataset4_554.jpg,catdog_dataset4_554.jpg,catdog_dataset4,Birman_122_jpg.rf.e7eed24119c9bf3d690406db346d5659.jpg,8ae6b327cdbec8e08b049a081fb73bf4
Data/catdog_dataset4/catdog_dataset4_555/catdog_dataset4_555.jpg,catdog_dataset4_555.jpg,catdog_dataset4,Birman_123_jpg.rf.11014ddf75165db8da26ae797a1c2ba2.jpg,444c4903ce4672e5125f13aa47c9bf61
Data/catdog_dataset4/catdog_dataset4_556/catdog_dataset4_556.jpg,catdog_dataset4_556.jpg,catdog_dataset4,Birman_123_jpg.rf.bb1de10af92759fee92fb8cdd9e2cb94.jpg,ba5c756941703244500f719e2ab8d636
Data/catdog_dataset4/catdog_dataset4_557/catdog_dataset4_557.jpg,catdog_dataset4_557.jpg,catdog_dataset4,Birman_123_jpg.rf.be5f896aa4ac26beaf8a14cfd55c4123.jpg,aee1e2a5ee904a1549e123dd5d5944bb
Data/catdog_dataset4/catdog_dataset4_558/catdog_dataset4_558.jpg,catdog_dataset4_558.jpg,catdog_dataset4,Birman_124_jpg.rf.55263b946948a82f727fe411a80e7986.jpg,df70a7a335800371e2cfe288ef90b963
Data/catdog_dataset4/catdog_dataset4_559/catdog_dataset4_559.jpg,catdog_dataset4_559.jpg,catdog_dataset4,Birman_124_jpg.rf.9a6181c6d56139eb3b2f73e464671f57.jpg,3c065b2eac4205d85167d72fbce2ebbf
Data/catdog_dataset4/catdog_dataset4_56/catdog_dataset4_56.jpg,catdog_dataset4_56.jpg,catdog_dataset4,Egyptian_Mau_168_jpg.rf.cd0c9b36754ae6567f8429c9e561b8f4.jpg,8f1493795f7696356d068f40778f27a8
Data/catdog_dataset4/catdog_dataset4_560/catdog_dataset4_560.jpg,catdog_dataset4_560.jpg,catdog_dataset4,Birman_124_jpg.rf.e29aed769922a8e89986b3ab2eba070a.jpg,07e47ce601bef39d609cbdac46e435f7
Data/catdog_dataset4/catdog_dataset4_561/catdog_dataset4_561.jpg,catdog_dataset4_561.jpg,catdog_dataset4,Birman_125_jpg.rf.0a9d5f77fb9ca078b32449c10319c38f.jpg,2b712d9bcabb55352e9241b426dcde6a
Data/catdog_dataset4/catdog_dataset4_562/catdog_dataset4_562.jpg,catdog_dataset4_562.jpg,catdog_dataset4,Birman_125_jpg.rf.8104bdcc4c89ae19aea10bf2d4716e8b.jpg,6cf8e987a2328a790d72b80188fd02d1
Data/catdog_dataset4/catdog_dataset4_563/catdog_dataset4_563.jpg,catdog_dataset4_563.jpg,catdog_dataset4,Birman_125_jpg.rf.db8cb50c16428b3a6522e9c06886047d.jpg,89f5d0a0489612e72277c6d8cb060022
Data/catdog_dataset4/catdog_dataset4_564/catdog_dataset4_564.jpg,catdog_dataset4_564.jpg,catdog_dataset4,Birman_126_jpg.rf.176ae07ad3b6d16200e0cd5a4ae27ba8.jpg,34411c4d69ed70c4f3cd8f399e2e1671
Data/catdog_dataset4/catdog_dataset4_565/catdog_dataset4_565.jpg,catdog_dataset4_565.jpg,catdog_dataset4,Birman_126_jpg.rf.6ca3aab02a91882f8366ef0c665c2e30.jpg,b1577baf302e533649f003e787ea8539
Data/catdog_dataset4/catdog_dataset4_566/catdog_dataset4_566.jpg,catdog_dataset4_566.jpg,catdog_dataset4,Birman_126_jpg.rf.daa34a0956472250c1fbd93d9b5a670d.jpg,d2fc878850b07b10edeb23dadb443d84
Data/catdog_dataset4/catdog_dataset4_567/catdog_dataset4_567.jpg,catdog_dataset4_567.jpg,catdog_dataset4,Birman_127_jpg.rf.27f8b0764b22bc842ac5ade900d28b6a.jpg,0b2cbdd830db543267db7431cd0d1982
Data/catdog_dataset4/catdog_dataset4_568/catdog_dataset4_568.jpg,catdog_dataset4_568.jpg,catdog_dataset4,Birman_127_jpg.rf.2f34cb710356c9f8e3aaca05459f8c77.jpg,0c55014e79a298f35fb268506ccf206c
Data/catdog_dataset4/catdog_dataset4_569/catdog_dataset4_569.jpg,catdog_dataset4_569.jpg,catdog_dataset4,Birman_127_jpg.rf.eaab2dfb2331e9033516fa7c2f942e40.jpg,84c847d056e07c08fcfbf383a9343869
Data/catdog_dataset4/catdog_dataset4_57/catdog_dataset4_57.jpg,catdog_dataset4_57.jpg,catdog_dataset4,Egyptian_Mau_179_jpg.rf.96de6a370ae2b68fb6af17069dcbf20f.jpg,c8bf2df9fc33d06983ed30352fe957b2
Data/catdog_dataset4/catdog_dataset4_570/catdog_dataset4_570.jpg,catdog_dataset4_570.jpg,catdog_dataset4,Birman_128_jpg.rf.81fdbb5b8fb8ebb69129307a91b991cf.jpg,720fce000dcdfc7205b2de25779a870d
Data/catdog_dataset4/catdog_dataset4_571/catdog_dataset4_571.jpg,catdog_dataset4_571.jpg,catdog_dataset4,Birman_128_jpg.rf.ba303ca007467fa636b13526063e1f2b.jpg,5c3b68d37eb92fd0970463b73f21982f
Data/catdog_dataset4/catdog_dataset4_572/catdog_dataset4_572.jpg,catdog_dataset4_572.jpg,catdog_dataset4,Birman_128_jpg.rf.ee6ab8b586f62c44902e42ad77dfd81c.jpg,5c196a2cb76db15b16b8ba7d365d4886
Data/catdog_dataset4/catdog_dataset4_573/catdog_dataset4_573.jpg,catdog_dataset4_573.jpg,catdog_dataset4,Birman_12_jpg.rf.46b9d222df6f7db14128806a2829c757.jpg,cff60e2d059bd2f113962111e18abbeb
Data/catdog_dataset4/catdog_dataset4_574/catdog_dataset4_574.jpg,catdog_dataset4_574.jpg,catdog_dataset4,Birman_12_jpg.rf.50e6e6ac41017cd499e0d155c6fbbb10.jpg,4a541ca0cf3b0d061f156a6a6b73ef43
Data/catdog_dataset4/catdog_dataset4_575/catdog_dataset4_575.jpg,catdog_dataset4_575.jpg,catdog_dataset4,Birman_12_jpg.rf.fdd99d95b2061148819ae026dc3f1abd.jpg,84a04bfd2a0fdf82c6344d49c3670257
Data/catdog_dataset4/catdog_dataset4_576/catdog_dataset4_576.jpg,catdog_dataset4_576.jpg,catdog_dataset4,Birman_131_jpg.rf.6ea2abb44b538eb1acece94dc5d3f91f.jpg,dd84381ab4d95b21a5e059c3dbd79ca0
Data/catdog_dataset4/catdog_dataset4_577/catdog_dataset4_577.jpg,catdog_dataset4_577.jpg,catdog_dataset4,Birman_131_jpg.rf.8ea5c87a06dd3d45c188a798826e885d.jpg,4a461015fd52762b521de9ad6a92d3b0
Data/catdog_dataset4/catdog_dataset4_578/catdog_dataset4_578.jpg,catdog_dataset4_578.jpg,catdog_dataset4,Birman_131_jpg.rf.a37ef3fdedc2c17f9953da8aed04849b.jpg,d535916da3570c62aead0f6fc1e2b8e2
Data/catdog_dataset4/catdog_dataset4_579/catdog_dataset4_579.jpg,catdog_dataset4_579.jpg,catdog_dataset4,Birman_132_jpg.rf.6e0f37a9dbe77b8fd73d422306a025fe.jpg,4524dfbf3e5b66f43a3a878204deaacf
Data/catdog_dataset4/catdog_dataset4_58/catdog_dataset4_58.jpg,catdog_dataset4_58.jpg,catdog_dataset4,Maine_Coon_105_jpg.rf.795d9e0f0636e378955ba7cb6fb04abd.jpg,5765fd111c70068187fa7e2dea63cd33
Data/catdog_dataset4/catdog_dataset4_580/catdog_dataset4_580.jpg,catdog_dataset4_580.jpg,catdog_dataset4,Birman_132_jpg.rf.b96a91ae3c782d6e4b73447998381106.jpg,7ab52d8bcb98800617728d39a5ea9e06
Data/catdog_dataset4/catdog_dataset4_581/catdog_dataset4_581.jpg,catdog_dataset4_581.jpg,catdog_dataset4,Birman_132_jpg.rf.e7f8b203808f5c90f2b55d44c8f5448f.jpg,ed08fc78dcb64be5354e5c6e87fc93d7
Data/catdog_dataset4/catdog_dataset4_582/catdog_dataset4_582.jpg,catdog_dataset4_582.jpg,catdog_dataset4,Birman_134_jpg.rf.4355e0657ad7ffe13cd7a43b736a188c.jpg,26caf3fe97020b8a536ff5685fc5ff76
Data/catdog_dataset4/catdog_dataset4_583/catdog_dataset4_583.jpg,catdog_dataset4_583.jpg,catdog_dataset4,Birman_134_jpg.rf.ace0edfc547f63e57a4313e22f4d201e.jpg,697f51b080ecc65c46a38c0478f18a68
Data/catdog_dataset4/catdog_dataset4_584/catdog_dataset4_584.jpg,catdog_dataset4_584.jpg,catdog_dataset4,Birman_134_jpg.rf.cebd96e1dd8783180b4b1413625e44d0.jpg,dc4a788ea3367b456685b38946fc89e9
Data/catdog_dataset4/catdog_dataset4_585/catdog_dataset4_585.jpg,catdog_dataset4_585.jpg,catdog_dataset4,Birman_135_jpg.rf.0acc5ae197e5fc76918d3dee294c90dc.jpg,b6dc0c8095b2a1ab395c0bdc1343288a
Data/catdog_dataset4/catdog_dataset4_586/catdog_dataset4_586.jpg,catdog_dataset4_586.jpg,catdog_dataset4,Birman_135_jpg.rf.2248a4d8dab15ab335b1c19c74ad85f5.jpg,b8d487012c39dea59c8ba2f064d08cdb
Data/catdog_dataset4/catdog_dataset4_587/catdog_dataset4_587.jpg,catdog_dataset4_587.jpg,catdog_dataset4,Birman_135_jpg.rf.eb3ea9a83e3ee08614d1d9a9b1bad3f6.jpg,5de3f521463464db35ab60d4fceae29e
Data/catdog_dataset4/catdog_dataset4_588/catdog_dataset4_588.jpg,catdog_dataset4_588.jpg,catdog_dataset4,Birman_136_jpg.rf.04a69b3883e2802d1279ab726a3abf09.jpg,37bbda5d16a47e9064fc26920607d6a5
Data/catdog_dataset4/catdog_dataset4_589/catdog_dataset4_589.jpg,catdog_dataset4_589.jpg,catdog_dataset4,Birman_136_jpg.rf.732c1115953a46351f9f8815ed6f303f.jpg,039846ca9196492fea1e3aa310b769bb
Data/catdog_dataset4/catdog_dataset4_59/catdog_dataset4_59.jpg,catdog_dataset4_59.jpg,catdog_dataset4,Maine_Coon_108_jpg.rf.9ea9fc84346f3ffa88fe7b6f4bfe8850.jpg,5d006e17e0da3458993a9439a8ca2774
Data/catdog_dataset4/catdog_dataset4_590/catdog_dataset4_590.jpg,catdog_dataset4_590.jpg,catdog_dataset4,Birman_136_jpg.rf.f416ac66c585088001dd01100becbf4f.jpg,6ed39e98c61fd3c6f7f5af4ada5b6a15
Data/catdog_dataset4/catdog_dataset4_591/catdog_dataset4_591.jpg,catdog_dataset4_591.jpg,catdog_dataset4,Birman_137_jpg.rf.4eb49be7a1a1eee3c8deefafb035330c.jpg,5818fa14253bacaa6a902fe9fc584981
Data/catdog_dataset4/catdog_dataset4_592/catdog_dataset4_592.jpg,catdog_dataset4_592.jpg,catdog_dataset4,Birman_137_jpg.rf.c8a65bbbe7e6bc0ebb05e8170518bdff.jpg,2e572d07d2bb88acea5817f6376b5c64
Data/catdog_dataset4/catdog_dataset4_593/catdog_dataset4_593.jpg,catdog_dataset4_593.jpg,catdog_dataset4,Birman_137_jpg.rf.fa6a3f9ad2503cefef4d112314fe99fd.jpg,22d83601d0d3af69fd5a9a121ebf1d6d
Data/catdog_dataset4/catdog_dataset4_594/catdog_dataset4_594.jpg,catdog_dataset4_594.jpg,catdog_dataset4,Birman_139_jpg.rf.3de0ee3fe12d03c392c8db0288be0f25.jpg,291abdca6988a43c7963e8ab4ae52f8d
Data/catdog_dataset4/catdog_dataset4_595/catdog_dataset4_595.jpg,catdog_dataset4_595.jpg,catdog_dataset4,Birman_139_jpg.rf.98d89427a1856d13632423696a53b177.jpg,729e521c7d40cac300009556825e5d46
Data/catdog_dataset4/catdog_dataset4_596/catdog_dataset4_596.jpg,catdog_dataset4_596.jpg,catdog_dataset4,Birman_139_jpg.rf.998db435225b0e8674f68509b4f905da.jpg,9229d4887d63594e86ca1841ed13040b
Data/catdog_dataset4/catdog_dataset4_597/catdog_dataset4_597.jpg,catdog_dataset4_597.jpg,catdog_dataset4,Birman_141_jpg.rf.64437e9c70e2a90390e156e858e399f3.jpg,eaed1aacf6d92d9f7384cc16910af245
Data/catdog_dataset4/catdog_dataset4_598/catdog_dataset4_598.jpg,catdog_dataset4_598.jpg,catdog_dataset4,Birman_141_jpg.rf.75de14792285366781db1a8f224bd57e.jpg,2bf6b211c53f3ba1ffd34ec025dc25d7
Data/catdog_dataset4/catdog_dataset4_599/catdog_dataset4_599.jpg,catdog_dataset4_599.jpg,catdog_dataset4,Birman_141_jpg.rf.ccf76a64d7b22a6fa2d8182ba67dfef1.jpg,59581741ab02d2db3f90f87238521d8b
Data/catdog_dataset4/catdog_dataset4_6/catdog_dataset4_6.jpg,catdog_dataset4_6.jpg,catdog_dataset4,Abyssinian_151_jpg.rf.8a8195398e6eb02307e77047316a2c04.jpg,d76e39b99f879dbc0b22a336e489ec53
Data/catdog_dataset4/catdog_dataset4_60/catdog_dataset4_60.jpg,catdog_dataset4_60.jpg,catdog_dataset4,Maine_Coon_115_jpg.rf.fe8d1dfc8b1903a2267e3039c230f542.jpg,ef2a6d2331e67bf8008b2ed9767c1bd2
Data/catdog_dataset4/catdog_dataset4_600/catdog_dataset4_600.jpg,catdog_dataset4_600.jpg,catdog_dataset4,Birman_142_jpg.rf.278208fc5f32120d68a158c72a88fcb0.jpg,9bf931dda994408519da0e25cd0deb6e
Data/catdog_dataset4/catdog_dataset4_601/catdog_dataset4_601.jpg,catdog_dataset4_601.jpg,catdog_dataset4,Birman_142_jpg.rf.a871ed857b0d775eb3765040337758fd.jpg,716366232b48712c6f57d39fef26ba4a
Data/catdog_dataset4/catdog_dataset4_602/catdog_dataset4_602.jpg,catdog_dataset4_602.jpg,catdog_dataset4,Birman_142_jpg.rf.faa07c96a453f1f867b8bdb066deba36.jpg,df66e043a05acbfd6129e7a3180c8d1d
Data/catdog_dataset4/catdog_dataset4_603/catdog_dataset4_603.jpg,catdog_dataset4_603.jpg,catdog_dataset4,Birman_145_jpg.rf.62aa998c3e846a0607f89b9fdb66d490.jpg,d2d466db0b50e7e4445ebe5f3b795a14
Data/catdog_dataset4/catdog_dataset4_604/catdog_dataset4_604.jpg,catdog_dataset4_604.jpg,catdog_dataset4,Birman_145_jpg.rf.66acf4c559af6761de71261daafc2778.jpg,5ec86b3e7e2a8ec3cb53908578fa157a
Data/catdog_dataset4/catdog_dataset4_605/catdog_dataset4_605.jpg,catdog_dataset4_605.jpg,catdog_dataset4,Birman_145_jpg.rf.95c97aa946867528c589d1f026a8df8d.jpg,2d1856b758739387f0d440e356f712cd
Data/catdog_dataset4/catdog_dataset4_606/catdog_dataset4_606.jpg,catdog_dataset4_606.jpg,catdog_dataset4,Birman_147_jpg.rf.6612b5a86906beb874f450c464bf5e33.jpg,9e3a7cc8b3e5b0803feae8bc94014bc6
Data/catdog_dataset4/catdog_dataset4_607/catdog_dataset4_607.jpg,catdog_dataset4_607.jpg,catdog_dataset4,Birman_147_jpg.rf.b4dc12efef5b175af566f752a9d70ac8.jpg,565c567a487b75fb26e50297264a15b2
Data/catdog_dataset4/catdog_dataset4_608/catdog_dataset4_608.jpg,catdog_dataset4_608.jpg,catdog_dataset4,Birman_147_jpg.rf.bb75b52519e454bb97892a4f6be55a91.jpg,cb9750c671d5d347dc2aa9cb4cbc3059
Data/catdog_dataset4/catdog_dataset4_609/catdog_dataset4_609.jpg,catdog_dataset4_609.jpg,catdog_dataset4,Birman_148_jpg.rf.318d0fecad866791870287e8dc02c9c6.jpg,614f5fe324392b01081291fef0ff143d
Data/catdog_dataset4/catdog_dataset4_61/catdog_dataset4_61.jpg,catdog_dataset4_61.jpg,catdog_dataset4,Maine_Coon_121_jpg.rf.3e455b04472cee4ce57bdfeae033236e.jpg,5fd16ca0167c9be3502e5baa1c9303d9
Data/catdog_dataset4/catdog_dataset4_610/catdog_dataset4_610.jpg,catdog_dataset4_610.jpg,catdog_dataset4,Birman_148_jpg.rf.66d3f6c9c44044c00cf4ae5f0559f150.jpg,27c8943986b4ce8f1fbfb8715b5c14cf
Data/catdog_dataset4/catdog_dataset4_611/catdog_dataset4_611.jpg,catdog_dataset4_611.jpg,catdog_dataset4,Birman_148_jpg.rf.cb3a18142b73d0cce91e253879e6608c.jpg,3ef913c364b2a1c9f34793a163a88589
Data/catdog_dataset4/catdog_dataset4_612/catdog_dataset4_612.jpg,catdog_dataset4_612.jpg,catdog_dataset4,Birman_149_jpg.rf.0ad6c9afc70360edf9d0bb8067b43bd6.jpg,24c7009d6e325038558c30ddd9cdb769
Data/catdog_dataset4/catdog_dataset4_613/catdog_dataset4_613.jpg,catdog_dataset4_613.jpg,catdog_dataset4,Birman_149_jpg.rf.1b9d84a4793d5ebe683927e0537d4030.jpg,425fc2726badc2b23a916aa775a943f2
Data/catdog_dataset4/catdog_dataset4_614/catdog_dataset4_614.jpg,catdog_dataset4_614.jpg,catdog_dataset4,Birman_149_jpg.rf.a3158b7975e26f367164284e42bef023.jpg,b8bc1bf5ae7c121df95efce8780dce4a
Data/catdog_dataset4/catdog_dataset4_615/catdog_dataset4_615.jpg,catdog_dataset4_615.jpg,catdog_dataset4,Birman_152_jpg.rf.261c01c88a8423072406d061ae5e8c0e.jpg,7c25c5956fe83b1f07f56aa9de77f529
Data/catdog_dataset4/catdog_dataset4_616/catdog_dataset4_616.jpg,catdog_dataset4_616.jpg,catdog_dataset4,Birman_152_jpg.rf.6929f2b1ccd985b5d497d06d99826689.jpg,5aed7715f983f7283c083bab78ae4a07
Data/catdog_dataset4/catdog_dataset4_617/catdog_dataset4_617.jpg,catdog_dataset4_617.jpg,catdog_dataset4,Birman_152_jpg.rf.ce5ab8f3ed144f097c3c0c40c1a97fd2.jpg,15c20b267c9d096831a150a3784cc072
Data/catdog_dataset4/catdog_dataset4_618/catdog_dataset4_618.jpg,catdog_dataset4_618.jpg,catdog_dataset4,Birman_153_jpg.rf.2864fb556fd254eb320dd9ed0272464b.jpg,ea7d67ae8bd0e6efaabec8cf4151b295
Data/catdog_dataset4/catdog_dataset4_619/catdog_dataset4_619.jpg,catdog_dataset4_619.jpg,catdog_dataset4,Birman_153_jpg.rf.c05819576bb6c737547397259e84deea.jpg,8c3f4e2c4afc3ad3f34ea49db007e343
Data/catdog_dataset4/catdog_dataset4_62/catdog_dataset4_62.jpg,catdog_dataset4_62.jpg,catdog_dataset4,Maine_Coon_124_jpg.rf.3f52d24a8c53e09a2b80d603f43a093c.jpg,229b146ed7782e3c872da0591f91a440
Data/catdog_dataset4/catdog_dataset4_620/catdog_dataset4_620.jpg,catdog_dataset4_620.jpg,catdog_dataset4,Birman_153_jpg.rf.e6f9fdabd4c6dfd0ff34ccb7df8deece.jpg,1a32ed131fcaf6ce0b6ef15dbfbc55e9
Data/catdog_dataset4/catdog_dataset4_621/catdog_dataset4_621.jpg,catdog_dataset4_621.jpg,catdog_dataset4,Birman_154_jpg.rf.091a8f2e86b3d09d6d751f4cce1f5236.jpg,da154e52e4cc37e3a0bf196fa99d8ceb
Data/catdog_dataset4/catdog_dataset4_622/catdog_dataset4_622.jpg,catdog_dataset4_622.jpg,catdog_dataset4,Birman_154_jpg.rf.914f767d9bfff7411b24b78cbd73c6fa.jpg,5992beb8ca6ff40afe65e7e14dc70299
Data/catdog_dataset4/catdog_dataset4_623/catdog_dataset4_623.jpg,catdog_dataset4_623.jpg,catdog_dataset4,Birman_154_jpg.rf.9cd5d36bf684b44f35f9cbded7ba419e.jpg,a59d97a3a5a52650e6d608b242dfdd34
Data/catdog_dataset4/catdog_dataset4_624/catdog_dataset4_624.jpg,catdog_dataset4_624.jpg,catdog_dataset4,Birman_155_jpg.rf.69d0bd7d989c9dcd75016658007b8a79.jpg,2e1927cb4499cec72f54f58376199cbe
Data/catdog_dataset4/catdog_dataset4_625/catdog_dataset4_625.jpg,catdog_dataset4_625.jpg,catdog_dataset4,Birman_155_jpg.rf.9bc31dda26978576fe92c32354b8e69a.jpg,ea8150254f64f676d73c11dbbfc20c22
Data/catdog_dataset4/catdog_dataset4_626/catdog_dataset4_626.jpg,catdog_dataset4_626.jpg,catdog_dataset4,Birman_155_jpg.rf.e87883229622b558df4139bdee1a03cc.jpg,fc14e649e57c61331001c979b478dd07
Data/catdog_dataset4/catdog_dataset4_627/catdog_dataset4_627.jpg,catdog_dataset4_627.jpg,catdog_dataset4,Birman_157_jpg.rf.1716f7067b1630c43961b640681ab6bb.jpg,54daffbf65ef172217498a5ca2a3ee32
Data/catdog_dataset4/catdog_dataset4_628/catdog_dataset4_628.jpg,catdog_dataset4_628.jpg,catdog_dataset4,Birman_157_jpg.rf.8fcdfe8a6b3eccea251c48b47885d1b1.jpg,29e10daf455bd4d3153884fc590073c9
Data/catdog_dataset4/catdog_dataset4_629/catdog_dataset4_629.jpg,catdog_dataset4_629.jpg,catdog_dataset4,Birman_157_jpg.rf.92d2e5f6aa8165576702c1ddd97025b4.jpg,6690202b1d1f05287a642ce78c9e8b44
Data/catdog_dataset4/catdog_dataset4_63/catdog_dataset4_63.jpg,catdog_dataset4_63.jpg,catdog_dataset4,Maine_Coon_143_jpg.rf.1467cbed3e0da37b2922176ee2c20b0e.jpg,8f14a5d34ba588ae41905b5d1187e2c3
Data/catdog_dataset4/catdog_dataset4_630/catdog_dataset4_630.jpg,catdog_dataset4_630.jpg,catdog_dataset4,Birman_159_jpg.rf.2e93cb45f839b54080baa71e9d43ee1f.jpg,1768e7bd34d14b64b733829daf8d1c57
Data/catdog_dataset4/catdog_dataset4_631/catdog_dataset4_631.jpg,catdog_dataset4_631.jpg,catdog_dataset4,Birman_159_jpg.rf.861e3b135873fcdb5f6215e077194d2b.jpg,8dd1eb28a0447ca3f7b9ee119fa8ee61
Data/catdog_dataset4/catdog_dataset4_632/catdog_dataset4_632.jpg,catdog_dataset4_632.jpg,catdog_dataset4,Birman_159_jpg.rf.d92ed14362f70b85614690b22e5f9a2a.jpg,f832f4417e55395cd6e4590ed8d2704a
Data/catdog_dataset4/catdog_dataset4_633/catdog_dataset4_633.jpg,catdog_dataset4_633.jpg,catdog_dataset4,Birman_161_jpg.rf.a9ca68e3c233cb7a03dd6b5abd2751e2.jpg,71920067289acd23efd8a720fa748561
Data/catdog_dataset4/catdog_dataset4_634/catdog_dataset4_634.jpg,catdog_dataset4_634.jpg,catdog_dataset4,Birman_161_jpg.rf.e8a619e3913e82a13e022b2ba5ed21ef.jpg,dd5370a03d448b1a95fa915a4d98758b
Data/catdog_dataset4/catdog_dataset4_635/catdog_dataset4_635.jpg,catdog_dataset4_635.jpg,catdog_dataset4,Birman_161_jpg.rf.e8eafe0ee0e2a84f72942d1555d51553.jpg,b25891d621927040413ced3294500a87
Data/catdog_dataset4/catdog_dataset4_636/catdog_dataset4_636.jpg,catdog_dataset4_636.jpg,catdog_dataset4,Birman_162_jpg.rf.8092a976fbe2a5f80e6ed0f4ba4e4d6b.jpg,66925b35a8cda2fe8e3148234fc92305
Data/catdog_dataset4/catdog_dataset4_637/catdog_dataset4_637.jpg,catdog_dataset4_637.jpg,catdog_dataset4,Birman_162_jpg.rf.a74e4b4f0d9c24a4be278f98ede1562c.jpg,05f6bc57d2111a692838986651f671c4
Data/catdog_dataset4/catdog_dataset4_638/catdog_dataset4_638.jpg,catdog_dataset4_638.jpg,catdog_dataset4,Birman_162_jpg.rf.cb1d988e5b6ead81617af095e0e24900.jpg,2bd1f7d1659a5224460195867bc503ff
Data/catdog_dataset4/catdog_dataset4_639/catdog_dataset4_639.jpg,catdog_dataset4_639.jpg,catdog_dataset4,Birman_165_jpg.rf.30fb5673765657bd71af89cd005aef97.jpg,2471cc169f892e221a90af03df1d4836
Data/catdog_dataset4/catdog_dataset4_64/catdog_dataset4_64.jpg,catdog_dataset4_64.jpg,catdog_dataset4,Maine_Coon_145_jpg.rf.a84db04e9c5235bc5eb4cca7b03aa275.jpg,4d6a6570b2849b0ef34e9c05290638a6
Data/catdog_dataset4/catdog_dataset4_640/catdog_dataset4_640.jpg,catdog_dataset4_640.jpg,catdog_dataset4,Birman_165_jpg.rf.5859985adede4f292f3d9d39a1f3ccdd.jpg,d55619f8ea97e8b0449de3ea71dfe4c2
Data/catdog_dataset4/catdog_dataset4_641/catdog_dataset4_641.jpg,catdog_dataset4_641.jpg,catdog_dataset4,Birman_165_jpg.rf.ecaf66881546ad24638030b97c771c96.jpg,568b5b956193aa8275accf8bf6255832
Data/catdog_dataset4/catdog_dataset4_642/catdog_dataset4_642.jpg,catdog_dataset4_642.jpg,catdog_dataset4,Birman_167_jpg.rf.11dee554ed655240415ec11ce1d954eb.jpg,5e04305ae98231927fc6f5304411e8a0
Data/catdog_dataset4/catdog_dataset4_643/catdog_dataset4_643.jpg,catdog_dataset4_643.jpg,catdog_dataset4,Birman_167_jpg.rf.5b9e46539d1984dcfcd4699a48b1900e.jpg,94e1f74f09740196e6998065b53953ca
Data/catdog_dataset4/catdog_dataset4_644/catdog_dataset4_644.jpg,catdog_dataset4_644.jpg,catdog_dataset4,Birman_167_jpg.rf.d613faa005869233aa24b66f870719ee.jpg,6fb915868a34ce4c91104cc75ce696e6
Data/catdog_dataset4/catdog_dataset4_645/catdog_dataset4_645.jpg,catdog_dataset4_645.jpg,catdog_dataset4,Birman_168_jpg.rf.46065eaf7a7e34db8d1dc422250c3a71.jpg,2f163ef23535f248ce11efa6415591a9
Data/catdog_dataset4/catdog_dataset4_646/catdog_dataset4_646.jpg,catdog_dataset4_646.jpg,catdog_dataset4,Birman_168_jpg.rf.6392aa7159f65642b0e97898e081e32f.jpg,31893c3555adb139ceae5e9550b5d6df
Data/catdog_dataset4/catdog_dataset4_647/catdog_dataset4_647.jpg,catdog_dataset4_647.jpg,catdog_dataset4,Birman_168_jpg.rf.745535b8a2a852b82ea66a8b2f96a0c1.jpg,f4111ca3d9899a1ec51787159caa31d8
Data/catdog_dataset4/catdog_dataset4_648/catdog_dataset4_648.jpg,catdog_dataset4_648.jpg,catdog_dataset4,Birman_169_jpg.rf.7f73d7386f2a4fd9e143f5d07faf4a0f.jpg,3fd11a173934c74c7e6c58386dd1ebb0
Data/catdog_dataset4/catdog_dataset4_649/catdog_dataset4_649.jpg,catdog_dataset4_649.jpg,catdog_dataset4,Birman_169_jpg.rf.a7d34dbabe90f70d611edef81058e494.jpg,c038809e153d6f5715351fb2894a3e6b
Data/catdog_dataset4/catdog_dataset4_65/catdog_dataset4_65.jpg,catdog_dataset4_65.jpg,catdog_dataset4,Maine_Coon_150_jpg.rf.7c6ffc8c588b3ec71b086416fed2ca10.jpg,a47a429c0d1b2181ef75fe1a638d4a35
Data/catdog_dataset4/catdog_dataset4_650/catdog_dataset4_650.jpg,catdog_dataset4_650.jpg,catdog_dataset4,Birman_169_jpg.rf.e6a7281ba101ce7bc1e87aeb2d38379d.jpg,71582eda5a7f37ae22b40c9f4735e261
Data/catdog_dataset4/catdog_dataset4_651/catdog_dataset4_651.jpg,catdog_dataset4_651.jpg,catdog_dataset4,Birman_16_jpg.rf.57f2a99f5f031834f18d21efaac565b6.jpg,ceaf9a460f942ea33b95f0a9a4ee857f
Data/catdog_dataset4/catdog_dataset4_652/catdog_dataset4_652.jpg,catdog_dataset4_652.jpg,catdog_dataset4,Birman_16_jpg.rf.8abaabd19a8dbec1e843327e77bd4238.jpg,0bfd433a3508b0149c226f62d2ae2d60
Data/catdog_dataset4/catdog_dataset4_653/catdog_dataset4_653.jpg,catdog_dataset4_653.jpg,catdog_dataset4,Birman_16_jpg.rf.f45bb0a12a868203892f19b294c95281.jpg,7a12af628b0e14c5dc824c1ca4c6b12c
Data/catdog_dataset4/catdog_dataset4_654/catdog_dataset4_654.jpg,catdog_dataset4_654.jpg,catdog_dataset4,Birman_171_jpg.rf.99f1001e72e272affac658fc771ed767.jpg,7b231ebd276944553daf8f6215597b43
Data/catdog_dataset4/catdog_dataset4_655/catdog_dataset4_655.jpg,catdog_dataset4_655.jpg,catdog_dataset4,Birman_171_jpg.rf.b49a4be0058fd5059ab57c7427f1310e.jpg,f20adfcb288d617017eaa26afe6bceb3
Data/catdog_dataset4/catdog_dataset4_656/catdog_dataset4_656.jpg,catdog_dataset4_656.jpg,catdog_dataset4,Birman_171_jpg.rf.cd7267d58a7ce0fa6c65879af97d6f7b.jpg,338dc4e884f0f1e5052c62e1ffdf75a2
Data/catdog_dataset4/catdog_dataset4_657/catdog_dataset4_657.jpg,catdog_dataset4_657.jpg,catdog_dataset4,Birman_175_jpg.rf.312d275bf7cfd383acff8c120697d829.jpg,6e7a40560898d4a54b8f1f58a9a824bb
Data/catdog_dataset4/catdog_dataset4_658/catdog_dataset4_658.jpg,catdog_dataset4_658.jpg,catdog_dataset4,Birman_175_jpg.rf.bd629ecbf4ae1665049542069be71185.jpg,2458ff77a95ce1635a1f1c695414d6f0
Data/catdog_dataset4/catdog_dataset4_659/catdog_dataset4_659.jpg,catdog_dataset4_659.jpg,catdog_dataset4,Birman_175_jpg.rf.c575c60823f038dbae2af1d6f41daad7.jpg,c3f15402f9bee223f9700ac23dc1dde0
Data/catdog_dataset4/catdog_dataset4_66/catdog_dataset4_66.jpg,catdog_dataset4_66.jpg,catdog_dataset4,Maine_Coon_154_jpg.rf.a5e8f854f3c5cd2ced3d0977749ea6fb.jpg,a0cc3311cae7f68d2a6a82386dcfaa79
Data/catdog_dataset4/catdog_dataset4_660/catdog_dataset4_660.jpg,catdog_dataset4_660.jpg,catdog_dataset4,Birman_177_jpg.rf.9cca74597dd4acb4525ae8c451680b0f.jpg,450cb48601a9b1f285b0407469b123dc
Data/catdog_dataset4/catdog_dataset4_661/catdog_dataset4_661.jpg,catdog_dataset4_661.jpg,catdog_dataset4,Birman_177_jpg.rf.b0cce64f1154a31a36f8f17ef6301d51.jpg,3dc68cae1cb3115b1c894f8cdeaedcad
Data/catdog_dataset4/catdog_dataset4_662/catdog_dataset4_662.jpg,catdog_dataset4_662.jpg,catdog_dataset4,Birman_177_jpg.rf.da267096a823f28ae640824b44500e63.jpg,ff792c11c189fd1ddd8395fab0a22462
Data/catdog_dataset4/catdog_dataset4_663/catdog_dataset4_663.jpg,catdog_dataset4_663.jpg,catdog_dataset4,Birman_179_jpg.rf.6e53b285c5aa5b1df7f6df8ff7c5e112.jpg,9604ab5992c2ee351997e076c05adb41
Data/catdog_dataset4/catdog_dataset4_664/catdog_dataset4_664.jpg,catdog_dataset4_664.jpg,catdog_dataset4,Birman_179_jpg.rf.734d8636c4c841dc89fcbe8958853850.jpg,4fb7bb5f4d71d06d54b45af45d779176
Data/catdog_dataset4/catdog_dataset4_665/catdog_dataset4_665.jpg,catdog_dataset4_665.jpg,catdog_dataset4,Birman_179_jpg.rf.ba3a086485c9e2b6deae1ee6f31cc28b.jpg,b589417ae3ebc0538a6bbc703591de09
Data/catdog_dataset4/catdog_dataset4_666/catdog_dataset4_666.jpg,catdog_dataset4_666.jpg,catdog_dataset4,Birman_181_jpg.rf.49e5fb31629659d17fe14f64adaa898a.jpg,3e41001c12f85aea95cdc0ae472cebbe
Data/catdog_dataset4/catdog_dataset4_667/catdog_dataset4_667.jpg,catdog_dataset4_667.jpg,catdog_dataset4,Birman_181_jpg.rf.a9a9bac9dfe0a8f7569ce5b7d3ae644f.jpg,9570e1896d1b0271c7d531b74ecd5b8c
Data/catdog_dataset4/catdog_dataset4_668/catdog_dataset4_668.jpg,catdog_dataset4_668.jpg,catdog_dataset4,Birman_181_jpg.rf.e89097a248cfe7d7d7efa228ce018f33.jpg,fa435bb40204e17cf2c33fbd112fdbef
Data/catdog_dataset4/catdog_dataset4_669/catdog_dataset4_669.jpg,catdog_dataset4_669.jpg,catdog_dataset4,Birman_182_jpg.rf.41c7584743df80602cf2ab4d77e9152b.jpg,792e2c9c665d06a41028c0e9201635b7
Data/catdog_dataset4/catdog_dataset4_67/catdog_dataset4_67.jpg,catdog_dataset4_67.jpg,catdog_dataset4,Maine_Coon_186_jpg.rf.c8c1aab9bb85ad2a6dd4e7f482cea6ec.jpg,7ff4281a4dce3d1cf954b7f9e801f9fd
Data/catdog_dataset4/catdog_dataset4_670/catdog_dataset4_670.jpg,catdog_dataset4_670.jpg,catdog_dataset4,Birman_182_jpg.rf.47c37f990a72b9be56e03726afdf9db2.jpg,456614741f4b31dba8f755b18251943f
Data/catdog_dataset4/catdog_dataset4_671/catdog_dataset4_671.jpg,catdog_dataset4_671.jpg,catdog_dataset4,Birman_182_jpg.rf.52336eeeb30a6f016f4ace48598f8eda.jpg,b49e667c7bda7ad503f5c354c06dc17d
Data/catdog_dataset4/catdog_dataset4_672/catdog_dataset4_672.jpg,catdog_dataset4_672.jpg,catdog_dataset4,Birman_183_jpg.rf.72dc40ab63d4ebf679dbd3239805cce8.jpg,b87ab8aa2049fe8dcb5f897afac06edc
Data/catdog_dataset4/catdog_dataset4_673/catdog_dataset4_673.jpg,catdog_dataset4_673.jpg,catdog_dataset4,Birman_183_jpg.rf.739851ff1f139c8b05afca36c8505931.jpg,315ba34e2cb7b9897ae4658364e8d301
Data/catdog_dataset4/catdog_dataset4_674/catdog_dataset4_674.jpg,catdog_dataset4_674.jpg,catdog_dataset4,Birman_183_jpg.rf.ff449636269ddcbb66b1642aa9b140f3.jpg,57a7524ff3cd47ca27d7a85da1cbd882
Data/catdog_dataset4/catdog_dataset4_675/catdog_dataset4_675.jpg,catdog_dataset4_675.jpg,catdog_dataset4,Birman_185_jpg.rf.664d2cb5a2274f0172b2c7fccae5a293.jpg,b82e129fe59f5054abbb232ba4610693
Data/catdog_dataset4/catdog_dataset4_676/catdog_dataset4_676.jpg,catdog_dataset4_676.jpg,catdog_dataset4,Birman_185_jpg.rf.c65412fe03da349db1ebe4e2e0d7ae3d.jpg,2eafeb9a8ccbf32e6a2673a4caf9bd35
Data/catdog_dataset4/catdog_dataset4_677/catdog_dataset4_677.jpg,catdog_dataset4_677.jpg,catdog_dataset4,Birman_185_jpg.rf.c688df15b183797baa079e0e8e4aeb46.jpg,5daa70d8c3579e7296b76b5e965462f9
Data/catdog_dataset4/catdog_dataset4_678/catdog_dataset4_678.jpg,catdog_dataset4_678.jpg,catdog_dataset4,Birman_187_jpg.rf.c4ec71b06c7628c579882eeb4ff45d65.jpg,49b5761bbf25defba1c8ef27c6046295
Data/catdog_dataset4/catdog_dataset4_679/catdog_dataset4_679.jpg,catdog_dataset4_679.jpg,catdog_dataset4,Birman_187_jpg.rf.de44db8417af7aa97dcb9df02fbbc4ef.jpg,007c7a30901aa374c4ac558749a9cac1
Data/catdog_dataset4/catdog_dataset4_68/catdog_dataset4_68.jpg,catdog_dataset4_68.jpg,catdog_dataset4,Maine_Coon_191_jpg.rf.bcdfe80368384882b266e15f99798b88.jpg,e660a0915b45610f657f3733ff0e9523
Data/catdog_dataset4/catdog_dataset4_680/catdog_dataset4_680.jpg,catdog_dataset4_680.jpg,catdog_dataset4,Birman_187_jpg.rf.ec293d84c60d2b8973461331f041e594.jpg,2e3aa9362c54e9f5553888084947f5b9
Data/catdog_dataset4/catdog_dataset4_681/catdog_dataset4_681.jpg,catdog_dataset4_681.jpg,catdog_dataset4,Birman_188_jpg.rf.4c37cfbb4a9194e4f26e0e914a41d87a.jpg,ae8958234fe442124f24c368aff19aa3
Data/catdog_dataset4/catdog_dataset4_682/catdog_dataset4_682.jpg,catdog_dataset4_682.jpg,catdog_dataset4,Birman_188_jpg.rf.6721ac993c51727dd6f3d5858dbda1ff.jpg,21fd06ad9d9906ad52330cff8efd6e61
Data/catdog_dataset4/catdog_dataset4_683/catdog_dataset4_683.jpg,catdog_dataset4_683.jpg,catdog_dataset4,Birman_188_jpg.rf.875a638119d652906132f8979c050c05.jpg,86a8199a39e56bbae32dac576b7f6a53
Data/catdog_dataset4/catdog_dataset4_684/catdog_dataset4_684.jpg,catdog_dataset4_684.jpg,catdog_dataset4,Birman_189_jpg.rf.59e1015e35d746ad18d745c92ec5d644.jpg,f680304e25101a992fa05c296d34a2b3
Data/catdog_dataset4/catdog_dataset4_685/catdog_dataset4_685.jpg,catdog_dataset4_685.jpg,catdog_dataset4,Birman_189_jpg.rf.d53db485447c61730bcb12fafa5f3d6a.jpg,1147c67f84e6178efa37f44d051c039c
Data/catdog_dataset4/catdog_dataset4_686/catdog_dataset4_686.jpg,catdog_dataset4_686.jpg,catdog_dataset4,Birman_189_jpg.rf.dbf48cbb440538428a9743928462b8ae.jpg,202ea67b83a30c2140fc17130138c3f7
Data/catdog_dataset4/catdog_dataset4_687/catdog_dataset4_687.jpg,catdog_dataset4_687.jpg,catdog_dataset4,Birman_18_jpg.rf.0097f6550e99a92189df9556b921f56a.jpg,d69c9bcf2e5a93c1d458008a0f892b03
Data/catdog_dataset4/catdog_dataset4_688/catdog_dataset4_688.jpg,catdog_dataset4_688.jpg,catdog_dataset4,Birman_18_jpg.rf.738e0b1689daa1bf82cf1be1ac4c7b74.jpg,138ad800b2ed27fd1a04d21d0acbe024
Data/catdog_dataset4/catdog_dataset4_689/catdog_dataset4_689.jpg,catdog_dataset4_689.jpg,catdog_dataset4,Birman_18_jpg.rf.923ae5b274a00d6805daade6c03b6871.jpg,e9d26a7f9bcd0d4e03e4c95fc174f701
Data/catdog_dataset4/catdog_dataset4_69/catdog_dataset4_69.jpg,catdog_dataset4_69.jpg,catdog_dataset4,Maine_Coon_195_jpg.rf.0caa95829b160f96279af24d9c501bc3.jpg,d778d7735d3d76c0a64096de2c32bb7f
Data/catdog_dataset4/catdog_dataset4_690/catdog_dataset4_690.jpg,catdog_dataset4_690.jpg,catdog_dataset4,Bombay_103_jpg.rf.35a61d85b39408d5cd57c6fdf6cb9eed.jpg,c5e97fafa7d6f65d5c7f7f1eee689628
Data/catdog_dataset4/catdog_dataset4_691/catdog_dataset4_691.jpg,catdog_dataset4_691.jpg,catdog_dataset4,Bombay_103_jpg.rf.43edce67573ea2aad24df3840bbf0044.jpg,30ad1f70c87e4338c24d1e7ac4a2cbd3
Data/catdog_dataset4/catdog_dataset4_692/catdog_dataset4_692.jpg,catdog_dataset4_692.jpg,catdog_dataset4,Bombay_103_jpg.rf.c0b780e1e4e5a9198ba4b41e847e5eeb.jpg,32c72f1ec6f1bb4a557427ebfbd08df6
Data/catdog_dataset4/catdog_dataset4_693/catdog_dataset4_693.jpg,catdog_dataset4_693.jpg,catdog_dataset4,Bombay_104_jpg.rf.1ee1734bb872ee5a9e43aaaae1294593.jpg,13b4229dbc25fa043494e97d51719acf
Data/catdog_dataset4/catdog_dataset4_694/catdog_dataset4_694.jpg,catdog_dataset4_694.jpg,catdog_dataset4,Bombay_104_jpg.rf.a8596c777ce83f7a0c6330c7a059fb4d.jpg,13661da5fdb72d4fc96fb2b7e4dcc4f6
Data/catdog_dataset4/catdog_dataset4_695/catdog_dataset4_695.jpg,catdog_dataset4_695.jpg,catdog_dataset4,Bombay_104_jpg.rf.b4ac8a8e73c74a8cc0b2647a3a455293.jpg,b0286b87ad0f9411b696ddcc990a4006
Data/catdog_dataset4/catdog_dataset4_696/catdog_dataset4_696.jpg,catdog_dataset4_696.jpg,catdog_dataset4,Bombay_105_jpg.rf.12c60247ea97e9c6509d6255c40aa6c3.jpg,04373c77264ea4eaf71fe7708ccc742c
Data/catdog_dataset4/catdog_dataset4_697/catdog_dataset4_697.jpg,catdog_dataset4_697.jpg,catdog_dataset4,Bombay_105_jpg.rf.51abe56712d9c8a88587f7f19b91ecfb.jpg,ddf9c9975a5b8602bbeab3ea0afe0d84
Data/catdog_dataset4/catdog_dataset4_698/catdog_dataset4_698.jpg,catdog_dataset4_698.jpg,catdog_dataset4,Bombay_105_jpg.rf.67c08efa80fa937181b2a6cc39d22934.jpg,811eda775df9410ceeebc19779b0dc82
Data/catdog_dataset4/catdog_dataset4_699/catdog_dataset4_699.jpg,catdog_dataset4_699.jpg,catdog_dataset4,Bombay_106_jpg.rf.23ea4d6c84979d812bed04d05e979234.jpg,ad87e97ea2ae4f7a83bea7da5edaca19
Data/catdog_dataset4/catdog_dataset4_7/catdog_dataset4_7.jpg,catdog_dataset4_7.jpg,catdog_dataset4,Abyssinian_155_jpg.rf.5321f29f3a4b8832aed6b4cf1a919cf6.jpg,e2b863a8949d0cf400b4167816129345
Data/catdog_dataset4/catdog_dataset4_70/catdog_dataset4_70.jpg,catdog_dataset4_70.jpg,catdog_dataset4,Persian_101_jpg.rf.0f6755aa8f6fdb0771446452af32a2e5.jpg,3a13bc8667897ac9f112732b5951c292
Data/catdog_dataset4/catdog_dataset4_700/catdog_dataset4_700.jpg,catdog_dataset4_700.jpg,catdog_dataset4,Bombay_106_jpg.rf.54a59bae361fad369b2746cbddf1b801.jpg,e65d52cfbe5a7d3c76a51a520823a355
Data/catdog_dataset4/catdog_dataset4_701/catdog_dataset4_701.jpg,catdog_dataset4_701.jpg,catdog_dataset4,Bombay_106_jpg.rf.76fc51785e99a8bed15f93eb5cbfa27b.jpg,18c3d53567e9e240b97c4a88df543ea8
Data/catdog_dataset4/catdog_dataset4_702/catdog_dataset4_702.jpg,catdog_dataset4_702.jpg,catdog_dataset4,Bombay_107_jpg.rf.33beaa218ccde24df23a4cc9a25a176f.jpg,988aa624d0b8cef9ff3e682763142c46
Data/catdog_dataset4/catdog_dataset4_703/catdog_dataset4_703.jpg,catdog_dataset4_703.jpg,catdog_dataset4,Bombay_107_jpg.rf.553c48f7f422f6bf5ad6f26b29d4d697.jpg,f674b9759e82ab98732fca52f3ee017d
Data/catdog_dataset4/catdog_dataset4_704/catdog_dataset4_704.jpg,catdog_dataset4_704.jpg,catdog_dataset4,Bombay_107_jpg.rf.fbfb95f4bd8799c4954a7ecbf65acd98.jpg,fe58d34e0307a9557170e691b6290d46
Data/catdog_dataset4/catdog_dataset4_705/catdog_dataset4_705.jpg,catdog_dataset4_705.jpg,catdog_dataset4,Bombay_110_jpg.rf.3a5cc10f83800f28df7e26e04cdce972.jpg,1a48c1e6acde713b95df1d49ba0d04ad
Data/catdog_dataset4/catdog_dataset4_706/catdog_dataset4_706.jpg,catdog_dataset4_706.jpg,catdog_dataset4,Bombay_110_jpg.rf.ba53f6b9b3c76a1aed11e095ffcfdd5b.jpg,4413ea85899250f38f2dfaffcd8dc3fb
Data/catdog_dataset4/catdog_dataset4_707/catdog_dataset4_707.jpg,catdog_dataset4_707.jpg,catdog_dataset4,Bombay_110_jpg.rf.bbd5effb961c4a0edc17d093e03ff8d7.jpg,483cfabb8a959e6d4d274fa3c18aae03
Data/catdog_dataset4/catdog_dataset4_708/catdog_dataset4_708.jpg,catdog_dataset4_708.jpg,catdog_dataset4,Bombay_112_jpg.rf.4e0a35e7e307736bd0186a513fa0b7c5.jpg,dd7fba83acf0caf6c97bb8ea9d1e83f3
Data/catdog_dataset4/catdog_dataset4_709/catdog_dataset4_709.jpg,catdog_dataset4_709.jpg,catdog_dataset4,Bombay_112_jpg.rf.81f7d714f69639cecf946bb61f300802.jpg,9798483d7aee56079c4cd75383040108
Data/catdog_dataset4/catdog_dataset4_71/catdog_dataset4_71.jpg,catdog_dataset4_71.jpg,catdog_dataset4,Persian_120_jpg.rf.4c9377a720ce0dd987f783eb417b7a04.jpg,94fc27eddbc1154369ebebaba2ea9eb2
Data/catdog_dataset4/catdog_dataset4_710/catdog_dataset4_710.jpg,catdog_dataset4_710.jpg,catdog_dataset4,Bombay_112_jpg.rf.acb32e2e009656f59ea103e294cb1e43.jpg,035243a9b48a43e79339b810aadb9546
Data/catdog_dataset4/catdog_dataset4_711/catdog_dataset4_711.jpg,catdog_dataset4_711.jpg,catdog_dataset4,Bombay_114_jpg.rf.4add2d70abc0abeea11206d39669f3bb.jpg,1ba36496a40b6f4c6b643bcc15dede2f
Data/catdog_dataset4/catdog_dataset4_712/catdog_dataset4_712.jpg,catdog_dataset4_712.jpg,catdog_dataset4,Bombay_114_jpg.rf.5aab83993d57ea430e15049971dc3e8f.jpg,492db4103f243d00dc5251a72913da8d
Data/catdog_dataset4/catdog_dataset4_713/catdog_dataset4_713.jpg,catdog_dataset4_713.jpg,catdog_dataset4,Bombay_114_jpg.rf.601f06b0f1d721cb19fb553f61997f7a.jpg,d7962c6d6f7b1310a972ba0b68067ba4
Data/catdog_dataset4/catdog_dataset4_714/catdog_dataset4_714.jpg,catdog_dataset4_714.jpg,catdog_dataset4,Bombay_116_jpg.rf.36f9f506e84931da3f0f3ec3c73f4c78.jpg,5386e0a2a28516933b90133de5df2b00
Data/catdog_dataset4/catdog_dataset4_715/catdog_dataset4_715.jpg,catdog_dataset4_715.jpg,catdog_dataset4,Bombay_116_jpg.rf.4d2f8ec1086943a511d2e76644c1ef27.jpg,4d93fe8deb247a697c9dfe6c7e58a914
Data/catdog_dataset4/catdog_dataset4_716/catdog_dataset4_716.jpg,catdog_dataset4_716.jpg,catdog_dataset4,Bombay_116_jpg.rf.7be967b1112afa9b3cc0ca6f93d5683f.jpg,bab3f6233d5dc8693d4c60102a8fb521
Data/catdog_dataset4/catdog_dataset4_717/catdog_dataset4_717.jpg,catdog_dataset4_717.jpg,catdog_dataset4,Bombay_117_jpg.rf.83df27781a2190ec64135ee65590b0fb.jpg,ac4e2d93dfebd4e6492ccfeea8f06835
Data/catdog_dataset4/catdog_dataset4_718/catdog_dataset4_718.jpg,catdog_dataset4_718.jpg,catdog_dataset4,Bombay_117_jpg.rf.88fa2c75cd0ef6551925e60fbd9f0e86.jpg,427c15dca56e67f55fc7ff0680025506
Data/catdog_dataset4/catdog_dataset4_719/catdog_dataset4_719.jpg,catdog_dataset4_719.jpg,catdog_dataset4,Bombay_117_jpg.rf.9ed9bf93c82b8040ae4b773e35a06a9f.jpg,2ed1b3f10758b1834d24844db90ce154
Data/catdog_dataset4/catdog_dataset4_72/catdog_dataset4_72.jpg,catdog_dataset4_72.jpg,catdog_dataset4,Persian_13_jpg.rf.3853e611df383c11d5b819886b6cb299.jpg,b9f42e47383d32e95fb8e94131289101
Data/catdog_dataset4/catdog_dataset4_720/catdog_dataset4_720.jpg,catdog_dataset4_720.jpg,catdog_dataset4,Bombay_121_jpg.rf.b777870a7d5edb9ffe4765c3dca3142e.jpg,880315495c7bf4c9590b1e123dc835ac
Data/catdog_dataset4/catdog_dataset4_721/catdog_dataset4_721.jpg,catdog_dataset4_721.jpg,catdog_dataset4,Bombay_121_jpg.rf.f4da672be6095728f278fc4e5ae12c96.jpg,65da6b0da1212ec4c5bc9c364e44b5cc
Data/catdog_dataset4/catdog_dataset4_722/catdog_dataset4_722.jpg,catdog_dataset4_722.jpg,catdog_dataset4,Bombay_121_jpg.rf.f94448c5492b3c7ca19f47b7fb00775d.jpg,05ced02be5ab3c8fe1d55923f34dcfb4
Data/catdog_dataset4/catdog_dataset4_723/catdog_dataset4_723.jpg,catdog_dataset4_723.jpg,catdog_dataset4,Bombay_122_jpg.rf.13f8c49ffb20d5f6c2ed049c1a69a3d1.jpg,83e5d94a61ede5463f438415ffc46fa9
Data/catdog_dataset4/catdog_dataset4_724/catdog_dataset4_724.jpg,catdog_dataset4_724.jpg,catdog_dataset4,Bombay_122_jpg.rf.81ef8f1300e2b0b320e7bae717538b62.jpg,71702b10194d399f6fdadad8c28e3541
Data/catdog_dataset4/catdog_dataset4_725/catdog_dataset4_725.jpg,catdog_dataset4_725.jpg,catdog_dataset4,Bombay_122_jpg.rf.f4740c55697d482683f41ab06cef48dc.jpg,60986750d69a95f3e97ac439afa28113
Data/catdog_dataset4/catdog_dataset4_726/catdog_dataset4_726.jpg,catdog_dataset4_726.jpg,catdog_dataset4,Bombay_123_jpg.rf.59c46853db9224e73d51fa5a8503baea.jpg,916ea7cff8b279f227ff8f0582d11641
Data/catdog_dataset4/catdog_dataset4_727/catdog_dataset4_727.jpg,catdog_dataset4_727.jpg,catdog_dataset4,Bombay_123_jpg.rf.aa4cce26d8fbcd9aa95149daf03c1b65.jpg,fb4e5ff5fb59ea210b0d308ce8d6a2de
Data/catdog_dataset4/catdog_dataset4_728/catdog_dataset4_728.jpg,catdog_dataset4_728.jpg,catdog_dataset4,Bombay_123_jpg.rf.d2a7b374906790abd82b04b6fe10565b.jpg,1da84af854237d4a807fa0fb7e358545
Data/catdog_dataset4/catdog_dataset4_729/catdog_dataset4_729.jpg,catdog_dataset4_729.jpg,catdog_dataset4,Bombay_125_jpg.rf.386f2456a8c9309ea701d34c1c1f9691.jpg,74bd87b2402790627cb08f3a09b0cf33
Data/catdog_dataset4/catdog_dataset4_73/catdog_dataset4_73.jpg,catdog_dataset4_73.jpg,catdog_dataset4,Persian_152_jpg.rf.f8f7dace8a19a6e157f5c9b5a2484db1.jpg,e1c460f7461d4df2fd7f39a29472da84
Data/catdog_dataset4/catdog_dataset4_730/catdog_dataset4_730.jpg,catdog_dataset4_730.jpg,catdog_dataset4,Bombay_125_jpg.rf.5e9ddfb3a872eae0c5748eebdd30d878.jpg,bc17d1e17a01ccb1a2ce75391520d2cd
Data/catdog_dataset4/catdog_dataset4_731/catdog_dataset4_731.jpg,catdog_dataset4_731.jpg,catdog_dataset4,Bombay_125_jpg.rf.64df4ea81535219f741ad5706dad8ab9.jpg,48f3b8f1817b912a8e15cfd5908ccd85
Data/catdog_dataset4/catdog_dataset4_732/catdog_dataset4_732.jpg,catdog_dataset4_732.jpg,catdog_dataset4,Bombay_126_jpg.rf.03b2cd028a2288d7444bf9b2ec67c999.jpg,b7b04bc1ae1dc1dc77246a8ad74c6280
Data/catdog_dataset4/catdog_dataset4_733/catdog_dataset4_733.jpg,catdog_dataset4_733.jpg,catdog_dataset4,Bombay_126_jpg.rf.aba82c2863ea4b443fc83ae55197451d.jpg,0983cea17b54f01aef726bcd08ef3dd1
Data/catdog_dataset4/catdog_dataset4_734/catdog_dataset4_734.jpg,catdog_dataset4_734.jpg,catdog_dataset4,Bombay_126_jpg.rf.c1365d48ddf1a3fcc36b12189dd6d319.jpg,2c23ec13fcd588527866104301e39d58
Data/catdog_dataset4/catdog_dataset4_735/catdog_dataset4_735.jpg,catdog_dataset4_735.jpg,catdog_dataset4,Bombay_127_jpg.rf.6aa1773428ae89c34b002b656f2b796e.jpg,2ff6f3e6322436870ee28086562f9241
Data/catdog_dataset4/catdog_dataset4_736/catdog_dataset4_736.jpg,catdog_dataset4_736.jpg,catdog_dataset4,Bombay_127_jpg.rf.a42bc02a6ca86936f114da58eee2dfcf.jpg,cf4851196d86b3f95dacf5718b44cde4
Data/catdog_dataset4/catdog_dataset4_737/catdog_dataset4_737.jpg,catdog_dataset4_737.jpg,catdog_dataset4,Bombay_127_jpg.rf.bc73831b04ce1c260418ce01bad131b8.jpg,dbc7864a69fbc8bd85aa81070ed8acf1
Data/catdog_dataset4/catdog_dataset4_738/catdog_dataset4_738.jpg,catdog_dataset4_738.jpg,catdog_dataset4,Bombay_128_jpg.rf.5e3aefc35e6f81255d7f063f8cb07375.jpg,a0f692557d97feb30a375aee361b4da2
Data/catdog_dataset4/catdog_dataset4_739/catdog_dataset4_739.jpg,catdog_dataset4_739.jpg,catdog_dataset4,Bombay_128_jpg.rf.824cb5bde1b05c2b24cc8352939960d5.jpg,57f657b5ab78d2c893bf6e20283a17ae
Data/catdog_dataset4/catdog_dataset4_74/catdog_dataset4_74.jpg,catdog_dataset4_74.jpg,catdog_dataset4,Persian_16_jpg.rf.0e58cc969ee3f9a46fcdc27e00348148.jpg,a99f33fef227b4be26869a87b4d7f079
Data/catdog_dataset4/catdog_dataset4_740/catdog_dataset4_740.jpg,catdog_dataset4_740.jpg,catdog_dataset4,Bombay_128_jpg.rf.c78cdd18725076fca8533842453208cd.jpg,84bdaec818fe0c55f5a1d8e681dfcd03
Data/catdog_dataset4/catdog_dataset4_741/catdog_dataset4_741.jpg,catdog_dataset4_741.jpg,catdog_dataset4,Bombay_129_jpg.rf.22479a0c8d099ba1f4a67f6e27e96a1b.jpg,39f8bd82f4792c224d9013b4be2a0bc7
Data/catdog_dataset4/catdog_dataset4_742/catdog_dataset4_742.jpg,catdog_dataset4_742.jpg,catdog_dataset4,Bombay_129_jpg.rf.2c00199fb8a6b889417b3fadd6cbc575.jpg,5abbc4ea37537ac6531dbab870136aa2
Data/catdog_dataset4/catdog_dataset4_743/catdog_dataset4_743.jpg,catdog_dataset4_743.jpg,catdog_dataset4,Bombay_129_jpg.rf.a922fe93c3a1eb79379e5b52a3af2dd4.jpg,ef54b91bafc222ef40fc830882a447e4
Data/catdog_dataset4/catdog_dataset4_744/catdog_dataset4_744.jpg,catdog_dataset4_744.jpg,catdog_dataset4,Bombay_130_jpg.rf.1254a3e309c81168fe82ca0580479b80.jpg,42322b590a970a41da5d9106595ca796
Data/catdog_dataset4/catdog_dataset4_745/catdog_dataset4_745.jpg,catdog_dataset4_745.jpg,catdog_dataset4,Bombay_130_jpg.rf.37ab462e089dc3a15007768064eeae2f.jpg,1800063f0c2be92f2842c41496678b7d
Data/catdog_dataset4/catdog_dataset4_746/catdog_dataset4_746.jpg,catdog_dataset4_746.jpg,catdog_dataset4,Bombay_130_jpg.rf.7040c658b9e87ade14e153f577a6b9d4.jpg,f0061f6fbb65ad6fe616c3f0aa915068
Data/catdog_dataset4/catdog_dataset4_747/catdog_dataset4_747.jpg,catdog_dataset4_747.jpg,catdog_dataset4,Bombay_131_jpg.rf.5289d39940a6419170a8afe0a4fda335.jpg,b8e8a8e0c2f5cb1fc568e857b3e9c56b
Data/catdog_dataset4/catdog_dataset4_748/catdog_dataset4_748.jpg,catdog_dataset4_748.jpg,catdog_dataset4,Bombay_131_jpg.rf.f943ab881dfe28270ad984162fe0724a.jpg,6599e16933abcf492d95ca47778e9c16
Data/catdog_dataset4/catdog_dataset4_749/catdog_dataset4_749.jpg,catdog_dataset4_749.jpg,catdog_dataset4,Bombay_131_jpg.rf.fb54cbb3b1b35d388bb9f32f7b7b24b9.jpg,ba23db84742350aec83047e617c98b59
Data/catdog_dataset4/catdog_dataset4_75/catdog_dataset4_75.jpg,catdog_dataset4_75.jpg,catdog_dataset4,Persian_172_jpg.rf.02dad43c071dd589e65225a2482d5fec.jpg,7c50daa5397a10180782212826e3afdb
Data/catdog_dataset4/catdog_dataset4_750/catdog_dataset4_750.jpg,catdog_dataset4_750.jpg,catdog_dataset4,Bombay_132_jpg.rf.6c150c39c734b91d2b628d0a5bfb46de.jpg,3b7afb57f3bcfdbaa588761dc012384e
Data/catdog_dataset4/catdog_dataset4_751/catdog_dataset4_751.jpg,catdog_dataset4_751.jpg,catdog_dataset4,Bombay_132_jpg.rf.7bd4581a68689272c3c7d18aa88a3d94.jpg,d67379c54a9aa52e71e9d1831f1e6c99
Data/catdog_dataset4/catdog_dataset4_752/catdog_dataset4_752.jpg,catdog_dataset4_752.jpg,catdog_dataset4,Bombay_132_jpg.rf.ce6bea75bbf5db755034a581a60f465c.jpg,28b5f5d2f4b77449c14e9886a6482352
Data/catdog_dataset4/catdog_dataset4_753/catdog_dataset4_753.jpg,catdog_dataset4_753.jpg,catdog_dataset4,Bombay_133_jpg.rf.5249ec7362ef25995d97514db428f180.jpg,46185841930aa77f059d3e1462ebff6f
Data/catdog_dataset4/catdog_dataset4_754/catdog_dataset4_754.jpg,catdog_dataset4_754.jpg,catdog_dataset4,Bombay_133_jpg.rf.9f8ce4f717e133cfca08688787312c8b.jpg,b7699eb56fab918682194cce00656e0f
Data/catdog_dataset4/catdog_dataset4_755/catdog_dataset4_755.jpg,catdog_dataset4_755.jpg,catdog_dataset4,Bombay_133_jpg.rf.d7e41e7368d71a822b54ef999e053d08.jpg,a9c39bd9e271ea9323f2099b45440093
Data/catdog_dataset4/catdog_dataset4_756/catdog_dataset4_756.jpg,catdog_dataset4_756.jpg,catdog_dataset4,Bombay_134_jpg.rf.0ddaf9a66b1dff20d258410bd9d4fd75.jpg,17a1896d21c09fcbb7f8bcecb48cb29d
Data/catdog_dataset4/catdog_dataset4_757/catdog_dataset4_757.jpg,catdog_dataset4_757.jpg,catdog_dataset4,Bombay_134_jpg.rf.54d1a3963a6146e6fa75522e586a628a.jpg,90af6fc2628d329fffffaf3999a66c11
Data/catdog_dataset4/catdog_dataset4_758/catdog_dataset4_758.jpg,catdog_dataset4_758.jpg,catdog_dataset4,Bombay_134_jpg.rf.7cef5c52a1e54053ab774448b707288e.jpg,2d8e03c3acc78491d33f42259a0b8551
Data/catdog_dataset4/catdog_dataset4_759/catdog_dataset4_759.jpg,catdog_dataset4_759.jpg,catdog_dataset4,Bombay_135_jpg.rf.36ffeb1d86a2171106bbdc38824e802a.jpg,19a3d22df613195436ea6a1fb03c3c98
Data/catdog_dataset4/catdog_dataset4_76/catdog_dataset4_76.jpg,catdog_dataset4_76.jpg,catdog_dataset4,Persian_184_jpg.rf.9139934c17fbd21c6f5eba36f299ee8a.jpg,b7e2108f853d72e6093f7a869230233d
Data/catdog_dataset4/catdog_dataset4_760/catdog_dataset4_760.jpg,catdog_dataset4_760.jpg,catdog_dataset4,Bombay_135_jpg.rf.a8685968c3d241ce7747ff10ef90e82f.jpg,c41921f532f487a83712d4840d5cb288
Data/catdog_dataset4/catdog_dataset4_761/catdog_dataset4_761.jpg,catdog_dataset4_761.jpg,catdog_dataset4,Bombay_135_jpg.rf.b79ad97eaa622ec250b3ad097a63f925.jpg,d4930cc6deb61087d12865cce6bd3f07
Data/catdog_dataset4/catdog_dataset4_762/catdog_dataset4_762.jpg,catdog_dataset4_762.jpg,catdog_dataset4,Bombay_137_jpg.rf.424ac3680b57bc36cf0bdd50a3fd7556.jpg,7fc8acabfeb3b2fa174a14ef18783319
Data/catdog_dataset4/catdog_dataset4_763/catdog_dataset4_763.jpg,catdog_dataset4_763.jpg,catdog_dataset4,Bombay_137_jpg.rf.89d147855376db35179a936e2b26b482.jpg,4c2d45a044f73a2b35fb9e3ca18a3360
Data/catdog_dataset4/catdog_dataset4_764/catdog_dataset4_764.jpg,catdog_dataset4_764.jpg,catdog_dataset4,Bombay_137_jpg.rf.dcd90a51b612350a721a474f47622e85.jpg,7bfade0452a7f63406aca8ad86b0e2ce
Data/catdog_dataset4/catdog_dataset4_765/catdog_dataset4_765.jpg,catdog_dataset4_765.jpg,catdog_dataset4,Bombay_138_jpg.rf.2df7ffc65f21b18d8cda1e3af41d73cb.jpg,8663d16e5fe7a3807d401fea5beaebc9
Data/catdog_dataset4/catdog_dataset4_766/catdog_dataset4_766.jpg,catdog_dataset4_766.jpg,catdog_dataset4,Bombay_138_jpg.rf.7ca3f9923d8ca7e564efe974ca680332.jpg,6596446978bcee565d769933db11cb9f
Data/catdog_dataset4/catdog_dataset4_767/catdog_dataset4_767.jpg,catdog_dataset4_767.jpg,catdog_dataset4,Bombay_138_jpg.rf.f0d3c253561e984ed904edd0775b0141.jpg,43d266211ba19b24885749aa6e08de83
Data/catdog_dataset4/catdog_dataset4_768/catdog_dataset4_768.jpg,catdog_dataset4_768.jpg,catdog_dataset4,Bombay_13_jpg.rf.0036e9bbf31adb669c0a84ba7d2ada9d.jpg,6be1fbcd57ce9da1131a4adbaca022f0
Data/catdog_dataset4/catdog_dataset4_769/catdog_dataset4_769.jpg,catdog_dataset4_769.jpg,catdog_dataset4,Bombay_13_jpg.rf.00d3036c52041e63e09cff62c2692292.jpg,af966a64994a69625089a91ca1f875d0
Data/catdog_dataset4/catdog_dataset4_77/catdog_dataset4_77.jpg,catdog_dataset4_77.jpg,catdog_dataset4,Persian_185_jpg.rf.98f46dc87c9fda3dedc9532e57b477be.jpg,8b96fb8d8969af55ce321209ce324097
Data/catdog_dataset4/catdog_dataset4_770/catdog_dataset4_770.jpg,catdog_dataset4_770.jpg,catdog_dataset4,Bombay_13_jpg.rf.450befa8c0e08826bb8c5cde186df908.jpg,be1db1b4d9de606a3ad221ece4c338f5
Data/catdog_dataset4/catdog_dataset4_771/catdog_dataset4_771.jpg,catdog_dataset4_771.jpg,catdog_dataset4,Bombay_140_jpg.rf.8f2f181eb1b2558d3fca3385fc2ecbe4.jpg,f03a85231284a69eef0a8dafe854773c
Data/catdog_dataset4/catdog_dataset4_772/catdog_dataset4_772.jpg,catdog_dataset4_772.jpg,catdog_dataset4,Bombay_140_jpg.rf.93511e104939d465c114a81de475b8f3.jpg,e327a5a630919314a09f40609a75aebb
Data/catdog_dataset4/catdog_dataset4_773/catdog_dataset4_773.jpg,catdog_dataset4_773.jpg,catdog_dataset4,Bombay_140_jpg.rf.ca1c25894e9c2249068747eaea26ac23.jpg,747a4a3ad9ace5368617d0278e56b940
Data/catdog_dataset4/catdog_dataset4_774/catdog_dataset4_774.jpg,catdog_dataset4_774.jpg,catdog_dataset4,Bombay_141_jpg.rf.26e0749e375ded609b291c4c55cbe9eb.jpg,34c33f31cff2f90402866de7df8e7dad
Data/catdog_dataset4/catdog_dataset4_775/catdog_dataset4_775.jpg,catdog_dataset4_775.jpg,catdog_dataset4,Bombay_141_jpg.rf.6aaf6298c5930639a70dd8702881c2ff.jpg,9cdc6da0524b8f4bf7bb92f37709c9fa
Data/catdog_dataset4/catdog_dataset4_776/catdog_dataset4_776.jpg,catdog_dataset4_776.jpg,catdog_dataset4,Bombay_141_jpg.rf.f8d1ee405b84572c9f43e757b0a5cc7a.jpg,2504023ca618ed53be208cb8ae24a5ed
Data/catdog_dataset4/catdog_dataset4_777/catdog_dataset4_777.jpg,catdog_dataset4_777.jpg,catdog_dataset4,Bombay_143_jpg.rf.4c61c221f20a5426849d4f7c791d2bf8.jpg,916c7f888250d7e0009cd802c7c4204e
Data/catdog_dataset4/catdog_dataset4_778/catdog_dataset4_778.jpg,catdog_dataset4_778.jpg,catdog_dataset4,Bombay_143_jpg.rf.96ed87be6e46ae4e0d3fa4acdaea748f.jpg,55420c9c563e34071f55eddbe66d11ab
Data/catdog_dataset4/catdog_dataset4_779/catdog_dataset4_779.jpg,catdog_dataset4_779.jpg,catdog_dataset4,Bombay_143_jpg.rf.ac2be7b626f03b6f01a673059416445a.jpg,a7187c5cc65923a7600933f68c8d69d1
Data/catdog_dataset4/catdog_dataset4_78/catdog_dataset4_78.jpg,catdog_dataset4_78.jpg,catdog_dataset4,Persian_188_jpg.rf.4698c03d91fde2824d85e6209e797c85.jpg,5a272ccffc8aca1f4a6ff1d47ab66acf
Data/catdog_dataset4/catdog_dataset4_780/catdog_dataset4_780.jpg,catdog_dataset4_780.jpg,catdog_dataset4,Bombay_144_jpg.rf.23379c970ed402a518e8fbcda02e25d5.jpg,9b6b7c072eb4e36ec4b6ee1ef44e8793
Data/catdog_dataset4/catdog_dataset4_781/catdog_dataset4_781.jpg,catdog_dataset4_781.jpg,catdog_dataset4,Bombay_144_jpg.rf.97d54029adb200eef3dcf43da6ab1643.jpg,50628eee3e4406e20e1d27181a981a9a
Data/catdog_dataset4/catdog_dataset4_782/catdog_dataset4_782.jpg,catdog_dataset4_782.jpg,catdog_dataset4,Bombay_144_jpg.rf.e111ff204b62466177cd4e098b6bca14.jpg,9097b9680a70094fce5ddbb56e82a105
Data/catdog_dataset4/catdog_dataset4_783/catdog_dataset4_783.jpg,catdog_dataset4_783.jpg,catdog_dataset4,Bombay_145_jpg.rf.5a10e0474ec9cf746f99bb4eed8151c7.jpg,1e21005277babbba4a394b6c4a7a3032
Data/catdog_dataset4/catdog_dataset4_784/catdog_dataset4_784.jpg,catdog_dataset4_784.jpg,catdog_dataset4,Bombay_145_jpg.rf.80d2e3b652c3e2ffb1303c5f7aed87d0.jpg,c7c496490b80083c7b4901c916bc36b6
Data/catdog_dataset4/catdog_dataset4_785/catdog_dataset4_785.jpg,catdog_dataset4_785.jpg,catdog_dataset4,Bombay_145_jpg.rf.d532c5e5714c976facabfffe33ceb6e3.jpg,a480b84ebc00899bff74b631728a94af
Data/catdog_dataset4/catdog_dataset4_786/catdog_dataset4_786.jpg,catdog_dataset4_786.jpg,catdog_dataset4,Bombay_146_jpg.rf.7e5bd0f14e5c6214bf4e728d21493bc7.jpg,69dbbd09e39531309af60163f47dfef5
Data/catdog_dataset4/catdog_dataset4_787/catdog_dataset4_787.jpg,catdog_dataset4_787.jpg,catdog_dataset4,Bombay_146_jpg.rf.c55da7babd0fd155b374dd1ee5d363aa.jpg,fd0b6dce2da2c0e3f9e719b2200d93c4
Data/catdog_dataset4/catdog_dataset4_788/catdog_dataset4_788.jpg,catdog_dataset4_788.jpg,catdog_dataset4,Bombay_146_jpg.rf.dc40deded0c5b8d04066865c6e0cfe59.jpg,2f7eb01f6a151510dfa3209e20227df9
Data/catdog_dataset4/catdog_dataset4_789/catdog_dataset4_789.jpg,catdog_dataset4_789.jpg,catdog_dataset4,Bombay_148_jpg.rf.4bb5e253fd264694c448339349884bdf.jpg,560d96374158c7a3d8114b1bab46cd3f
Data/catdog_dataset4/catdog_dataset4_79/catdog_dataset4_79.jpg,catdog_dataset4_79.jpg,catdog_dataset4,Persian_201_jpg.rf.fec3ab7d26173aae7c72f16bb670b22e.jpg,c60b6343317b28b04003c35193f277b1
Data/catdog_dataset4/catdog_dataset4_790/catdog_dataset4_790.jpg,catdog_dataset4_790.jpg,catdog_dataset4,Bombay_148_jpg.rf.53bb66595e5f8f2cd2a99b0b4a8c444e.jpg,404386dce58664a2720a4e144e8ad1af
Data/catdog_dataset4/catdog_dataset4_791/catdog_dataset4_791.jpg,catdog_dataset4_791.jpg,catdog_dataset4,Bombay_148_jpg.rf.a6bb8fc46628d7fe2da021b7401a2edc.jpg,4deb32d5eb57d8a6cc50e0784009cdd9
Data/catdog_dataset4/catdog_dataset4_792/catdog_dataset4_792.jpg,catdog_dataset4_792.jpg,catdog_dataset4,Bombay_14_jpg.rf.2141eb98bf37ef2b0e539fadefa5a2f4.jpg,8b5f8808449be87bc245ec60b9b5e651
Data/catdog_dataset4/catdog_dataset4_793/catdog_dataset4_793.jpg,catdog_dataset4_793.jpg,catdog_dataset4,Bombay_14_jpg.rf.b54fc6f23ae70fbd380c1d60b927750d.jpg,b291f25a254b07695b66ba49b4dd4d4b
Data/catdog_dataset4/catdog_dataset4_794/catdog_dataset4_794.jpg,catdog_dataset4_794.jpg,catdog_dataset4,Bombay_14_jpg.rf.faecb5598187bbd337bea48a726c5a43.jpg,d458cc3531987354345ae7824f7c129a
Data/catdog_dataset4/catdog_dataset4_795/catdog_dataset4_795.jpg,catdog_dataset4_795.jpg,catdog_dataset4,Bombay_150_jpg.rf.57164f763bad902f13572f7946466132.jpg,563702a2fa2723d2cd61719abb7502d6
Data/catdog_dataset4/catdog_dataset4_796/catdog_dataset4_796.jpg,catdog_dataset4_796.jpg,catdog_dataset4,Bombay_150_jpg.rf.8f8e7ef59d9fb5b0b47f1458b88caf03.jpg,96d994fe5d4ab80a8a298aa1b6960a62
Data/catdog_dataset4/catdog_dataset4_797/catdog_dataset4_797.jpg,catdog_dataset4_797.jpg,catdog_dataset4,Bombay_150_jpg.rf.a378c2b48a6334437b20d80ace63cd25.jpg,c4fc38d6b02d9ce9a2e72e04b8b588b9
Data/catdog_dataset4/catdog_dataset4_798/catdog_dataset4_798.jpg,catdog_dataset4_798.jpg,catdog_dataset4,Bombay_152_jpg.rf.30f70c431335386f8a69c6d9625bbe64.jpg,0722b92c3c79b61764aef43e657bf3b3
Data/catdog_dataset4/catdog_dataset4_799/catdog_dataset4_799.jpg,catdog_dataset4_799.jpg,catdog_dataset4,Bombay_152_jpg.rf.cb044d11bee4d99a6cef8e81630308dd.jpg,b91fb4b80475a1bd0109b61a4438b0cd
Data/catdog_dataset4/catdog_dataset4_8/catdog_dataset4_8.jpg,catdog_dataset4_8.jpg,catdog_dataset4,Abyssinian_164_jpg.rf.f1bc669a0533d1931bf5506d01d52b1e.jpg,fdf67c69b94903aaaa2a0c39ab3fc9a5
Data/catdog_dataset4/catdog_dataset4_80/catdog_dataset4_80.jpg,catdog_dataset4_80.jpg,catdog_dataset4,Ragdoll_154_jpg.rf.bd6417669e360f29c0f7c197a424a3a1.jpg,bce8385b3757a923a836faa42ac0bb04
Data/catdog_dataset4/catdog_dataset4_800/catdog_dataset4_800.jpg,catdog_dataset4_800.jpg,catdog_dataset4,Bombay_152_jpg.rf.e84c646f278b05d814864f63728a886e.jpg,851c503ece63cbc7b82d692c9aa12366
Data/catdog_dataset4/catdog_dataset4_801/catdog_dataset4_801.jpg,catdog_dataset4_801.jpg,catdog_dataset4,Bombay_153_jpg.rf.87bb9795558be83714894c1327c999cc.jpg,48ae2b7760e7f6c67a31d17463c73acc
Data/catdog_dataset4/catdog_dataset4_802/catdog_dataset4_802.jpg,catdog_dataset4_802.jpg,catdog_dataset4,Bombay_153_jpg.rf.ad8a0538ceb0503dd990ceac7abdc99c.jpg,3322c69273d49ca36464ad53356f7782
Data/catdog_dataset4/catdog_dataset4_803/catdog_dataset4_803.jpg,catdog_dataset4_803.jpg,catdog_dataset4,Bombay_153_jpg.rf.bea469f952fab69cd129904298ca0c64.jpg,5da662bc75011412c43ed7c5341ef5b9
Data/catdog_dataset4/catdog_dataset4_804/catdog_dataset4_804.jpg,catdog_dataset4_804.jpg,catdog_dataset4,Bombay_154_jpg.rf.5167b1ed4524b14f937c2f2ae5abab09.jpg,3de262e5a6acdc648b974bb1d7fe830d
Data/catdog_dataset4/catdog_dataset4_805/catdog_dataset4_805.jpg,catdog_dataset4_805.jpg,catdog_dataset4,Bombay_154_jpg.rf.766043db85ff93c40e8654629c01c928.jpg,45f96ae95b7bf8a96fd8486228dcc1e5
Data/catdog_dataset4/catdog_dataset4_806/catdog_dataset4_806.jpg,catdog_dataset4_806.jpg,catdog_dataset4,Bombay_154_jpg.rf.e583f0ad254632e85a91584fd261501b.jpg,f167f70168670abbea8d93794f85fd0e
Data/catdog_dataset4/catdog_dataset4_807/catdog_dataset4_807.jpg,catdog_dataset4_807.jpg,catdog_dataset4,Bombay_155_jpg.rf.004ced7326e91bf3fdb5a03b3bf921ff.jpg,6c43934f0f0b44dde7ab0258269755ea
Data/catdog_dataset4/catdog_dataset4_808/catdog_dataset4_808.jpg,catdog_dataset4_808.jpg,catdog_dataset4,Bombay_155_jpg.rf.d5636ca3758d1ab6289de83d7392379a.jpg,1f1ce15dbaba96e104b696d60b32c6ec
Data/catdog_dataset4/catdog_dataset4_809/catdog_dataset4_809.jpg,catdog_dataset4_809.jpg,catdog_dataset4,Bombay_155_jpg.rf.f3369a11e4450808e0e7a124e8a59cdc.jpg,928e06fa1e424d767adc757a16e91aaa
Data/catdog_dataset4/catdog_dataset4_81/catdog_dataset4_81.jpg,catdog_dataset4_81.jpg,catdog_dataset4,Ragdoll_16_jpg.rf.3cec2e693438647804de02a7b72dd95e.jpg,6ea23368d200a3112f3a0007c49f6c58
Data/catdog_dataset4/catdog_dataset4_810/catdog_dataset4_810.jpg,catdog_dataset4_810.jpg,catdog_dataset4,Bombay_156_jpg.rf.bd7d355a800134ac33ba7e8f674640a2.jpg,f12a9516813d172d94c04c96e0cefd1a
Data/catdog_dataset4/catdog_dataset4_811/catdog_dataset4_811.jpg,catdog_dataset4_811.jpg,catdog_dataset4,Bombay_156_jpg.rf.d8bf21de2da160d1022e0116c70fd729.jpg,eeddf573331183142c971266a9cc4bb6
Data/catdog_dataset4/catdog_dataset4_812/catdog_dataset4_812.jpg,catdog_dataset4_812.jpg,catdog_dataset4,Bombay_156_jpg.rf.e004ce302a1a454ceafb792a5d959119.jpg,d3ecd4cb99fcb7958f5cd9662f283419
Data/catdog_dataset4/catdog_dataset4_813/catdog_dataset4_813.jpg,catdog_dataset4_813.jpg,catdog_dataset4,Bombay_157_jpg.rf.68803840dacd7fe72cdd5a370fea1513.jpg,3605f12dd7bef08bb699c8059204c7db
Data/catdog_dataset4/catdog_dataset4_814/catdog_dataset4_814.jpg,catdog_dataset4_814.jpg,catdog_dataset4,Bombay_157_jpg.rf.a06a15cd31d411d175232488cf4473c2.jpg,b28825b7e8588627c2c5de316cc37fff
Data/catdog_dataset4/catdog_dataset4_815/catdog_dataset4_815.jpg,catdog_dataset4_815.jpg,catdog_dataset4,Bombay_157_jpg.rf.a0a1c7b603330399c4dcc6db9b73139c.jpg,7ca76a1e4e8ad4656557ba4ab5f77d1c
Data/catdog_dataset4/catdog_dataset4_816/catdog_dataset4_816.jpg,catdog_dataset4_816.jpg,catdog_dataset4,Bombay_158_jpg.rf.0d7edb0ac22f5df5b0df944f129c941b.jpg,c7885dd83825d6df53b9d2aea9bafa73
Data/catdog_dataset4/catdog_dataset4_817/catdog_dataset4_817.jpg,catdog_dataset4_817.jpg,catdog_dataset4,Bombay_158_jpg.rf.4611e260109a7534ec02f23ca111e6f4.jpg,9081a92b5c4c4d5b1e502b84ea8c6ad5
Data/catdog_dataset4/catdog_dataset4_818/catdog_dataset4_818.jpg,catdog_dataset4_818.jpg,catdog_dataset4,Bombay_158_jpg.rf.8b3cc50806b5fd9cd0d19418a6df198f.jpg,cbafce55930b1477020fb04407ab286f
Data/catdog_dataset4/catdog_dataset4_819/catdog_dataset4_819.jpg,catdog_dataset4_819.jpg,catdog_dataset4,Bombay_159_jpg.rf.3d31fb68c3f5f938512ce833a0185e56.jpg,deada3dcede47f5cea25bc60ee06d7fa
Data/catdog_dataset4/catdog_dataset4_82/catdog_dataset4_82.jpg,catdog_dataset4_82.jpg,catdog_dataset4,Ragdoll_180_jpg.rf.f3ed2b8d3606e9e2cb4f635894b1e4b1.jpg,1a57c37b3492dae4f5abb7f9abf9f197
Data/catdog_dataset4/catdog_dataset4_820/catdog_dataset4_820.jpg,catdog_dataset4_820.jpg,catdog_dataset4,Bombay_159_jpg.rf.7430b11f766630595e53faa25929db59.jpg,07c05cf8340db5ab9e3cbb5582d956e4
Data/catdog_dataset4/catdog_dataset4_821/catdog_dataset4_821.jpg,catdog_dataset4_821.jpg,catdog_dataset4,Bombay_159_jpg.rf.e858e86354d751b2a5b79e9c6f6422d7.jpg,795448bc357a87d62ed9e6764300eb17
Data/catdog_dataset4/catdog_dataset4_822/catdog_dataset4_822.jpg,catdog_dataset4_822.jpg,catdog_dataset4,Bombay_15_jpg.rf.1945ee643920f71cdd65dd0ab1cdd337.jpg,3ab2af5368d7c47325311ac217b7985b
Data/catdog_dataset4/catdog_dataset4_823/catdog_dataset4_823.jpg,catdog_dataset4_823.jpg,catdog_dataset4,Bombay_15_jpg.rf.3540c5647f2a515fea3bb505f8a5451a.jpg,6f5d77cc4af4bbf8792cdad3b037abff
Data/catdog_dataset4/catdog_dataset4_824/catdog_dataset4_824.jpg,catdog_dataset4_824.jpg,catdog_dataset4,Bombay_15_jpg.rf.e0b5674d2d953099aab811022cb2dc55.jpg,1215633a6ea365ac5513cfad94a98da1
Data/catdog_dataset4/catdog_dataset4_825/catdog_dataset4_825.jpg,catdog_dataset4_825.jpg,catdog_dataset4,Bombay_162_jpg.rf.7e21ba3ffbc2a2015544219fa952d39c.jpg,f0270c55ac5b2f620d8307a8757156b2
Data/catdog_dataset4/catdog_dataset4_826/catdog_dataset4_826.jpg,catdog_dataset4_826.jpg,catdog_dataset4,Bombay_162_jpg.rf.d60d7b2ed735fcf4df081099fb46a7e5.jpg,69666ee6dc4cf3b741c68fb35989424d
Data/catdog_dataset4/catdog_dataset4_827/catdog_dataset4_827.jpg,catdog_dataset4_827.jpg,catdog_dataset4,Bombay_162_jpg.rf.df9fb362be8b5d3450d0785c85fbbd6f.jpg,18d71d547383624f90f12b26292d0c10
Data/catdog_dataset4/catdog_dataset4_828/catdog_dataset4_828.jpg,catdog_dataset4_828.jpg,catdog_dataset4,Bombay_163_jpg.rf.1706c0929b44e94f90ec0fc6d21d13fb.jpg,52499c566a8b117763df73a91a1c60d7
Data/catdog_dataset4/catdog_dataset4_829/catdog_dataset4_829.jpg,catdog_dataset4_829.jpg,catdog_dataset4,Bombay_163_jpg.rf.3a9c63e4b4a3f35e15e87368d7a2b531.jpg,66dc85d3b4e8d5d31170b9101e3a7d17
Data/catdog_dataset4/catdog_dataset4_83/catdog_dataset4_83.jpg,catdog_dataset4_83.jpg,catdog_dataset4,Russian_Blue_104_jpg.rf.9f2f5b099b8e77dc5145f8f06123af09.jpg,df91d74743302d2bcf3551958d9e23cb
Data/catdog_dataset4/catdog_dataset4_830/catdog_dataset4_830.jpg,catdog_dataset4_830.jpg,catdog_dataset4,Bombay_163_jpg.rf.532b56047c6351bb1365261c2b0d8245.jpg,a76a82f48c9fd28a8fbeb7bee56514e5
Data/catdog_dataset4/catdog_dataset4_831/catdog_dataset4_831.jpg,catdog_dataset4_831.jpg,catdog_dataset4,Bombay_168_jpg.rf.011c4e79372b303eca35a45e9f735d15.jpg,23df78d5561db3a91ad038d7500d008f
Data/catdog_dataset4/catdog_dataset4_832/catdog_dataset4_832.jpg,catdog_dataset4_832.jpg,catdog_dataset4,Bombay_168_jpg.rf.cde9b0a07be9e06f8883b1b34e1a93ce.jpg,8a76f0e0f900f0941120a56989a609c2
Data/catdog_dataset4/catdog_dataset4_833/catdog_dataset4_833.jpg,catdog_dataset4_833.jpg,catdog_dataset4,Bombay_168_jpg.rf.f89d918861da34cec7c0e86382620df4.jpg,3ed5e420ab176d391c7604a915d56cd0
Data/catdog_dataset4/catdog_dataset4_834/catdog_dataset4_834.jpg,catdog_dataset4_834.jpg,catdog_dataset4,Bombay_169_jpg.rf.bfbab252de478201eecc8da1eb7a134b.jpg,87056b1235e0b6ef6266ba1a521ef201
Data/catdog_dataset4/catdog_dataset4_835/catdog_dataset4_835.jpg,catdog_dataset4_835.jpg,catdog_dataset4,Bombay_169_jpg.rf.c5f45422e50705d55d5c106402e633c0.jpg,de310b98243ef1943ed2d310a03bc0c8
Data/catdog_dataset4/catdog_dataset4_836/catdog_dataset4_836.jpg,catdog_dataset4_836.jpg,catdog_dataset4,Bombay_169_jpg.rf.d40f383eee3d2ac55e39fb7f36e1cfd9.jpg,485b69ab12db6cab7ce2b04fc8d20fd8
Data/catdog_dataset4/catdog_dataset4_837/catdog_dataset4_837.jpg,catdog_dataset4_837.jpg,catdog_dataset4,Bombay_171_jpg.rf.0f2f9adf988226fd067a0ac73f33f5ae.jpg,6b52d8eb2192a32ffd254ba74df718ad
Data/catdog_dataset4/catdog_dataset4_838/catdog_dataset4_838.jpg,catdog_dataset4_838.jpg,catdog_dataset4,Bombay_171_jpg.rf.22a95ff37c96612040a26f3ae15035a8.jpg,dfbddd21b6930ec6aa182c6faac60ce5
Data/catdog_dataset4/catdog_dataset4_839/catdog_dataset4_839.jpg,catdog_dataset4_839.jpg,catdog_dataset4,Bombay_171_jpg.rf.c06ce60a9723c19120e9b57ee730c013.jpg,86f8e1f739cdff6d0786253f7fc511cd
Data/catdog_dataset4/catdog_dataset4_84/catdog_dataset4_84.jpg,catdog_dataset4_84.jpg,catdog_dataset4,Russian_Blue_143_jpg.rf.43824fea83fd9d7330ba618782d7081d.jpg,d7ac6043d5a5d72f0758f32949fa2757
Data/catdog_dataset4/catdog_dataset4_840/catdog_dataset4_840.jpg,catdog_dataset4_840.jpg,catdog_dataset4,Bombay_172_jpg.rf.9f15afc5c03a2a3f4b9f3e2cb7512f3f.jpg,157718388c9dfe2532e0095c0f1a1ac0
Data/catdog_dataset4/catdog_dataset4_841/catdog_dataset4_841.jpg,catdog_dataset4_841.jpg,catdog_dataset4,Bombay_172_jpg.rf.ad6859468dbe60297154dadc533b35b2.jpg,85553ceb8001bf6eaae57996bd5e32e6
Data/catdog_dataset4/catdog_dataset4_842/catdog_dataset4_842.jpg,catdog_dataset4_842.jpg,catdog_dataset4,Bombay_172_jpg.rf.c8735da04bd502dfc6d05ad231c544e4.jpg,1629d81a668b2e6600812296cac44701
Data/catdog_dataset4/catdog_dataset4_843/catdog_dataset4_843.jpg,catdog_dataset4_843.jpg,catdog_dataset4,Bombay_173_jpg.rf.7f5ef485fddf0ede805f14a3f2abbdc3.jpg,645124b4dca5b576c12263af397e4269
Data/catdog_dataset4/catdog_dataset4_844/catdog_dataset4_844.jpg,catdog_dataset4_844.jpg,catdog_dataset4,Bombay_173_jpg.rf.8a3eee34f10a6754ecc4aa2a360fed6b.jpg,38ab5b6dffa3937c47e530d2a627b0f8
Data/catdog_dataset4/catdog_dataset4_845/catdog_dataset4_845.jpg,catdog_dataset4_845.jpg,catdog_dataset4,Bombay_173_jpg.rf.ad9573a96891cd945c6aac7c1727fe9b.jpg,bc040b7cd76ecf91f8dd091c42ffd39d
Data/catdog_dataset4/catdog_dataset4_846/catdog_dataset4_846.jpg,catdog_dataset4_846.jpg,catdog_dataset4,Bombay_175_jpg.rf.15ce8ec1bcb40229e73d1002998fcfee.jpg,94d5563b33aa6b8c33479078ea782f3d
Data/catdog_dataset4/catdog_dataset4_847/catdog_dataset4_847.jpg,catdog_dataset4_847.jpg,catdog_dataset4,Bombay_175_jpg.rf.18f36b1d25b1776443e8e095e12beb01.jpg,eba5ea70e983e147f131dae3ef872daa
Data/catdog_dataset4/catdog_dataset4_848/catdog_dataset4_848.jpg,catdog_dataset4_848.jpg,catdog_dataset4,Bombay_175_jpg.rf.6fa5ca13cc6add4203fc2225ec384575.jpg,4ea776b81e860fb124ef28a38841c811
Data/catdog_dataset4/catdog_dataset4_849/catdog_dataset4_849.jpg,catdog_dataset4_849.jpg,catdog_dataset4,Bombay_176_jpg.rf.64100e2650f9bcd5373dd475e2f29900.jpg,f7a4f7228acfc3415407b4723bde1398
Data/catdog_dataset4/catdog_dataset4_85/catdog_dataset4_85.jpg,catdog_dataset4_85.jpg,catdog_dataset4,Russian_Blue_146_jpg.rf.f4e940c6587119cbdef55d0c8ead3d39.jpg,f65bf49b0bd2ada686090bde5a01187d
Data/catdog_dataset4/catdog_dataset4_850/catdog_dataset4_850.jpg,catdog_dataset4_850.jpg,catdog_dataset4,Bombay_176_jpg.rf.b2e436cc2808be236d8a0eaddd4f7dcd.jpg,79c1db4c0cfd15b34b0f7a6c6e3a733c
Data/catdog_dataset4/catdog_dataset4_851/catdog_dataset4_851.jpg,catdog_dataset4_851.jpg,catdog_dataset4,Bombay_176_jpg.rf.d60e05868f5028c693dcd964f1411f3d.jpg,ad00ed101fa458c16efd4dc37e186d38
Data/catdog_dataset4/catdog_dataset4_852/catdog_dataset4_852.jpg,catdog_dataset4_852.jpg,catdog_dataset4,Bombay_177_jpg.rf.62b9ebef4ec1ce76195466f92c10e349.jpg,014416f751797210c69b0170f0d21b74
Data/catdog_dataset4/catdog_dataset4_853/catdog_dataset4_853.jpg,catdog_dataset4_853.jpg,catdog_dataset4,Bombay_177_jpg.rf.7d64e7f693ca83fdda202e0991fd4f85.jpg,410fc0a930e0978160d2e9d958d25ddb
Data/catdog_dataset4/catdog_dataset4_854/catdog_dataset4_854.jpg,catdog_dataset4_854.jpg,catdog_dataset4,Bombay_177_jpg.rf.c07bd2b1f2b3f985277f1fca77ab3446.jpg,88de5ef918dc9c77c5a28a8ac6916a4b
Data/catdog_dataset4/catdog_dataset4_855/catdog_dataset4_855.jpg,catdog_dataset4_855.jpg,catdog_dataset4,Bombay_178_jpg.rf.26fd5ea886d4120b42b96d73ae1d7110.jpg,95c6235d947672f872033f8378eb9a4d
Data/catdog_dataset4/catdog_dataset4_856/catdog_dataset4_856.jpg,catdog_dataset4_856.jpg,catdog_dataset4,Bombay_178_jpg.rf.ed7c652e67338c75fbe81e8b79e26414.jpg,e4d64952f25325bb685184ceb8d99ad0
Data/catdog_dataset4/catdog_dataset4_857/catdog_dataset4_857.jpg,catdog_dataset4_857.jpg,catdog_dataset4,Bombay_178_jpg.rf.fb6fc3e026543180ff89a0c1e86ce960.jpg,17f1618350803ceff6422ed6a010f759
Data/catdog_dataset4/catdog_dataset4_858/catdog_dataset4_858.jpg,catdog_dataset4_858.jpg,catdog_dataset4,Bombay_179_jpg.rf.0ad33bab640c22647783029ac6f90b93.jpg,eb95b2770ace62035511a8b9551487e6
Data/catdog_dataset4/catdog_dataset4_859/catdog_dataset4_859.jpg,catdog_dataset4_859.jpg,catdog_dataset4,Bombay_179_jpg.rf.cde95edbdffc6e27382d478f222d4219.jpg,bf6f7dda426c84a53a917cac14ada148
Data/catdog_dataset4/catdog_dataset4_86/catdog_dataset4_86.jpg,catdog_dataset4_86.jpg,catdog_dataset4,Russian_Blue_147_jpg.rf.d93f22d789361b236207912ef596ce76.jpg,2bad89640b9e3554befe2f09105fe216
Data/catdog_dataset4/catdog_dataset4_860/catdog_dataset4_860.jpg,catdog_dataset4_860.jpg,catdog_dataset4,Bombay_179_jpg.rf.d0afcd3f886c7b374e84ae6886c7bffe.jpg,2a1ba40f2ff834ee45fb861fd396fd6a
Data/catdog_dataset4/catdog_dataset4_861/catdog_dataset4_861.jpg,catdog_dataset4_861.jpg,catdog_dataset4,Bombay_180_jpg.rf.14ed4f350a8bd4f715373e013ff00fc4.jpg,ca8e24d4e53bfab3f5c38989fecae5cf
Data/catdog_dataset4/catdog_dataset4_862/catdog_dataset4_862.jpg,catdog_dataset4_862.jpg,catdog_dataset4,Bombay_180_jpg.rf.426d67ca2432736936ca034d23f31e77.jpg,57df354b5d0083dfae3878640cce96c3
Data/catdog_dataset4/catdog_dataset4_863/catdog_dataset4_863.jpg,catdog_dataset4_863.jpg,catdog_dataset4,Bombay_180_jpg.rf.448da80fb80b9ec2be1023ccfbecab21.jpg,e7d272144fc12f9db96ed036db9409f3
Data/catdog_dataset4/catdog_dataset4_864/catdog_dataset4_864.jpg,catdog_dataset4_864.jpg,catdog_dataset4,Bombay_182_jpg.rf.0e365cf3e6688aa0e4c9151e63a6d72a.jpg,266277ebc7825475e88ec9dca5baff94
Data/catdog_dataset4/catdog_dataset4_865/catdog_dataset4_865.jpg,catdog_dataset4_865.jpg,catdog_dataset4,Bombay_182_jpg.rf.66c1670b9a0a5e91bb219a2f1a208eca.jpg,872b3991f8f2112db4174cec91ba7591
Data/catdog_dataset4/catdog_dataset4_866/catdog_dataset4_866.jpg,catdog_dataset4_866.jpg,catdog_dataset4,Bombay_182_jpg.rf.ddf91fb3ad1d25b198218b5aa354c3c0.jpg,6a8fa80e4e3e41a25c950611b5898534
Data/catdog_dataset4/catdog_dataset4_867/catdog_dataset4_867.jpg,catdog_dataset4_867.jpg,catdog_dataset4,Bombay_183_jpg.rf.4a6d619f631a094fa71991b4a6795b25.jpg,fc49bdacde71ea1b584468dcc774b520
Data/catdog_dataset4/catdog_dataset4_868/catdog_dataset4_868.jpg,catdog_dataset4_868.jpg,catdog_dataset4,Bombay_183_jpg.rf.7cbd626ab928e7d847a58133cbc95a69.jpg,581e60263939dbbbc5afb98341e6bff6
Data/catdog_dataset4/catdog_dataset4_869/catdog_dataset4_869.jpg,catdog_dataset4_869.jpg,catdog_dataset4,Bombay_183_jpg.rf.f5b156174933ea44f7b892a99fbd425a.jpg,7b61331c2d9aab2e2a5e6303947a4594
Data/catdog_dataset4/catdog_dataset4_87/catdog_dataset4_87.jpg,catdog_dataset4_87.jpg,catdog_dataset4,Russian_Blue_158_jpg.rf.f61056a58abd01ca88ed7fec7c5d15ea.jpg,8489193171719fb89f0e2c5275e77280
Data/catdog_dataset4/catdog_dataset4_870/catdog_dataset4_870.jpg,catdog_dataset4_870.jpg,catdog_dataset4,Bombay_184_jpg.rf.1e3e69bd4373ca3e068546aeed74379a.jpg,b75776e84c7986fb3f519c608341f6c5
Data/catdog_dataset4/catdog_dataset4_871/catdog_dataset4_871.jpg,catdog_dataset4_871.jpg,catdog_dataset4,Bombay_184_jpg.rf.38ad5770bc5bcf3693f9f994d8067031.jpg,55728fdd127e045e8440cdf7d94f200c
Data/catdog_dataset4/catdog_dataset4_872/catdog_dataset4_872.jpg,catdog_dataset4_872.jpg,catdog_dataset4,Bombay_184_jpg.rf.85ddafd11e9cf27095ebd64b7ee40b8f.jpg,52183be69b8bfb4aa15b28f197c01f49
Data/catdog_dataset4/catdog_dataset4_873/catdog_dataset4_873.jpg,catdog_dataset4_873.jpg,catdog_dataset4,Bombay_186_jpg.rf.eb5fa80c22a73bb2eb26adac8e9fa636.jpg,7127b1e3e7e3c4483241d32ff092115a
Data/catdog_dataset4/catdog_dataset4_874/catdog_dataset4_874.jpg,catdog_dataset4_874.jpg,catdog_dataset4,Bombay_186_jpg.rf.ec7656e45677723fb3cc3412fbace6d8.jpg,7222cf1c2ac2bea3b46d2c5ddb730728
Data/catdog_dataset4/catdog_dataset4_875/catdog_dataset4_875.jpg,catdog_dataset4_875.jpg,catdog_dataset4,Bombay_186_jpg.rf.f2bcb26da3ebce3f601a818aa88bf6d6.jpg,f0345565ba2bdbfbb2bbf6bd9ca3ba94
Data/catdog_dataset4/catdog_dataset4_876/catdog_dataset4_876.jpg,catdog_dataset4_876.jpg,catdog_dataset4,Bombay_191_jpg.rf.2ffc1f5d51cb0effd6e43e2bf27d1c2c.jpg,195f37f8c10ef1787965fff8e4e4e398
Data/catdog_dataset4/catdog_dataset4_877/catdog_dataset4_877.jpg,catdog_dataset4_877.jpg,catdog_dataset4,Bombay_191_jpg.rf.7e3d9aa6d6c9ce025952165f63cef5d6.jpg,5f0618f26d4a109aa0057eeb60c1c928
Data/catdog_dataset4/catdog_dataset4_878/catdog_dataset4_878.jpg,catdog_dataset4_878.jpg,catdog_dataset4,Bombay_191_jpg.rf.fa03b27cac8074156cdf97af4908afdd.jpg,a7a959292d587a9c1ebbcc6c0a696af5
Data/catdog_dataset4/catdog_dataset4_879/catdog_dataset4_879.jpg,catdog_dataset4_879.jpg,catdog_dataset4,Bombay_194_jpg.rf.51ca344fb7d4246b3ec3ee8f31f78a84.jpg,856324dcc28fbd1a03ecfa726b470a32
Data/catdog_dataset4/catdog_dataset4_88/catdog_dataset4_88.jpg,catdog_dataset4_88.jpg,catdog_dataset4,Russian_Blue_162_jpg.rf.3a9beb417a7a59967cf068cfa5ad75e7.jpg,ba1947a04fd00923d65612f85cf0f4e3
Data/catdog_dataset4/catdog_dataset4_880/catdog_dataset4_880.jpg,catdog_dataset4_880.jpg,catdog_dataset4,Bombay_194_jpg.rf.f27774b92155ae8ef4311e688ae4eaa3.jpg,f5be5c0f20988af8f47cc869509216e4
Data/catdog_dataset4/catdog_dataset4_881/catdog_dataset4_881.jpg,catdog_dataset4_881.jpg,catdog_dataset4,Bombay_194_jpg.rf.f65af2eabf98cb32bbc59a0f3ba09ef2.jpg,32f522063ad1b6f35fb0b3db6e38e519
Data/catdog_dataset4/catdog_dataset4_882/catdog_dataset4_882.jpg,catdog_dataset4_882.jpg,catdog_dataset4,British_Shorthair_100_jpg.rf.3088960b6ea1f6b9a054f13adb3fe778.jpg,dcda67ef11fea4c1c8321a59af3a70c8
Data/catdog_dataset4/catdog_dataset4_883/catdog_dataset4_883.jpg,catdog_dataset4_883.jpg,catdog_dataset4,British_Shorthair_100_jpg.rf.730dafa3b10a42df01002b1d36adbb17.jpg,4152d972549da14af91de7221f7836f6
Data/catdog_dataset4/catdog_dataset4_884/catdog_dataset4_884.jpg,catdog_dataset4_884.jpg,catdog_dataset4,British_Shorthair_100_jpg.rf.bf764bc1b5dd1f6abd91753eb7cda501.jpg,a11416aa9e40f911d241660d2027a5b5
Data/catdog_dataset4/catdog_dataset4_885/catdog_dataset4_885.jpg,catdog_dataset4_885.jpg,catdog_dataset4,British_Shorthair_101_jpg.rf.85896830de9a8d822bac04a4339bc26c.jpg,44047b9f33a5ce07acf75087fdf235a7
Data/catdog_dataset4/catdog_dataset4_886/catdog_dataset4_886.jpg,catdog_dataset4_886.jpg,catdog_dataset4,British_Shorthair_101_jpg.rf.c8176a6c3c517264779c9916b1909b83.jpg,027b0e20a18b18aa2320d8e055afe712
Data/catdog_dataset4/catdog_dataset4_887/catdog_dataset4_887.jpg,catdog_dataset4_887.jpg,catdog_dataset4,British_Shorthair_101_jpg.rf.f90a114ea56e662f29f702bbe62b3ae5.jpg,24c4139389276c8e29549e0ed4bbc9be
Data/catdog_dataset4/catdog_dataset4_888/catdog_dataset4_888.jpg,catdog_dataset4_888.jpg,catdog_dataset4,British_Shorthair_102_jpg.rf.7d0f7b0234115e8059a7639fe11a9a10.jpg,838a92b240cea5cea1243de2460ff127
Data/catdog_dataset4/catdog_dataset4_889/catdog_dataset4_889.jpg,catdog_dataset4_889.jpg,catdog_dataset4,British_Shorthair_102_jpg.rf.89cf2ac94d3ac4bfd1bb2acac3a2f87b.jpg,796f38dbebe64bf4c6187824a3fc2b6c
Data/catdog_dataset4/catdog_dataset4_89/catdog_dataset4_89.jpg,catdog_dataset4_89.jpg,catdog_dataset4,Russian_Blue_180_jpg.rf.eb8bcf4c98df4f58e97af7c52adb2207.jpg,f80f9d792ab9f8584eabcc61fdd7c0d1
Data/catdog_dataset4/catdog_dataset4_890/catdog_dataset4_890.jpg,catdog_dataset4_890.jpg,catdog_dataset4,British_Shorthair_102_jpg.rf.93972e53ce039e936a66aca2f81000ad.jpg,0e08519f36734b78eb453db440c1fd71
Data/catdog_dataset4/catdog_dataset4_891/catdog_dataset4_891.jpg,catdog_dataset4_891.jpg,catdog_dataset4,British_Shorthair_103_jpg.rf.33d528a0f209efa0d198f14a281e2af3.jpg,082b8b9f3968cc21e2a97173e129758c
Data/catdog_dataset4/catdog_dataset4_892/catdog_dataset4_892.jpg,catdog_dataset4_892.jpg,catdog_dataset4,British_Shorthair_103_jpg.rf.34c8ee39a279e3e8fac55e225dc7747a.jpg,6a484db0a8a2b5acfccfd2a6725d6cf2
Data/catdog_dataset4/catdog_dataset4_893/catdog_dataset4_893.jpg,catdog_dataset4_893.jpg,catdog_dataset4,British_Shorthair_103_jpg.rf.820c54627e2c4525740dc969a0a7b4e8.jpg,4f3847aee3f0f0387660f4effd360008
Data/catdog_dataset4/catdog_dataset4_894/catdog_dataset4_894.jpg,catdog_dataset4_894.jpg,catdog_dataset4,British_Shorthair_105_jpg.rf.29606840194aa1af590d07ff0a2393f1.jpg,aa3b8873182ffb16014b2d3ac6e232aa
Data/catdog_dataset4/catdog_dataset4_895/catdog_dataset4_895.jpg,catdog_dataset4_895.jpg,catdog_dataset4,British_Shorthair_105_jpg.rf.7e91ed22ef748f5cb49decc4526ced97.jpg,ce44d98d36973ed244f0b32a6d88d1f0
Data/catdog_dataset4/catdog_dataset4_896/catdog_dataset4_896.jpg,catdog_dataset4_896.jpg,catdog_dataset4,British_Shorthair_105_jpg.rf.bd400dca8ae8381b4d677055dd8290d6.jpg,9384e730013c53960705b3d251cc58c2
Data/catdog_dataset4/catdog_dataset4_897/catdog_dataset4_897.jpg,catdog_dataset4_897.jpg,catdog_dataset4,British_Shorthair_106_jpg.rf.73b595fe5c6280462de9d60f1d877ebc.jpg,434cd64f59be373dd7d0353c591555bf
Data/catdog_dataset4/catdog_dataset4_898/catdog_dataset4_898.jpg,catdog_dataset4_898.jpg,catdog_dataset4,British_Shorthair_106_jpg.rf.9e47338381a3ba361079238d1a27a85a.jpg,a5abbe02f48a2c53128cccd2d25b6db4
Data/catdog_dataset4/catdog_dataset4_899/catdog_dataset4_899.jpg,catdog_dataset4_899.jpg,catdog_dataset4,British_Shorthair_106_jpg.rf.9f728a03d277e467a8e015f938728fec.jpg,55769b475076e3746ee4e4434b87c64c
Data/catdog_dataset4/catdog_dataset4_9/catdog_dataset4_9.jpg,catdog_dataset4_9.jpg,catdog_dataset4,Abyssinian_179_jpg.rf.e2e02492de72b1bbe3fb3f24beac979f.jpg,0d3191e154af3d773276e19a9182fac6
Data/catdog_dataset4/catdog_dataset4_90/catdog_dataset4_90.jpg,catdog_dataset4_90.jpg,catdog_dataset4,Russian_Blue_188_jpg.rf.d3c3a0af8fc6cd591c5282259046ed88.jpg,01e78b84431c8f87520b6545cbebc474
Data/catdog_dataset4/catdog_dataset4_900/catdog_dataset4_900.jpg,catdog_dataset4_900.jpg,catdog_dataset4,British_Shorthair_107_jpg.rf.6243d8579395c0e9945648ac30c13b81.jpg,274d532f5c60c408bc6cec1396e32ae2
Data/catdog_dataset4/catdog_dataset4_901/catdog_dataset4_901.jpg,catdog_dataset4_901.jpg,catdog_dataset4,British_Shorthair_107_jpg.rf.857c1721901615af344d331f328df900.jpg,f41dd1e88923597c62058c55beb66f09
Data/catdog_dataset4/catdog_dataset4_902/catdog_dataset4_902.jpg,catdog_dataset4_902.jpg,catdog_dataset4,British_Shorthair_107_jpg.rf.9687c1d03f89a942be5c1184bb03621d.jpg,8f91df6b18186f190e288641b4d08134
Data/catdog_dataset4/catdog_dataset4_903/catdog_dataset4_903.jpg,catdog_dataset4_903.jpg,catdog_dataset4,British_Shorthair_108_jpg.rf.0f60df538f26a52e737bfad08401e6a8.jpg,7b2c3b7c3b1d79a3401f085bf892de3e
Data/catdog_dataset4/catdog_dataset4_904/catdog_dataset4_904.jpg,catdog_dataset4_904.jpg,catdog_dataset4,British_Shorthair_108_jpg.rf.40b11f52c9f0bc58b62376202a14842b.jpg,10851f05b1fcb78dd0cde00e3af7a6eb
Data/catdog_dataset4/catdog_dataset4_905/catdog_dataset4_905.jpg,catdog_dataset4_905.jpg,catdog_dataset4,British_Shorthair_108_jpg.rf.89525d32de41907a76822a45d9b51a15.jpg,bdea5637a62ecbe6fd9c7ca0c88ed324
Data/catdog_dataset4/catdog_dataset4_906/catdog_dataset4_906.jpg,catdog_dataset4_906.jpg,catdog_dataset4,British_Shorthair_10_jpg.rf.901de818dea7e2e946bb52b821ed6e25.jpg,4174f3ffae8d2f0c6395d7f637e5a7cb
Data/catdog_dataset4/catdog_dataset4_907/catdog_dataset4_907.jpg,catdog_dataset4_907.jpg,catdog_dataset4,British_Shorthair_10_jpg.rf.9b809601e627a0c121d60641569d6082.jpg,b7c4e1789fa8c36342c6505af633198c
Data/catdog_dataset4/catdog_dataset4_908/catdog_dataset4_908.jpg,catdog_dataset4_908.jpg,catdog_dataset4,British_Shorthair_10_jpg.rf.f7d95d0eb4b18eaeb6e6fee78809766a.jpg,c72a16a30586c4075932db9068d158d5
Data/catdog_dataset4/catdog_dataset4_909/catdog_dataset4_909.jpg,catdog_dataset4_909.jpg,catdog_dataset4,British_Shorthair_110_jpg.rf.419b9f5c81280d6be1a24f757939d610.jpg,a2766166f8f3cea16d2583e3adb34895
Data/catdog_dataset4/catdog_dataset4_91/catdog_dataset4_91.jpg,catdog_dataset4_91.jpg,catdog_dataset4,Russian_Blue_19_jpg.rf.4a4a41fac9b6be79e72d87e5443f924e.jpg,b7176aa98930478dd2889203e23ad72d
Data/catdog_dataset4/catdog_dataset4_910/catdog_dataset4_910.jpg,catdog_dataset4_910.jpg,catdog_dataset4,British_Shorthair_110_jpg.rf.b9f017a1ee96c4dcc06a28d1b75ee4de.jpg,69dd79d5092ca7e228a101b865718c42
Data/catdog_dataset4/catdog_dataset4_911/catdog_dataset4_911.jpg,catdog_dataset4_911.jpg,catdog_dataset4,British_Shorthair_110_jpg.rf.f2b540e1bd86d9292e133de1dcd6f598.jpg,86bf3189a418ed6f39c8d77f78bfa8fc
Data/catdog_dataset4/catdog_dataset4_912/catdog_dataset4_912.jpg,catdog_dataset4_912.jpg,catdog_dataset4,British_Shorthair_111_jpg.rf.06d128a0013e06b5b149b9a22084e7a7.jpg,b287e8d0a0037e56eb70e0f4bb40b774
Data/catdog_dataset4/catdog_dataset4_913/catdog_dataset4_913.jpg,catdog_dataset4_913.jpg,catdog_dataset4,British_Shorthair_111_jpg.rf.5c1aa7686fb5d4b4e3daf2dfc816125d.jpg,20e6c98af50f272d45b78ab9a93a37d0
Data/catdog_dataset4/catdog_dataset4_914/catdog_dataset4_914.jpg,catdog_dataset4_914.jpg,catdog_dataset4,British_Shorthair_111_jpg.rf.78156fe21f63d496c717aaa18cc6c084.jpg,46b72818a54490ac014073a8f3c60ad6
Data/catdog_dataset4/catdog_dataset4_915/catdog_dataset4_915.jpg,catdog_dataset4_915.jpg,catdog_dataset4,British_Shorthair_114_jpg.rf.3f6cb11d5030e43b00d383fc78d86654.jpg,0f9298d37cb5df4717ffaa49303409b5
Data/catdog_dataset4/catdog_dataset4_916/catdog_dataset4_916.jpg,catdog_dataset4_916.jpg,catdog_dataset4,British_Shorthair_114_jpg.rf.6bc42377df7b2eb8306e31a4552c075b.jpg,554b6a94d684cbda82ea6e1a18851540
Data/catdog_dataset4/catdog_dataset4_917/catdog_dataset4_917.jpg,catdog_dataset4_917.jpg,catdog_dataset4,British_Shorthair_114_jpg.rf.cb9b94c2fa4af20150ccfdf3ff81313b.jpg,002db02c118025704bb20eb1b0b74c53
Data/catdog_dataset4/catdog_dataset4_918/catdog_dataset4_918.jpg,catdog_dataset4_918.jpg,catdog_dataset4,British_Shorthair_115_jpg.rf.653e46a3f0807779af33ff62712fee73.jpg,c875f8719775f2a676bff7ba04cd1f28
Data/catdog_dataset4/catdog_dataset4_919/catdog_dataset4_919.jpg,catdog_dataset4_919.jpg,catdog_dataset4,British_Shorthair_115_jpg.rf.90d5e168abb3c3f9f3a04d626d29d64c.jpg,90fb43b525e12d8ed8bbb422a97fdd25
Data/catdog_dataset4/catdog_dataset4_92/catdog_dataset4_92.jpg,catdog_dataset4_92.jpg,catdog_dataset4,Siamese_101_jpg.rf.09db70795cdfb7cff48deb881b815b24.jpg,d036e06486bdb9c64d83b9acba03e8e9
Data/catdog_dataset4/catdog_dataset4_920/catdog_dataset4_920.jpg,catdog_dataset4_920.jpg,catdog_dataset4,British_Shorthair_115_jpg.rf.916bd48cec815b6de9ac66a776424203.jpg,1c1d03e59502caa4dc066f38c5cff738
Data/catdog_dataset4/catdog_dataset4_921/catdog_dataset4_921.jpg,catdog_dataset4_921.jpg,catdog_dataset4,British_Shorthair_116_jpg.rf.62242aa146bb184bc0578586bf40c6d5.jpg,d445ac0d64c0f79c304a4b45be4abc21
Data/catdog_dataset4/catdog_dataset4_922/catdog_dataset4_922.jpg,catdog_dataset4_922.jpg,catdog_dataset4,British_Shorthair_116_jpg.rf.ae958bff1d5fadde6df46f90f200eebf.jpg,a9cb423d58f4217319f99af4f3908575
Data/catdog_dataset4/catdog_dataset4_923/catdog_dataset4_923.jpg,catdog_dataset4_923.jpg,catdog_dataset4,British_Shorthair_116_jpg.rf.b5f9802edfabf29552ffba7116472906.jpg,0c368dbe2a07e373344895ef72e483d9
Data/catdog_dataset4/catdog_dataset4_924/catdog_dataset4_924.jpg,catdog_dataset4_924.jpg,catdog_dataset4,British_Shorthair_118_jpg.rf.0660aaebee3cac8c52abd62c1aae84b1.jpg,1990ac6eb6b452c7ce491c51b4cd15ac
Data/catdog_dataset4/catdog_dataset4_925/catdog_dataset4_925.jpg,catdog_dataset4_925.jpg,catdog_dataset4,British_Shorthair_118_jpg.rf.8f35aae78fd9a5b19eee5e9545015a40.jpg,7a8bcea68e12c625ebfee921f5ad8acc
Data/catdog_dataset4/catdog_dataset4_926/catdog_dataset4_926.jpg,catdog_dataset4_926.jpg,catdog_dataset4,British_Shorthair_118_jpg.rf.9927f5f0e599d9dda5825eb12c6986ea.jpg,17ad3122bd4633043b443dc1edeee4e6
Data/catdog_dataset4/catdog_dataset4_927/catdog_dataset4_927.jpg,catdog_dataset4_927.jpg,catdog_dataset4,British_Shorthair_119_jpg.rf.5e9659334e03dd40095b9812c5a54371.jpg,c886163bb612f0b71abadff765d7a55e
Data/catdog_dataset4/catdog_dataset4_928/catdog_dataset4_928.jpg,catdog_dataset4_928.jpg,catdog_dataset4,British_Shorthair_119_jpg.rf.64232078f6967d209f71e796797a5fec.jpg,a9999785d2c9d2df2f70a3a53df5e56b
Data/catdog_dataset4/catdog_dataset4_929/catdog_dataset4_929.jpg,catdog_dataset4_929.jpg,catdog_dataset4,British_Shorthair_119_jpg.rf.d528707cc9f6571155d317d04f90aaa0.jpg,2873bdcd8f5240a849cc77e447891706
Data/catdog_dataset4/catdog_dataset4_93/catdog_dataset4_93.jpg,catdog_dataset4_93.jpg,catdog_dataset4,Siamese_102_jpg.rf.b614ea8f228bb8fd428a5ffb2c3322f7.jpg,b11e38c5a208bce48be9ed667a3dd353
Data/catdog_dataset4/catdog_dataset4_930/catdog_dataset4_930.jpg,catdog_dataset4_930.jpg,catdog_dataset4,British_Shorthair_120_jpg.rf.37b0ed2ded0ee565027d4de9576917ca.jpg,8e5578a2c6bdc254bf7502fe63b31151
Data/catdog_dataset4/catdog_dataset4_931/catdog_dataset4_931.jpg,catdog_dataset4_931.jpg,catdog_dataset4,British_Shorthair_120_jpg.rf.aa0ad15d5b629c87219d133f19a1b7ef.jpg,7b9b16101ab0cc0712f50cce8cfee95e
Data/catdog_dataset4/catdog_dataset4_932/catdog_dataset4_932.jpg,catdog_dataset4_932.jpg,catdog_dataset4,British_Shorthair_120_jpg.rf.fa7a7f18e6aadeb874ef89d17cfad50b.jpg,1a9f2dbba48768c7bdd3204a73b19d0e
Data/catdog_dataset4/catdog_dataset4_933/catdog_dataset4_933.jpg,catdog_dataset4_933.jpg,catdog_dataset4,British_Shorthair_121_jpg.rf.88f2eed96040283ef5dc87e196aab2d5.jpg,27d63e67dd32b248ca5ea5af3f236fa3
Data/catdog_dataset4/catdog_dataset4_934/catdog_dataset4_934.jpg,catdog_dataset4_934.jpg,catdog_dataset4,British_Shorthair_121_jpg.rf.cc664f29596d5ee88cbb7cde5e420582.jpg,068d9e7352124378a01ba348fa858c39
Data/catdog_dataset4/catdog_dataset4_935/catdog_dataset4_935.jpg,catdog_dataset4_935.jpg,catdog_dataset4,British_Shorthair_121_jpg.rf.ed5c7e2612a3efc904c8a56dcce136ab.jpg,6c041748146b4075e3e842d395762186
Data/catdog_dataset4/catdog_dataset4_936/catdog_dataset4_936.jpg,catdog_dataset4_936.jpg,catdog_dataset4,British_Shorthair_122_jpg.rf.3975abc1b6be0b4c01eeefe50a8aab8d.jpg,306dcddbd0fd7e23f7034ab584287bf4
Data/catdog_dataset4/catdog_dataset4_937/catdog_dataset4_937.jpg,catdog_dataset4_937.jpg,catdog_dataset4,British_Shorthair_122_jpg.rf.b62bbd6e5432a15f306b0cc32b829ff1.jpg,7437963bf8725309d33cac1045afb43f
Data/catdog_dataset4/catdog_dataset4_938/catdog_dataset4_938.jpg,catdog_dataset4_938.jpg,catdog_dataset4,British_Shorthair_122_jpg.rf.e2360b9df428aa5892dbc788e12379e6.jpg,263ac20896eae9227e46cea3e64766c1
Data/catdog_dataset4/catdog_dataset4_939/catdog_dataset4_939.jpg,catdog_dataset4_939.jpg,catdog_dataset4,British_Shorthair_123_jpg.rf.0712652f4e2205a7ced43656ac4f57b6.jpg,08b5af035a9bb026194aabe9c8cb86ff
Data/catdog_dataset4/catdog_dataset4_94/catdog_dataset4_94.jpg,catdog_dataset4_94.jpg,catdog_dataset4,Siamese_113_jpg.rf.ca21e5488fde822127a73ee112a44643.jpg,d68c97d61e608690c0fdcd32ed931ab9
Data/catdog_dataset4/catdog_dataset4_940/catdog_dataset4_940.jpg,catdog_dataset4_940.jpg,catdog_dataset4,British_Shorthair_123_jpg.rf.0821b0bf4020d472b7672771752333a3.jpg,e8f7d256f79baa3185962b57f8eee214
Data/catdog_dataset4/catdog_dataset4_941/catdog_dataset4_941.jpg,catdog_dataset4_941.jpg,catdog_dataset4,British_Shorthair_123_jpg.rf.11e5bb35e5594a99c4966a66be0d4f1f.jpg,7318383b87c06578040e6ca6fa4e26d5
Data/catdog_dataset4/catdog_dataset4_942/catdog_dataset4_942.jpg,catdog_dataset4_942.jpg,catdog_dataset4,British_Shorthair_124_jpg.rf.1c6f532496c32c1c2f598058ca08c7e5.jpg,e1a4e7b657e0fbaadb575991e053e361
Data/catdog_dataset4/catdog_dataset4_943/catdog_dataset4_943.jpg,catdog_dataset4_943.jpg,catdog_dataset4,British_Shorthair_124_jpg.rf.20564bb3e216310e8cd4a7c632b92745.jpg,382ec39f040c76f7f836975396d13664
Data/catdog_dataset4/catdog_dataset4_944/catdog_dataset4_944.jpg,catdog_dataset4_944.jpg,catdog_dataset4,British_Shorthair_124_jpg.rf.30f592245e6ba6445b527a2a3aaf2a08.jpg,a618d868616a70e1f9cbc40489c93a25
Data/catdog_dataset4/catdog_dataset4_945/catdog_dataset4_945.jpg,catdog_dataset4_945.jpg,catdog_dataset4,British_Shorthair_125_jpg.rf.500a97ac550d14b391b8fe5b2009bbf0.jpg,5e50b0c7213b110575802f3e82fd35ea
Data/catdog_dataset4/catdog_dataset4_946/catdog_dataset4_946.jpg,catdog_dataset4_946.jpg,catdog_dataset4,British_Shorthair_125_jpg.rf.a4414a76cbc393aa3e8238c3580f0e75.jpg,c1777dbbfda476ed87c1500732bd4b3a
Data/catdog_dataset4/catdog_dataset4_947/catdog_dataset4_947.jpg,catdog_dataset4_947.jpg,catdog_dataset4,British_Shorthair_125_jpg.rf.a4e71feef9922e484529893236d1239a.jpg,340d08cb57b1b52fc5f57c6cc05e137c
Data/catdog_dataset4/catdog_dataset4_948/catdog_dataset4_948.jpg,catdog_dataset4_948.jpg,catdog_dataset4,British_Shorthair_126_jpg.rf.2b5a34e25e75958a47a08cd081328c40.jpg,3c08f82346699034466b0386f9fdae91
Data/catdog_dataset4/catdog_dataset4_949/catdog_dataset4_949.jpg,catdog_dataset4_949.jpg,catdog_dataset4,British_Shorthair_126_jpg.rf.5c1da0c842dd0f5ea02fb1668103b1fe.jpg,728c04afa6e42e860db25b7a1e17c411
Data/catdog_dataset4/catdog_dataset4_95/catdog_dataset4_95.jpg,catdog_dataset4_95.jpg,catdog_dataset4,Siamese_127_jpg.rf.11bdd2e0bc62b514c1d7310607443ed6.jpg,9b423ad69bf0fd04d30586eef8dd08f6
Data/catdog_dataset4/catdog_dataset4_950/catdog_dataset4_950.jpg,catdog_dataset4_950.jpg,catdog_dataset4,British_Shorthair_126_jpg.rf.e3f8b501906e0e606763cb7421f8aeae.jpg,f514c7720a9d05eec310737ca5abe3a4
Data/catdog_dataset4/catdog_dataset4_951/catdog_dataset4_951.jpg,catdog_dataset4_951.jpg,catdog_dataset4,British_Shorthair_127_jpg.rf.262272f2214ecb0e734af807adba3664.jpg,8847aac6df41f90566d3e8b701ea61b0
Data/catdog_dataset4/catdog_dataset4_952/catdog_dataset4_952.jpg,catdog_dataset4_952.jpg,catdog_dataset4,British_Shorthair_127_jpg.rf.28bca26c66b770bff788643318201649.jpg,4519763d43938006dbc37c8bb6632d9e
Data/catdog_dataset4/catdog_dataset4_953/catdog_dataset4_953.jpg,catdog_dataset4_953.jpg,catdog_dataset4,British_Shorthair_127_jpg.rf.678bc235eae9ed264e944b6df5cfecd4.jpg,63bc1d400068eaeea8ff5d9ca65d1ca0
Data/catdog_dataset4/catdog_dataset4_954/catdog_dataset4_954.jpg,catdog_dataset4_954.jpg,catdog_dataset4,British_Shorthair_128_jpg.rf.2c4568401f7434fdaee9caa4257655c6.jpg,be311269b2e1f6246b981ff2e43ae06e
Data/catdog_dataset4/catdog_dataset4_955/catdog_dataset4_955.jpg,catdog_dataset4_955.jpg,catdog_dataset4,British_Shorthair_128_jpg.rf.afbc1ef2956387d3cb9cc0bea6950866.jpg,ddc0e90dcd1ec911ced14defd0e155de
Data/catdog_dataset4/catdog_dataset4_956/catdog_dataset4_956.jpg,catdog_dataset4_956.jpg,catdog_dataset4,British_Shorthair_128_jpg.rf.f5b8e13b62156801837efd468d21854a.jpg,eaa8a686354da4e7fa32136592340d11
Data/catdog_dataset4/catdog_dataset4_957/catdog_dataset4_957.jpg,catdog_dataset4_957.jpg,catdog_dataset4,British_Shorthair_129_jpg.rf.b7f96f3408b625df3e3c9cb1403cb776.jpg,97d9372f514a0a7c1829e75c5fff35b1
Data/catdog_dataset4/catdog_dataset4_958/catdog_dataset4_958.jpg,catdog_dataset4_958.jpg,catdog_dataset4,British_Shorthair_129_jpg.rf.bd502115e7114e84181645c97458e505.jpg,6f38063844bcf2697de7d09e77fe9676
Data/catdog_dataset4/catdog_dataset4_959/catdog_dataset4_959.jpg,catdog_dataset4_959.jpg,catdog_dataset4,British_Shorthair_129_jpg.rf.fce8eb01eb8b97fd8f332e2652f73087.jpg,0e0253befbd4446f92e2f7d0ac4cb0ba
Data/catdog_dataset4/catdog_dataset4_96/catdog_dataset4_96.jpg,catdog_dataset4_96.jpg,catdog_dataset4,Siamese_129_jpg.rf.85db9f6a12fbfc368554c1527cad1c9a.jpg,2074c37e91fb977a19795ba0d27ca43e
Data/catdog_dataset4/catdog_dataset4_960/catdog_dataset4_960.jpg,catdog_dataset4_960.jpg,catdog_dataset4,British_Shorthair_133_jpg.rf.62c551fe781b1f736f2379e313b1af7c.jpg,99acf92771b328ab8ca2bb2fa551fe90
Data/catdog_dataset4/catdog_dataset4_961/catdog_dataset4_961.jpg,catdog_dataset4_961.jpg,catdog_dataset4,British_Shorthair_133_jpg.rf.77c3b84d477e65cf317c2f1c1bbee0d5.jpg,09544c93d1d540d676af8cb509addd6d
Data/catdog_dataset4/catdog_dataset4_962/catdog_dataset4_962.jpg,catdog_dataset4_962.jpg,catdog_dataset4,British_Shorthair_133_jpg.rf.a4349e3e1d351f7bf53e0d34b2449246.jpg,d0cb733c4e61d20ce67df16ce2a3997d
Data/catdog_dataset4/catdog_dataset4_963/catdog_dataset4_963.jpg,catdog_dataset4_963.jpg,catdog_dataset4,British_Shorthair_134_jpg.rf.694bd4d677b0bd7a7c0dad530fe2991c.jpg,7e4cd5b5aa98570af419eb0be9f1613e
Data/catdog_dataset4/catdog_dataset4_964/catdog_dataset4_964.jpg,catdog_dataset4_964.jpg,catdog_dataset4,British_Shorthair_134_jpg.rf.cf424951265c224179dffbab5b7820b5.jpg,c54f0b43b5873ff33895950c836bbcdf
Data/catdog_dataset4/catdog_dataset4_965/catdog_dataset4_965.jpg,catdog_dataset4_965.jpg,catdog_dataset4,British_Shorthair_134_jpg.rf.fe53a37d604fe62107a40247b217ec37.jpg,d6220690053457fc0923e1e8efa0835a
Data/catdog_dataset4/catdog_dataset4_966/catdog_dataset4_966.jpg,catdog_dataset4_966.jpg,catdog_dataset4,British_Shorthair_135_jpg.rf.8ef7233218a54acee3042ac427c6081e.jpg,f818070c02a81adfb545df32aa1926d2
Data/catdog_dataset4/catdog_dataset4_967/catdog_dataset4_967.jpg,catdog_dataset4_967.jpg,catdog_dataset4,British_Shorthair_135_jpg.rf.b97481905cb8f93e229042f7dd8c9098.jpg,2c909cf87bfa9d9cdaa46a78eec8a60f
Data/catdog_dataset4/catdog_dataset4_968/catdog_dataset4_968.jpg,catdog_dataset4_968.jpg,catdog_dataset4,British_Shorthair_135_jpg.rf.df3c56cfbd97ad864e273c74bd515e03.jpg,afacc19cf87c0fa5bcff5c0044eeb36c
Data/catdog_dataset4/catdog_dataset4_969/catdog_dataset4_969.jpg,catdog_dataset4_969.jpg,catdog_dataset4,British_Shorthair_139_jpg.rf.28d13e848ac7c561cf347cb654574d79.jpg,2ec5b1975aee832a3e8c63bb3b2149c2
Data/catdog_dataset4/catdog_dataset4_97/catdog_dataset4_97.jpg,catdog_dataset4_97.jpg,catdog_dataset4,Siamese_14_jpg.rf.6d4f60b16b0e3093f1c5c541fe2ba118.jpg,519a370d29ab864512df77eccfc5c37f
Data/catdog_dataset4/catdog_dataset4_970/catdog_dataset4_970.jpg,catdog_dataset4_970.jpg,catdog_dataset4,British_Shorthair_139_jpg.rf.483467c4ed71100499c38d4e1b8a7c02.jpg,03e3da0ceed26a96eed7cff02caae65b
Data/catdog_dataset4/catdog_dataset4_971/catdog_dataset4_971.jpg,catdog_dataset4_971.jpg,catdog_dataset4,British_Shorthair_139_jpg.rf.50665bda58e18a09bc8734e1fc63930d.jpg,4db0e4ca32bb4d8c47c217c82920b22e
Data/catdog_dataset4/catdog_dataset4_972/catdog_dataset4_972.jpg,catdog_dataset4_972.jpg,catdog_dataset4,British_Shorthair_141_jpg.rf.329a8038230958367345386843108315.jpg,93a395ad38379882ec0efa117373e196
Data/catdog_dataset4/catdog_dataset4_973/catdog_dataset4_973.jpg,catdog_dataset4_973.jpg,catdog_dataset4,British_Shorthair_141_jpg.rf.5881c2c225b08d86c85b54388165a029.jpg,0b9bb7a38a80fd9759d25aa3ce20007a
Data/catdog_dataset4/catdog_dataset4_974/catdog_dataset4_974.jpg,catdog_dataset4_974.jpg,catdog_dataset4,British_Shorthair_141_jpg.rf.bad067a73ac119caf1069bdf7d85aa97.jpg,f39f2a11d129c19e6a6590b740f1317c
Data/catdog_dataset4/catdog_dataset4_975/catdog_dataset4_975.jpg,catdog_dataset4_975.jpg,catdog_dataset4,British_Shorthair_144_jpg.rf.46e0157e7a3bbc0a44e3fd9ee3ef20e7.jpg,3ce2143a8481be0f9aa255bae8452fad
Data/catdog_dataset4/catdog_dataset4_976/catdog_dataset4_976.jpg,catdog_dataset4_976.jpg,catdog_dataset4,British_Shorthair_144_jpg.rf.8a9d3a17015b84469616e4af42efa2b2.jpg,f728abbcdefe51dda9069d8286bda7e5
Data/catdog_dataset4/catdog_dataset4_977/catdog_dataset4_977.jpg,catdog_dataset4_977.jpg,catdog_dataset4,British_Shorthair_144_jpg.rf.e98f2f0355e1d7365a78ed8e59fbd3a6.jpg,43783a09547cc8bdeced32f56d3804d9
Data/catdog_dataset4/catdog_dataset4_978/catdog_dataset4_978.jpg,catdog_dataset4_978.jpg,catdog_dataset4,British_Shorthair_145_jpg.rf.33812c61dcde32c4c386f31ef23fef30.jpg,d3b73c074072c98fec67ea0f3ed93aee
Data/catdog_dataset4/catdog_dataset4_979/catdog_dataset4_979.jpg,catdog_dataset4_979.jpg,catdog_dataset4,British_Shorthair_145_jpg.rf.42e5f978cf11d1333d28dca3c697974f.jpg,65452c681dcee1c7d754b753a022730e
Data/catdog_dataset4/catdog_dataset4_98/catdog_dataset4_98.jpg,catdog_dataset4_98.jpg,catdog_dataset4,Siamese_161_jpg.rf.0abc871371b73f25a69aea48b0cbc048.jpg,dc3fd59075379b092b186b16f2f6bba6
Data/catdog_dataset4/catdog_dataset4_980/catdog_dataset4_980.jpg,catdog_dataset4_980.jpg,catdog_dataset4,British_Shorthair_145_jpg.rf.932ca9e03815934953369910ac4b92d1.jpg,d4b869d66fa024cfa22863cfd1b22484
Data/catdog_dataset4/catdog_dataset4_981/catdog_dataset4_981.jpg,catdog_dataset4_981.jpg,catdog_dataset4,British_Shorthair_148_jpg.rf.03640d5b8f23819a10a594f5e91eaea7.jpg,fe267fffee12ade0cb894d08fb9ac766
Data/catdog_dataset4/catdog_dataset4_982/catdog_dataset4_982.jpg,catdog_dataset4_982.jpg,catdog_dataset4,British_Shorthair_148_jpg.rf.22d77eeb04f46eaeccac5cfd055aa412.jpg,9e307706d1213b876c55ad7c735be6b5
Data/catdog_dataset4/catdog_dataset4_983/catdog_dataset4_983.jpg,catdog_dataset4_983.jpg,catdog_dataset4,British_Shorthair_148_jpg.rf.90184af466d402a5a289a69221d0f26f.jpg,eeebf215c4e6f54352a4a56e19d66852
Data/catdog_dataset4/catdog_dataset4_984/catdog_dataset4_984.jpg,catdog_dataset4_984.jpg,catdog_dataset4,British_Shorthair_149_jpg.rf.529df557a08c4d35b1301322de809d4e.jpg,43dc6cfc0375a0b1548a09154715af2b
Data/catdog_dataset4/catdog_dataset4_985/catdog_dataset4_985.jpg,catdog_dataset4_985.jpg,catdog_dataset4,British_Shorthair_149_jpg.rf.6960eace9115152f15784a9d64d8fb06.jpg,c9481b7f37e1d8bfc5ff580991062b66
Data/catdog_dataset4/catdog_dataset4_986/catdog_dataset4_986.jpg,catdog_dataset4_986.jpg,catdog_dataset4,British_Shorthair_149_jpg.rf.909eade7048a60f5958cf413a3d0c7a3.jpg,623ca70677f005128b7aa02d9124850b
Data/catdog_dataset4/catdog_dataset4_987/catdog_dataset4_987.jpg,catdog_dataset4_987.jpg,catdog_dataset4,British_Shorthair_151_jpg.rf.217be8a0f865d08041de36d008f92819.jpg,11e2787769f7049874bf3e1df2b06a56
Data/catdog_dataset4/catdog_dataset4_988/catdog_dataset4_988.jpg,catdog_dataset4_988.jpg,catdog_dataset4,British_Shorthair_151_jpg.rf.5c9a0426d3c7db647e1041ef64f61452.jpg,9664d4359fe3f2cad541e5ab11b9702e
Data/catdog_dataset4/catdog_dataset4_989/catdog_dataset4_989.jpg,catdog_dataset4_989.jpg,catdog_dataset4,British_Shorthair_151_jpg.rf.d72ec6e2efd11ece605b1facf0fa8c2e.jpg,aa0a7d7b1b8b3062b9ae2926a4aae934
Data/catdog_dataset4/catdog_dataset4_99/catdog_dataset4_99.jpg,catdog_dataset4_99.jpg,catdog_dataset4,Siamese_167_jpg.rf.ab9318227100c3bacdef45f62d00b7f6.jpg,a85d99aad270b937848e2a35d281b1c1
Data/catdog_dataset4/catdog_dataset4_990/catdog_dataset4_990.jpg,catdog_dataset4_990.jpg,catdog_dataset4,British_Shorthair_153_jpg.rf.0c438ad135d2ff5e4a885fcec0ccaf1c.jpg,d395dd9bb1b7c4d03da2aece078aa1ff
Data/catdog_dataset4/catdog_dataset4_991/catdog_dataset4_991.jpg,catdog_dataset4_991.jpg,catdog_dataset4,British_Shorthair_153_jpg.rf.3e624ca0233b09de649de5e4977b44db.jpg,7883d12cbb66bdf983e83c63395064b5
Data/catdog_dataset4/catdog_dataset4_992/catdog_dataset4_992.jpg,catdog_dataset4_992.jpg,catdog_dataset4,British_Shorthair_153_jpg.rf.633a307f4be207e92db2b64d84312897.jpg,f01698b9c584dfbc5dffdaad27073cac
Data/catdog_dataset4/catdog_dataset4_993/catdog_dataset4_993.jpg,catdog_dataset4_993.jpg,catdog_dataset4,British_Shorthair_154_jpg.rf.989d2a2e1ac3dc3beb73346dd18975a9.jpg,a708b357851ee1427a0426c396069908
Data/catdog_dataset4/catdog_dataset4_994/catdog_dataset4_994.jpg,catdog_dataset4_994.jpg,catdog_dataset4,British_Shorthair_154_jpg.rf.fa6752dc11ce2c67d37448eb454b0f75.jpg,52367d5b9a27ad87ee9d1551f109f2ba
Data/catdog_dataset4/catdog_dataset4_995/catdog_dataset4_995.jpg,catdog_dataset4_995.jpg,catdog_dataset4,British_Shorthair_154_jpg.rf.fdf67792263f42ef78c30dfdbf9a3941.jpg,c69a0a9252ffcad201559cf98566dafb
Data/catdog_dataset4/catdog_dataset4_996/catdog_dataset4_996.jpg,catdog_dataset4_996.jpg,catdog_dataset4,British_Shorthair_155_jpg.rf.2df55a796c5e575ed2530c12d83c4014.jpg,e6bb68ba4846e4479b3f4d2181e15d59
Data/catdog_dataset4/catdog_dataset4_997/catdog_dataset4_997.jpg,catdog_dataset4_997.jpg,catdog_dataset4,British_Shorthair_155_jpg.rf.a39f28c349e6c6f1a523679a1b31c3de.jpg,7ec6a53439b465e1f79a74b2f821411d
Data/catdog_dataset4/catdog_dataset4_998/catdog_dataset4_998.jpg,catdog_dataset4_998.jpg,catdog_dataset4,British_Shorthair_155_jpg.rf.b083031765accff39b0926891ed4c095.jpg,291cfb804d914fe934bb6847ef0c94d5
Data/catdog_dataset4/catdog_dataset4_999/catdog_dataset4_999.jpg,catdog_dataset4_999.jpg,catdog_dataset4,British_Shorthair_156_jpg.rf.a5421d690fb943e508de705ef2008d9b.jpg,b12742e9aec59fc89b5a53b67211d1f3
